warning: load: classdef element has been converted to a struct
warning: called from
    /opt/fgi-gsrx-runtime/scripts/derive_nav_from_window_mat.m at line 19 column 10

warning: fopen: '/opt/fgi-gsrx-runtime/FGI-GSRx/param/defaultReceiverConfiguration.txt' found by searching load path
warning: called from
    readParamFile at line 33 column 5
    readSettings at line 35 column 10
    /opt/fgi-gsrx-runtime/scripts/derive_nav_from_window_mat.m at line 20 column 12

gpsl1 Enabled
Preamble found for gpsl1 prn 2!
Could not find valid preambles for gpsl1 prn 7!
Preamble found for gpsl1 prn 8!
Preamble found for gpsl1 prn 10!
Preamble found for gpsl1 prn 13!
Preamble found for gpsl1 prn 14!
Preamble found for gpsl1 prn 15!
Preamble found for gpsl1 prn 17!
Preamble found for gpsl1 prn 19!
Preamble found for gpsl1 prn 21!
Preamble found for gpsl1 prn 22!
Preamble found for gpsl1 prn 23!
Preamble found for gpsl1 prn 24!
Preamble found for gpsl1 prn 30!
   Ephemeris for gpsl1 prn 2 found.
   Ephemeris for gpsl1 prn 8 found.
   Ephemeris for gpsl1 prn 10 found.
   Ephemeris for gpsl1 prn 13 found.
   Ephemeris for gpsl1 prn 14 found.
   Ephemeris for gpsl1 prn 15 found.
   Ephemeris for gpsl1 prn 17 found.
   Ephemeris for gpsl1 prn 19 found.
   Ephemeris for gpsl1 prn 21 found.
   Ephemeris for gpsl1 prn 22 found.
   Ephemeris for gpsl1 prn 23 found.
   Ephemeris for gpsl1 prn 24 found.
   Ephemeris for gpsl1 prn 30 found.
warning: Invalid UTF-8 byte sequences have been replaced.
warning: called from
    getNavSolution at line 55 column 40
    doNavigation at line 92 column 34
    /opt/fgi-gsrx-runtime/scripts/derive_nav_from_window_mat.m at line 42 column 31


================================================================================
Processed epoch: 1
Number of Satellites      gpsl1: 13
Total number of satellites: 13
=========================== LSE solution ============================================

Navigation status: GOOD_FOR_NAV
********************Time***************************
* Signal   tow(s)        Bias(ms)    Drift(ms/s) *
* gpsl1  482706.1262    11.3204      0.00147        *
***************************************************
********************DOP******************
* GDOP: 1.55  PDOP: 1.39  HDOP: 1.20    *
* VDOP: 0.71  TDOP: 0.69                *
*****************************************
********************Position********************************
* X: 2885645.03  Y: 1335097.13  Z: 5510654.32  Fom: 0.63   *
* dE:   0.00  dN:   0.00  dU:   0.00   *
************************************************************
********************Velocity*********************
VX:   0.03  VY:   0.00  VZ:  -0.00  Fom: 0.01   *
*************************************************
warning: Invalid UTF-8 byte sequences have been replaced.
warning: called from
    getSatelliteDoppler at line 46 column 16
    getSatelliteInfo at line 91 column 33
    doNavigation at line 82 column 25
    /opt/fgi-gsrx-runtime/scripts/derive_nav_from_window_mat.m at line 42 column 31

warning: Invalid UTF-8 byte sequences have been replaced.
warning: called from
    getSatelliteDoppler at line 46 column 16
    getSatelliteInfo at line 91 column 33
    doNavigation at line 82 column 25
    /opt/fgi-gsrx-runtime/scripts/derive_nav_from_window_mat.m at line 42 column 31


================================================================================
Processed epoch: 2
Number of Satellites      gpsl1: 5
Total number of satellites: 5
=========================== LSE solution ============================================

Navigation status: GOOD_FOR_NAV
********************Time***************************
* Signal   tow(s)        Bias(ms)    Drift(ms/s) *
* gpsl1  482706.2262    11.3202      0.00147        *
***************************************************
********************DOP******************
* GDOP: 10.21  PDOP: 8.27  HDOP: 7.03    *
* VDOP: 4.36  TDOP: 5.99                *
*****************************************
********************Position********************************
* X: 2885639.85  Y: 1335094.55  Z: 5510653.48  Fom: 0.02   *
* dE:   0.00  dN:   0.00  dU:   0.00   *
************************************************************
********************Velocity*********************
VX:  -0.07  VY:   0.03  VZ:  -0.45  Fom: 0.15   *
*************************************************

================================================================================
Processed epoch: 3
Number of Satellites      gpsl1: 5
Total number of satellites: 5
=========================== LSE solution ============================================

Navigation status: GOOD_FOR_NAV
********************Time***************************
* Signal   tow(s)        Bias(ms)    Drift(ms/s) *
* gpsl1  482706.3262    11.3200      0.00147        *
***************************************************
********************DOP******************
* GDOP: 10.21  PDOP: 8.27  HDOP: 7.03    *
* VDOP: 4.36  TDOP: 5.99                *
*****************************************
********************Position********************************
* X: 2885639.88  Y: 1335094.54  Z: 5510653.47  Fom: 0.01   *
* dE:   0.00  dN:   0.00  dU:   0.00   *
************************************************************
********************Velocity*********************
VX:  -0.00  VY:   0.02  VZ:  -0.09  Fom: 0.03   *
*************************************************

================================================================================
Processed epoch: 4
Number of Satellites      gpsl1: 5
Total number of satellites: 5
=========================== LSE solution ============================================

Navigation status: GOOD_FOR_NAV
********************Time***************************
* Signal   tow(s)        Bias(ms)    Drift(ms/s) *
* gpsl1  482706.4262    11.3199      0.00147        *
***************************************************
********************DOP******************
* GDOP: 10.21  PDOP: 8.27  HDOP: 7.03    *
* VDOP: 4.36  TDOP: 5.99                *
*****************************************
********************Position********************************
* X: 2885639.94  Y: 1335094.52  Z: 5510653.44  Fom: 0.01   *
* dE:   0.00  dN:   0.00  dU:   0.00   *
************************************************************
********************Velocity*********************
VX:  -0.02  VY:  -0.01  VZ:   0.09  Fom: 0.03   *
*************************************************

================================================================================
Processed epoch: 5
Number of Satellites      gpsl1: 5
Total number of satellites: 5
=========================== LSE solution ============================================

Navigation status: GOOD_FOR_NAV
********************Time***************************
* Signal   tow(s)        Bias(ms)    Drift(ms/s) *
* gpsl1  482706.5262    11.3197      0.00147        *
***************************************************
********************DOP******************
* GDOP: 10.21  PDOP: 8.27  HDOP: 7.03    *
* VDOP: 4.36  TDOP: 5.99                *
*****************************************
********************Position********************************
* X: 2885640.18  Y: 1335094.53  Z: 5510653.90  Fom: 0.03   *
* dE:   0.00  dN:   0.00  dU:   0.00   *
************************************************************
********************Velocity*********************
VX:  -0.02  VY:  -0.01  VZ:  -0.05  Fom: 0.02   *
*************************************************

================================================================================
Processed epoch: 6
Number of Satellites      gpsl1: 5
Total number of satellites: 5
=========================== LSE solution ============================================

Navigation status: GOOD_FOR_NAV
********************Time***************************
* Signal   tow(s)        Bias(ms)    Drift(ms/s) *
* gpsl1  482706.6262    11.3196      0.00147        *
***************************************************
********************DOP******************
* GDOP: 10.21  PDOP: 8.27  HDOP: 7.03    *
* VDOP: 4.36  TDOP: 5.99                *
*****************************************
********************Position********************************
* X: 2885640.25  Y: 1335094.56  Z: 5510654.10  Fom: 0.02   *
* dE:   0.00  dN:   0.00  dU:   0.00   *
************************************************************
********************Velocity*********************
VX:  -0.02  VY:   0.01  VZ:  -0.09  Fom: 0.03   *
*************************************************

================================================================================
Processed epoch: 7
Number of Satellites      gpsl1: 5
Total number of satellites: 5
=========================== LSE solution ============================================

Navigation status: GOOD_FOR_NAV
********************Time***************************
* Signal   tow(s)        Bias(ms)    Drift(ms/s) *
* gpsl1  482706.7262    11.3195      0.00147        *
***************************************************
********************DOP******************
* GDOP: 10.21  PDOP: 8.27  HDOP: 7.03    *
* VDOP: 4.36  TDOP: 5.99                *
*****************************************
********************Position********************************
* X: 2885640.40  Y: 1335094.65  Z: 5510654.57  Fom: 0.05   *
* dE:   0.00  dN:   0.00  dU:   0.00   *
************************************************************
********************Velocity*********************
VX:  -0.07  VY:  -0.02  VZ:  -0.08  Fom: 0.04   *
*************************************************

================================================================================
Processed epoch: 8
Number of Satellites      gpsl1: 5
Total number of satellites: 5
=========================== LSE solution ============================================

Navigation status: GOOD_FOR_NAV
********************Time***************************
* Signal   tow(s)        Bias(ms)    Drift(ms/s) *
* gpsl1  482706.8262    11.3193      0.00147        *
***************************************************
********************DOP******************
* GDOP: 10.21  PDOP: 8.27  HDOP: 7.03    *
* VDOP: 4.36  TDOP: 5.99                *
*****************************************
********************Position********************************
* X: 2885640.53  Y: 1335094.73  Z: 5510654.59  Fom: 0.06   *
* dE:   0.00  dN:   0.00  dU:   0.00   *
************************************************************
********************Velocity*********************
VX:   0.03  VY:  -0.02  VZ:   0.01  Fom: 0.01   *
*************************************************

================================================================================
Processed epoch: 9
Number of Satellites      gpsl1: 5
Total number of satellites: 5
=========================== LSE solution ============================================

Navigation status: GOOD_FOR_NAV
********************Time***************************
* Signal   tow(s)        Bias(ms)    Drift(ms/s) *
* gpsl1  482706.9262    11.3192      0.00147        *
***************************************************
********************DOP******************
* GDOP: 10.21  PDOP: 8.27  HDOP: 7.03    *
* VDOP: 4.36  TDOP: 5.99                *
*****************************************
********************Position********************************
* X: 2885640.52  Y: 1335094.67  Z: 5510654.75  Fom: 0.07   *
* dE:   0.00  dN:   0.00  dU:   0.00   *
************************************************************
********************Velocity*********************
VX:  -0.03  VY:   0.00  VZ:   0.00  Fom: 0.01   *
*************************************************

================================================================================
Processed epoch: 10
Number of Satellites      gpsl1: 5
Total number of satellites: 5
=========================== LSE solution ============================================

Navigation status: GOOD_FOR_NAV
********************Time***************************
* Signal   tow(s)        Bias(ms)    Drift(ms/s) *
* gpsl1  482707.0262    11.3190      0.00147        *
***************************************************
********************DOP******************
* GDOP: 10.21  PDOP: 8.27  HDOP: 7.03    *
* VDOP: 4.36  TDOP: 5.99                *
*****************************************
********************Position********************************
* X: 2885640.55  Y: 1335094.62  Z: 5510654.76  Fom: 0.07   *
* dE:   0.00  dN:   0.00  dU:   0.00   *
************************************************************
********************Velocity*********************
VX:  -0.03  VY:  -0.02  VZ:  -0.03  Fom: 0.02   *
*************************************************

================================================================================
Processed epoch: 11
Number of Satellites      gpsl1: 5
Total number of satellites: 5
=========================== LSE solution ============================================

Navigation status: GOOD_FOR_NAV
********************Time***************************
* Signal   tow(s)        Bias(ms)    Drift(ms/s) *
* gpsl1  482707.1262    11.3189      0.00147        *
***************************************************
********************DOP******************
* GDOP: 10.21  PDOP: 8.27  HDOP: 7.03    *
* VDOP: 4.36  TDOP: 5.99                *
*****************************************
********************Position********************************
* X: 2885640.61  Y: 1335094.52  Z: 5510654.84  Fom: 0.08   *
* dE:   0.00  dN:   0.00  dU:   0.00   *
************************************************************
********************Velocity*********************
VX:  -0.03  VY:  -0.00  VZ:   0.02  Fom: 0.00   *
*************************************************

================================================================================
Processed epoch: 12
Number of Satellites      gpsl1: 5
Total number of satellites: 5
=========================== LSE solution ============================================

Navigation status: GOOD_FOR_NAV
********************Time***************************
* Signal   tow(s)        Bias(ms)    Drift(ms/s) *
* gpsl1  482707.2262    11.3187      0.00147        *
***************************************************
********************DOP******************
* GDOP: 10.21  PDOP: 8.27  HDOP: 7.03    *
* VDOP: 4.36  TDOP: 5.99                *
*****************************************
********************Position********************************
* X: 2885640.70  Y: 1335094.61  Z: 5510654.90  Fom: 0.07   *
* dE:   0.00  dN:   0.00  dU:   0.00   *
************************************************************
********************Velocity*********************
VX:   0.06  VY:   0.05  VZ:  -0.01  Fom: 0.02   *
*************************************************

================================================================================
Processed epoch: 13
Number of Satellites      gpsl1: 5
Total number of satellites: 5
=========================== LSE solution ============================================

Navigation status: GOOD_FOR_NAV
********************Time***************************
* Signal   tow(s)        Bias(ms)    Drift(ms/s) *
* gpsl1  482707.3262    11.3186      0.00147        *
***************************************************
********************DOP******************
* GDOP: 10.21  PDOP: 8.27  HDOP: 7.03    *
* VDOP: 4.36  TDOP: 5.98                *
*****************************************
********************Position********************************
* X: 2885640.94  Y: 1335094.59  Z: 5510655.20  Fom: 0.07   *
* dE:   0.00  dN:   0.00  dU:   0.00   *
************************************************************
********************Velocity*********************
VX:  -0.07  VY:  -0.02  VZ:  -0.04  Fom: 0.03   *
*************************************************

================================================================================
Processed epoch: 14
Number of Satellites      gpsl1: 5
Total number of satellites: 5
=========================== LSE solution ============================================

Navigation status: GOOD_FOR_NAV
********************Time***************************
* Signal   tow(s)        Bias(ms)    Drift(ms/s) *
* gpsl1  482707.4262    11.3184      0.00147        *
***************************************************
********************DOP******************
* GDOP: 10.21  PDOP: 8.27  HDOP: 7.03    *
* VDOP: 4.36  TDOP: 5.98                *
*****************************************
********************Position********************************
* X: 2885641.14  Y: 1335094.61  Z: 5510655.79  Fom: 0.09   *
* dE:   0.00  dN:   0.00  dU:   0.00   *
************************************************************
********************Velocity*********************
VX:  -0.05  VY:   0.01  VZ:  -0.05  Fom: 0.03   *
*************************************************

================================================================================
Processed epoch: 15
Number of Satellites      gpsl1: 5
Total number of satellites: 5
=========================== LSE solution ============================================

Navigation status: GOOD_FOR_NAV
********************Time***************************
* Signal   tow(s)        Bias(ms)    Drift(ms/s) *
* gpsl1  482707.5262    11.3183      0.00147        *
***************************************************
********************DOP******************
* GDOP: 10.21  PDOP: 8.27  HDOP: 7.03    *
* VDOP: 4.36  TDOP: 5.98                *
*****************************************
********************Position********************************
* X: 2885641.21  Y: 1335094.53  Z: 5510655.70  Fom: 0.08   *
* dE:   0.00  dN:   0.00  dU:   0.00   *
************************************************************
********************Velocity*********************
VX:  -0.07  VY:  -0.02  VZ:  -0.17  Fom: 0.07   *
*************************************************

================================================================================
Processed epoch: 16
Number of Satellites      gpsl1: 5
Total number of satellites: 5
=========================== LSE solution ============================================

Navigation status: GOOD_FOR_NAV
********************Time***************************
* Signal   tow(s)        Bias(ms)    Drift(ms/s) *
* gpsl1  482707.6262    11.3181      0.00147        *
***************************************************
********************DOP******************
* GDOP: 10.21  PDOP: 8.27  HDOP: 7.03    *
* VDOP: 4.36  TDOP: 5.98                *
*****************************************
********************Position********************************
* X: 2885641.24  Y: 1335094.53  Z: 5510656.17  Fom: 0.09   *
* dE:   0.00  dN:   0.00  dU:   0.00   *
************************************************************
********************Velocity*********************
VX:   0.07  VY:   0.02  VZ:   0.34  Fom: 0.12   *
*************************************************

================================================================================
Processed epoch: 17
Number of Satellites      gpsl1: 5
Total number of satellites: 5
=========================== LSE solution ============================================

Navigation status: GOOD_FOR_NAV
********************Time***************************
* Signal   tow(s)        Bias(ms)    Drift(ms/s) *
* gpsl1  482707.7262    11.3180      0.00147        *
***************************************************
********************DOP******************
* GDOP: 10.21  PDOP: 8.27  HDOP: 7.03    *
* VDOP: 4.35  TDOP: 5.98                *
*****************************************
********************Position********************************
* X: 2885641.01  Y: 1335094.52  Z: 5510655.59  Fom: 0.08   *
* dE:   0.00  dN:   0.00  dU:   0.00   *
************************************************************
********************Velocity*********************
VX:  -0.19  VY:   0.02  VZ:  -0.34  Fom: 0.14   *
*************************************************

================================================================================
Processed epoch: 18
Number of Satellites      gpsl1: 5
Total number of satellites: 5
=========================== LSE solution ============================================

Navigation status: GOOD_FOR_NAV
********************Time***************************
* Signal   tow(s)        Bias(ms)    Drift(ms/s) *
* gpsl1  482707.8262    11.3179      0.00147        *
***************************************************
********************DOP******************
* GDOP: 10.21  PDOP: 8.27  HDOP: 7.03    *
* VDOP: 4.35  TDOP: 5.98                *
*****************************************
********************Position********************************
* X: 2885641.02  Y: 1335094.48  Z: 5510655.71  Fom: 0.08   *
* dE:   0.00  dN:   0.00  dU:   0.00   *
************************************************************
********************Velocity*********************
VX:  -0.22  VY:  -0.03  VZ:  -0.48  Fom: 0.19   *
*************************************************

================================================================================
Processed epoch: 19
Number of Satellites      gpsl1: 5
Total number of satellites: 5
=========================== LSE solution ============================================

Navigation status: GOOD_FOR_NAV
********************Time***************************
* Signal   tow(s)        Bias(ms)    Drift(ms/s) *
* gpsl1  482707.9262    11.3177      0.00147        *
***************************************************
********************DOP******************
* GDOP: 10.21  PDOP: 8.27  HDOP: 7.03    *
* VDOP: 4.35  TDOP: 5.98                *
*****************************************
********************Position********************************
* X: 2885641.06  Y: 1335094.38  Z: 5510655.94  Fom: 0.09   *
* dE:   0.00  dN:   0.00  dU:   0.00   *
************************************************************
********************Velocity*********************
VX:  -0.04  VY:   0.00  VZ:  -0.07  Fom: 0.03   *
*************************************************

================================================================================
Processed epoch: 20
Number of Satellites      gpsl1: 5
Total number of satellites: 5
=========================== LSE solution ============================================

Navigation status: GOOD_FOR_NAV
********************Time***************************
* Signal   tow(s)        Bias(ms)    Drift(ms/s) *
* gpsl1  482708.0262    11.3176      0.00147        *
***************************************************
********************DOP******************
* GDOP: 10.21  PDOP: 8.27  HDOP: 7.03    *
* VDOP: 4.35  TDOP: 5.98                *
*****************************************
********************Position********************************
* X: 2885641.15  Y: 1335094.45  Z: 5510656.24  Fom: 0.09   *
* dE:   0.00  dN:   0.00  dU:   0.00   *
************************************************************
********************Velocity*********************
VX:   0.06  VY:   0.01  VZ:   0.23  Fom: 0.08   *
*************************************************

================================================================================
Processed epoch: 21
Number of Satellites      gpsl1: 5
Total number of satellites: 5
=========================== LSE solution ============================================

Navigation status: GOOD_FOR_NAV
********************Time***************************
* Signal   tow(s)        Bias(ms)    Drift(ms/s) *
* gpsl1  482708.1262    11.3174      0.00147        *
***************************************************
********************DOP******************
* GDOP: 10.21  PDOP: 8.27  HDOP: 7.03    *
* VDOP: 4.35  TDOP: 5.98                *
*****************************************
********************Position********************************
* X: 2885641.22  Y: 1335094.43  Z: 5510656.05  Fom: 0.10   *
* dE:   0.00  dN:   0.00  dU:   0.00   *
************************************************************
********************Velocity*********************
VX:  -0.11  VY:   0.01  VZ:  -0.22  Fom: 0.09   *
*************************************************

================================================================================
Processed epoch: 22
Number of Satellites      gpsl1: 5
Total number of satellites: 5
=========================== LSE solution ============================================

Navigation status: GOOD_FOR_NAV
********************Time***************************
* Signal   tow(s)        Bias(ms)    Drift(ms/s) *
* gpsl1  482708.2262    11.3173      0.00147        *
***************************************************
********************DOP******************
* GDOP: 10.20  PDOP: 8.27  HDOP: 7.03    *
* VDOP: 4.35  TDOP: 5.98                *
*****************************************
********************Position********************************
* X: 2885640.94  Y: 1335094.52  Z: 5510654.75  Fom: 0.11   *
* dE:   0.00  dN:   0.00  dU:   0.00   *
************************************************************
********************Velocity*********************
VX:  -0.03  VY:  -0.01  VZ:  -0.16  Fom: 0.05   *
*************************************************

================================================================================
Processed epoch: 23
Number of Satellites      gpsl1: 5
Total number of satellites: 5
=========================== LSE solution ============================================

Navigation status: GOOD_FOR_NAV
********************Time***************************
* Signal   tow(s)        Bias(ms)    Drift(ms/s) *
* gpsl1  482708.3262    11.3171      0.00147        *
***************************************************
********************DOP******************
* GDOP: 10.20  PDOP: 8.27  HDOP: 7.03    *
* VDOP: 4.35  TDOP: 5.98                *
*****************************************
********************Position********************************
* X: 2885641.13  Y: 1335094.47  Z: 5510655.34  Fom: 0.10   *
* dE:   0.00  dN:   0.00  dU:   0.00   *
************************************************************
********************Velocity*********************
VX:  -0.20  VY:  -0.04  VZ:  -0.56  Fom: 0.21   *
*************************************************

================================================================================
Processed epoch: 24
Number of Satellites      gpsl1: 5
Total number of satellites: 5
=========================== LSE solution ============================================

Navigation status: GOOD_FOR_NAV
********************Time***************************
* Signal   tow(s)        Bias(ms)    Drift(ms/s) *
* gpsl1  482708.4262    11.3170      0.00147        *
***************************************************
********************DOP******************
* GDOP: 10.20  PDOP: 8.27  HDOP: 7.03    *
* VDOP: 4.35  TDOP: 5.98                *
*****************************************
********************Position********************************
* X: 2885641.18  Y: 1335094.54  Z: 5510655.05  Fom: 0.09   *
* dE:   0.00  dN:   0.00  dU:   0.00   *
************************************************************
********************Velocity*********************
VX:  -0.08  VY:   0.01  VZ:  -0.06  Fom: 0.03   *
*************************************************

================================================================================
Processed epoch: 25
Number of Satellites      gpsl1: 5
Total number of satellites: 5
=========================== LSE solution ============================================

Navigation status: GOOD_FOR_NAV
********************Time***************************
* Signal   tow(s)        Bias(ms)    Drift(ms/s) *
* gpsl1  482708.5262    11.3168      0.00147        *
***************************************************
********************DOP******************
* GDOP: 10.20  PDOP: 8.27  HDOP: 7.03    *
* VDOP: 4.35  TDOP: 5.98                *
*****************************************
********************Position********************************
* X: 2885641.18  Y: 1335094.54  Z: 5510654.81  Fom: 0.09   *
* dE:   0.00  dN:   0.00  dU:   0.00   *
************************************************************
********************Velocity*********************
VX:   0.00  VY:   0.02  VZ:  -0.09  Fom: 0.03   *
*************************************************

================================================================================
Processed epoch: 26
Number of Satellites      gpsl1: 5
Total number of satellites: 5
=========================== LSE solution ============================================

Navigation status: GOOD_FOR_NAV
********************Time***************************
* Signal   tow(s)        Bias(ms)    Drift(ms/s) *
* gpsl1  482708.6262    11.3167      0.00147        *
***************************************************
********************DOP******************
* GDOP: 10.20  PDOP: 8.27  HDOP: 7.03    *
* VDOP: 4.35  TDOP: 5.98                *
*****************************************
********************Position********************************
* X: 2885641.41  Y: 1335094.46  Z: 5510655.47  Fom: 0.11   *
* dE:   0.00  dN:   0.00  dU:   0.00   *
************************************************************
********************Velocity*********************
VX:   0.05  VY:   0.02  VZ:  -0.00  Fom: 0.01   *
*************************************************

================================================================================
Processed epoch: 27
Number of Satellites      gpsl1: 5
Total number of satellites: 5
=========================== LSE solution ============================================

Navigation status: GOOD_FOR_NAV
********************Time***************************
* Signal   tow(s)        Bias(ms)    Drift(ms/s) *
* gpsl1  482708.7262    11.3165      0.00147        *
***************************************************
********************DOP******************
* GDOP: 10.20  PDOP: 8.27  HDOP: 7.03    *
* VDOP: 4.35  TDOP: 5.98                *
*****************************************
********************Position********************************
* X: 2885641.37  Y: 1335094.50  Z: 5510655.19  Fom: 0.12   *
* dE:   0.00  dN:   0.00  dU:   0.00   *
************************************************************
********************Velocity*********************
VX:  -0.00  VY:  -0.01  VZ:  -0.02  Fom: 0.01   *
*************************************************

================================================================================
Processed epoch: 28
Number of Satellites      gpsl1: 5
Total number of satellites: 5
=========================== LSE solution ============================================

Navigation status: GOOD_FOR_NAV
********************Time***************************
* Signal   tow(s)        Bias(ms)    Drift(ms/s) *
* gpsl1  482708.8262    11.3164      0.00147        *
***************************************************
********************DOP******************
* GDOP: 10.20  PDOP: 8.27  HDOP: 7.03    *
* VDOP: 4.35  TDOP: 5.98                *
*****************************************
********************Position********************************
* X: 2885641.54  Y: 1335094.56  Z: 5510655.77  Fom: 0.12   *
* dE:   0.00  dN:   0.00  dU:   0.00   *
************************************************************
********************Velocity*********************
VX:  -0.06  VY:  -0.02  VZ:  -0.09  Fom: 0.04   *
*************************************************

================================================================================
Processed epoch: 29
Number of Satellites      gpsl1: 5
Total number of satellites: 5
=========================== LSE solution ============================================

Navigation status: GOOD_FOR_NAV
********************Time***************************
* Signal   tow(s)        Bias(ms)    Drift(ms/s) *
* gpsl1  482708.9262    11.3162      0.00147        *
***************************************************
********************DOP******************
* GDOP: 10.20  PDOP: 8.26  HDOP: 7.03    *
* VDOP: 4.35  TDOP: 5.98                *
*****************************************
********************Position********************************
* X: 2885641.81  Y: 1335094.62  Z: 5510656.24  Fom: 0.12   *
* dE:   0.00  dN:   0.00  dU:   0.00   *
************************************************************
********************Velocity*********************
VX:  -0.01  VY:   0.03  VZ:  -0.06  Fom: 0.02   *
*************************************************

================================================================================
Processed epoch: 30
Number of Satellites      gpsl1: 5
Total number of satellites: 5
=========================== LSE solution ============================================

Navigation status: GOOD_FOR_NAV
********************Time***************************
* Signal   tow(s)        Bias(ms)    Drift(ms/s) *
* gpsl1  482709.0262    11.3161      0.00147        *
***************************************************
********************DOP******************
* GDOP: 10.20  PDOP: 8.26  HDOP: 7.02    *
* VDOP: 4.35  TDOP: 5.98                *
*****************************************
********************Position********************************
* X: 2885641.84  Y: 1335094.67  Z: 5510656.96  Fom: 0.12   *
* dE:   0.00  dN:   0.00  dU:   0.00   *
************************************************************
********************Velocity*********************
VX:   0.06  VY:  -0.00  VZ:   0.12  Fom: 0.05   *
*************************************************

================================================================================
Processed epoch: 31
Number of Satellites      gpsl1: 5
Total number of satellites: 5
=========================== LSE solution ============================================

Navigation status: GOOD_FOR_NAV
********************Time***************************
* Signal   tow(s)        Bias(ms)    Drift(ms/s) *
* gpsl1  482709.1262    11.3160      0.00147        *
***************************************************
********************DOP******************
* GDOP: 10.20  PDOP: 8.26  HDOP: 7.02    *
* VDOP: 4.35  TDOP: 5.98                *
*****************************************
********************Position********************************
* X: 2885641.68  Y: 1335094.72  Z: 5510656.14  Fom: 0.10   *
* dE:   0.00  dN:   0.00  dU:   0.00   *
************************************************************
********************Velocity*********************
VX:   0.10  VY:   0.01  VZ:   0.14  Fom: 0.06   *
*************************************************

================================================================================
Processed epoch: 32
Number of Satellites      gpsl1: 5
Total number of satellites: 5
=========================== LSE solution ============================================

Navigation status: GOOD_FOR_NAV
********************Time***************************
* Signal   tow(s)        Bias(ms)    Drift(ms/s) *
* gpsl1  482709.2262    11.3158      0.00147        *
***************************************************
********************DOP******************
* GDOP: 10.20  PDOP: 8.26  HDOP: 7.02    *
* VDOP: 4.35  TDOP: 5.98                *
*****************************************
********************Position********************************
* X: 2885641.85  Y: 1335094.79  Z: 5510656.55  Fom: 0.11   *
* dE:   0.00  dN:   0.00  dU:   0.00   *
************************************************************
********************Velocity*********************
VX:  -0.10  VY:  -0.03  VZ:  -0.20  Fom: 0.08   *
*************************************************

================================================================================
Processed epoch: 33
Number of Satellites      gpsl1: 5
Total number of satellites: 5
=========================== LSE solution ============================================

Navigation status: GOOD_FOR_NAV
********************Time***************************
* Signal   tow(s)        Bias(ms)    Drift(ms/s) *
* gpsl1  482709.3262    11.3157      0.00147        *
***************************************************
********************DOP******************
* GDOP: 10.20  PDOP: 8.26  HDOP: 7.02    *
* VDOP: 4.35  TDOP: 5.98                *
*****************************************
********************Position********************************
* X: 2885641.87  Y: 1335094.88  Z: 5510656.80  Fom: 0.11   *
* dE:   0.00  dN:   0.00  dU:   0.00   *
************************************************************
********************Velocity*********************
VX:   0.01  VY:  -0.02  VZ:   0.06  Fom: 0.02   *
*************************************************

================================================================================
Processed epoch: 34
Number of Satellites      gpsl1: 5
Total number of satellites: 5
=========================== LSE solution ============================================

Navigation status: GOOD_FOR_NAV
********************Time***************************
* Signal   tow(s)        Bias(ms)    Drift(ms/s) *
* gpsl1  482709.4262    11.3155      0.00147        *
***************************************************
********************DOP******************
* GDOP: 10.20  PDOP: 8.26  HDOP: 7.02    *
* VDOP: 4.35  TDOP: 5.98                *
*****************************************
********************Position********************************
* X: 2885641.97  Y: 1335095.02  Z: 5510656.89  Fom: 0.11   *
* dE:   0.00  dN:   0.00  dU:   0.00   *
************************************************************
********************Velocity*********************
VX:   0.04  VY:  -0.01  VZ:   0.17  Fom: 0.06   *
*************************************************

================================================================================
Processed epoch: 35
Number of Satellites      gpsl1: 5
Total number of satellites: 5
=========================== LSE solution ============================================

Navigation status: GOOD_FOR_NAV
********************Time***************************
* Signal   tow(s)        Bias(ms)    Drift(ms/s) *
* gpsl1  482709.5262    11.3154      0.00147        *
***************************************************
********************DOP******************
* GDOP: 10.20  PDOP: 8.26  HDOP: 7.02    *
* VDOP: 4.35  TDOP: 5.98                *
*****************************************
********************Position********************************
* X: 2885642.10  Y: 1335095.06  Z: 5510656.99  Fom: 0.12   *
* dE:   0.00  dN:   0.00  dU:   0.00   *
************************************************************
********************Velocity*********************
VX:  -0.13  VY:   0.00  VZ:  -0.33  Fom: 0.12   *
*************************************************

================================================================================
Processed epoch: 36
Number of Satellites      gpsl1: 5
Total number of satellites: 5
=========================== LSE solution ============================================

Navigation status: GOOD_FOR_NAV
********************Time***************************
* Signal   tow(s)        Bias(ms)    Drift(ms/s) *
* gpsl1  482709.6262    11.3152      0.00147        *
***************************************************
********************DOP******************
* GDOP: 10.20  PDOP: 8.26  HDOP: 7.02    *
* VDOP: 4.35  TDOP: 5.98                *
*****************************************
********************Position********************************
* X: 2885642.25  Y: 1335095.07  Z: 5510657.29  Fom: 0.12   *
* dE:   0.00  dN:   0.00  dU:   0.00   *
************************************************************
********************Velocity*********************
VX:  -0.01  VY:  -0.05  VZ:  -0.03  Fom: 0.02   *
*************************************************

================================================================================
Processed epoch: 37
Number of Satellites      gpsl1: 5
Total number of satellites: 5
=========================== LSE solution ============================================

Navigation status: GOOD_FOR_NAV
********************Time***************************
* Signal   tow(s)        Bias(ms)    Drift(ms/s) *
* gpsl1  482709.7262    11.3151      0.00147        *
***************************************************
********************DOP******************
* GDOP: 10.20  PDOP: 8.26  HDOP: 7.02    *
* VDOP: 4.35  TDOP: 5.98                *
*****************************************
********************Position********************************
* X: 2885642.40  Y: 1335095.18  Z: 5510657.34  Fom: 0.13   *
* dE:   0.00  dN:   0.00  dU:   0.00   *
************************************************************
********************Velocity*********************
VX:  -0.01  VY:   0.05  VZ:  -0.02  Fom: 0.01   *
*************************************************

================================================================================
Processed epoch: 38
Number of Satellites      gpsl1: 5
Total number of satellites: 5
=========================== LSE solution ============================================

Navigation status: GOOD_FOR_NAV
********************Time***************************
* Signal   tow(s)        Bias(ms)    Drift(ms/s) *
* gpsl1  482709.8262    11.3149      0.00147        *
***************************************************
********************DOP******************
* GDOP: 10.20  PDOP: 8.26  HDOP: 7.02    *
* VDOP: 4.35  TDOP: 5.98                *
*****************************************
********************Position********************************
* X: 2885642.37  Y: 1335095.25  Z: 5510657.04  Fom: 0.11   *
* dE:   0.00  dN:   0.00  dU:   0.00   *
************************************************************
********************Velocity*********************
VX:   0.08  VY:   0.00  VZ:   0.23  Fom: 0.08   *
*************************************************

================================================================================
Processed epoch: 39
Number of Satellites      gpsl1: 5
Total number of satellites: 5
=========================== LSE solution ============================================

Navigation status: GOOD_FOR_NAV
********************Time***************************
* Signal   tow(s)        Bias(ms)    Drift(ms/s) *
* gpsl1  482709.9262    11.3148      0.00147        *
***************************************************
********************DOP******************
* GDOP: 10.20  PDOP: 8.26  HDOP: 7.02    *
* VDOP: 4.35  TDOP: 5.98                *
*****************************************
********************Position********************************
* X: 2885642.29  Y: 1335095.29  Z: 5510656.68  Fom: 0.10   *
* dE:   0.00  dN:   0.00  dU:   0.00   *
************************************************************
********************Velocity*********************
VX:  -0.04  VY:   0.01  VZ:   0.01  Fom: 0.01   *
*************************************************

================================================================================
Processed epoch: 40
Number of Satellites      gpsl1: 5
Total number of satellites: 5
=========================== LSE solution ============================================

Navigation status: GOOD_FOR_NAV
********************Time***************************
* Signal   tow(s)        Bias(ms)    Drift(ms/s) *
* gpsl1  482710.0262    11.3146      0.00147        *
***************************************************
********************DOP******************
* GDOP: 10.20  PDOP: 8.26  HDOP: 7.02    *
* VDOP: 4.35  TDOP: 5.98                *
*****************************************
********************Position********************************
* X: 2885642.46  Y: 1335095.35  Z: 5510656.87  Fom: 0.10   *
* dE:   0.00  dN:   0.00  dU:   0.00   *
************************************************************
********************Velocity*********************
VX:   0.04  VY:   0.00  VZ:   0.12  Fom: 0.05   *
*************************************************

================================================================================
Processed epoch: 41
Number of Satellites      gpsl1: 5
Total number of satellites: 5
=========================== LSE solution ============================================

Navigation status: GOOD_FOR_NAV
********************Time***************************
* Signal   tow(s)        Bias(ms)    Drift(ms/s) *
* gpsl1  482710.1262    11.3145      0.00147        *
***************************************************
********************DOP******************
* GDOP: 10.20  PDOP: 8.26  HDOP: 7.02    *
* VDOP: 4.35  TDOP: 5.98                *
*****************************************
********************Position********************************
* X: 2885642.37  Y: 1335095.33  Z: 5510657.04  Fom: 0.10   *
* dE:   0.00  dN:   0.00  dU:   0.00   *
************************************************************
********************Velocity*********************
VX:   0.05  VY:   0.00  VZ:   0.14  Fom: 0.05   *
*************************************************

================================================================================
Processed epoch: 42
Number of Satellites      gpsl1: 5
Total number of satellites: 5
=========================== LSE solution ============================================

Navigation status: GOOD_FOR_NAV
********************Time***************************
* Signal   tow(s)        Bias(ms)    Drift(ms/s) *
* gpsl1  482710.2262    11.3144      0.00147        *
***************************************************
********************DOP******************
* GDOP: 10.20  PDOP: 8.26  HDOP: 7.02    *
* VDOP: 4.35  TDOP: 5.98                *
*****************************************
********************Position********************************
* X: 2885642.05  Y: 1335095.36  Z: 5510656.08  Fom: 0.09   *
* dE:   0.00  dN:   0.00  dU:   0.00   *
************************************************************
********************Velocity*********************
VX:   0.14  VY:   0.06  VZ:   0.36  Fom: 0.14   *
*************************************************

================================================================================
Processed epoch: 43
Number of Satellites      gpsl1: 5
Total number of satellites: 5
=========================== LSE solution ============================================

Navigation status: GOOD_FOR_NAV
********************Time***************************
* Signal   tow(s)        Bias(ms)    Drift(ms/s) *
* gpsl1  482710.3262    11.3142      0.00147        *
***************************************************
********************DOP******************
* GDOP: 10.20  PDOP: 8.26  HDOP: 7.02    *
* VDOP: 4.35  TDOP: 5.98                *
*****************************************
********************Position********************************
* X: 2885641.74  Y: 1335095.41  Z: 5510655.34  Fom: 0.08   *
* dE:   0.00  dN:   0.00  dU:   0.00   *
************************************************************
********************Velocity*********************
VX:  -0.03  VY:  -0.02  VZ:  -0.16  Fom: 0.05   *
*************************************************

================================================================================
Processed epoch: 44
Number of Satellites      gpsl1: 5
Total number of satellites: 5
=========================== LSE solution ============================================

Navigation status: GOOD_FOR_NAV
********************Time***************************
* Signal   tow(s)        Bias(ms)    Drift(ms/s) *
* gpsl1  482710.4262    11.3141      0.00147        *
***************************************************
********************DOP******************
* GDOP: 10.20  PDOP: 8.26  HDOP: 7.02    *
* VDOP: 4.35  TDOP: 5.98                *
*****************************************
********************Position********************************
* X: 2885641.63  Y: 1335095.41  Z: 5510655.11  Fom: 0.08   *
* dE:   0.00  dN:   0.00  dU:   0.00   *
************************************************************
********************Velocity*********************
VX:  -0.11  VY:  -0.00  VZ:  -0.23  Fom: 0.09   *
*************************************************

================================================================================
Processed epoch: 45
Number of Satellites      gpsl1: 5
Total number of satellites: 5
=========================== LSE solution ============================================

Navigation status: GOOD_FOR_NAV
********************Time***************************
* Signal   tow(s)        Bias(ms)    Drift(ms/s) *
* gpsl1  482710.5262    11.3139      0.00147        *
***************************************************
********************DOP******************
* GDOP: 10.20  PDOP: 8.26  HDOP: 7.02    *
* VDOP: 4.35  TDOP: 5.98                *
*****************************************
********************Position********************************
* X: 2885641.74  Y: 1335095.49  Z: 5510655.92  Fom: 0.09   *
* dE:   0.00  dN:   0.00  dU:   0.00   *
************************************************************
********************Velocity*********************
VX:  -0.10  VY:  -0.01  VZ:  -0.42  Fom: 0.14   *
*************************************************

================================================================================
Processed epoch: 46
Number of Satellites      gpsl1: 5
Total number of satellites: 5
=========================== LSE solution ============================================

Navigation status: GOOD_FOR_NAV
********************Time***************************
* Signal   tow(s)        Bias(ms)    Drift(ms/s) *
* gpsl1  482710.6262    11.3138      0.00147        *
***************************************************
********************DOP******************
* GDOP: 10.19  PDOP: 8.26  HDOP: 7.02    *
* VDOP: 4.35  TDOP: 5.98                *
*****************************************
********************Position********************************
* X: 2885641.77  Y: 1335095.55  Z: 5510656.55  Fom: 0.09   *
* dE:   0.00  dN:   0.00  dU:   0.00   *
************************************************************
********************Velocity*********************
VX:   0.05  VY:   0.03  VZ:   0.11  Fom: 0.05   *
*************************************************

================================================================================
Processed epoch: 47
Number of Satellites      gpsl1: 5
Total number of satellites: 5
=========================== LSE solution ============================================

Navigation status: GOOD_FOR_NAV
********************Time***************************
* Signal   tow(s)        Bias(ms)    Drift(ms/s) *
* gpsl1  482710.7262    11.3136      0.00147        *
***************************************************
********************DOP******************
* GDOP: 10.19  PDOP: 8.26  HDOP: 7.02    *
* VDOP: 4.35  TDOP: 5.98                *
*****************************************
********************Position********************************
* X: 2885641.61  Y: 1335095.49  Z: 5510655.87  Fom: 0.09   *
* dE:   0.00  dN:   0.00  dU:   0.00   *
************************************************************
********************Velocity*********************
VX:   0.04  VY:  -0.01  VZ:   0.13  Fom: 0.05   *
*************************************************

================================================================================
Processed epoch: 48
Number of Satellites      gpsl1: 5
Total number of satellites: 5
=========================== LSE solution ============================================

Navigation status: GOOD_FOR_NAV
********************Time***************************
* Signal   tow(s)        Bias(ms)    Drift(ms/s) *
* gpsl1  482710.8262    11.3135      0.00147        *
***************************************************
********************DOP******************
* GDOP: 10.19  PDOP: 8.26  HDOP: 7.02    *
* VDOP: 4.35  TDOP: 5.98                *
*****************************************
********************Position********************************
* X: 2885641.66  Y: 1335095.48  Z: 5510655.67  Fom: 0.09   *
* dE:   0.00  dN:   0.00  dU:   0.00   *
************************************************************
********************Velocity*********************
VX:  -0.04  VY:  -0.01  VZ:  -0.11  Fom: 0.04   *
*************************************************

================================================================================
Processed epoch: 49
Number of Satellites      gpsl1: 5
Total number of satellites: 5
=========================== LSE solution ============================================

Navigation status: GOOD_FOR_NAV
********************Time***************************
* Signal   tow(s)        Bias(ms)    Drift(ms/s) *
* gpsl1  482710.9262    11.3133      0.00147        *
***************************************************
********************DOP******************
* GDOP: 10.19  PDOP: 8.26  HDOP: 7.02    *
* VDOP: 4.35  TDOP: 5.98                *
*****************************************
********************Position********************************
* X: 2885641.48  Y: 1335095.47  Z: 5510655.15  Fom: 0.08   *
* dE:   0.00  dN:   0.00  dU:   0.00   *
************************************************************
********************Velocity*********************
VX:   0.04  VY:   0.01  VZ:   0.11  Fom: 0.04   *
*************************************************

================================================================================
Processed epoch: 50
Number of Satellites      gpsl1: 5
Total number of satellites: 5
=========================== LSE solution ============================================

Navigation status: GOOD_FOR_NAV
********************Time***************************
* Signal   tow(s)        Bias(ms)    Drift(ms/s) *
* gpsl1  482711.0262    11.3132      0.00147        *
***************************************************
********************DOP******************
* GDOP: 10.19  PDOP: 8.26  HDOP: 7.02    *
* VDOP: 4.35  TDOP: 5.98                *
*****************************************
********************Position********************************
* X: 2885641.61  Y: 1335095.41  Z: 5510655.39  Fom: 0.09   *
* dE:   0.00  dN:   0.00  dU:   0.00   *
************************************************************
********************Velocity*********************
VX:   0.00  VY:  -0.04  VZ:   0.05  Fom: 0.02   *
*************************************************

================================================================================
Processed epoch: 51
Number of Satellites      gpsl1: 5
Total number of satellites: 5
=========================== LSE solution ============================================

Navigation status: GOOD_FOR_NAV
********************Time***************************
* Signal   tow(s)        Bias(ms)    Drift(ms/s) *
* gpsl1  482711.1262    11.3130      0.00147        *
***************************************************
********************DOP******************
* GDOP: 10.19  PDOP: 8.26  HDOP: 7.02    *
* VDOP: 4.35  TDOP: 5.98                *
*****************************************
********************Position********************************
* X: 2885641.84  Y: 1335095.51  Z: 5510655.88  Fom: 0.09   *
* dE:   0.00  dN:   0.00  dU:   0.00   *
************************************************************
********************Velocity*********************
VX:   0.00  VY:   0.01  VZ:   0.11  Fom: 0.03   *
*************************************************

================================================================================
Processed epoch: 52
Number of Satellites      gpsl1: 5
Total number of satellites: 5
=========================== LSE solution ============================================

Navigation status: GOOD_FOR_NAV
********************Time***************************
* Signal   tow(s)        Bias(ms)    Drift(ms/s) *
* gpsl1  482711.2262    11.3129      0.00147        *
***************************************************
********************DOP******************
* GDOP: 10.19  PDOP: 8.26  HDOP: 7.02    *
* VDOP: 4.35  TDOP: 5.98                *
*****************************************
********************Position********************************
* X: 2885641.90  Y: 1335095.50  Z: 5510655.42  Fom: 0.07   *
* dE:   0.00  dN:   0.00  dU:   0.00   *
************************************************************
********************Velocity*********************
VX:   0.00  VY:  -0.01  VZ:   0.18  Fom: 0.05   *
*************************************************

================================================================================
Processed epoch: 53
Number of Satellites      gpsl1: 5
Total number of satellites: 5
=========================== LSE solution ============================================

Navigation status: GOOD_FOR_NAV
********************Time***************************
* Signal   tow(s)        Bias(ms)    Drift(ms/s) *
* gpsl1  482711.3262    11.3127      0.00147        *
***************************************************
********************DOP******************
* GDOP: 10.19  PDOP: 8.26  HDOP: 7.02    *
* VDOP: 4.35  TDOP: 5.97                *
*****************************************
********************Position********************************
* X: 2885641.87  Y: 1335095.52  Z: 5510655.67  Fom: 0.06   *
* dE:   0.00  dN:   0.00  dU:   0.00   *
************************************************************
********************Velocity*********************
VX:  -0.03  VY:  -0.02  VZ:   0.14  Fom: 0.04   *
*************************************************

================================================================================
Processed epoch: 54
Number of Satellites      gpsl1: 5
Total number of satellites: 5
=========================== LSE solution ============================================

Navigation status: GOOD_FOR_NAV
********************Time***************************
* Signal   tow(s)        Bias(ms)    Drift(ms/s) *
* gpsl1  482711.4262    11.3126      0.00147        *
***************************************************
********************DOP******************
* GDOP: 10.19  PDOP: 8.26  HDOP: 7.02    *
* VDOP: 4.35  TDOP: 5.97                *
*****************************************
********************Position********************************
* X: 2885641.71  Y: 1335095.57  Z: 5510655.22  Fom: 0.07   *
* dE:   0.00  dN:   0.00  dU:   0.00   *
************************************************************
********************Velocity*********************
VX:  -0.13  VY:   0.01  VZ:  -0.32  Fom: 0.12   *
*************************************************

================================================================================
Processed epoch: 55
Number of Satellites      gpsl1: 5
Total number of satellites: 5
=========================== LSE solution ============================================

Navigation status: GOOD_FOR_NAV
********************Time***************************
* Signal   tow(s)        Bias(ms)    Drift(ms/s) *
* gpsl1  482711.5262    11.3125      0.00147        *
***************************************************
********************DOP******************
* GDOP: 10.19  PDOP: 8.26  HDOP: 7.02    *
* VDOP: 4.35  TDOP: 5.97                *
*****************************************
********************Position********************************
* X: 2885641.80  Y: 1335095.66  Z: 5510654.95  Fom: 0.06   *
* dE:   0.00  dN:   0.00  dU:   0.00   *
************************************************************
********************Velocity*********************
VX:  -0.07  VY:  -0.04  VZ:   0.09  Fom: 0.02   *
*************************************************

================================================================================
Processed epoch: 56
Number of Satellites      gpsl1: 5
Total number of satellites: 5
=========================== LSE solution ============================================

Navigation status: GOOD_FOR_NAV
********************Time***************************
* Signal   tow(s)        Bias(ms)    Drift(ms/s) *
* gpsl1  482711.6262    11.3123      0.00147        *
***************************************************
********************DOP******************
* GDOP: 10.19  PDOP: 8.26  HDOP: 7.02    *
* VDOP: 4.35  TDOP: 5.97                *
*****************************************
********************Position********************************
* X: 2885641.68  Y: 1335095.72  Z: 5510654.50  Fom: 0.05   *
* dE:   0.00  dN:   0.00  dU:   0.00   *
************************************************************
********************Velocity*********************
VX:   0.05  VY:   0.01  VZ:   0.21  Fom: 0.07   *
*************************************************

================================================================================
Processed epoch: 57
Number of Satellites      gpsl1: 5
Total number of satellites: 5
=========================== LSE solution ============================================

Navigation status: GOOD_FOR_NAV
********************Time***************************
* Signal   tow(s)        Bias(ms)    Drift(ms/s) *
* gpsl1  482711.7262    11.3122      0.00147        *
***************************************************
********************DOP******************
* GDOP: 10.19  PDOP: 8.26  HDOP: 7.02    *
* VDOP: 4.35  TDOP: 5.97                *
*****************************************
********************Position********************************
* X: 2885641.70  Y: 1335095.79  Z: 5510654.38  Fom: 0.06   *
* dE:   0.00  dN:   0.00  dU:   0.00   *
************************************************************
********************Velocity*********************
VX:  -0.06  VY:  -0.02  VZ:  -0.09  Fom: 0.04   *
*************************************************

================================================================================
Processed epoch: 58
Number of Satellites      gpsl1: 5
Total number of satellites: 5
=========================== LSE solution ============================================

Navigation status: GOOD_FOR_NAV
********************Time***************************
* Signal   tow(s)        Bias(ms)    Drift(ms/s) *
* gpsl1  482711.8262    11.3120      0.00147        *
***************************************************
********************DOP******************
* GDOP: 10.19  PDOP: 8.25  HDOP: 7.02    *
* VDOP: 4.35  TDOP: 5.97                *
*****************************************
********************Position********************************
* X: 2885641.63  Y: 1335095.86  Z: 5510653.46  Fom: 0.05   *
* dE:   0.00  dN:   0.00  dU:   0.00   *
************************************************************
********************Velocity*********************
VX:   0.01  VY:  -0.02  VZ:   0.14  Fom: 0.04   *
*************************************************

================================================================================
Processed epoch: 59
Number of Satellites      gpsl1: 5
Total number of satellites: 5
=========================== LSE solution ============================================

Navigation status: GOOD_FOR_NAV
********************Time***************************
* Signal   tow(s)        Bias(ms)    Drift(ms/s) *
* gpsl1  482711.9262    11.3119      0.00147        *
***************************************************
********************DOP******************
* GDOP: 10.19  PDOP: 8.25  HDOP: 7.02    *
* VDOP: 4.35  TDOP: 5.97                *
*****************************************
********************Position********************************
* X: 2885641.73  Y: 1335095.92  Z: 5510653.24  Fom: 0.05   *
* dE:   0.00  dN:   0.00  dU:   0.00   *
************************************************************
********************Velocity*********************
VX:  -0.05  VY:  -0.02  VZ:  -0.01  Fom: 0.01   *
*************************************************

================================================================================
Processed epoch: 60
Number of Satellites      gpsl1: 5
Total number of satellites: 5
=========================== LSE solution ============================================

Navigation status: GOOD_FOR_NAV
********************Time***************************
* Signal   tow(s)        Bias(ms)    Drift(ms/s) *
* gpsl1  482712.0262    11.3117      0.00147        *
***************************************************
********************DOP******************
* GDOP: 10.19  PDOP: 8.25  HDOP: 7.01    *
* VDOP: 4.35  TDOP: 5.97                *
*****************************************
********************Position********************************
* X: 2885641.21  Y: 1335096.00  Z: 5510651.53  Fom: 0.04   *
* dE:   0.00  dN:   0.00  dU:   0.00   *
************************************************************
********************Velocity*********************
VX:  -0.03  VY:   0.01  VZ:  -0.11  Fom: 0.04   *
*************************************************

================================================================================
Processed epoch: 61
Number of Satellites      gpsl1: 5
Total number of satellites: 5
=========================== LSE solution ============================================

Navigation status: GOOD_FOR_NAV
********************Time***************************
* Signal   tow(s)        Bias(ms)    Drift(ms/s) *
* gpsl1  482712.1262    11.3116      0.00147        *
***************************************************
********************DOP******************
* GDOP: 10.19  PDOP: 8.25  HDOP: 7.01    *
* VDOP: 4.35  TDOP: 5.97                *
*****************************************
********************Position********************************
* X: 2885641.03  Y: 1335096.07  Z: 5510651.04  Fom: 0.05   *
* dE:   0.00  dN:   0.00  dU:   0.00   *
************************************************************
********************Velocity*********************
VX:   0.00  VY:   0.03  VZ:  -0.16  Fom: 0.05   *
*************************************************

================================================================================
Processed epoch: 62
Number of Satellites      gpsl1: 5
Total number of satellites: 5
=========================== LSE solution ============================================

Navigation status: GOOD_FOR_NAV
********************Time***************************
* Signal   tow(s)        Bias(ms)    Drift(ms/s) *
* gpsl1  482712.2262    11.3114      0.00147        *
***************************************************
********************DOP******************
* GDOP: 10.19  PDOP: 8.25  HDOP: 7.01    *
* VDOP: 4.35  TDOP: 5.97                *
*****************************************
********************Position********************************
* X: 2885641.06  Y: 1335096.03  Z: 5510651.03  Fom: 0.05   *
* dE:   0.00  dN:   0.00  dU:   0.00   *
************************************************************
********************Velocity*********************
VX:   0.19  VY:  -0.00  VZ:   0.52  Fom: 0.19   *
*************************************************

================================================================================
Processed epoch: 63
Number of Satellites      gpsl1: 5
Total number of satellites: 5
=========================== LSE solution ============================================

Navigation status: GOOD_FOR_NAV
********************Time***************************
* Signal   tow(s)        Bias(ms)    Drift(ms/s) *
* gpsl1  482712.3262    11.3113      0.00147        *
***************************************************
********************DOP******************
* GDOP: 10.19  PDOP: 8.25  HDOP: 7.01    *
* VDOP: 4.35  TDOP: 5.97                *
*****************************************
********************Position********************************
* X: 2885640.83  Y: 1335096.07  Z: 5510650.63  Fom: 0.06   *
* dE:   0.00  dN:   0.00  dU:   0.00   *
************************************************************
********************Velocity*********************
VX:  -0.02  VY:  -0.03  VZ:   0.25  Fom: 0.07   *
*************************************************

================================================================================
Processed epoch: 64
Number of Satellites      gpsl1: 5
Total number of satellites: 5
=========================== LSE solution ============================================

Navigation status: GOOD_FOR_NAV
********************Time***************************
* Signal   tow(s)        Bias(ms)    Drift(ms/s) *
* gpsl1  482712.4262    11.3111      0.00147        *
***************************************************
********************DOP******************
* GDOP: 10.19  PDOP: 8.25  HDOP: 7.01    *
* VDOP: 4.35  TDOP: 5.97                *
*****************************************
********************Position********************************
* X: 2885640.96  Y: 1335096.18  Z: 5510650.97  Fom: 0.06   *
* dE:   0.00  dN:   0.00  dU:   0.00   *
************************************************************
********************Velocity*********************
VX:   0.03  VY:  -0.01  VZ:   0.31  Fom: 0.10   *
*************************************************

================================================================================
Processed epoch: 65
Number of Satellites      gpsl1: 5
Total number of satellites: 5
=========================== LSE solution ============================================

Navigation status: GOOD_FOR_NAV
********************Time***************************
* Signal   tow(s)        Bias(ms)    Drift(ms/s) *
* gpsl1  482712.5262    11.3110      0.00147        *
***************************************************
********************DOP******************
* GDOP: 10.19  PDOP: 8.25  HDOP: 7.01    *
* VDOP: 4.35  TDOP: 5.97                *
*****************************************
********************Position********************************
* X: 2885640.80  Y: 1335096.17  Z: 5510650.78  Fom: 0.06   *
* dE:   0.00  dN:   0.00  dU:   0.00   *
************************************************************
********************Velocity*********************
VX:  -0.02  VY:  -0.01  VZ:   0.02  Fom: 0.01   *
*************************************************

================================================================================
Processed epoch: 66
Number of Satellites      gpsl1: 5
Total number of satellites: 5
=========================== LSE solution ============================================

Navigation status: GOOD_FOR_NAV
********************Time***************************
* Signal   tow(s)        Bias(ms)    Drift(ms/s) *
* gpsl1  482712.6262    11.3108      0.00147        *
***************************************************
********************DOP******************
* GDOP: 10.19  PDOP: 8.25  HDOP: 7.01    *
* VDOP: 4.35  TDOP: 5.97                *
*****************************************
********************Position********************************
* X: 2885640.72  Y: 1335096.22  Z: 5510650.57  Fom: 0.06   *
* dE:   0.00  dN:   0.00  dU:   0.00   *
************************************************************
********************Velocity*********************
VX:  -0.05  VY:  -0.00  VZ:  -0.09  Fom: 0.04   *
*************************************************

================================================================================
Processed epoch: 67
Number of Satellites      gpsl1: 5
Total number of satellites: 5
=========================== LSE solution ============================================

Navigation status: GOOD_FOR_NAV
********************Time***************************
* Signal   tow(s)        Bias(ms)    Drift(ms/s) *
* gpsl1  482712.7262    11.3107      0.00147        *
***************************************************
********************DOP******************
* GDOP: 10.19  PDOP: 8.25  HDOP: 7.01    *
* VDOP: 4.35  TDOP: 5.97                *
*****************************************
********************Position********************************
* X: 2885640.60  Y: 1335096.30  Z: 5510650.02  Fom: 0.05   *
* dE:   0.00  dN:   0.00  dU:   0.00   *
************************************************************
********************Velocity*********************
VX:  -0.08  VY:  -0.03  VZ:  -0.19  Fom: 0.08   *
*************************************************

================================================================================
Processed epoch: 68
Number of Satellites      gpsl1: 5
Total number of satellites: 5
=========================== LSE solution ============================================

Navigation status: GOOD_FOR_NAV
********************Time***************************
* Signal   tow(s)        Bias(ms)    Drift(ms/s) *
* gpsl1  482712.8262    11.3105      0.00147        *
***************************************************
********************DOP******************
* GDOP: 10.19  PDOP: 8.25  HDOP: 7.01    *
* VDOP: 4.35  TDOP: 5.97                *
*****************************************
********************Position********************************
* X: 2885640.35  Y: 1335096.32  Z: 5510649.45  Fom: 0.05   *
* dE:   0.00  dN:   0.00  dU:   0.00   *
************************************************************
********************Velocity*********************
VX:   0.06  VY:   0.02  VZ:   0.42  Fom: 0.14   *
*************************************************

================================================================================
Processed epoch: 69
Number of Satellites      gpsl1: 5
Total number of satellites: 5
=========================== LSE solution ============================================

Navigation status: GOOD_FOR_NAV
********************Time***************************
* Signal   tow(s)        Bias(ms)    Drift(ms/s) *
* gpsl1  482712.9262    11.3104      0.00147        *
***************************************************
********************DOP******************
* GDOP: 10.18  PDOP: 8.25  HDOP: 7.01    *
* VDOP: 4.35  TDOP: 5.97                *
*****************************************
********************Position********************************
* X: 2885640.37  Y: 1335096.36  Z: 5510649.92  Fom: 0.05   *
* dE:   0.00  dN:   0.00  dU:   0.00   *
************************************************************
********************Velocity*********************
VX:   0.04  VY:  -0.01  VZ:   0.06  Fom: 0.02   *
*************************************************

================================================================================
Processed epoch: 70
Number of Satellites      gpsl1: 5
Total number of satellites: 5
=========================== LSE solution ============================================

Navigation status: GOOD_FOR_NAV
********************Time***************************
* Signal   tow(s)        Bias(ms)    Drift(ms/s) *
* gpsl1  482713.0262    11.3103      0.00147        *
***************************************************
********************DOP******************
* GDOP: 10.18  PDOP: 8.25  HDOP: 7.01    *
* VDOP: 4.35  TDOP: 5.97                *
*****************************************
********************Position********************************
* X: 2885640.28  Y: 1335096.37  Z: 5510649.48  Fom: 0.05   *
* dE:   0.00  dN:   0.00  dU:   0.00   *
************************************************************
********************Velocity*********************
VX:   0.04  VY:  -0.02  VZ:   0.14  Fom: 0.05   *
*************************************************

================================================================================
Processed epoch: 71
Number of Satellites      gpsl1: 5
Total number of satellites: 5
=========================== LSE solution ============================================

Navigation status: GOOD_FOR_NAV
********************Time***************************
* Signal   tow(s)        Bias(ms)    Drift(ms/s) *
* gpsl1  482713.1262    11.3101      0.00147        *
***************************************************
********************DOP******************
* GDOP: 10.18  PDOP: 8.25  HDOP: 7.01    *
* VDOP: 4.35  TDOP: 5.97                *
*****************************************
********************Position********************************
* X: 2885640.35  Y: 1335096.37  Z: 5510649.91  Fom: 0.05   *
* dE:   0.00  dN:   0.00  dU:   0.00   *
************************************************************
********************Velocity*********************
VX:   0.06  VY:  -0.01  VZ:   0.08  Fom: 0.04   *
*************************************************

================================================================================
Processed epoch: 72
Number of Satellites      gpsl1: 5
Total number of satellites: 5
=========================== LSE solution ============================================

Navigation status: GOOD_FOR_NAV
********************Time***************************
* Signal   tow(s)        Bias(ms)    Drift(ms/s) *
* gpsl1  482713.2262    11.3100      0.00147        *
***************************************************
********************DOP******************
* GDOP: 10.18  PDOP: 8.25  HDOP: 7.01    *
* VDOP: 4.35  TDOP: 5.97                *
*****************************************
********************Position********************************
* X: 2885640.26  Y: 1335096.38  Z: 5510649.83  Fom: 0.03   *
* dE:   0.00  dN:   0.00  dU:   0.00   *
************************************************************
********************Velocity*********************
VX:   0.05  VY:   0.01  VZ:   0.14  Fom: 0.05   *
*************************************************

================================================================================
Processed epoch: 73
Number of Satellites      gpsl1: 5
Total number of satellites: 5
=========================== LSE solution ============================================

Navigation status: GOOD_FOR_NAV
********************Time***************************
* Signal   tow(s)        Bias(ms)    Drift(ms/s) *
* gpsl1  482713.3262    11.3098      0.00147        *
***************************************************
********************DOP******************
* GDOP: 10.18  PDOP: 8.25  HDOP: 7.01    *
* VDOP: 4.35  TDOP: 5.97                *
*****************************************
********************Position********************************
* X: 2885640.26  Y: 1335096.39  Z: 5510649.73  Fom: 0.03   *
* dE:   0.00  dN:   0.00  dU:   0.00   *
************************************************************
********************Velocity*********************
VX:   0.02  VY:  -0.02  VZ:   0.09  Fom: 0.03   *
*************************************************

================================================================================
Processed epoch: 74
Number of Satellites      gpsl1: 5
Total number of satellites: 5
=========================== LSE solution ============================================

Navigation status: GOOD_FOR_NAV
********************Time***************************
* Signal   tow(s)        Bias(ms)    Drift(ms/s) *
* gpsl1  482713.4262    11.3097      0.00147        *
***************************************************
********************DOP******************
* GDOP: 10.18  PDOP: 8.25  HDOP: 7.01    *
* VDOP: 4.35  TDOP: 5.97                *
*****************************************
********************Position********************************
* X: 2885640.20  Y: 1335096.38  Z: 5510649.99  Fom: 0.03   *
* dE:   0.00  dN:   0.00  dU:   0.00   *
************************************************************
********************Velocity*********************
VX:  -0.12  VY:  -0.03  VZ:  -0.17  Fom: 0.08   *
*************************************************

================================================================================
Processed epoch: 75
Number of Satellites      gpsl1: 5
Total number of satellites: 5
=========================== LSE solution ============================================

Navigation status: GOOD_FOR_NAV
********************Time***************************
* Signal   tow(s)        Bias(ms)    Drift(ms/s) *
* gpsl1  482713.5262    11.3095      0.00147        *
***************************************************
********************DOP******************
* GDOP: 10.18  PDOP: 8.25  HDOP: 7.01    *
* VDOP: 4.35  TDOP: 5.97                *
*****************************************
********************Position********************************
* X: 2885640.41  Y: 1335096.39  Z: 5510650.10  Fom: 0.03   *
* dE:   0.00  dN:   0.00  dU:   0.00   *
************************************************************
********************Velocity*********************
VX:  -0.07  VY:  -0.01  VZ:  -0.24  Fom: 0.08   *
*************************************************

================================================================================
Processed epoch: 76
Number of Satellites      gpsl1: 5
Total number of satellites: 5
=========================== LSE solution ============================================

Navigation status: GOOD_FOR_NAV
********************Time***************************
* Signal   tow(s)        Bias(ms)    Drift(ms/s) *
* gpsl1  482713.6262    11.3094      0.00147        *
***************************************************
********************DOP******************
* GDOP: 10.18  PDOP: 8.25  HDOP: 7.01    *
* VDOP: 4.35  TDOP: 5.97                *
*****************************************
********************Position********************************
* X: 2885640.16  Y: 1335096.42  Z: 5510649.75  Fom: 0.02   *
* dE:   0.00  dN:   0.00  dU:   0.00   *
************************************************************
********************Velocity*********************
VX:   0.05  VY:   0.01  VZ:   0.07  Fom: 0.03   *
*************************************************

================================================================================
Processed epoch: 77
Number of Satellites      gpsl1: 5
Total number of satellites: 5
=========================== LSE solution ============================================

Navigation status: GOOD_FOR_NAV
********************Time***************************
* Signal   tow(s)        Bias(ms)    Drift(ms/s) *
* gpsl1  482713.7262    11.3092      0.00147        *
***************************************************
********************DOP******************
* GDOP: 10.18  PDOP: 8.25  HDOP: 7.01    *
* VDOP: 4.35  TDOP: 5.97                *
*****************************************
********************Position********************************
* X: 2885640.29  Y: 1335096.38  Z: 5510649.83  Fom: 0.03   *
* dE:   0.00  dN:   0.00  dU:   0.00   *
************************************************************
********************Velocity*********************
VX:   0.04  VY:  -0.00  VZ:   0.11  Fom: 0.04   *
*************************************************

================================================================================
Processed epoch: 78
Number of Satellites      gpsl1: 5
Total number of satellites: 5
=========================== LSE solution ============================================

Navigation status: GOOD_FOR_NAV
********************Time***************************
* Signal   tow(s)        Bias(ms)    Drift(ms/s) *
* gpsl1  482713.8262    11.3091      0.00147        *
***************************************************
********************DOP******************
* GDOP: 10.18  PDOP: 8.25  HDOP: 7.01    *
* VDOP: 4.35  TDOP: 5.97                *
*****************************************
********************Position********************************
* X: 2885640.23  Y: 1335096.39  Z: 5510649.98  Fom: 0.05   *
* dE:   0.00  dN:   0.00  dU:   0.00   *
************************************************************
********************Velocity*********************
VX:   0.02  VY:   0.01  VZ:   0.03  Fom: 0.01   *
*************************************************

================================================================================
Processed epoch: 79
Number of Satellites      gpsl1: 5
Total number of satellites: 5
=========================== LSE solution ============================================

Navigation status: GOOD_FOR_NAV
********************Time***************************
* Signal   tow(s)        Bias(ms)    Drift(ms/s) *
* gpsl1  482713.9262    11.3089      0.00147        *
***************************************************
********************DOP******************
* GDOP: 10.18  PDOP: 8.25  HDOP: 7.01    *
* VDOP: 4.35  TDOP: 5.97                *
*****************************************
********************Position********************************
* X: 2885640.26  Y: 1335096.47  Z: 5510650.26  Fom: 0.05   *
* dE:   0.00  dN:   0.00  dU:   0.00   *
************************************************************
********************Velocity*********************
VX:  -0.01  VY:  -0.03  VZ:   0.12  Fom: 0.03   *
*************************************************

================================================================================
Processed epoch: 80
Number of Satellites      gpsl1: 5
Total number of satellites: 5
=========================== LSE solution ============================================

Navigation status: GOOD_FOR_NAV
********************Time***************************
* Signal   tow(s)        Bias(ms)    Drift(ms/s) *
* gpsl1  482714.0262    11.3088      0.00147        *
***************************************************
********************DOP******************
* GDOP: 10.18  PDOP: 8.25  HDOP: 7.01    *
* VDOP: 4.35  TDOP: 5.97                *
*****************************************
********************Position********************************
* X: 2885640.04  Y: 1335096.49  Z: 5510650.27  Fom: 0.04   *
* dE:   0.00  dN:   0.00  dU:   0.00   *
************************************************************
********************Velocity*********************
VX:  -0.07  VY:   0.03  VZ:  -0.18  Fom: 0.07   *
*************************************************

================================================================================
Processed epoch: 81
Number of Satellites      gpsl1: 5
Total number of satellites: 5
=========================== LSE solution ============================================

Navigation status: GOOD_FOR_NAV
********************Time***************************
* Signal   tow(s)        Bias(ms)    Drift(ms/s) *
* gpsl1  482714.1262    11.3086      0.00147        *
***************************************************
********************DOP******************
* GDOP: 10.18  PDOP: 8.25  HDOP: 7.01    *
* VDOP: 4.35  TDOP: 5.97                *
*****************************************
********************Position********************************
* X: 2885639.63  Y: 1335096.46  Z: 5510649.47  Fom: 0.06   *
* dE:   0.00  dN:   0.00  dU:   0.00   *
************************************************************
********************Velocity*********************
VX:  -0.01  VY:  -0.02  VZ:   0.08  Fom: 0.02   *
*************************************************

================================================================================
Processed epoch: 82
Number of Satellites      gpsl1: 5
Total number of satellites: 5
=========================== LSE solution ============================================

Navigation status: GOOD_FOR_NAV
********************Time***************************
* Signal   tow(s)        Bias(ms)    Drift(ms/s) *
* gpsl1  482714.2262    11.3085      0.00147        *
***************************************************
********************DOP******************
* GDOP: 10.18  PDOP: 8.25  HDOP: 7.01    *
* VDOP: 4.35  TDOP: 5.97                *
*****************************************
********************Position********************************
* X: 2885639.51  Y: 1335096.53  Z: 5510649.11  Fom: 0.07   *
* dE:   0.00  dN:   0.00  dU:   0.00   *
************************************************************
********************Velocity*********************
VX:  -0.02  VY:   0.02  VZ:  -0.04  Fom: 0.02   *
*************************************************

================================================================================
Processed epoch: 83
Number of Satellites      gpsl1: 5
Total number of satellites: 5
=========================== LSE solution ============================================

Navigation status: GOOD_FOR_NAV
********************Time***************************
* Signal   tow(s)        Bias(ms)    Drift(ms/s) *
* gpsl1  482714.3262    11.3083      0.00147        *
***************************************************
********************DOP******************
* GDOP: 10.18  PDOP: 8.25  HDOP: 7.01    *
* VDOP: 4.35  TDOP: 5.97                *
*****************************************
********************Position********************************
* X: 2885639.34  Y: 1335096.57  Z: 5510648.43  Fom: 0.08   *
* dE:   0.00  dN:   0.00  dU:   0.00   *
************************************************************
********************Velocity*********************
VX:  -0.15  VY:   0.03  VZ:  -0.44  Fom: 0.16   *
*************************************************

================================================================================
Processed epoch: 84
Number of Satellites      gpsl1: 5
Total number of satellites: 5
=========================== LSE solution ============================================

Navigation status: GOOD_FOR_NAV
********************Time***************************
* Signal   tow(s)        Bias(ms)    Drift(ms/s) *
* gpsl1  482714.4262    11.3082      0.00147        *
***************************************************
********************DOP******************
* GDOP: 10.18  PDOP: 8.25  HDOP: 7.01    *
* VDOP: 4.35  TDOP: 5.97                *
*****************************************
********************Position********************************
* X: 2885639.20  Y: 1335096.44  Z: 5510648.67  Fom: 0.10   *
* dE:   0.00  dN:   0.00  dU:   0.00   *
************************************************************
********************Velocity*********************
VX:  -0.05  VY:  -0.00  VZ:   0.05  Fom: 0.01   *
*************************************************

================================================================================
Processed epoch: 85
Number of Satellites      gpsl1: 5
Total number of satellites: 5
=========================== LSE solution ============================================

Navigation status: GOOD_FOR_NAV
********************Time***************************
* Signal   tow(s)        Bias(ms)    Drift(ms/s) *
* gpsl1  482714.5262    11.3081      0.00147        *
***************************************************
********************DOP******************
* GDOP: 10.18  PDOP: 8.25  HDOP: 7.01    *
* VDOP: 4.35  TDOP: 5.97                *
*****************************************
********************Position********************************
* X: 2885639.28  Y: 1335096.46  Z: 5510648.97  Fom: 0.11   *
* dE:   0.00  dN:   0.00  dU:   0.00   *
************************************************************
********************Velocity*********************
VX:  -0.12  VY:   0.02  VZ:  -0.34  Fom: 0.12   *
*************************************************

================================================================================
Processed epoch: 86
Number of Satellites      gpsl1: 5
Total number of satellites: 5
=========================== LSE solution ============================================

Navigation status: GOOD_FOR_NAV
********************Time***************************
* Signal   tow(s)        Bias(ms)    Drift(ms/s) *
* gpsl1  482714.6262    11.3079      0.00147        *
***************************************************
********************DOP******************
* GDOP: 10.18  PDOP: 8.25  HDOP: 7.01    *
* VDOP: 4.35  TDOP: 5.97                *
*****************************************
********************Position********************************
* X: 2885639.43  Y: 1335096.42  Z: 5510649.01  Fom: 0.11   *
* dE:   0.00  dN:   0.00  dU:   0.00   *
************************************************************
********************Velocity*********************
VX:  -0.13  VY:   0.03  VZ:  -0.47  Fom: 0.16   *
*************************************************

================================================================================
Processed epoch: 87
Number of Satellites      gpsl1: 5
Total number of satellites: 5
=========================== LSE solution ============================================

Navigation status: GOOD_FOR_NAV
********************Time***************************
* Signal   tow(s)        Bias(ms)    Drift(ms/s) *
* gpsl1  482714.7262    11.3078      0.00147        *
***************************************************
********************DOP******************
* GDOP: 10.18  PDOP: 8.24  HDOP: 7.01    *
* VDOP: 4.35  TDOP: 5.97                *
*****************************************
********************Position********************************
* X: 2885639.77  Y: 1335096.39  Z: 5510649.90  Fom: 0.12   *
* dE:   0.00  dN:   0.00  dU:   0.00   *
************************************************************
********************Velocity*********************
VX:  -0.08  VY:   0.05  VZ:  -0.37  Fom: 0.12   *
*************************************************

================================================================================
Processed epoch: 88
Number of Satellites      gpsl1: 5
Total number of satellites: 5
=========================== LSE solution ============================================

Navigation status: GOOD_FOR_NAV
********************Time***************************
* Signal   tow(s)        Bias(ms)    Drift(ms/s) *
* gpsl1  482714.8262    11.3076      0.00147        *
***************************************************
********************DOP******************
* GDOP: 10.18  PDOP: 8.24  HDOP: 7.01    *
* VDOP: 4.35  TDOP: 5.97                *
*****************************************
********************Position********************************
* X: 2885639.99  Y: 1335096.35  Z: 5510650.27  Fom: 0.13   *
* dE:   0.00  dN:   0.00  dU:   0.00   *
************************************************************
********************Velocity*********************
VX:  -0.03  VY:   0.01  VZ:   0.08  Fom: 0.02   *
*************************************************

================================================================================
Processed epoch: 89
Number of Satellites      gpsl1: 5
Total number of satellites: 5
=========================== LSE solution ============================================

Navigation status: GOOD_FOR_NAV
********************Time***************************
* Signal   tow(s)        Bias(ms)    Drift(ms/s) *
* gpsl1  482714.9262    11.3075      0.00147        *
***************************************************
********************DOP******************
* GDOP: 10.18  PDOP: 8.24  HDOP: 7.00    *
* VDOP: 4.35  TDOP: 5.97                *
*****************************************
********************Position********************************
* X: 2885639.87  Y: 1335096.33  Z: 5510649.90  Fom: 0.13   *
* dE:   0.00  dN:   0.00  dU:   0.00   *
************************************************************
********************Velocity*********************
VX:  -0.06  VY:   0.03  VZ:  -0.44  Fom: 0.14   *
*************************************************

================================================================================
Processed epoch: 90
Number of Satellites      gpsl1: 5
Total number of satellites: 5
=========================== LSE solution ============================================

Navigation status: GOOD_FOR_NAV
********************Time***************************
* Signal   tow(s)        Bias(ms)    Drift(ms/s) *
* gpsl1  482715.0262    11.3073      0.00147        *
***************************************************
********************DOP******************
* GDOP: 10.18  PDOP: 8.24  HDOP: 7.00    *
* VDOP: 4.35  TDOP: 5.97                *
*****************************************
********************Position********************************
* X: 2885639.83  Y: 1335096.37  Z: 5510649.83  Fom: 0.15   *
* dE:   0.00  dN:   0.00  dU:   0.00   *
************************************************************
********************Velocity*********************
VX:   0.08  VY:  -0.01  VZ:   0.25  Fom: 0.09   *
*************************************************

================================================================================
Processed epoch: 91
Number of Satellites      gpsl1: 5
Total number of satellites: 5
=========================== LSE solution ============================================

Navigation status: GOOD_FOR_NAV
********************Time***************************
* Signal   tow(s)        Bias(ms)    Drift(ms/s) *
* gpsl1  482715.1262    11.3072      0.00147        *
***************************************************
********************DOP******************
* GDOP: 10.18  PDOP: 8.24  HDOP: 7.00    *
* VDOP: 4.35  TDOP: 5.97                *
*****************************************
********************Position********************************
* X: 2885640.01  Y: 1335096.35  Z: 5510650.39  Fom: 0.14   *
* dE:   0.00  dN:   0.00  dU:   0.00   *
************************************************************
********************Velocity*********************
VX:  -0.03  VY:   0.01  VZ:  -0.03  Fom: 0.01   *
*************************************************

================================================================================
Processed epoch: 92
Number of Satellites      gpsl1: 5
Total number of satellites: 5
=========================== LSE solution ============================================

Navigation status: GOOD_FOR_NAV
********************Time***************************
* Signal   tow(s)        Bias(ms)    Drift(ms/s) *
* gpsl1  482715.2262    11.3070      0.00147        *
***************************************************
********************DOP******************
* GDOP: 10.18  PDOP: 8.24  HDOP: 7.00    *
* VDOP: 4.35  TDOP: 5.96                *
*****************************************
********************Position********************************
* X: 2885639.75  Y: 1335096.36  Z: 5510650.33  Fom: 0.15   *
* dE:   0.00  dN:   0.00  dU:   0.00   *
************************************************************
********************Velocity*********************
VX:  -0.03  VY:   0.03  VZ:  -0.20  Fom: 0.06   *
*************************************************

================================================================================
Processed epoch: 93
Number of Satellites      gpsl1: 5
Total number of satellites: 5
=========================== LSE solution ============================================

Navigation status: GOOD_FOR_NAV
********************Time***************************
* Signal   tow(s)        Bias(ms)    Drift(ms/s) *
* gpsl1  482715.3262    11.3069      0.00147        *
***************************************************
********************DOP******************
* GDOP: 10.17  PDOP: 8.24  HDOP: 7.00    *
* VDOP: 4.35  TDOP: 5.96                *
*****************************************
********************Position********************************
* X: 2885639.67  Y: 1335096.27  Z: 5510650.38  Fom: 0.15   *
* dE:   0.00  dN:   0.00  dU:   0.00   *
************************************************************
********************Velocity*********************
VX:  -0.01  VY:   0.01  VZ:   0.07  Fom: 0.02   *
*************************************************

================================================================================
Processed epoch: 94
Number of Satellites      gpsl1: 5
Total number of satellites: 5
=========================== LSE solution ============================================

Navigation status: GOOD_FOR_NAV
********************Time***************************
* Signal   tow(s)        Bias(ms)    Drift(ms/s) *
* gpsl1  482715.4262    11.3068      0.00147        *
***************************************************
********************DOP******************
* GDOP: 10.17  PDOP: 8.24  HDOP: 7.00    *
* VDOP: 4.35  TDOP: 5.96                *
*****************************************
********************Position********************************
* X: 2885639.92  Y: 1335096.33  Z: 5510651.08  Fom: 0.15   *
* dE:   0.00  dN:   0.00  dU:   0.00   *
************************************************************
********************Velocity*********************
VX:  -0.02  VY:   0.01  VZ:  -0.12  Fom: 0.04   *
*************************************************

================================================================================
Processed epoch: 95
Number of Satellites      gpsl1: 5
Total number of satellites: 5
=========================== LSE solution ============================================

Navigation status: GOOD_FOR_NAV
********************Time***************************
* Signal   tow(s)        Bias(ms)    Drift(ms/s) *
* gpsl1  482715.5262    11.3066      0.00147        *
***************************************************
********************DOP******************
* GDOP: 10.17  PDOP: 8.24  HDOP: 7.00    *
* VDOP: 4.35  TDOP: 5.96                *
*****************************************
********************Position********************************
* X: 2885639.98  Y: 1335096.32  Z: 5510650.88  Fom: 0.15   *
* dE:   0.00  dN:   0.00  dU:   0.00   *
************************************************************
********************Velocity*********************
VX:  -0.10  VY:   0.01  VZ:  -0.29  Fom: 0.10   *
*************************************************

================================================================================
Processed epoch: 96
Number of Satellites      gpsl1: 5
Total number of satellites: 5
=========================== LSE solution ============================================

Navigation status: GOOD_FOR_NAV
********************Time***************************
* Signal   tow(s)        Bias(ms)    Drift(ms/s) *
* gpsl1  482715.6262    11.3065      0.00147        *
***************************************************
********************DOP******************
* GDOP: 10.17  PDOP: 8.24  HDOP: 7.00    *
* VDOP: 4.35  TDOP: 5.96                *
*****************************************
********************Position********************************
* X: 2885639.96  Y: 1335096.38  Z: 5510650.18  Fom: 0.15   *
* dE:   0.00  dN:   0.00  dU:   0.00   *
************************************************************
********************Velocity*********************
VX:  -0.11  VY:   0.03  VZ:  -0.23  Fom: 0.09   *
*************************************************

================================================================================
Processed epoch: 97
Number of Satellites      gpsl1: 5
Total number of satellites: 5
=========================== LSE solution ============================================

Navigation status: GOOD_FOR_NAV
********************Time***************************
* Signal   tow(s)        Bias(ms)    Drift(ms/s) *
* gpsl1  482715.7262    11.3063      0.00147        *
***************************************************
********************DOP******************
* GDOP: 10.17  PDOP: 8.24  HDOP: 7.00    *
* VDOP: 4.35  TDOP: 5.96                *
*****************************************
********************Position********************************
* X: 2885639.81  Y: 1335096.35  Z: 5510649.48  Fom: 0.15   *
* dE:   0.00  dN:   0.00  dU:   0.00   *
************************************************************
********************Velocity*********************
VX:   0.02  VY:  -0.01  VZ:   0.12  Fom: 0.04   *
*************************************************

================================================================================
Processed epoch: 98
Number of Satellites      gpsl1: 5
Total number of satellites: 5
=========================== LSE solution ============================================

Navigation status: GOOD_FOR_NAV
********************Time***************************
* Signal   tow(s)        Bias(ms)    Drift(ms/s) *
* gpsl1  482715.8262    11.3062      0.00147        *
***************************************************
********************DOP******************
* GDOP: 10.17  PDOP: 8.24  HDOP: 7.00    *
* VDOP: 4.35  TDOP: 5.96                *
*****************************************
********************Position********************************
* X: 2885640.02  Y: 1335096.36  Z: 5510649.77  Fom: 0.16   *
* dE:   0.00  dN:   0.00  dU:   0.00   *
************************************************************
********************Velocity*********************
VX:   0.12  VY:  -0.01  VZ:   0.35  Fom: 0.13   *
*************************************************

================================================================================
Processed epoch: 99
Number of Satellites      gpsl1: 5
Total number of satellites: 5
=========================== LSE solution ============================================

Navigation status: GOOD_FOR_NAV
********************Time***************************
* Signal   tow(s)        Bias(ms)    Drift(ms/s) *
* gpsl1  482715.9262    11.3060      0.00147        *
***************************************************
********************DOP******************
* GDOP: 10.17  PDOP: 8.24  HDOP: 7.00    *
* VDOP: 4.35  TDOP: 5.96                *
*****************************************
********************Position********************************
* X: 2885639.91  Y: 1335096.42  Z: 5510649.90  Fom: 0.15   *
* dE:   0.00  dN:   0.00  dU:   0.00   *
************************************************************
********************Velocity*********************
VX:   0.02  VY:  -0.00  VZ:   0.18  Fom: 0.06   *
*************************************************

================================================================================
Processed epoch: 100
Number of Satellites      gpsl1: 5
Total number of satellites: 5
=========================== LSE solution ============================================

Navigation status: GOOD_FOR_NAV
********************Time***************************
* Signal   tow(s)        Bias(ms)    Drift(ms/s) *
* gpsl1  482716.0262    11.3059      0.00147        *
***************************************************
********************DOP******************
* GDOP: 10.17  PDOP: 8.24  HDOP: 7.00    *
* VDOP: 4.35  TDOP: 5.96                *
*****************************************
********************Position********************************
* X: 2885640.08  Y: 1335096.44  Z: 5510650.43  Fom: 0.15   *
* dE:   0.00  dN:   0.00  dU:   0.00   *
************************************************************
********************Velocity*********************
VX:   0.00  VY:  -0.01  VZ:  -0.06  Fom: 0.02   *
*************************************************

================================================================================
Processed epoch: 101
Number of Satellites      gpsl1: 5
Total number of satellites: 5
=========================== LSE solution ============================================

Navigation status: GOOD_FOR_NAV
********************Time***************************
* Signal   tow(s)        Bias(ms)    Drift(ms/s) *
* gpsl1  482716.1262    11.3057      0.00147        *
***************************************************
********************DOP******************
* GDOP: 10.17  PDOP: 8.24  HDOP: 7.00    *
* VDOP: 4.35  TDOP: 5.96                *
*****************************************
********************Position********************************
* X: 2885640.12  Y: 1335096.45  Z: 5510650.35  Fom: 0.16   *
* dE:   0.00  dN:   0.00  dU:   0.00   *
************************************************************
********************Velocity*********************
VX:   0.00  VY:   0.02  VZ:   0.09  Fom: 0.03   *
*************************************************

================================================================================
Processed epoch: 102
Number of Satellites      gpsl1: 5
Total number of satellites: 5
=========================== LSE solution ============================================

Navigation status: GOOD_FOR_NAV
********************Time***************************
* Signal   tow(s)        Bias(ms)    Drift(ms/s) *
* gpsl1  482716.2262    11.3056      0.00147        *
***************************************************
********************DOP******************
* GDOP: 10.17  PDOP: 8.24  HDOP: 7.00    *
* VDOP: 4.35  TDOP: 5.96                *
*****************************************
********************Position********************************
* X: 2885640.17  Y: 1335096.42  Z: 5510650.30  Fom: 0.16   *
* dE:   0.00  dN:   0.00  dU:   0.00   *
************************************************************
********************Velocity*********************
VX:   0.08  VY:   0.04  VZ:   0.23  Fom: 0.09   *
*************************************************

================================================================================
Processed epoch: 103
Number of Satellites      gpsl1: 5
Total number of satellites: 5
=========================== LSE solution ============================================

Navigation status: GOOD_FOR_NAV
********************Time***************************
* Signal   tow(s)        Bias(ms)    Drift(ms/s) *
* gpsl1  482716.3262    11.3054      0.00147        *
***************************************************
********************DOP******************
* GDOP: 10.17  PDOP: 8.24  HDOP: 7.00    *
* VDOP: 4.35  TDOP: 5.96                *
*****************************************
********************Position********************************
* X: 2885640.37  Y: 1335096.34  Z: 5510650.98  Fom: 0.15   *
* dE:   0.00  dN:   0.00  dU:   0.00   *
************************************************************
********************Velocity*********************
VX:   0.02  VY:   0.01  VZ:   0.14  Fom: 0.05   *
*************************************************

================================================================================
Processed epoch: 104
Number of Satellites      gpsl1: 5
Total number of satellites: 5
=========================== LSE solution ============================================

Navigation status: GOOD_FOR_NAV
********************Time***************************
* Signal   tow(s)        Bias(ms)    Drift(ms/s) *
* gpsl1  482716.4262    11.3053      0.00147        *
***************************************************
********************DOP******************
* GDOP: 10.17  PDOP: 8.24  HDOP: 7.00    *
* VDOP: 4.35  TDOP: 5.96                *
*****************************************
********************Position********************************
* X: 2885640.49  Y: 1335096.31  Z: 5510651.45  Fom: 0.16   *
* dE:   0.00  dN:   0.00  dU:   0.00   *
************************************************************
********************Velocity*********************
VX:   0.13  VY:   0.03  VZ:   0.24  Fom: 0.10   *
*************************************************

================================================================================
Processed epoch: 105
Number of Satellites      gpsl1: 5
Total number of satellites: 5
=========================== LSE solution ============================================

Navigation status: GOOD_FOR_NAV
********************Time***************************
* Signal   tow(s)        Bias(ms)    Drift(ms/s) *
* gpsl1  482716.5262    11.3051      0.00147        *
***************************************************
********************DOP******************
* GDOP: 10.17  PDOP: 8.24  HDOP: 7.00    *
* VDOP: 4.35  TDOP: 5.96                *
*****************************************
********************Position********************************
* X: 2885640.54  Y: 1335096.24  Z: 5510651.29  Fom: 0.16   *
* dE:   0.00  dN:   0.00  dU:   0.00   *
************************************************************
********************Velocity*********************
VX:  -0.07  VY:   0.02  VZ:  -0.14  Fom: 0.06   *
*************************************************

================================================================================
Processed epoch: 106
Number of Satellites      gpsl1: 5
Total number of satellites: 5
=========================== LSE solution ============================================

Navigation status: GOOD_FOR_NAV
********************Time***************************
* Signal   tow(s)        Bias(ms)    Drift(ms/s) *
* gpsl1  482716.6262    11.3050      0.00147        *
***************************************************
********************DOP******************
* GDOP: 10.17  PDOP: 8.24  HDOP: 7.00    *
* VDOP: 4.35  TDOP: 5.96                *
*****************************************
********************Position********************************
* X: 2885640.61  Y: 1335096.16  Z: 5510651.28  Fom: 0.17   *
* dE:   0.00  dN:   0.00  dU:   0.00   *
************************************************************
********************Velocity*********************
VX:   0.02  VY:  -0.01  VZ:   0.05  Fom: 0.02   *
*************************************************

================================================================================
Processed epoch: 107
Number of Satellites      gpsl1: 5
Total number of satellites: 5
=========================== LSE solution ============================================

Navigation status: GOOD_FOR_NAV
********************Time***************************
* Signal   tow(s)        Bias(ms)    Drift(ms/s) *
* gpsl1  482716.7262    11.3049      0.00147        *
***************************************************
********************DOP******************
* GDOP: 10.17  PDOP: 8.24  HDOP: 7.00    *
* VDOP: 4.35  TDOP: 5.96                *
*****************************************
********************Position********************************
* X: 2885640.72  Y: 1335096.14  Z: 5510651.43  Fom: 0.16   *
* dE:   0.00  dN:   0.00  dU:   0.00   *
************************************************************
********************Velocity*********************
VX:   0.03  VY:   0.06  VZ:   0.09  Fom: 0.04   *
*************************************************

================================================================================
Processed epoch: 108
Number of Satellites      gpsl1: 5
Total number of satellites: 5
=========================== LSE solution ============================================

Navigation status: GOOD_FOR_NAV
********************Time***************************
* Signal   tow(s)        Bias(ms)    Drift(ms/s) *
* gpsl1  482716.8262    11.3047      0.00147        *
***************************************************
********************DOP******************
* GDOP: 10.17  PDOP: 8.24  HDOP: 7.00    *
* VDOP: 4.35  TDOP: 5.96                *
*****************************************
********************Position********************************
* X: 2885640.76  Y: 1335096.21  Z: 5510651.28  Fom: 0.15   *
* dE:   0.00  dN:   0.00  dU:   0.00   *
************************************************************
********************Velocity*********************
VX:  -0.01  VY:  -0.02  VZ:  -0.01  Fom: 0.01   *
*************************************************

================================================================================
Processed epoch: 109
Number of Satellites      gpsl1: 5
Total number of satellites: 5
=========================== LSE solution ============================================

Navigation status: GOOD_FOR_NAV
********************Time***************************
* Signal   tow(s)        Bias(ms)    Drift(ms/s) *
* gpsl1  482716.9262    11.3046      0.00147        *
***************************************************
********************DOP******************
* GDOP: 10.17  PDOP: 8.24  HDOP: 7.00    *
* VDOP: 4.35  TDOP: 5.96                *
*****************************************
********************Position********************************
* X: 2885640.76  Y: 1335096.23  Z: 5510651.18  Fom: 0.16   *
* dE:   0.00  dN:   0.00  dU:   0.00   *
************************************************************
********************Velocity*********************
VX:  -0.15  VY:  -0.01  VZ:  -0.27  Fom: 0.11   *
*************************************************

================================================================================
Processed epoch: 110
Number of Satellites      gpsl1: 5
Total number of satellites: 5
=========================== LSE solution ============================================

Navigation status: GOOD_FOR_NAV
********************Time***************************
* Signal   tow(s)        Bias(ms)    Drift(ms/s) *
* gpsl1  482717.0262    11.3044      0.00147        *
***************************************************
********************DOP******************
* GDOP: 10.17  PDOP: 8.24  HDOP: 7.00    *
* VDOP: 4.34  TDOP: 5.96                *
*****************************************
********************Position********************************
* X: 2885641.00  Y: 1335096.25  Z: 5510651.59  Fom: 0.16   *
* dE:   0.00  dN:   0.00  dU:   0.00   *
************************************************************
********************Velocity*********************
VX:  -0.03  VY:   0.01  VZ:  -0.09  Fom: 0.03   *
*************************************************

================================================================================
Processed epoch: 111
Number of Satellites      gpsl1: 5
Total number of satellites: 5
=========================== LSE solution ============================================

Navigation status: GOOD_FOR_NAV
********************Time***************************
* Signal   tow(s)        Bias(ms)    Drift(ms/s) *
* gpsl1  482717.1262    11.3043      0.00147        *
***************************************************
********************DOP******************
* GDOP: 10.17  PDOP: 8.24  HDOP: 7.00    *
* VDOP: 4.34  TDOP: 5.96                *
*****************************************
********************Position********************************
* X: 2885641.02  Y: 1335096.15  Z: 5510651.22  Fom: 0.16   *
* dE:   0.00  dN:   0.00  dU:   0.00   *
************************************************************
********************Velocity*********************
VX:   0.08  VY:   0.01  VZ:   0.20  Fom: 0.08   *
*************************************************

================================================================================
Processed epoch: 112
Number of Satellites      gpsl1: 5
Total number of satellites: 5
=========================== LSE solution ============================================

Navigation status: GOOD_FOR_NAV
********************Time***************************
* Signal   tow(s)        Bias(ms)    Drift(ms/s) *
* gpsl1  482717.2262    11.3041      0.00147        *
***************************************************
********************DOP******************
* GDOP: 10.17  PDOP: 8.24  HDOP: 7.00    *
* VDOP: 4.34  TDOP: 5.96                *
*****************************************
********************Position********************************
* X: 2885641.11  Y: 1335096.07  Z: 5510651.33  Fom: 0.16   *
* dE:   0.00  dN:   0.00  dU:   0.00   *
************************************************************
********************Velocity*********************
VX:   0.04  VY:   0.02  VZ:  -0.02  Fom: 0.01   *
*************************************************

================================================================================
Processed epoch: 113
Number of Satellites      gpsl1: 5
Total number of satellites: 5
=========================== LSE solution ============================================

Navigation status: GOOD_FOR_NAV
********************Time***************************
* Signal   tow(s)        Bias(ms)    Drift(ms/s) *
* gpsl1  482717.3262    11.3040      0.00147        *
***************************************************
********************DOP******************
* GDOP: 10.17  PDOP: 8.24  HDOP: 7.00    *
* VDOP: 4.34  TDOP: 5.96                *
*****************************************
********************Position********************************
* X: 2885641.04  Y: 1335096.00  Z: 5510650.60  Fom: 0.17   *
* dE:   0.00  dN:   0.00  dU:   0.00   *
************************************************************
********************Velocity*********************
VX:  -0.04  VY:  -0.01  VZ:  -0.05  Fom: 0.02   *
*************************************************

================================================================================
Processed epoch: 114
Number of Satellites      gpsl1: 5
Total number of satellites: 5
=========================== LSE solution ============================================

Navigation status: GOOD_FOR_NAV
********************Time***************************
* Signal   tow(s)        Bias(ms)    Drift(ms/s) *
* gpsl1  482717.4262    11.3038      0.00147        *
***************************************************
********************DOP******************
* GDOP: 10.17  PDOP: 8.24  HDOP: 7.00    *
* VDOP: 4.34  TDOP: 5.96                *
*****************************************
********************Position********************************
* X: 2885641.25  Y: 1335095.94  Z: 5510650.99  Fom: 0.19   *
* dE:   0.00  dN:   0.00  dU:   0.00   *
************************************************************
********************Velocity*********************
VX:  -0.01  VY:   0.00  VZ:  -0.19  Fom: 0.06   *
*************************************************

================================================================================
Processed epoch: 115
Number of Satellites      gpsl1: 5
Total number of satellites: 5
=========================== LSE solution ============================================

Navigation status: GOOD_FOR_NAV
********************Time***************************
* Signal   tow(s)        Bias(ms)    Drift(ms/s) *
* gpsl1  482717.5262    11.3037      0.00147        *
***************************************************
********************DOP******************
* GDOP: 10.17  PDOP: 8.24  HDOP: 7.00    *
* VDOP: 4.34  TDOP: 5.96                *
*****************************************
********************Position********************************
* X: 2885641.22  Y: 1335095.93  Z: 5510650.87  Fom: 0.19   *
* dE:   0.00  dN:   0.00  dU:   0.00   *
************************************************************
********************Velocity*********************
VX:  -0.03  VY:   0.01  VZ:  -0.13  Fom: 0.04   *
*************************************************

================================================================================
Processed epoch: 116
Number of Satellites      gpsl1: 5
Total number of satellites: 5
=========================== LSE solution ============================================

Navigation status: GOOD_FOR_NAV
********************Time***************************
* Signal   tow(s)        Bias(ms)    Drift(ms/s) *
* gpsl1  482717.6262    11.3035      0.00147        *
***************************************************
********************DOP******************
* GDOP: 10.16  PDOP: 8.23  HDOP: 7.00    *
* VDOP: 4.34  TDOP: 5.96                *
*****************************************
********************Position********************************
* X: 2885641.19  Y: 1335095.93  Z: 5510651.01  Fom: 0.19   *
* dE:   0.00  dN:   0.00  dU:   0.00   *
************************************************************
********************Velocity*********************
VX:   0.01  VY:  -0.01  VZ:   0.05  Fom: 0.02   *
*************************************************

================================================================================
Processed epoch: 117
Number of Satellites      gpsl1: 5
Total number of satellites: 5
=========================== LSE solution ============================================

Navigation status: GOOD_FOR_NAV
********************Time***************************
* Signal   tow(s)        Bias(ms)    Drift(ms/s) *
* gpsl1  482717.7262    11.3034      0.00147        *
***************************************************
********************DOP******************
* GDOP: 10.16  PDOP: 8.23  HDOP: 7.00    *
* VDOP: 4.34  TDOP: 5.96                *
*****************************************
********************Position********************************
* X: 2885641.12  Y: 1335095.87  Z: 5510650.59  Fom: 0.19   *
* dE:   0.00  dN:   0.00  dU:   0.00   *
************************************************************
********************Velocity*********************
VX:  -0.03  VY:   0.03  VZ:   0.05  Fom: 0.01   *
*************************************************

================================================================================
Processed epoch: 118
Number of Satellites      gpsl1: 5
Total number of satellites: 5
=========================== LSE solution ============================================

Navigation status: GOOD_FOR_NAV
********************Time***************************
* Signal   tow(s)        Bias(ms)    Drift(ms/s) *
* gpsl1  482717.8262    11.3033      0.00147        *
***************************************************
********************DOP******************
* GDOP: 10.16  PDOP: 8.23  HDOP: 7.00    *
* VDOP: 4.34  TDOP: 5.96                *
*****************************************
********************Position********************************
* X: 2885641.57  Y: 1335095.98  Z: 5510651.70  Fom: 0.18   *
* dE:   0.00  dN:   0.00  dU:   0.00   *
************************************************************
********************Velocity*********************
VX:  -0.14  VY:  -0.02  VZ:  -0.14  Fom: 0.07   *
*************************************************

================================================================================
Processed epoch: 119
Number of Satellites      gpsl1: 5
Total number of satellites: 5
=========================== LSE solution ============================================

Navigation status: GOOD_FOR_NAV
********************Time***************************
* Signal   tow(s)        Bias(ms)    Drift(ms/s) *
* gpsl1  482717.9262    11.3031      0.00147        *
***************************************************
********************DOP******************
* GDOP: 10.16  PDOP: 8.23  HDOP: 6.99    *
* VDOP: 4.34  TDOP: 5.96                *
*****************************************
********************Position********************************
* X: 2885641.71  Y: 1335095.98  Z: 5510652.60  Fom: 0.18   *
* dE:   0.00  dN:   0.00  dU:   0.00   *
************************************************************
********************Velocity*********************
VX:   0.04  VY:  -0.01  VZ:   0.08  Fom: 0.03   *
*************************************************

================================================================================
Processed epoch: 120
Number of Satellites      gpsl1: 5
Total number of satellites: 5
=========================== LSE solution ============================================

Navigation status: GOOD_FOR_NAV
********************Time***************************
* Signal   tow(s)        Bias(ms)    Drift(ms/s) *
* gpsl1  482718.0262    11.3030      0.00147        *
***************************************************
********************DOP******************
* GDOP: 10.16  PDOP: 8.23  HDOP: 6.99    *
* VDOP: 4.34  TDOP: 5.96                *
*****************************************
********************Position********************************
* X: 2885641.71  Y: 1335096.05  Z: 5510652.61  Fom: 0.17   *
* dE:   0.00  dN:   0.00  dU:   0.00   *
************************************************************
********************Velocity*********************
VX:  -0.03  VY:  -0.01  VZ:   0.02  Fom: 0.01   *
*************************************************

================================================================================
Processed epoch: 121
Number of Satellites      gpsl1: 5
Total number of satellites: 5
=========================== LSE solution ============================================

Navigation status: GOOD_FOR_NAV
********************Time***************************
* Signal   tow(s)        Bias(ms)    Drift(ms/s) *
* gpsl1  482718.1262    11.3028      0.00147        *
***************************************************
********************DOP******************
* GDOP: 10.16  PDOP: 8.23  HDOP: 6.99    *
* VDOP: 4.34  TDOP: 5.96                *
*****************************************
********************Position********************************
* X: 2885641.80  Y: 1335096.07  Z: 5510653.09  Fom: 0.18   *
* dE:   0.00  dN:   0.00  dU:   0.00   *
************************************************************
********************Velocity*********************
VX:   0.02  VY:   0.02  VZ:  -0.07  Fom: 0.02   *
*************************************************

================================================================================
Processed epoch: 122
Number of Satellites      gpsl1: 5
Total number of satellites: 5
=========================== LSE solution ============================================

Navigation status: GOOD_FOR_NAV
********************Time***************************
* Signal   tow(s)        Bias(ms)    Drift(ms/s) *
* gpsl1  482718.2262    11.3027      0.00147        *
***************************************************
********************DOP******************
* GDOP: 10.16  PDOP: 8.23  HDOP: 6.99    *
* VDOP: 4.34  TDOP: 5.96                *
*****************************************
********************Position********************************
* X: 2885641.96  Y: 1335096.09  Z: 5510653.64  Fom: 0.17   *
* dE:   0.00  dN:   0.00  dU:   0.00   *
************************************************************
********************Velocity*********************
VX:  -0.00  VY:   0.04  VZ:   0.06  Fom: 0.02   *
*************************************************

================================================================================
Processed epoch: 123
Number of Satellites      gpsl1: 5
Total number of satellites: 5
=========================== LSE solution ============================================

Navigation status: GOOD_FOR_NAV
********************Time***************************
* Signal   tow(s)        Bias(ms)    Drift(ms/s) *
* gpsl1  482718.3262    11.3025      0.00147        *
***************************************************
********************DOP******************
* GDOP: 10.16  PDOP: 8.23  HDOP: 6.99    *
* VDOP: 4.34  TDOP: 5.96                *
*****************************************
********************Position********************************
* X: 2885642.13  Y: 1335096.09  Z: 5510654.32  Fom: 0.18   *
* dE:   0.00  dN:   0.00  dU:   0.00   *
************************************************************
********************Velocity*********************
VX:   0.00  VY:   0.03  VZ:   0.02  Fom: 0.01   *
*************************************************

================================================================================
Processed epoch: 124
Number of Satellites      gpsl1: 5
Total number of satellites: 5
=========================== LSE solution ============================================

Navigation status: GOOD_FOR_NAV
********************Time***************************
* Signal   tow(s)        Bias(ms)    Drift(ms/s) *
* gpsl1  482718.4262    11.3024      0.00147        *
***************************************************
********************DOP******************
* GDOP: 10.16  PDOP: 8.23  HDOP: 6.99    *
* VDOP: 4.34  TDOP: 5.96                *
*****************************************
********************Position********************************
* X: 2885642.11  Y: 1335096.07  Z: 5510654.71  Fom: 0.17   *
* dE:   0.00  dN:   0.00  dU:   0.00   *
************************************************************
********************Velocity*********************
VX:  -0.05  VY:  -0.02  VZ:  -0.11  Fom: 0.04   *
*************************************************

================================================================================
Processed epoch: 125
Number of Satellites      gpsl1: 5
Total number of satellites: 5
=========================== LSE solution ============================================

Navigation status: GOOD_FOR_NAV
********************Time***************************
* Signal   tow(s)        Bias(ms)    Drift(ms/s) *
* gpsl1  482718.5262    11.3022      0.00147        *
***************************************************
********************DOP******************
* GDOP: 10.16  PDOP: 8.23  HDOP: 6.99    *
* VDOP: 4.34  TDOP: 5.96                *
*****************************************
********************Position********************************
* X: 2885641.97  Y: 1335096.05  Z: 5510654.30  Fom: 0.16   *
* dE:   0.00  dN:   0.00  dU:   0.00   *
************************************************************
********************Velocity*********************
VX:  -0.00  VY:   0.01  VZ:  -0.02  Fom: 0.01   *
*************************************************

================================================================================
Processed epoch: 126
Number of Satellites      gpsl1: 5
Total number of satellites: 5
=========================== LSE solution ============================================

Navigation status: GOOD_FOR_NAV
********************Time***************************
* Signal   tow(s)        Bias(ms)    Drift(ms/s) *
* gpsl1  482718.6262    11.3021      0.00147        *
***************************************************
********************DOP******************
* GDOP: 10.16  PDOP: 8.23  HDOP: 6.99    *
* VDOP: 4.34  TDOP: 5.96                *
*****************************************
********************Position********************************
* X: 2885641.98  Y: 1335096.01  Z: 5510654.37  Fom: 0.13   *
* dE:   0.00  dN:   0.00  dU:   0.00   *
************************************************************
********************Velocity*********************
VX:  -0.10  VY:   0.00  VZ:  -0.30  Fom: 0.11   *
*************************************************

================================================================================
Processed epoch: 127
Number of Satellites      gpsl1: 5
Total number of satellites: 5
=========================== LSE solution ============================================

Navigation status: GOOD_FOR_NAV
********************Time***************************
* Signal   tow(s)        Bias(ms)    Drift(ms/s) *
* gpsl1  482718.7262    11.3019      0.00147        *
***************************************************
********************DOP******************
* GDOP: 10.16  PDOP: 8.23  HDOP: 6.99    *
* VDOP: 4.34  TDOP: 5.96                *
*****************************************
********************Position********************************
* X: 2885642.24  Y: 1335095.93  Z: 5510655.20  Fom: 0.13   *
* dE:   0.00  dN:   0.00  dU:   0.00   *
************************************************************
********************Velocity*********************
VX:  -0.01  VY:   0.01  VZ:  -0.09  Fom: 0.03   *
*************************************************

================================================================================
Processed epoch: 128
Number of Satellites      gpsl1: 5
Total number of satellites: 5
=========================== LSE solution ============================================

Navigation status: GOOD_FOR_NAV
********************Time***************************
* Signal   tow(s)        Bias(ms)    Drift(ms/s) *
* gpsl1  482718.8262    11.3018      0.00147        *
***************************************************
********************DOP******************
* GDOP: 10.16  PDOP: 8.23  HDOP: 6.99    *
* VDOP: 4.34  TDOP: 5.96                *
*****************************************
********************Position********************************
* X: 2885642.26  Y: 1335095.87  Z: 5510655.28  Fom: 0.13   *
* dE:   0.00  dN:   0.00  dU:   0.00   *
************************************************************
********************Velocity*********************
VX:   0.01  VY:  -0.00  VZ:   0.05  Fom: 0.02   *
*************************************************

================================================================================
Processed epoch: 129
Number of Satellites      gpsl1: 5
Total number of satellites: 5
=========================== LSE solution ============================================

Navigation status: GOOD_FOR_NAV
********************Time***************************
* Signal   tow(s)        Bias(ms)    Drift(ms/s) *
* gpsl1  482718.9262    11.3017      0.00147        *
***************************************************
********************DOP******************
* GDOP: 10.16  PDOP: 8.23  HDOP: 6.99    *
* VDOP: 4.34  TDOP: 5.96                *
*****************************************
********************Position********************************
* X: 2885642.35  Y: 1335095.83  Z: 5510655.59  Fom: 0.12   *
* dE:   0.00  dN:   0.00  dU:   0.00   *
************************************************************
********************Velocity*********************
VX:   0.11  VY:  -0.03  VZ:   0.34  Fom: 0.12   *
*************************************************

================================================================================
Processed epoch: 130
Number of Satellites      gpsl1: 5
Total number of satellites: 5
=========================== LSE solution ============================================

Navigation status: GOOD_FOR_NAV
********************Time***************************
* Signal   tow(s)        Bias(ms)    Drift(ms/s) *
* gpsl1  482719.0262    11.3015      0.00147        *
***************************************************
********************DOP******************
* GDOP: 10.16  PDOP: 8.23  HDOP: 6.99    *
* VDOP: 4.34  TDOP: 5.96                *
*****************************************
********************Position********************************
* X: 2885642.34  Y: 1335095.85  Z: 5510655.64  Fom: 0.13   *
* dE:   0.00  dN:   0.00  dU:   0.00   *
************************************************************
********************Velocity*********************
VX:   0.13  VY:  -0.01  VZ:   0.23  Fom: 0.10   *
*************************************************

================================================================================
Processed epoch: 131
Number of Satellites      gpsl1: 5
Total number of satellites: 5
=========================== LSE solution ============================================

Navigation status: GOOD_FOR_NAV
********************Time***************************
* Signal   tow(s)        Bias(ms)    Drift(ms/s) *
* gpsl1  482719.1262    11.3014      0.00147        *
***************************************************
********************DOP******************
* GDOP: 10.16  PDOP: 8.23  HDOP: 6.99    *
* VDOP: 4.34  TDOP: 5.96                *
*****************************************
********************Position********************************
* X: 2885642.37  Y: 1335095.80  Z: 5510655.50  Fom: 0.13   *
* dE:   0.00  dN:   0.00  dU:   0.00   *
************************************************************
********************Velocity*********************
VX:   0.06  VY:  -0.00  VZ:   0.28  Fom: 0.09   *
*************************************************

================================================================================
Processed epoch: 132
Number of Satellites      gpsl1: 5
Total number of satellites: 5
=========================== LSE solution ============================================

Navigation status: GOOD_FOR_NAV
********************Time***************************
* Signal   tow(s)        Bias(ms)    Drift(ms/s) *
* gpsl1  482719.2262    11.3012      0.00147        *
***************************************************
********************DOP******************
* GDOP: 10.16  PDOP: 8.23  HDOP: 6.99    *
* VDOP: 4.34  TDOP: 5.95                *
*****************************************
********************Position********************************
* X: 2885642.47  Y: 1335095.83  Z: 5510655.31  Fom: 0.13   *
* dE:   0.00  dN:   0.00  dU:   0.00   *
************************************************************
********************Velocity*********************
VX:   0.02  VY:   0.02  VZ:   0.38  Fom: 0.12   *
*************************************************

================================================================================
Processed epoch: 133
Number of Satellites      gpsl1: 5
Total number of satellites: 5
=========================== LSE solution ============================================

Navigation status: GOOD_FOR_NAV
********************Time***************************
* Signal   tow(s)        Bias(ms)    Drift(ms/s) *
* gpsl1  482719.3262    11.3011      0.00147        *
***************************************************
********************DOP******************
* GDOP: 10.16  PDOP: 8.23  HDOP: 6.99    *
* VDOP: 4.34  TDOP: 5.95                *
*****************************************
********************Position********************************
* X: 2885642.76  Y: 1335095.87  Z: 5510655.68  Fom: 0.12   *
* dE:   0.00  dN:   0.00  dU:   0.00   *
************************************************************
********************Velocity*********************
VX:   0.07  VY:  -0.01  VZ:   0.30  Fom: 0.10   *
*************************************************

================================================================================
Processed epoch: 134
Number of Satellites      gpsl1: 5
Total number of satellites: 5
=========================== LSE solution ============================================

Navigation status: GOOD_FOR_NAV
********************Time***************************
* Signal   tow(s)        Bias(ms)    Drift(ms/s) *
* gpsl1  482719.4262    11.3009      0.00147        *
***************************************************
********************DOP******************
* GDOP: 10.16  PDOP: 8.23  HDOP: 6.99    *
* VDOP: 4.34  TDOP: 5.95                *
*****************************************
********************Position********************************
* X: 2885642.69  Y: 1335095.88  Z: 5510655.78  Fom: 0.12   *
* dE:   0.00  dN:   0.00  dU:   0.00   *
************************************************************
********************Velocity*********************
VX:   0.04  VY:  -0.02  VZ:   0.23  Fom: 0.07   *
*************************************************

================================================================================
Processed epoch: 135
Number of Satellites      gpsl1: 5
Total number of satellites: 5
=========================== LSE solution ============================================

Navigation status: GOOD_FOR_NAV
********************Time***************************
* Signal   tow(s)        Bias(ms)    Drift(ms/s) *
* gpsl1  482719.5262    11.3008      0.00147        *
***************************************************
********************DOP******************
* GDOP: 10.16  PDOP: 8.23  HDOP: 6.99    *
* VDOP: 4.34  TDOP: 5.95                *
*****************************************
********************Position********************************
* X: 2885642.55  Y: 1335095.96  Z: 5510655.20  Fom: 0.12   *
* dE:   0.00  dN:   0.00  dU:   0.00   *
************************************************************
********************Velocity*********************
VX:  -0.03  VY:  -0.01  VZ:   0.07  Fom: 0.02   *
*************************************************

================================================================================
Processed epoch: 136
Number of Satellites      gpsl1: 5
Total number of satellites: 5
=========================== LSE solution ============================================

Navigation status: GOOD_FOR_NAV
********************Time***************************
* Signal   tow(s)        Bias(ms)    Drift(ms/s) *
* gpsl1  482719.6262    11.3006      0.00147        *
***************************************************
********************DOP******************
* GDOP: 10.16  PDOP: 8.23  HDOP: 6.99    *
* VDOP: 4.34  TDOP: 5.95                *
*****************************************
********************Position********************************
* X: 2885642.30  Y: 1335095.93  Z: 5510654.72  Fom: 0.12   *
* dE:   0.00  dN:   0.00  dU:   0.00   *
************************************************************
********************Velocity*********************
VX:  -0.03  VY:   0.03  VZ:  -0.08  Fom: 0.03   *
*************************************************

================================================================================
Processed epoch: 137
Number of Satellites      gpsl1: 5
Total number of satellites: 5
=========================== LSE solution ============================================

Navigation status: GOOD_FOR_NAV
********************Time***************************
* Signal   tow(s)        Bias(ms)    Drift(ms/s) *
* gpsl1  482719.7262    11.3005      0.00147        *
***************************************************
********************DOP******************
* GDOP: 10.16  PDOP: 8.23  HDOP: 6.99    *
* VDOP: 4.34  TDOP: 5.95                *
*****************************************
********************Position********************************
* X: 2885642.52  Y: 1335095.93  Z: 5510655.01  Fom: 0.12   *
* dE:   0.00  dN:   0.00  dU:   0.00   *
************************************************************
********************Velocity*********************
VX:  -0.04  VY:  -0.02  VZ:  -0.01  Fom: 0.01   *
*************************************************

================================================================================
Processed epoch: 138
Number of Satellites      gpsl1: 5
Total number of satellites: 5
=========================== LSE solution ============================================

Navigation status: GOOD_FOR_NAV
********************Time***************************
* Signal   tow(s)        Bias(ms)    Drift(ms/s) *
* gpsl1  482719.8262    11.3003      0.00147        *
***************************************************
********************DOP******************
* GDOP: 10.16  PDOP: 8.23  HDOP: 6.99    *
* VDOP: 4.34  TDOP: 5.95                *
*****************************************
********************Position********************************
* X: 2885642.64  Y: 1335095.97  Z: 5510655.11  Fom: 0.14   *
* dE:   0.00  dN:   0.00  dU:   0.00   *
************************************************************
********************Velocity*********************
VX:  -0.11  VY:  -0.01  VZ:  -0.32  Fom: 0.12   *
*************************************************

================================================================================
Processed epoch: 139
Number of Satellites      gpsl1: 5
Total number of satellites: 5
=========================== LSE solution ============================================

Navigation status: GOOD_FOR_NAV
********************Time***************************
* Signal   tow(s)        Bias(ms)    Drift(ms/s) *
* gpsl1  482719.9262    11.3002      0.00147        *
***************************************************
********************DOP******************
* GDOP: 10.15  PDOP: 8.23  HDOP: 6.99    *
* VDOP: 4.34  TDOP: 5.95                *
*****************************************
********************Position********************************
* X: 2885642.64  Y: 1335095.92  Z: 5510655.30  Fom: 0.15   *
* dE:   0.00  dN:   0.00  dU:   0.00   *
************************************************************
********************Velocity*********************
VX:   0.07  VY:   0.01  VZ:   0.11  Fom: 0.05   *
*************************************************

================================================================================
Processed epoch: 140
Number of Satellites      gpsl1: 5
Total number of satellites: 5
=========================== LSE solution ============================================

Navigation status: GOOD_FOR_NAV
********************Time***************************
* Signal   tow(s)        Bias(ms)    Drift(ms/s) *
* gpsl1  482720.0262    11.3000      0.00147        *
***************************************************
********************DOP******************
* GDOP: 10.15  PDOP: 8.23  HDOP: 6.99    *
* VDOP: 4.34  TDOP: 5.95                *
*****************************************
********************Position********************************
* X: 2885642.60  Y: 1335096.02  Z: 5510655.00  Fom: 0.15   *
* dE:   0.00  dN:   0.00  dU:   0.00   *
************************************************************
********************Velocity*********************
VX:  -0.01  VY:   0.03  VZ:   0.05  Fom: 0.02   *
*************************************************

================================================================================
Processed epoch: 141
Number of Satellites      gpsl1: 5
Total number of satellites: 5
=========================== LSE solution ============================================

Navigation status: GOOD_FOR_NAV
********************Time***************************
* Signal   tow(s)        Bias(ms)    Drift(ms/s) *
* gpsl1  482720.1262    11.2999      0.00147        *
***************************************************
********************DOP******************
* GDOP: 10.15  PDOP: 8.23  HDOP: 6.99    *
* VDOP: 4.34  TDOP: 5.95                *
*****************************************
********************Position********************************
* X: 2885642.66  Y: 1335096.07  Z: 5510655.33  Fom: 0.17   *
* dE:   0.00  dN:   0.00  dU:   0.00   *
************************************************************
********************Velocity*********************
VX:  -0.06  VY:   0.01  VZ:  -0.13  Fom: 0.05   *
*************************************************

================================================================================
Processed epoch: 142
Number of Satellites      gpsl1: 5
Total number of satellites: 5
=========================== LSE solution ============================================

Navigation status: GOOD_FOR_NAV
********************Time***************************
* Signal   tow(s)        Bias(ms)    Drift(ms/s) *
* gpsl1  482720.2262    11.2998      0.00147        *
***************************************************
********************DOP******************
* GDOP: 10.15  PDOP: 8.23  HDOP: 6.99    *
* VDOP: 4.34  TDOP: 5.95                *
*****************************************
********************Position********************************
* X: 2885642.82  Y: 1335096.09  Z: 5510655.83  Fom: 0.18   *
* dE:   0.00  dN:   0.00  dU:   0.00   *
************************************************************
********************Velocity*********************
VX:  -0.08  VY:   0.00  VZ:  -0.21  Fom: 0.08   *
*************************************************

================================================================================
Processed epoch: 143
Number of Satellites      gpsl1: 5
Total number of satellites: 5
=========================== LSE solution ============================================

Navigation status: GOOD_FOR_NAV
********************Time***************************
* Signal   tow(s)        Bias(ms)    Drift(ms/s) *
* gpsl1  482720.3262    11.2996      0.00147        *
***************************************************
********************DOP******************
* GDOP: 10.15  PDOP: 8.23  HDOP: 6.99    *
* VDOP: 4.34  TDOP: 5.95                *
*****************************************
********************Position********************************
* X: 2885642.95  Y: 1335096.13  Z: 5510656.18  Fom: 0.18   *
* dE:   0.00  dN:   0.00  dU:   0.00   *
************************************************************
********************Velocity*********************
VX:  -0.11  VY:  -0.02  VZ:  -0.25  Fom: 0.10   *
*************************************************

================================================================================
Processed epoch: 144
Number of Satellites      gpsl1: 5
Total number of satellites: 5
=========================== LSE solution ============================================

Navigation status: GOOD_FOR_NAV
********************Time***************************
* Signal   tow(s)        Bias(ms)    Drift(ms/s) *
* gpsl1  482720.4262    11.2995      0.00147        *
***************************************************
********************DOP******************
* GDOP: 10.15  PDOP: 8.23  HDOP: 6.99    *
* VDOP: 4.34  TDOP: 5.95                *
*****************************************
********************Position********************************
* X: 2885643.13  Y: 1335096.18  Z: 5510656.51  Fom: 0.18   *
* dE:   0.00  dN:   0.00  dU:   0.00   *
************************************************************
********************Velocity*********************
VX:   0.05  VY:   0.01  VZ:   0.15  Fom: 0.06   *
*************************************************

================================================================================
Processed epoch: 145
Number of Satellites      gpsl1: 5
Total number of satellites: 5
=========================== LSE solution ============================================

Navigation status: GOOD_FOR_NAV
********************Time***************************
* Signal   tow(s)        Bias(ms)    Drift(ms/s) *
* gpsl1  482720.5262    11.2993      0.00147        *
***************************************************
********************DOP******************
* GDOP: 10.15  PDOP: 8.23  HDOP: 6.99    *
* VDOP: 4.34  TDOP: 5.95                *
*****************************************
********************Position********************************
* X: 2885643.12  Y: 1335096.06  Z: 5510656.53  Fom: 0.20   *
* dE:   0.00  dN:   0.00  dU:   0.00   *
************************************************************
********************Velocity*********************
VX:  -0.02  VY:  -0.01  VZ:  -0.02  Fom: 0.01   *
*************************************************

================================================================================
Processed epoch: 146
Number of Satellites      gpsl1: 5
Total number of satellites: 5
=========================== LSE solution ============================================

Navigation status: GOOD_FOR_NAV
********************Time***************************
* Signal   tow(s)        Bias(ms)    Drift(ms/s) *
* gpsl1  482720.6262    11.2992      0.00147        *
***************************************************
********************DOP******************
* GDOP: 10.15  PDOP: 8.22  HDOP: 6.99    *
* VDOP: 4.34  TDOP: 5.95                *
*****************************************
********************Position********************************
* X: 2885643.09  Y: 1335096.02  Z: 5510656.50  Fom: 0.18   *
* dE:   0.00  dN:   0.00  dU:   0.00   *
************************************************************
********************Velocity*********************
VX:   0.02  VY:   0.01  VZ:   0.03  Fom: 0.02   *
*************************************************

================================================================================
Processed epoch: 147
Number of Satellites      gpsl1: 5
Total number of satellites: 5
=========================== LSE solution ============================================

Navigation status: GOOD_FOR_NAV
********************Time***************************
* Signal   tow(s)        Bias(ms)    Drift(ms/s) *
* gpsl1  482720.7262    11.2990      0.00147        *
***************************************************
********************DOP******************
* GDOP: 10.15  PDOP: 8.22  HDOP: 6.99    *
* VDOP: 4.34  TDOP: 5.95                *
*****************************************
********************Position********************************
* X: 2885643.04  Y: 1335096.07  Z: 5510656.36  Fom: 0.19   *
* dE:   0.00  dN:   0.00  dU:   0.00   *
************************************************************
********************Velocity*********************
VX:  -0.03  VY:  -0.02  VZ:  -0.08  Fom: 0.03   *
*************************************************

================================================================================
Processed epoch: 148
Number of Satellites      gpsl1: 5
Total number of satellites: 5
=========================== LSE solution ============================================

Navigation status: GOOD_FOR_NAV
********************Time***************************
* Signal   tow(s)        Bias(ms)    Drift(ms/s) *
* gpsl1  482720.8262    11.2989      0.00147        *
***************************************************
********************DOP******************
* GDOP: 10.15  PDOP: 8.22  HDOP: 6.99    *
* VDOP: 4.34  TDOP: 5.95                *
*****************************************
********************Position********************************
* X: 2885642.74  Y: 1335096.12  Z: 5510655.35  Fom: 0.19   *
* dE:   0.00  dN:   0.00  dU:   0.00   *
************************************************************
********************Velocity*********************
VX:   0.02  VY:   0.04  VZ:   0.17  Fom: 0.06   *
*************************************************

================================================================================
Processed epoch: 149
Number of Satellites      gpsl1: 5
Total number of satellites: 5
=========================== LSE solution ============================================

Navigation status: GOOD_FOR_NAV
********************Time***************************
* Signal   tow(s)        Bias(ms)    Drift(ms/s) *
* gpsl1  482720.9262    11.2987      0.00147        *
***************************************************
********************DOP******************
* GDOP: 10.15  PDOP: 8.22  HDOP: 6.98    *
* VDOP: 4.34  TDOP: 5.95                *
*****************************************
********************Position********************************
* X: 2885642.71  Y: 1335096.18  Z: 5510655.17  Fom: 0.18   *
* dE:   0.00  dN:   0.00  dU:   0.00   *
************************************************************
********************Velocity*********************
VX:  -0.01  VY:   0.01  VZ:  -0.05  Fom: 0.02   *
*************************************************

================================================================================
Processed epoch: 150
Number of Satellites      gpsl1: 5
Total number of satellites: 5
=========================== LSE solution ============================================

Navigation status: GOOD_FOR_NAV
********************Time***************************
* Signal   tow(s)        Bias(ms)    Drift(ms/s) *
* gpsl1  482721.0262    11.2986      0.00147        *
***************************************************
********************DOP******************
* GDOP: 10.15  PDOP: 8.22  HDOP: 6.98    *
* VDOP: 4.34  TDOP: 5.95                *
*****************************************
********************Position********************************
* X: 2885642.72  Y: 1335096.23  Z: 5510654.69  Fom: 0.19   *
* dE:   0.00  dN:   0.00  dU:   0.00   *
************************************************************
********************Velocity*********************
VX:   0.06  VY:   0.02  VZ:   0.10  Fom: 0.04   *
*************************************************

================================================================================
Processed epoch: 151
Number of Satellites      gpsl1: 5
Total number of satellites: 5
=========================== LSE solution ============================================

Navigation status: GOOD_FOR_NAV
********************Time***************************
* Signal   tow(s)        Bias(ms)    Drift(ms/s) *
* gpsl1  482721.1262    11.2984      0.00147        *
***************************************************
********************DOP******************
* GDOP: 10.15  PDOP: 8.22  HDOP: 6.98    *
* VDOP: 4.34  TDOP: 5.95                *
*****************************************
********************Position********************************
* X: 2885642.66  Y: 1335096.16  Z: 5510654.27  Fom: 0.20   *
* dE:   0.00  dN:   0.00  dU:   0.00   *
************************************************************
********************Velocity*********************
VX:  -0.06  VY:   0.01  VZ:  -0.17  Fom: 0.06   *
*************************************************

================================================================================
Processed epoch: 152
Number of Satellites      gpsl1: 5
Total number of satellites: 5
=========================== LSE solution ============================================

Navigation status: GOOD_FOR_NAV
********************Time***************************
* Signal   tow(s)        Bias(ms)    Drift(ms/s) *
* gpsl1  482721.2262    11.2983      0.00147        *
***************************************************
********************DOP******************
* GDOP: 10.15  PDOP: 8.22  HDOP: 6.98    *
* VDOP: 4.34  TDOP: 5.95                *
*****************************************
********************Position********************************
* X: 2885642.62  Y: 1335096.19  Z: 5510654.14  Fom: 0.20   *
* dE:   0.00  dN:   0.00  dU:   0.00   *
************************************************************
********************Velocity*********************
VX:  -0.02  VY:  -0.01  VZ:   0.04  Fom: 0.01   *
*************************************************

================================================================================
Processed epoch: 153
Number of Satellites      gpsl1: 5
Total number of satellites: 5
=========================== LSE solution ============================================

Navigation status: GOOD_FOR_NAV
********************Time***************************
* Signal   tow(s)        Bias(ms)    Drift(ms/s) *
* gpsl1  482721.3262    11.2981      0.00147        *
***************************************************
********************DOP******************
* GDOP: 10.15  PDOP: 8.22  HDOP: 6.98    *
* VDOP: 4.34  TDOP: 5.95                *
*****************************************
********************Position********************************
* X: 2885642.69  Y: 1335096.17  Z: 5510654.43  Fom: 0.22   *
* dE:   0.00  dN:   0.00  dU:   0.00   *
************************************************************
********************Velocity*********************
VX:   0.00  VY:  -0.00  VZ:   0.06  Fom: 0.02   *
*************************************************

================================================================================
Processed epoch: 154
Number of Satellites      gpsl1: 5
Total number of satellites: 5
=========================== LSE solution ============================================

Navigation status: GOOD_FOR_NAV
********************Time***************************
* Signal   tow(s)        Bias(ms)    Drift(ms/s) *
* gpsl1  482721.4262    11.2980      0.00147        *
***************************************************
********************DOP******************
* GDOP: 10.15  PDOP: 8.22  HDOP: 6.98    *
* VDOP: 4.34  TDOP: 5.95                *
*****************************************
********************Position********************************
* X: 2885642.69  Y: 1335096.18  Z: 5510654.52  Fom: 0.23   *
* dE:   0.00  dN:   0.00  dU:   0.00   *
************************************************************
********************Velocity*********************
VX:  -0.02  VY:  -0.04  VZ:   0.03  Fom: 0.01   *
*************************************************

================================================================================
Processed epoch: 155
Number of Satellites      gpsl1: 5
Total number of satellites: 5
=========================== LSE solution ============================================

Navigation status: GOOD_FOR_NAV
********************Time***************************
* Signal   tow(s)        Bias(ms)    Drift(ms/s) *
* gpsl1  482721.5262    11.2979      0.00147        *
***************************************************
********************DOP******************
* GDOP: 10.15  PDOP: 8.22  HDOP: 6.98    *
* VDOP: 4.34  TDOP: 5.95                *
*****************************************
********************Position********************************
* X: 2885642.71  Y: 1335096.24  Z: 5510654.39  Fom: 0.23   *
* dE:   0.00  dN:   0.00  dU:   0.00   *
************************************************************
********************Velocity*********************
VX:  -0.02  VY:  -0.01  VZ:  -0.02  Fom: 0.01   *
*************************************************

================================================================================
Processed epoch: 156
Number of Satellites      gpsl1: 5
Total number of satellites: 5
=========================== LSE solution ============================================

Navigation status: GOOD_FOR_NAV
********************Time***************************
* Signal   tow(s)        Bias(ms)    Drift(ms/s) *
* gpsl1  482721.6262    11.2977      0.00147        *
***************************************************
********************DOP******************
* GDOP: 10.15  PDOP: 8.22  HDOP: 6.98    *
* VDOP: 4.34  TDOP: 5.95                *
*****************************************
********************Position********************************
* X: 2885642.47  Y: 1335096.25  Z: 5510654.24  Fom: 0.22   *
* dE:   0.00  dN:   0.00  dU:   0.00   *
************************************************************
********************Velocity*********************
VX:   0.06  VY:   0.01  VZ:   0.01  Fom: 0.02   *
*************************************************

================================================================================
Processed epoch: 157
Number of Satellites      gpsl1: 5
Total number of satellites: 5
=========================== LSE solution ============================================

Navigation status: GOOD_FOR_NAV
********************Time***************************
* Signal   tow(s)        Bias(ms)    Drift(ms/s) *
* gpsl1  482721.7262    11.2976      0.00147        *
***************************************************
********************DOP******************
* GDOP: 10.15  PDOP: 8.22  HDOP: 6.98    *
* VDOP: 4.34  TDOP: 5.95                *
*****************************************
********************Position********************************
* X: 2885642.59  Y: 1335096.28  Z: 5510654.63  Fom: 0.22   *
* dE:   0.00  dN:   0.00  dU:   0.00   *
************************************************************
********************Velocity*********************
VX:  -0.04  VY:   0.01  VZ:  -0.06  Fom: 0.03   *
*************************************************

================================================================================
Processed epoch: 158
Number of Satellites      gpsl1: 5
Total number of satellites: 5
=========================== LSE solution ============================================

Navigation status: GOOD_FOR_NAV
********************Time***************************
* Signal   tow(s)        Bias(ms)    Drift(ms/s) *
* gpsl1  482721.8262    11.2974      0.00147        *
***************************************************
********************DOP******************
* GDOP: 10.15  PDOP: 8.22  HDOP: 6.98    *
* VDOP: 4.34  TDOP: 5.95                *
*****************************************
********************Position********************************
* X: 2885642.26  Y: 1335096.19  Z: 5510653.91  Fom: 0.22   *
* dE:   0.00  dN:   0.00  dU:   0.00   *
************************************************************
********************Velocity*********************
VX:  -0.14  VY:   0.02  VZ:  -0.44  Fom: 0.16   *
*************************************************

================================================================================
Processed epoch: 159
Number of Satellites      gpsl1: 5
Total number of satellites: 5
=========================== LSE solution ============================================

Navigation status: GOOD_FOR_NAV
********************Time***************************
* Signal   tow(s)        Bias(ms)    Drift(ms/s) *
* gpsl1  482721.9262    11.2973      0.00147        *
***************************************************
********************DOP******************
* GDOP: 10.15  PDOP: 8.22  HDOP: 6.98    *
* VDOP: 4.34  TDOP: 5.95                *
*****************************************
********************Position********************************
* X: 2885642.08  Y: 1335096.18  Z: 5510653.72  Fom: 0.21   *
* dE:   0.00  dN:   0.00  dU:   0.00   *
************************************************************
********************Velocity*********************
VX:   0.02  VY:   0.01  VZ:  -0.02  Fom: 0.01   *
*************************************************

================================================================================
Processed epoch: 160
Number of Satellites      gpsl1: 5
Total number of satellites: 5
=========================== LSE solution ============================================

Navigation status: GOOD_FOR_NAV
********************Time***************************
* Signal   tow(s)        Bias(ms)    Drift(ms/s) *
* gpsl1  482722.0262    11.2971      0.00147        *
***************************************************
********************DOP******************
* GDOP: 10.15  PDOP: 8.22  HDOP: 6.98    *
* VDOP: 4.34  TDOP: 5.95                *
*****************************************
********************Position********************************
* X: 2885641.87  Y: 1335096.18  Z: 5510653.24  Fom: 0.21   *
* dE:   0.00  dN:   0.00  dU:   0.00   *
************************************************************
********************Velocity*********************
VX:  -0.07  VY:   0.03  VZ:  -0.11  Fom: 0.05   *
*************************************************

================================================================================
Processed epoch: 161
Number of Satellites      gpsl1: 5
Total number of satellites: 5
=========================== LSE solution ============================================

Navigation status: GOOD_FOR_NAV
********************Time***************************
* Signal   tow(s)        Bias(ms)    Drift(ms/s) *
* gpsl1  482722.1262    11.2970      0.00147        *
***************************************************
********************DOP******************
* GDOP: 10.15  PDOP: 8.22  HDOP: 6.98    *
* VDOP: 4.34  TDOP: 5.95                *
*****************************************
********************Position********************************
* X: 2885641.68  Y: 1335096.08  Z: 5510652.58  Fom: 0.22   *
* dE:   0.00  dN:   0.00  dU:   0.00   *
************************************************************
********************Velocity*********************
VX:   0.04  VY:   0.00  VZ:   0.15  Fom: 0.05   *
*************************************************

================================================================================
Processed epoch: 162
Number of Satellites      gpsl1: 5
Total number of satellites: 5
=========================== LSE solution ============================================

Navigation status: GOOD_FOR_NAV
********************Time***************************
* Signal   tow(s)        Bias(ms)    Drift(ms/s) *
* gpsl1  482722.2262    11.2968      0.00147        *
***************************************************
********************DOP******************
* GDOP: 10.15  PDOP: 8.22  HDOP: 6.98    *
* VDOP: 4.34  TDOP: 5.95                *
*****************************************
********************Position********************************
* X: 2885641.45  Y: 1335096.11  Z: 5510652.15  Fom: 0.21   *
* dE:   0.00  dN:   0.00  dU:   0.00   *
************************************************************
********************Velocity*********************
VX:   0.08  VY:  -0.02  VZ:   0.37  Fom: 0.13   *
*************************************************

================================================================================
Processed epoch: 163
Number of Satellites      gpsl1: 5
Total number of satellites: 5
=========================== LSE solution ============================================

Navigation status: GOOD_FOR_NAV
********************Time***************************
* Signal   tow(s)        Bias(ms)    Drift(ms/s) *
* gpsl1  482722.3262    11.2967      0.00147        *
***************************************************
********************DOP******************
* GDOP: 10.14  PDOP: 8.22  HDOP: 6.98    *
* VDOP: 4.34  TDOP: 5.95                *
*****************************************
********************Position********************************
* X: 2885641.36  Y: 1335096.11  Z: 5510651.87  Fom: 0.20   *
* dE:   0.00  dN:   0.00  dU:   0.00   *
************************************************************
********************Velocity*********************
VX:   0.08  VY:  -0.03  VZ:   0.34  Fom: 0.11   *
*************************************************

================================================================================
Processed epoch: 164
Number of Satellites      gpsl1: 5
Total number of satellites: 5
=========================== LSE solution ============================================

Navigation status: GOOD_FOR_NAV
********************Time***************************
* Signal   tow(s)        Bias(ms)    Drift(ms/s) *
* gpsl1  482722.4262    11.2965      0.00147        *
***************************************************
********************DOP******************
* GDOP: 10.14  PDOP: 8.22  HDOP: 6.98    *
* VDOP: 4.34  TDOP: 5.95                *
*****************************************
********************Position********************************
* X: 2885641.17  Y: 1335096.10  Z: 5510651.31  Fom: 0.19   *
* dE:   0.00  dN:   0.00  dU:   0.00   *
************************************************************
********************Velocity*********************
VX:   0.10  VY:   0.00  VZ:   0.33  Fom: 0.12   *
*************************************************

================================================================================
Processed epoch: 165
Number of Satellites      gpsl1: 5
Total number of satellites: 5
=========================== LSE solution ============================================

Navigation status: GOOD_FOR_NAV
********************Time***************************
* Signal   tow(s)        Bias(ms)    Drift(ms/s) *
* gpsl1  482722.5262    11.2964      0.00147        *
***************************************************
********************DOP******************
* GDOP: 10.14  PDOP: 8.22  HDOP: 6.98    *
* VDOP: 4.34  TDOP: 5.95                *
*****************************************
********************Position********************************
* X: 2885641.20  Y: 1335096.17  Z: 5510651.34  Fom: 0.19   *
* dE:   0.00  dN:   0.00  dU:   0.00   *
************************************************************
********************Velocity*********************
VX:   0.05  VY:   0.03  VZ:   0.20  Fom: 0.07   *
*************************************************

================================================================================
Processed epoch: 166
Number of Satellites      gpsl1: 5
Total number of satellites: 5
=========================== LSE solution ============================================

Navigation status: GOOD_FOR_NAV
********************Time***************************
* Signal   tow(s)        Bias(ms)    Drift(ms/s) *
* gpsl1  482722.6262    11.2962      0.00147        *
***************************************************
********************DOP******************
* GDOP: 10.14  PDOP: 8.22  HDOP: 6.98    *
* VDOP: 4.34  TDOP: 5.95                *
*****************************************
********************Position********************************
* X: 2885641.08  Y: 1335096.13  Z: 5510650.97  Fom: 0.18   *
* dE:   0.00  dN:   0.00  dU:   0.00   *
************************************************************
********************Velocity*********************
VX:  -0.02  VY:  -0.00  VZ:  -0.06  Fom: 0.02   *
*************************************************

================================================================================
Processed epoch: 167
Number of Satellites      gpsl1: 5
Total number of satellites: 5
=========================== LSE solution ============================================

Navigation status: GOOD_FOR_NAV
********************Time***************************
* Signal   tow(s)        Bias(ms)    Drift(ms/s) *
* gpsl1  482722.7262    11.2961      0.00147        *
***************************************************
********************DOP******************
* GDOP: 10.14  PDOP: 8.22  HDOP: 6.98    *
* VDOP: 4.34  TDOP: 5.95                *
*****************************************
********************Position********************************
* X: 2885640.90  Y: 1335096.14  Z: 5510650.45  Fom: 0.17   *
* dE:   0.00  dN:   0.00  dU:   0.00   *
************************************************************
********************Velocity*********************
VX:  -0.17  VY:   0.01  VZ:  -0.47  Fom: 0.17   *
*************************************************

================================================================================
Processed epoch: 168
Number of Satellites      gpsl1: 5
Total number of satellites: 5
=========================== LSE solution ============================================

Navigation status: GOOD_FOR_NAV
********************Time***************************
* Signal   tow(s)        Bias(ms)    Drift(ms/s) *
* gpsl1  482722.8262    11.2959      0.00147        *
***************************************************
********************DOP******************
* GDOP: 10.14  PDOP: 8.22  HDOP: 6.98    *
* VDOP: 4.34  TDOP: 5.95                *
*****************************************
********************Position********************************
* X: 2885640.77  Y: 1335096.17  Z: 5510650.08  Fom: 0.16   *
* dE:   0.00  dN:   0.00  dU:   0.00   *
************************************************************
********************Velocity*********************
VX:   0.03  VY:  -0.00  VZ:   0.07  Fom: 0.03   *
*************************************************

================================================================================
Processed epoch: 169
Number of Satellites      gpsl1: 5
Total number of satellites: 5
=========================== LSE solution ============================================

Navigation status: GOOD_FOR_NAV
********************Time***************************
* Signal   tow(s)        Bias(ms)    Drift(ms/s) *
* gpsl1  482722.9262    11.2958      0.00147        *
***************************************************
********************DOP******************
* GDOP: 10.14  PDOP: 8.22  HDOP: 6.98    *
* VDOP: 4.34  TDOP: 5.95                *
*****************************************
********************Position********************************
* X: 2885640.90  Y: 1335096.22  Z: 5510650.26  Fom: 0.16   *
* dE:   0.00  dN:   0.00  dU:   0.00   *
************************************************************
********************Velocity*********************
VX:  -0.02  VY:   0.01  VZ:   0.00  Fom: 0.01   *
*************************************************

================================================================================
Processed epoch: 170
Number of Satellites      gpsl1: 5
Total number of satellites: 5
=========================== LSE solution ============================================

Navigation status: GOOD_FOR_NAV
********************Time***************************
* Signal   tow(s)        Bias(ms)    Drift(ms/s) *
* gpsl1  482723.0262    11.2957      0.00147        *
***************************************************
********************DOP******************
* GDOP: 10.14  PDOP: 8.22  HDOP: 6.98    *
* VDOP: 4.34  TDOP: 5.95                *
*****************************************
********************Position********************************
* X: 2885640.98  Y: 1335096.30  Z: 5510650.14  Fom: 0.16   *
* dE:   0.00  dN:   0.00  dU:   0.00   *
************************************************************
********************Velocity*********************
VX:   0.02  VY:   0.01  VZ:   0.20  Fom: 0.06   *
*************************************************

================================================================================
Processed epoch: 171
Number of Satellites      gpsl1: 5
Total number of satellites: 5
=========================== LSE solution ============================================

Navigation status: GOOD_FOR_NAV
********************Time***************************
* Signal   tow(s)        Bias(ms)    Drift(ms/s) *
* gpsl1  482723.1262    11.2955      0.00147        *
***************************************************
********************DOP******************
* GDOP: 10.14  PDOP: 8.22  HDOP: 6.98    *
* VDOP: 4.34  TDOP: 5.94                *
*****************************************
********************Position********************************
* X: 2885640.91  Y: 1335096.20  Z: 5510649.98  Fom: 0.16   *
* dE:   0.00  dN:   0.00  dU:   0.00   *
************************************************************
********************Velocity*********************
VX:   0.03  VY:   0.01  VZ:   0.17  Fom: 0.06   *
*************************************************

================================================================================
Processed epoch: 172
Number of Satellites      gpsl1: 5
Total number of satellites: 5
=========================== LSE solution ============================================

Navigation status: GOOD_FOR_NAV
********************Time***************************
* Signal   tow(s)        Bias(ms)    Drift(ms/s) *
* gpsl1  482723.2262    11.2954      0.00147        *
***************************************************
********************DOP******************
* GDOP: 10.14  PDOP: 8.22  HDOP: 6.98    *
* VDOP: 4.34  TDOP: 5.94                *
*****************************************
********************Position********************************
* X: 2885640.94  Y: 1335096.26  Z: 5510650.07  Fom: 0.16   *
* dE:   0.00  dN:   0.00  dU:   0.00   *
************************************************************
********************Velocity*********************
VX:  -0.08  VY:  -0.02  VZ:  -0.25  Fom: 0.09   *
*************************************************

================================================================================
Processed epoch: 173
Number of Satellites      gpsl1: 5
Total number of satellites: 5
=========================== LSE solution ============================================

Navigation status: GOOD_FOR_NAV
********************Time***************************
* Signal   tow(s)        Bias(ms)    Drift(ms/s) *
* gpsl1  482723.3262    11.2952      0.00147        *
***************************************************
********************DOP******************
* GDOP: 10.14  PDOP: 8.22  HDOP: 6.98    *
* VDOP: 4.34  TDOP: 5.94                *
*****************************************
********************Position********************************
* X: 2885640.85  Y: 1335096.29  Z: 5510650.37  Fom: 0.17   *
* dE:   0.00  dN:   0.00  dU:   0.00   *
************************************************************
********************Velocity*********************
VX:   0.00  VY:  -0.00  VZ:  -0.01  Fom: 0.00   *
*************************************************

================================================================================
Processed epoch: 174
Number of Satellites      gpsl1: 5
Total number of satellites: 5
=========================== LSE solution ============================================

Navigation status: GOOD_FOR_NAV
********************Time***************************
* Signal   tow(s)        Bias(ms)    Drift(ms/s) *
* gpsl1  482723.4262    11.2951      0.00147        *
***************************************************
********************DOP******************
* GDOP: 10.14  PDOP: 8.22  HDOP: 6.98    *
* VDOP: 4.34  TDOP: 5.94                *
*****************************************
********************Position********************************
* X: 2885640.85  Y: 1335096.35  Z: 5510650.08  Fom: 0.19   *
* dE:   0.00  dN:   0.00  dU:   0.00   *
************************************************************
********************Velocity*********************
VX:  -0.02  VY:   0.03  VZ:  -0.06  Fom: 0.02   *
*************************************************

================================================================================
Processed epoch: 175
Number of Satellites      gpsl1: 5
Total number of satellites: 5
=========================== LSE solution ============================================

Navigation status: GOOD_FOR_NAV
********************Time***************************
* Signal   tow(s)        Bias(ms)    Drift(ms/s) *
* gpsl1  482723.5262    11.2949      0.00147        *
***************************************************
********************DOP******************
* GDOP: 10.14  PDOP: 8.21  HDOP: 6.98    *
* VDOP: 4.34  TDOP: 5.94                *
*****************************************
********************Position********************************
* X: 2885641.01  Y: 1335096.27  Z: 5510650.31  Fom: 0.18   *
* dE:   0.00  dN:   0.00  dU:   0.00   *
************************************************************
********************Velocity*********************
VX:  -0.01  VY:   0.02  VZ:  -0.10  Fom: 0.03   *
*************************************************

================================================================================
Processed epoch: 176
Number of Satellites      gpsl1: 5
Total number of satellites: 5
=========================== LSE solution ============================================

Navigation status: GOOD_FOR_NAV
********************Time***************************
* Signal   tow(s)        Bias(ms)    Drift(ms/s) *
* gpsl1  482723.6262    11.2948      0.00147        *
***************************************************
********************DOP******************
* GDOP: 10.14  PDOP: 8.21  HDOP: 6.98    *
* VDOP: 4.34  TDOP: 5.94                *
*****************************************
********************Position********************************
* X: 2885641.00  Y: 1335096.28  Z: 5510650.24  Fom: 0.20   *
* dE:   0.00  dN:   0.00  dU:   0.00   *
************************************************************
********************Velocity*********************
VX:  -0.03  VY:  -0.02  VZ:  -0.12  Fom: 0.04   *
*************************************************

================================================================================
Processed epoch: 177
Number of Satellites      gpsl1: 5
Total number of satellites: 5
=========================== LSE solution ============================================

Navigation status: GOOD_FOR_NAV
********************Time***************************
* Signal   tow(s)        Bias(ms)    Drift(ms/s) *
* gpsl1  482723.7262    11.2946      0.00147        *
***************************************************
********************DOP******************
* GDOP: 10.14  PDOP: 8.21  HDOP: 6.98    *
* VDOP: 4.34  TDOP: 5.94                *
*****************************************
********************Position********************************
* X: 2885640.95  Y: 1335096.35  Z: 5510649.63  Fom: 0.21   *
* dE:   0.00  dN:   0.00  dU:   0.00   *
************************************************************
********************Velocity*********************
VX:  -0.01  VY:  -0.00  VZ:   0.10  Fom: 0.03   *
*************************************************

================================================================================
Processed epoch: 178
Number of Satellites      gpsl1: 5
Total number of satellites: 5
=========================== LSE solution ============================================

Navigation status: GOOD_FOR_NAV
********************Time***************************
* Signal   tow(s)        Bias(ms)    Drift(ms/s) *
* gpsl1  482723.8262    11.2945      0.00147        *
***************************************************
********************DOP******************
* GDOP: 10.14  PDOP: 8.21  HDOP: 6.97    *
* VDOP: 4.34  TDOP: 5.94                *
*****************************************
********************Position********************************
* X: 2885640.86  Y: 1335096.39  Z: 5510649.39  Fom: 0.22   *
* dE:   0.00  dN:   0.00  dU:   0.00   *
************************************************************
********************Velocity*********************
VX:  -0.00  VY:  -0.04  VZ:   0.04  Fom: 0.01   *
*************************************************

================================================================================
Processed epoch: 179
Number of Satellites      gpsl1: 5
Total number of satellites: 5
=========================== LSE solution ============================================

Navigation status: GOOD_FOR_NAV
********************Time***************************
* Signal   tow(s)        Bias(ms)    Drift(ms/s) *
* gpsl1  482723.9262    11.2943      0.00147        *
***************************************************
********************DOP******************
* GDOP: 10.14  PDOP: 8.21  HDOP: 6.97    *
* VDOP: 4.34  TDOP: 5.94                *
*****************************************
********************Position********************************
* X: 2885640.70  Y: 1335096.33  Z: 5510649.15  Fom: 0.21   *
* dE:   0.00  dN:   0.00  dU:   0.00   *
************************************************************
********************Velocity*********************
VX:  -0.01  VY:   0.02  VZ:   0.06  Fom: 0.02   *
*************************************************

================================================================================
Processed epoch: 180
Number of Satellites      gpsl1: 5
Total number of satellites: 5
=========================== LSE solution ============================================

Navigation status: GOOD_FOR_NAV
********************Time***************************
* Signal   tow(s)        Bias(ms)    Drift(ms/s) *
* gpsl1  482724.0262    11.2942      0.00147        *
***************************************************
********************DOP******************
* GDOP: 10.14  PDOP: 8.21  HDOP: 6.97    *
* VDOP: 4.34  TDOP: 5.94                *
*****************************************
********************Position********************************
* X: 2885640.86  Y: 1335096.32  Z: 5510649.56  Fom: 0.22   *
* dE:   0.00  dN:   0.00  dU:   0.00   *
************************************************************
********************Velocity*********************
VX:   0.03  VY:  -0.01  VZ:  -0.02  Fom: 0.00   *
*************************************************

================================================================================
Processed epoch: 181
Number of Satellites      gpsl1: 5
Total number of satellites: 5
=========================== LSE solution ============================================

Navigation status: GOOD_FOR_NAV
********************Time***************************
* Signal   tow(s)        Bias(ms)    Drift(ms/s) *
* gpsl1  482724.1262    11.2940      0.00147        *
***************************************************
********************DOP******************
* GDOP: 10.14  PDOP: 8.21  HDOP: 6.97    *
* VDOP: 4.34  TDOP: 5.94                *
*****************************************
********************Position********************************
* X: 2885640.84  Y: 1335096.39  Z: 5510649.21  Fom: 0.25   *
* dE:   0.00  dN:   0.00  dU:   0.00   *
************************************************************
********************Velocity*********************
VX:  -0.05  VY:   0.00  VZ:  -0.14  Fom: 0.05   *
*************************************************

================================================================================
Processed epoch: 182
Number of Satellites      gpsl1: 5
Total number of satellites: 5
=========================== LSE solution ============================================

Navigation status: GOOD_FOR_NAV
********************Time***************************
* Signal   tow(s)        Bias(ms)    Drift(ms/s) *
* gpsl1  482724.2262    11.2939      0.00147        *
***************************************************
********************DOP******************
* GDOP: 10.14  PDOP: 8.21  HDOP: 6.97    *
* VDOP: 4.34  TDOP: 5.94                *
*****************************************
********************Position********************************
* X: 2885640.80  Y: 1335096.38  Z: 5510648.98  Fom: 0.24   *
* dE:   0.00  dN:   0.00  dU:   0.00   *
************************************************************
********************Velocity*********************
VX:   0.05  VY:   0.01  VZ:   0.05  Fom: 0.02   *
*************************************************

================================================================================
Processed epoch: 183
Number of Satellites      gpsl1: 5
Total number of satellites: 5
=========================== LSE solution ============================================

Navigation status: GOOD_FOR_NAV
********************Time***************************
* Signal   tow(s)        Bias(ms)    Drift(ms/s) *
* gpsl1  482724.3262    11.2937      0.00147        *
***************************************************
********************DOP******************
* GDOP: 10.14  PDOP: 8.21  HDOP: 6.97    *
* VDOP: 4.34  TDOP: 5.94                *
*****************************************
********************Position********************************
* X: 2885640.89  Y: 1335096.30  Z: 5510648.86  Fom: 0.24   *
* dE:   0.00  dN:   0.00  dU:   0.00   *
************************************************************
********************Velocity*********************
VX:  -0.01  VY:  -0.01  VZ:   0.10  Fom: 0.03   *
*************************************************

================================================================================
Processed epoch: 184
Number of Satellites      gpsl1: 5
Total number of satellites: 5
=========================== LSE solution ============================================

Navigation status: GOOD_FOR_NAV
********************Time***************************
* Signal   tow(s)        Bias(ms)    Drift(ms/s) *
* gpsl1  482724.4262    11.2936      0.00147        *
***************************************************
********************DOP******************
* GDOP: 10.14  PDOP: 8.21  HDOP: 6.97    *
* VDOP: 4.34  TDOP: 5.94                *
*****************************************
********************Position********************************
* X: 2885640.67  Y: 1335096.27  Z: 5510648.41  Fom: 0.25   *
* dE:   0.00  dN:   0.00  dU:   0.00   *
************************************************************
********************Velocity*********************
VX:  -0.12  VY:  -0.01  VZ:  -0.28  Fom: 0.11   *
*************************************************

================================================================================
Processed epoch: 185
Number of Satellites      gpsl1: 5
Total number of satellites: 5
=========================== LSE solution ============================================

Navigation status: GOOD_FOR_NAV
********************Time***************************
* Signal   tow(s)        Bias(ms)    Drift(ms/s) *
* gpsl1  482724.5262    11.2935      0.00147        *
***************************************************
********************DOP******************
* GDOP: 10.14  PDOP: 8.21  HDOP: 6.97    *
* VDOP: 4.34  TDOP: 5.94                *
*****************************************
********************Position********************************
* X: 2885640.58  Y: 1335096.23  Z: 5510648.05  Fom: 0.25   *
* dE:   0.00  dN:   0.00  dU:   0.00   *
************************************************************
********************Velocity*********************
VX:  -0.07  VY:  -0.00  VZ:  -0.12  Fom: 0.05   *
*************************************************

================================================================================
Processed epoch: 186
Number of Satellites      gpsl1: 5
Total number of satellites: 5
=========================== LSE solution ============================================

Navigation status: GOOD_FOR_NAV
********************Time***************************
* Signal   tow(s)        Bias(ms)    Drift(ms/s) *
* gpsl1  482724.6262    11.2933      0.00147        *
***************************************************
********************DOP******************
* GDOP: 10.14  PDOP: 8.21  HDOP: 6.97    *
* VDOP: 4.34  TDOP: 5.94                *
*****************************************
********************Position********************************
* X: 2885640.26  Y: 1335096.26  Z: 5510647.33  Fom: 0.26   *
* dE:   0.00  dN:   0.00  dU:   0.00   *
************************************************************
********************Velocity*********************
VX:   0.03  VY:  -0.01  VZ:   0.03  Fom: 0.02   *
*************************************************

================================================================================
Processed epoch: 187
Number of Satellites      gpsl1: 5
Total number of satellites: 5
=========================== LSE solution ============================================

Navigation status: GOOD_FOR_NAV
********************Time***************************
* Signal   tow(s)        Bias(ms)    Drift(ms/s) *
* gpsl1  482724.7262    11.2932      0.00147        *
***************************************************
********************DOP******************
* GDOP: 10.13  PDOP: 8.21  HDOP: 6.97    *
* VDOP: 4.34  TDOP: 5.94                *
*****************************************
********************Position********************************
* X: 2885640.20  Y: 1335096.24  Z: 5510647.66  Fom: 0.26   *
* dE:   0.00  dN:   0.00  dU:   0.00   *
************************************************************
********************Velocity*********************
VX:   0.02  VY:   0.03  VZ:  -0.01  Fom: 0.01   *
*************************************************

================================================================================
Processed epoch: 188
Number of Satellites      gpsl1: 5
Total number of satellites: 5
=========================== LSE solution ============================================

Navigation status: GOOD_FOR_NAV
********************Time***************************
* Signal   tow(s)        Bias(ms)    Drift(ms/s) *
* gpsl1  482724.8262    11.2930      0.00147        *
***************************************************
********************DOP******************
* GDOP: 10.13  PDOP: 8.21  HDOP: 6.97    *
* VDOP: 4.34  TDOP: 5.94                *
*****************************************
********************Position********************************
* X: 2885639.85  Y: 1335096.23  Z: 5510647.56  Fom: 0.28   *
* dE:   0.00  dN:   0.00  dU:   0.00   *
************************************************************
********************Velocity*********************
VX:   0.12  VY:  -0.01  VZ:   0.05  Fom: 0.04   *
*************************************************

================================================================================
Processed epoch: 189
Number of Satellites      gpsl1: 5
Total number of satellites: 5
=========================== LSE solution ============================================

Navigation status: GOOD_FOR_NAV
********************Time***************************
* Signal   tow(s)        Bias(ms)    Drift(ms/s) *
* gpsl1  482724.9262    11.2929      0.00147        *
***************************************************
********************DOP******************
* GDOP: 10.13  PDOP: 8.21  HDOP: 6.97    *
* VDOP: 4.34  TDOP: 5.94                *
*****************************************
********************Position********************************
* X: 2885639.83  Y: 1335096.17  Z: 5510647.65  Fom: 0.29   *
* dE:   0.00  dN:   0.00  dU:   0.00   *
************************************************************
********************Velocity*********************
VX:  -0.01  VY:   0.00  VZ:   0.09  Fom: 0.03   *
*************************************************

================================================================================
Processed epoch: 190
Number of Satellites      gpsl1: 5
Total number of satellites: 5
=========================== LSE solution ============================================

Navigation status: GOOD_FOR_NAV
********************Time***************************
* Signal   tow(s)        Bias(ms)    Drift(ms/s) *
* gpsl1  482725.0262    11.2927      0.00147        *
***************************************************
********************DOP******************
* GDOP: 10.13  PDOP: 8.21  HDOP: 6.97    *
* VDOP: 4.34  TDOP: 5.94                *
*****************************************
********************Position********************************
* X: 2885639.88  Y: 1335096.14  Z: 5510647.61  Fom: 0.30   *
* dE:   0.00  dN:   0.00  dU:   0.00   *
************************************************************
********************Velocity*********************
VX:   0.08  VY:   0.01  VZ:   0.23  Fom: 0.09   *
*************************************************

================================================================================
Processed epoch: 191
Number of Satellites      gpsl1: 5
Total number of satellites: 5
=========================== LSE solution ============================================

Navigation status: GOOD_FOR_NAV
********************Time***************************
* Signal   tow(s)        Bias(ms)    Drift(ms/s) *
* gpsl1  482725.1262    11.2926      0.00147        *
***************************************************
********************DOP******************
* GDOP: 10.13  PDOP: 8.21  HDOP: 6.97    *
* VDOP: 4.34  TDOP: 5.94                *
*****************************************
********************Position********************************
* X: 2885639.89  Y: 1335096.12  Z: 5510647.68  Fom: 0.31   *
* dE:   0.00  dN:   0.00  dU:   0.00   *
************************************************************
********************Velocity*********************
VX:   0.03  VY:  -0.02  VZ:   0.18  Fom: 0.06   *
*************************************************

================================================================================
Processed epoch: 192
Number of Satellites      gpsl1: 5
Total number of satellites: 5
=========================== LSE solution ============================================

Navigation status: GOOD_FOR_NAV
********************Time***************************
* Signal   tow(s)        Bias(ms)    Drift(ms/s) *
* gpsl1  482725.2262    11.2924      0.00147        *
***************************************************
********************DOP******************
* GDOP: 10.13  PDOP: 8.21  HDOP: 6.97    *
* VDOP: 4.34  TDOP: 5.94                *
*****************************************
********************Position********************************
* X: 2885639.82  Y: 1335096.08  Z: 5510647.39  Fom: 0.32   *
* dE:   0.00  dN:   0.00  dU:   0.00   *
************************************************************
********************Velocity*********************
VX:   0.10  VY:   0.02  VZ:   0.31  Fom: 0.11   *
*************************************************

================================================================================
Processed epoch: 193
Number of Satellites      gpsl1: 5
Total number of satellites: 5
=========================== LSE solution ============================================

Navigation status: GOOD_FOR_NAV
********************Time***************************
* Signal   tow(s)        Bias(ms)    Drift(ms/s) *
* gpsl1  482725.3262    11.2923      0.00147        *
***************************************************
********************DOP******************
* GDOP: 10.13  PDOP: 8.21  HDOP: 6.97    *
* VDOP: 4.34  TDOP: 5.94                *
*****************************************
********************Position********************************
* X: 2885639.92  Y: 1335096.01  Z: 5510647.65  Fom: 0.31   *
* dE:   0.00  dN:   0.00  dU:   0.00   *
************************************************************
********************Velocity*********************
VX:  -0.00  VY:  -0.02  VZ:   0.09  Fom: 0.03   *
*************************************************

================================================================================
Processed epoch: 194
Number of Satellites      gpsl1: 5
Total number of satellites: 5
=========================== LSE solution ============================================

Navigation status: GOOD_FOR_NAV
********************Time***************************
* Signal   tow(s)        Bias(ms)    Drift(ms/s) *
* gpsl1  482725.4262    11.2921      0.00147        *
***************************************************
********************DOP******************
* GDOP: 10.13  PDOP: 8.21  HDOP: 6.97    *
* VDOP: 4.34  TDOP: 5.94                *
*****************************************
********************Position********************************
* X: 2885639.93  Y: 1335096.02  Z: 5510647.42  Fom: 0.30   *
* dE:   0.00  dN:   0.00  dU:   0.00   *
************************************************************
********************Velocity*********************
VX:   0.01  VY:   0.01  VZ:   0.06  Fom: 0.02   *
*************************************************

================================================================================
Processed epoch: 195
Number of Satellites      gpsl1: 5
Total number of satellites: 5
=========================== LSE solution ============================================

Navigation status: GOOD_FOR_NAV
********************Time***************************
* Signal   tow(s)        Bias(ms)    Drift(ms/s) *
* gpsl1  482725.5262    11.2920      0.00147        *
***************************************************
********************DOP******************
* GDOP: 10.13  PDOP: 8.21  HDOP: 6.97    *
* VDOP: 4.34  TDOP: 5.94                *
*****************************************
********************Position********************************
* X: 2885640.11  Y: 1335096.04  Z: 5510648.36  Fom: 0.30   *
* dE:   0.00  dN:   0.00  dU:   0.00   *
************************************************************
********************Velocity*********************
VX:  -0.05  VY:  -0.01  VZ:  -0.18  Fom: 0.06   *
*************************************************

================================================================================
Processed epoch: 196
Number of Satellites      gpsl1: 5
Total number of satellites: 5
=========================== LSE solution ============================================

Navigation status: GOOD_FOR_NAV
********************Time***************************
* Signal   tow(s)        Bias(ms)    Drift(ms/s) *
* gpsl1  482725.6262    11.2918      0.00147        *
***************************************************
********************DOP******************
* GDOP: 10.13  PDOP: 8.21  HDOP: 6.97    *
* VDOP: 4.34  TDOP: 5.94                *
*****************************************
********************Position********************************
* X: 2885639.82  Y: 1335096.05  Z: 5510648.01  Fom: 0.29   *
* dE:   0.00  dN:   0.00  dU:   0.00   *
************************************************************
********************Velocity*********************
VX:  -0.04  VY:   0.02  VZ:  -0.10  Fom: 0.04   *
*************************************************

================================================================================
Processed epoch: 197
Number of Satellites      gpsl1: 5
Total number of satellites: 5
=========================== LSE solution ============================================

Navigation status: GOOD_FOR_NAV
********************Time***************************
* Signal   tow(s)        Bias(ms)    Drift(ms/s) *
* gpsl1  482725.7262    11.2917      0.00147        *
***************************************************
********************DOP******************
* GDOP: 10.13  PDOP: 8.21  HDOP: 6.97    *
* VDOP: 4.34  TDOP: 5.94                *
*****************************************
********************Position********************************
* X: 2885640.02  Y: 1335096.10  Z: 5510648.99  Fom: 0.28   *
* dE:   0.00  dN:   0.00  dU:   0.00   *
************************************************************
********************Velocity*********************
VX:   0.08  VY:   0.01  VZ:   0.26  Fom: 0.09   *
*************************************************

================================================================================
Processed epoch: 198
Number of Satellites      gpsl1: 5
Total number of satellites: 5
=========================== LSE solution ============================================

Navigation status: GOOD_FOR_NAV
********************Time***************************
* Signal   tow(s)        Bias(ms)    Drift(ms/s) *
* gpsl1  482725.8262    11.2916      0.00147        *
***************************************************
********************DOP******************
* GDOP: 10.13  PDOP: 8.21  HDOP: 6.97    *
* VDOP: 4.34  TDOP: 5.94                *
*****************************************
********************Position********************************
* X: 2885639.95  Y: 1335096.12  Z: 5510648.94  Fom: 0.27   *
* dE:   0.00  dN:   0.00  dU:   0.00   *
************************************************************
********************Velocity*********************
VX:   0.01  VY:  -0.03  VZ:   0.24  Fom: 0.07   *
*************************************************

================================================================================
Processed epoch: 199
Number of Satellites      gpsl1: 5
Total number of satellites: 5
=========================== LSE solution ============================================

Navigation status: GOOD_FOR_NAV
********************Time***************************
* Signal   tow(s)        Bias(ms)    Drift(ms/s) *
* gpsl1  482725.9262    11.2914      0.00147        *
***************************************************
********************DOP******************
* GDOP: 10.13  PDOP: 8.21  HDOP: 6.97    *
* VDOP: 4.34  TDOP: 5.94                *
*****************************************
********************Position********************************
* X: 2885639.90  Y: 1335096.11  Z: 5510649.13  Fom: 0.27   *
* dE:   0.00  dN:   0.00  dU:   0.00   *
************************************************************
********************Velocity*********************
VX:   0.11  VY:  -0.03  VZ:   0.39  Fom: 0.13   *
*************************************************

================================================================================
Processed epoch: 200
Number of Satellites      gpsl1: 5
Total number of satellites: 5
=========================== LSE solution ============================================

Navigation status: GOOD_FOR_NAV
********************Time***************************
* Signal   tow(s)        Bias(ms)    Drift(ms/s) *
* gpsl1  482726.0262    11.2913      0.00147        *
***************************************************
********************DOP******************
* GDOP: 10.13  PDOP: 8.21  HDOP: 6.97    *
* VDOP: 4.34  TDOP: 5.94                *
*****************************************
********************Position********************************
* X: 2885639.86  Y: 1335096.11  Z: 5510648.77  Fom: 0.26   *
* dE:   0.00  dN:   0.00  dU:   0.00   *
************************************************************
********************Velocity*********************
VX:  -0.05  VY:  -0.00  VZ:   0.01  Fom: 0.01   *
*************************************************

================================================================================
Processed epoch: 201
Number of Satellites      gpsl1: 5
Total number of satellites: 5
=========================== LSE solution ============================================

Navigation status: GOOD_FOR_NAV
********************Time***************************
* Signal   tow(s)        Bias(ms)    Drift(ms/s) *
* gpsl1  482726.1262    11.2911      0.00147        *
***************************************************
********************DOP******************
* GDOP: 10.13  PDOP: 8.21  HDOP: 6.97    *
* VDOP: 4.34  TDOP: 5.94                *
*****************************************
********************Position********************************
* X: 2885639.69  Y: 1335096.13  Z: 5510648.41  Fom: 0.26   *
* dE:   0.00  dN:   0.00  dU:   0.00   *
************************************************************
********************Velocity*********************
VX:  -0.03  VY:   0.01  VZ:  -0.13  Fom: 0.04   *
*************************************************

================================================================================
Processed epoch: 202
Number of Satellites      gpsl1: 5
Total number of satellites: 5
=========================== LSE solution ============================================

Navigation status: GOOD_FOR_NAV
********************Time***************************
* Signal   tow(s)        Bias(ms)    Drift(ms/s) *
* gpsl1  482726.2262    11.2910      0.00147        *
***************************************************
********************DOP******************
* GDOP: 10.13  PDOP: 8.21  HDOP: 6.97    *
* VDOP: 4.34  TDOP: 5.94                *
*****************************************
********************Position********************************
* X: 2885639.68  Y: 1335096.10  Z: 5510648.12  Fom: 0.26   *
* dE:   0.00  dN:   0.00  dU:   0.00   *
************************************************************
********************Velocity*********************
VX:   0.02  VY:   0.04  VZ:   0.05  Fom: 0.03   *
*************************************************

================================================================================
Processed epoch: 203
Number of Satellites      gpsl1: 5
Total number of satellites: 5
=========================== LSE solution ============================================

Navigation status: GOOD_FOR_NAV
********************Time***************************
* Signal   tow(s)        Bias(ms)    Drift(ms/s) *
* gpsl1  482726.3262    11.2908      0.00147        *
***************************************************
********************DOP******************
* GDOP: 10.13  PDOP: 8.21  HDOP: 6.97    *
* VDOP: 4.34  TDOP: 5.94                *
*****************************************
********************Position********************************
* X: 2885639.48  Y: 1335096.01  Z: 5510647.45  Fom: 0.24   *
* dE:   0.00  dN:   0.00  dU:   0.00   *
************************************************************
********************Velocity*********************
VX:  -0.06  VY:  -0.00  VZ:  -0.12  Fom: 0.05   *
*************************************************

================================================================================
Processed epoch: 204
Number of Satellites      gpsl1: 5
Total number of satellites: 5
=========================== LSE solution ============================================

Navigation status: GOOD_FOR_NAV
********************Time***************************
* Signal   tow(s)        Bias(ms)    Drift(ms/s) *
* gpsl1  482726.4262    11.2907      0.00147        *
***************************************************
********************DOP******************
* GDOP: 10.13  PDOP: 8.20  HDOP: 6.97    *
* VDOP: 4.33  TDOP: 5.94                *
*****************************************
********************Position********************************
* X: 2885639.45  Y: 1335096.06  Z: 5510647.33  Fom: 0.23   *
* dE:   0.00  dN:   0.00  dU:   0.00   *
************************************************************
********************Velocity*********************
VX:   0.04  VY:  -0.01  VZ:   0.20  Fom: 0.07   *
*************************************************

================================================================================
Processed epoch: 205
Number of Satellites      gpsl1: 5
Total number of satellites: 5
=========================== LSE solution ============================================

Navigation status: GOOD_FOR_NAV
********************Time***************************
* Signal   tow(s)        Bias(ms)    Drift(ms/s) *
* gpsl1  482726.5262    11.2905      0.00147        *
***************************************************
********************DOP******************
* GDOP: 10.13  PDOP: 8.20  HDOP: 6.97    *
* VDOP: 4.33  TDOP: 5.94                *
*****************************************
********************Position********************************
* X: 2885639.32  Y: 1335096.00  Z: 5510647.08  Fom: 0.24   *
* dE:   0.00  dN:   0.00  dU:   0.00   *
************************************************************
********************Velocity*********************
VX:  -0.00  VY:   0.04  VZ:  -0.03  Fom: 0.01   *
*************************************************

================================================================================
Processed epoch: 206
Number of Satellites      gpsl1: 5
Total number of satellites: 5
=========================== LSE solution ============================================

Navigation status: GOOD_FOR_NAV
********************Time***************************
* Signal   tow(s)        Bias(ms)    Drift(ms/s) *
* gpsl1  482726.6262    11.2904      0.00147        *
***************************************************
********************DOP******************
* GDOP: 10.13  PDOP: 8.20  HDOP: 6.97    *
* VDOP: 4.33  TDOP: 5.94                *
*****************************************
********************Position********************************
* X: 2885639.36  Y: 1335095.99  Z: 5510647.15  Fom: 0.25   *
* dE:   0.00  dN:   0.00  dU:   0.00   *
************************************************************
********************Velocity*********************
VX:   0.02  VY:   0.01  VZ:   0.04  Fom: 0.02   *
*************************************************

================================================================================
Processed epoch: 207
Number of Satellites      gpsl1: 5
Total number of satellites: 5
=========================== LSE solution ============================================

Navigation status: GOOD_FOR_NAV
********************Time***************************
* Signal   tow(s)        Bias(ms)    Drift(ms/s) *
* gpsl1  482726.7262    11.2902      0.00147        *
***************************************************
********************DOP******************
* GDOP: 10.13  PDOP: 8.20  HDOP: 6.97    *
* VDOP: 4.33  TDOP: 5.94                *
*****************************************
********************Position********************************
* X: 2885639.49  Y: 1335096.02  Z: 5510647.59  Fom: 0.27   *
* dE:   0.00  dN:   0.00  dU:   0.00   *
************************************************************
********************Velocity*********************
VX:   0.09  VY:   0.03  VZ:   0.35  Fom: 0.12   *
*************************************************

================================================================================
Processed epoch: 208
Number of Satellites      gpsl1: 5
Total number of satellites: 5
=========================== LSE solution ============================================

Navigation status: GOOD_FOR_NAV
********************Time***************************
* Signal   tow(s)        Bias(ms)    Drift(ms/s) *
* gpsl1  482726.8262    11.2901      0.00147        *
***************************************************
********************DOP******************
* GDOP: 10.13  PDOP: 8.20  HDOP: 6.96    *
* VDOP: 4.33  TDOP: 5.94                *
*****************************************
********************Position********************************
* X: 2885639.54  Y: 1335095.93  Z: 5510648.03  Fom: 0.27   *
* dE:   0.00  dN:   0.00  dU:   0.00   *
************************************************************
********************Velocity*********************
VX:  -0.08  VY:   0.00  VZ:  -0.04  Fom: 0.03   *
*************************************************

================================================================================
Processed epoch: 209
Number of Satellites      gpsl1: 5
Total number of satellites: 5
=========================== LSE solution ============================================

Navigation status: GOOD_FOR_NAV
********************Time***************************
* Signal   tow(s)        Bias(ms)    Drift(ms/s) *
* gpsl1  482726.9262    11.2899      0.00147        *
***************************************************
********************DOP******************
* GDOP: 10.13  PDOP: 8.20  HDOP: 6.96    *
* VDOP: 4.33  TDOP: 5.94                *
*****************************************
********************Position********************************
* X: 2885639.64  Y: 1335095.99  Z: 5510648.21  Fom: 0.27   *
* dE:   0.00  dN:   0.00  dU:   0.00   *
************************************************************
********************Velocity*********************
VX:   0.01  VY:   0.02  VZ:  -0.00  Fom: 0.00   *
*************************************************

================================================================================
Processed epoch: 210
Number of Satellites      gpsl1: 5
Total number of satellites: 5
=========================== LSE solution ============================================

Navigation status: GOOD_FOR_NAV
********************Time***************************
* Signal   tow(s)        Bias(ms)    Drift(ms/s) *
* gpsl1  482727.0262    11.2898      0.00147        *
***************************************************
********************DOP******************
* GDOP: 10.12  PDOP: 8.20  HDOP: 6.96    *
* VDOP: 4.33  TDOP: 5.94                *
*****************************************
********************Position********************************
* X: 2885639.56  Y: 1335096.00  Z: 5510648.20  Fom: 0.27   *
* dE:   0.00  dN:   0.00  dU:   0.00   *
************************************************************
********************Velocity*********************
VX:   0.02  VY:   0.03  VZ:  -0.16  Fom: 0.04   *
*************************************************

================================================================================
Processed epoch: 211
Number of Satellites      gpsl1: 5
Total number of satellites: 5
=========================== LSE solution ============================================

Navigation status: GOOD_FOR_NAV
********************Time***************************
* Signal   tow(s)        Bias(ms)    Drift(ms/s) *
* gpsl1  482727.1262    11.2897      0.00147        *
***************************************************
********************DOP******************
* GDOP: 10.12  PDOP: 8.20  HDOP: 6.96    *
* VDOP: 4.33  TDOP: 5.93                *
*****************************************
********************Position********************************
* X: 2885639.58  Y: 1335096.08  Z: 5510648.60  Fom: 0.28   *
* dE:   0.00  dN:   0.00  dU:   0.00   *
************************************************************
********************Velocity*********************
VX:   0.00  VY:   0.04  VZ:  -0.10  Fom: 0.03   *
*************************************************

================================================================================
Processed epoch: 212
Number of Satellites      gpsl1: 5
Total number of satellites: 5
=========================== LSE solution ============================================

Navigation status: GOOD_FOR_NAV
********************Time***************************
* Signal   tow(s)        Bias(ms)    Drift(ms/s) *
* gpsl1  482727.2262    11.2895      0.00147        *
***************************************************
********************DOP******************
* GDOP: 10.12  PDOP: 8.20  HDOP: 6.96    *
* VDOP: 4.33  TDOP: 5.93                *
*****************************************
********************Position********************************
* X: 2885639.48  Y: 1335096.06  Z: 5510648.35  Fom: 0.28   *
* dE:   0.00  dN:   0.00  dU:   0.00   *
************************************************************
********************Velocity*********************
VX:  -0.04  VY:  -0.01  VZ:  -0.21  Fom: 0.07   *
*************************************************

================================================================================
Processed epoch: 213
Number of Satellites      gpsl1: 5
Total number of satellites: 5
=========================== LSE solution ============================================

Navigation status: GOOD_FOR_NAV
********************Time***************************
* Signal   tow(s)        Bias(ms)    Drift(ms/s) *
* gpsl1  482727.3262    11.2894      0.00147        *
***************************************************
********************DOP******************
* GDOP: 10.12  PDOP: 8.20  HDOP: 6.96    *
* VDOP: 4.33  TDOP: 5.93                *
*****************************************
********************Position********************************
* X: 2885639.31  Y: 1335096.10  Z: 5510648.03  Fom: 0.28   *
* dE:   0.00  dN:   0.00  dU:   0.00   *
************************************************************
********************Velocity*********************
VX:   0.02  VY:  -0.03  VZ:   0.08  Fom: 0.03   *
*************************************************

================================================================================
Processed epoch: 214
Number of Satellites      gpsl1: 5
Total number of satellites: 5
=========================== LSE solution ============================================

Navigation status: GOOD_FOR_NAV
********************Time***************************
* Signal   tow(s)        Bias(ms)    Drift(ms/s) *
* gpsl1  482727.4262    11.2892      0.00147        *
***************************************************
********************DOP******************
* GDOP: 10.12  PDOP: 8.20  HDOP: 6.96    *
* VDOP: 4.33  TDOP: 5.93                *
*****************************************
********************Position********************************
* X: 2885639.29  Y: 1335096.08  Z: 5510648.16  Fom: 0.30   *
* dE:   0.00  dN:   0.00  dU:   0.00   *
************************************************************
********************Velocity*********************
VX:   0.05  VY:  -0.00  VZ:   0.15  Fom: 0.06   *
*************************************************

================================================================================
Processed epoch: 215
Number of Satellites      gpsl1: 5
Total number of satellites: 5
=========================== LSE solution ============================================

Navigation status: GOOD_FOR_NAV
********************Time***************************
* Signal   tow(s)        Bias(ms)    Drift(ms/s) *
* gpsl1  482727.5262    11.2891      0.00147        *
***************************************************
********************DOP******************
* GDOP: 10.12  PDOP: 8.20  HDOP: 6.96    *
* VDOP: 4.33  TDOP: 5.93                *
*****************************************
********************Position********************************
* X: 2885639.23  Y: 1335096.16  Z: 5510647.76  Fom: 0.29   *
* dE:   0.00  dN:   0.00  dU:   0.00   *
************************************************************
********************Velocity*********************
VX:  -0.06  VY:  -0.03  VZ:  -0.07  Fom: 0.04   *
*************************************************

================================================================================
Processed epoch: 216
Number of Satellites      gpsl1: 5
Total number of satellites: 5
=========================== LSE solution ============================================

Navigation status: GOOD_FOR_NAV
********************Time***************************
* Signal   tow(s)        Bias(ms)    Drift(ms/s) *
* gpsl1  482727.6262    11.2889      0.00147        *
***************************************************
********************DOP******************
* GDOP: 10.12  PDOP: 8.20  HDOP: 6.96    *
* VDOP: 4.33  TDOP: 5.93                *
*****************************************
********************Position********************************
* X: 2885639.19  Y: 1335096.13  Z: 5510647.75  Fom: 0.30   *
* dE:   0.00  dN:   0.00  dU:   0.00   *
************************************************************
********************Velocity*********************
VX:  -0.16  VY:  -0.01  VZ:  -0.55  Fom: 0.20   *
*************************************************

================================================================================
Processed epoch: 217
Number of Satellites      gpsl1: 5
Total number of satellites: 5
=========================== LSE solution ============================================

Navigation status: GOOD_FOR_NAV
********************Time***************************
* Signal   tow(s)        Bias(ms)    Drift(ms/s) *
* gpsl1  482727.7262    11.2888      0.00147        *
***************************************************
********************DOP******************
* GDOP: 10.12  PDOP: 8.20  HDOP: 6.96    *
* VDOP: 4.33  TDOP: 5.93                *
*****************************************
********************Position********************************
* X: 2885639.10  Y: 1335096.06  Z: 5510648.09  Fom: 0.30   *
* dE:   0.00  dN:   0.00  dU:   0.00   *
************************************************************
********************Velocity*********************
VX:  -0.01  VY:  -0.04  VZ:  -0.01  Fom: 0.01   *
*************************************************

================================================================================
Processed epoch: 218
Number of Satellites      gpsl1: 5
Total number of satellites: 5
=========================== LSE solution ============================================

Navigation status: GOOD_FOR_NAV
********************Time***************************
* Signal   tow(s)        Bias(ms)    Drift(ms/s) *
* gpsl1  482727.8262    11.2886      0.00147        *
***************************************************
********************DOP******************
* GDOP: 10.12  PDOP: 8.20  HDOP: 6.96    *
* VDOP: 4.33  TDOP: 5.93                *
*****************************************
********************Position********************************
* X: 2885639.20  Y: 1335096.01  Z: 5510648.17  Fom: 0.28   *
* dE:   0.00  dN:   0.00  dU:   0.00   *
************************************************************
********************Velocity*********************
VX:  -0.02  VY:   0.00  VZ:   0.09  Fom: 0.02   *
*************************************************

================================================================================
Processed epoch: 219
Number of Satellites      gpsl1: 5
Total number of satellites: 5
=========================== LSE solution ============================================

Navigation status: GOOD_FOR_NAV
********************Time***************************
* Signal   tow(s)        Bias(ms)    Drift(ms/s) *
* gpsl1  482727.9262    11.2885      0.00147        *
***************************************************
********************DOP******************
* GDOP: 10.12  PDOP: 8.20  HDOP: 6.96    *
* VDOP: 4.33  TDOP: 5.93                *
*****************************************
********************Position********************************
* X: 2885639.12  Y: 1335095.94  Z: 5510648.02  Fom: 0.30   *
* dE:   0.00  dN:   0.00  dU:   0.00   *
************************************************************
********************Velocity*********************
VX:  -0.06  VY:   0.00  VZ:  -0.21  Fom: 0.07   *
*************************************************

================================================================================
Processed epoch: 220
Number of Satellites      gpsl1: 5
Total number of satellites: 5
=========================== LSE solution ============================================

Navigation status: GOOD_FOR_NAV
********************Time***************************
* Signal   tow(s)        Bias(ms)    Drift(ms/s) *
* gpsl1  482728.0262    11.2883      0.00147        *
***************************************************
********************DOP******************
* GDOP: 10.12  PDOP: 8.20  HDOP: 6.96    *
* VDOP: 4.33  TDOP: 5.93                *
*****************************************
********************Position********************************
* X: 2885639.02  Y: 1335095.94  Z: 5510647.55  Fom: 0.32   *
* dE:   0.00  dN:   0.00  dU:   0.00   *
************************************************************
********************Velocity*********************
VX:   0.03  VY:   0.02  VZ:   0.04  Fom: 0.02   *
*************************************************

================================================================================
Processed epoch: 221
Number of Satellites      gpsl1: 5
Total number of satellites: 5
=========================== LSE solution ============================================

Navigation status: GOOD_FOR_NAV
********************Time***************************
* Signal   tow(s)        Bias(ms)    Drift(ms/s) *
* gpsl1  482728.1262    11.2882      0.00147        *
***************************************************
********************DOP******************
* GDOP: 10.12  PDOP: 8.20  HDOP: 6.96    *
* VDOP: 4.33  TDOP: 5.93                *
*****************************************
********************Position********************************
* X: 2885638.91  Y: 1335095.92  Z: 5510647.61  Fom: 0.31   *
* dE:   0.00  dN:   0.00  dU:   0.00   *
************************************************************
********************Velocity*********************
VX:   0.08  VY:  -0.03  VZ:   0.30  Fom: 0.10   *
*************************************************

================================================================================
Processed epoch: 222
Number of Satellites      gpsl1: 5
Total number of satellites: 5
=========================== LSE solution ============================================

Navigation status: GOOD_FOR_NAV
********************Time***************************
* Signal   tow(s)        Bias(ms)    Drift(ms/s) *
* gpsl1  482728.2262    11.2880      0.00147        *
***************************************************
********************DOP******************
* GDOP: 10.12  PDOP: 8.20  HDOP: 6.96    *
* VDOP: 4.33  TDOP: 5.93                *
*****************************************
********************Position********************************
* X: 2885638.88  Y: 1335095.93  Z: 5510647.48  Fom: 0.31   *
* dE:   0.00  dN:   0.00  dU:   0.00   *
************************************************************
********************Velocity*********************
VX:   0.08  VY:  -0.03  VZ:   0.34  Fom: 0.12   *
*************************************************

================================================================================
Processed epoch: 223
Number of Satellites      gpsl1: 5
Total number of satellites: 5
=========================== LSE solution ============================================

Navigation status: GOOD_FOR_NAV
********************Time***************************
* Signal   tow(s)        Bias(ms)    Drift(ms/s) *
* gpsl1  482728.3262    11.2879      0.00147        *
***************************************************
********************DOP******************
* GDOP: 10.12  PDOP: 8.20  HDOP: 6.96    *
* VDOP: 4.33  TDOP: 5.93                *
*****************************************
********************Position********************************
* X: 2885638.73  Y: 1335095.92  Z: 5510646.85  Fom: 0.30   *
* dE:   0.00  dN:   0.00  dU:   0.00   *
************************************************************
********************Velocity*********************
VX:   0.01  VY:   0.01  VZ:  -0.06  Fom: 0.02   *
*************************************************

================================================================================
Processed epoch: 224
Number of Satellites      gpsl1: 5
Total number of satellites: 5
=========================== LSE solution ============================================

Navigation status: GOOD_FOR_NAV
********************Time***************************
* Signal   tow(s)        Bias(ms)    Drift(ms/s) *
* gpsl1  482728.4262    11.2878      0.00147        *
***************************************************
********************DOP******************
* GDOP: 10.12  PDOP: 8.20  HDOP: 6.96    *
* VDOP: 4.33  TDOP: 5.93                *
*****************************************
********************Position********************************
* X: 2885638.81  Y: 1335095.94  Z: 5510646.97  Fom: 0.29   *
* dE:   0.00  dN:   0.00  dU:   0.00   *
************************************************************
********************Velocity*********************
VX:  -0.07  VY:  -0.01  VZ:  -0.16  Fom: 0.06   *
*************************************************

================================================================================
Processed epoch: 225
Number of Satellites      gpsl1: 5
Total number of satellites: 5
=========================== LSE solution ============================================

Navigation status: GOOD_FOR_NAV
********************Time***************************
* Signal   tow(s)        Bias(ms)    Drift(ms/s) *
* gpsl1  482728.5262    11.2876      0.00147        *
***************************************************
********************DOP******************
* GDOP: 10.12  PDOP: 8.20  HDOP: 6.96    *
* VDOP: 4.33  TDOP: 5.93                *
*****************************************
********************Position********************************
* X: 2885638.62  Y: 1335095.88  Z: 5510646.63  Fom: 0.29   *
* dE:   0.00  dN:   0.00  dU:   0.00   *
************************************************************
********************Velocity*********************
VX:   0.03  VY:   0.00  VZ:  -0.05  Fom: 0.01   *
*************************************************

================================================================================
Processed epoch: 226
Number of Satellites      gpsl1: 5
Total number of satellites: 5
=========================== LSE solution ============================================

Navigation status: GOOD_FOR_NAV
********************Time***************************
* Signal   tow(s)        Bias(ms)    Drift(ms/s) *
* gpsl1  482728.6262    11.2875      0.00147        *
***************************************************
********************DOP******************
* GDOP: 10.12  PDOP: 8.20  HDOP: 6.96    *
* VDOP: 4.33  TDOP: 5.93                *
*****************************************
********************Position********************************
* X: 2885638.66  Y: 1335095.93  Z: 5510646.57  Fom: 0.29   *
* dE:   0.00  dN:   0.00  dU:   0.00   *
************************************************************
********************Velocity*********************
VX:   0.11  VY:   0.02  VZ:   0.12  Fom: 0.06   *
*************************************************

================================================================================
Processed epoch: 227
Number of Satellites      gpsl1: 5
Total number of satellites: 5
=========================== LSE solution ============================================

Navigation status: GOOD_FOR_NAV
********************Time***************************
* Signal   tow(s)        Bias(ms)    Drift(ms/s) *
* gpsl1  482728.7262    11.2873      0.00147        *
***************************************************
********************DOP******************
* GDOP: 10.12  PDOP: 8.20  HDOP: 6.96    *
* VDOP: 4.33  TDOP: 5.93                *
*****************************************
********************Position********************************
* X: 2885638.53  Y: 1335095.96  Z: 5510646.05  Fom: 0.30   *
* dE:   0.00  dN:   0.00  dU:   0.00   *
************************************************************
********************Velocity*********************
VX:   0.03  VY:   0.01  VZ:   0.16  Fom: 0.05   *
*************************************************

================================================================================
Processed epoch: 228
Number of Satellites      gpsl1: 5
Total number of satellites: 5
=========================== LSE solution ============================================

Navigation status: GOOD_FOR_NAV
********************Time***************************
* Signal   tow(s)        Bias(ms)    Drift(ms/s) *
* gpsl1  482728.8262    11.2872      0.00147        *
***************************************************
********************DOP******************
* GDOP: 10.12  PDOP: 8.20  HDOP: 6.96    *
* VDOP: 4.33  TDOP: 5.93                *
*****************************************
********************Position********************************
* X: 2885638.57  Y: 1335095.91  Z: 5510646.24  Fom: 0.28   *
* dE:   0.00  dN:   0.00  dU:   0.00   *
************************************************************
********************Velocity*********************
VX:  -0.03  VY:   0.03  VZ:  -0.06  Fom: 0.02   *
*************************************************

================================================================================
Processed epoch: 229
Number of Satellites      gpsl1: 5
Total number of satellites: 5
=========================== LSE solution ============================================

Navigation status: GOOD_FOR_NAV
********************Time***************************
* Signal   tow(s)        Bias(ms)    Drift(ms/s) *
* gpsl1  482728.9262    11.2870      0.00147        *
***************************************************
********************DOP******************
* GDOP: 10.12  PDOP: 8.20  HDOP: 6.96    *
* VDOP: 4.33  TDOP: 5.93                *
*****************************************
********************Position********************************
* X: 2885638.35  Y: 1335095.86  Z: 5510645.80  Fom: 0.28   *
* dE:   0.00  dN:   0.00  dU:   0.00   *
************************************************************
********************Velocity*********************
VX:  -0.01  VY:  -0.02  VZ:   0.13  Fom: 0.04   *
*************************************************

================================================================================
Processed epoch: 230
Number of Satellites      gpsl1: 5
Total number of satellites: 5
=========================== LSE solution ============================================

Navigation status: GOOD_FOR_NAV
********************Time***************************
* Signal   tow(s)        Bias(ms)    Drift(ms/s) *
* gpsl1  482729.0262    11.2869      0.00147        *
***************************************************
********************DOP******************
* GDOP: 10.12  PDOP: 8.20  HDOP: 6.96    *
* VDOP: 4.33  TDOP: 5.93                *
*****************************************
********************Position********************************
* X: 2885638.34  Y: 1335095.84  Z: 5510645.84  Fom: 0.27   *
* dE:   0.00  dN:   0.00  dU:   0.00   *
************************************************************
********************Velocity*********************
VX:  -0.01  VY:  -0.03  VZ:   0.09  Fom: 0.03   *
*************************************************

================================================================================
Processed epoch: 231
Number of Satellites      gpsl1: 5
Total number of satellites: 5
=========================== LSE solution ============================================

Navigation status: GOOD_FOR_NAV
********************Time***************************
* Signal   tow(s)        Bias(ms)    Drift(ms/s) *
* gpsl1  482729.1262    11.2867      0.00147        *
***************************************************
********************DOP******************
* GDOP: 10.12  PDOP: 8.20  HDOP: 6.96    *
* VDOP: 4.33  TDOP: 5.93                *
*****************************************
********************Position********************************
* X: 2885638.33  Y: 1335095.89  Z: 5510646.11  Fom: 0.26   *
* dE:   0.00  dN:   0.00  dU:   0.00   *
************************************************************
********************Velocity*********************
VX:  -0.09  VY:   0.02  VZ:  -0.23  Fom: 0.08   *
*************************************************

================================================================================
Processed epoch: 232
Number of Satellites      gpsl1: 5
Total number of satellites: 5
=========================== LSE solution ============================================

Navigation status: GOOD_FOR_NAV
********************Time***************************
* Signal   tow(s)        Bias(ms)    Drift(ms/s) *
* gpsl1  482729.2262    11.2866      0.00147        *
***************************************************
********************DOP******************
* GDOP: 10.12  PDOP: 8.20  HDOP: 6.96    *
* VDOP: 4.33  TDOP: 5.93                *
*****************************************
********************Position********************************
* X: 2885638.31  Y: 1335095.93  Z: 5510646.31  Fom: 0.27   *
* dE:   0.00  dN:   0.00  dU:   0.00   *
************************************************************
********************Velocity*********************
VX:  -0.12  VY:   0.03  VZ:  -0.52  Fom: 0.18   *
*************************************************

================================================================================
Processed epoch: 233
Number of Satellites      gpsl1: 5
Total number of satellites: 5
=========================== LSE solution ============================================

Navigation status: GOOD_FOR_NAV
********************Time***************************
* Signal   tow(s)        Bias(ms)    Drift(ms/s) *
* gpsl1  482729.3262    11.2864      0.00147        *
***************************************************
********************DOP******************
* GDOP: 10.12  PDOP: 8.19  HDOP: 6.96    *
* VDOP: 4.33  TDOP: 5.93                *
*****************************************
********************Position********************************
* X: 2885638.22  Y: 1335095.93  Z: 5510646.04  Fom: 0.26   *
* dE:   0.00  dN:   0.00  dU:   0.00   *
************************************************************
********************Velocity*********************
VX:  -0.04  VY:   0.01  VZ:  -0.11  Fom: 0.04   *
*************************************************

================================================================================
Processed epoch: 234
Number of Satellites      gpsl1: 5
Total number of satellites: 5
=========================== LSE solution ============================================

Navigation status: GOOD_FOR_NAV
********************Time***************************
* Signal   tow(s)        Bias(ms)    Drift(ms/s) *
* gpsl1  482729.4262    11.2863      0.00147        *
***************************************************
********************DOP******************
* GDOP: 10.11  PDOP: 8.19  HDOP: 6.96    *
* VDOP: 4.33  TDOP: 5.93                *
*****************************************
********************Position********************************
* X: 2885638.24  Y: 1335095.94  Z: 5510646.12  Fom: 0.25   *
* dE:   0.00  dN:   0.00  dU:   0.00   *
************************************************************
********************Velocity*********************
VX:   0.04  VY:   0.01  VZ:   0.24  Fom: 0.08   *
*************************************************

================================================================================
Processed epoch: 235
Number of Satellites      gpsl1: 5
Total number of satellites: 5
=========================== LSE solution ============================================

Navigation status: GOOD_FOR_NAV
********************Time***************************
* Signal   tow(s)        Bias(ms)    Drift(ms/s) *
* gpsl1  482729.5262    11.2861      0.00147        *
***************************************************
********************DOP******************
* GDOP: 10.11  PDOP: 8.19  HDOP: 6.96    *
* VDOP: 4.33  TDOP: 5.93                *
*****************************************
********************Position********************************
* X: 2885638.27  Y: 1335096.01  Z: 5510646.15  Fom: 0.26   *
* dE:   0.00  dN:   0.00  dU:   0.00   *
************************************************************
********************Velocity*********************
VX:  -0.01  VY:  -0.02  VZ:   0.08  Fom: 0.02   *
*************************************************

================================================================================
Processed epoch: 236
Number of Satellites      gpsl1: 5
Total number of satellites: 5
=========================== LSE solution ============================================

Navigation status: GOOD_FOR_NAV
********************Time***************************
* Signal   tow(s)        Bias(ms)    Drift(ms/s) *
* gpsl1  482729.6262    11.2860      0.00147        *
***************************************************
********************DOP******************
* GDOP: 10.11  PDOP: 8.19  HDOP: 6.96    *
* VDOP: 4.33  TDOP: 5.93                *
*****************************************
********************Position********************************
* X: 2885638.27  Y: 1335096.07  Z: 5510645.91  Fom: 0.25   *
* dE:   0.00  dN:   0.00  dU:   0.00   *
************************************************************
********************Velocity*********************
VX:   0.01  VY:   0.01  VZ:  -0.05  Fom: 0.02   *
*************************************************

================================================================================
Processed epoch: 237
Number of Satellites      gpsl1: 5
Total number of satellites: 5
=========================== LSE solution ============================================

Navigation status: GOOD_FOR_NAV
********************Time***************************
* Signal   tow(s)        Bias(ms)    Drift(ms/s) *
* gpsl1  482729.7262    11.2859      0.00147        *
***************************************************
********************DOP******************
* GDOP: 10.11  PDOP: 8.19  HDOP: 6.96    *
* VDOP: 4.33  TDOP: 5.93                *
*****************************************
********************Position********************************
* X: 2885638.27  Y: 1335096.07  Z: 5510646.38  Fom: 0.25   *
* dE:   0.00  dN:   0.00  dU:   0.00   *
************************************************************
********************Velocity*********************
VX:  -0.04  VY:   0.00  VZ:  -0.18  Fom: 0.06   *
*************************************************

================================================================================
Processed epoch: 238
Number of Satellites      gpsl1: 5
Total number of satellites: 5
=========================== LSE solution ============================================

Navigation status: GOOD_FOR_NAV
********************Time***************************
* Signal   tow(s)        Bias(ms)    Drift(ms/s) *
* gpsl1  482729.8262    11.2857      0.00147        *
***************************************************
********************DOP******************
* GDOP: 10.11  PDOP: 8.19  HDOP: 6.95    *
* VDOP: 4.33  TDOP: 5.93                *
*****************************************
********************Position********************************
* X: 2885638.25  Y: 1335096.09  Z: 5510646.07  Fom: 0.25   *
* dE:   0.00  dN:   0.00  dU:   0.00   *
************************************************************
********************Velocity*********************
VX:  -0.05  VY:   0.03  VZ:  -0.07  Fom: 0.03   *
*************************************************

================================================================================
Processed epoch: 239
Number of Satellites      gpsl1: 5
Total number of satellites: 5
=========================== LSE solution ============================================

Navigation status: GOOD_FOR_NAV
********************Time***************************
* Signal   tow(s)        Bias(ms)    Drift(ms/s) *
* gpsl1  482729.9262    11.2856      0.00147        *
***************************************************
********************DOP******************
* GDOP: 10.11  PDOP: 8.19  HDOP: 6.95    *
* VDOP: 4.33  TDOP: 5.93                *
*****************************************
********************Position********************************
* X: 2885638.16  Y: 1335096.09  Z: 5510646.02  Fom: 0.24   *
* dE:   0.00  dN:   0.00  dU:   0.00   *
************************************************************
********************Velocity*********************
VX:  -0.07  VY:  -0.04  VZ:  -0.11  Fom: 0.05   *
*************************************************

================================================================================
Processed epoch: 240
Number of Satellites      gpsl1: 5
Total number of satellites: 5
=========================== LSE solution ============================================

Navigation status: GOOD_FOR_NAV
********************Time***************************
* Signal   tow(s)        Bias(ms)    Drift(ms/s) *
* gpsl1  482730.0262    11.2854      0.00147        *
***************************************************
********************DOP******************
* GDOP: 10.11  PDOP: 8.19  HDOP: 6.95    *
* VDOP: 4.33  TDOP: 5.93                *
*****************************************
********************Position********************************
* X: 2885638.29  Y: 1335096.19  Z: 5510646.27  Fom: 0.24   *
* dE:   0.00  dN:   0.00  dU:   0.00   *
************************************************************
********************Velocity*********************
VX:   0.05  VY:  -0.02  VZ:   0.20  Fom: 0.07   *
*************************************************

================================================================================
Processed epoch: 241
Number of Satellites      gpsl1: 5
Total number of satellites: 5
=========================== LSE solution ============================================

Navigation status: GOOD_FOR_NAV
********************Time***************************
* Signal   tow(s)        Bias(ms)    Drift(ms/s) *
* gpsl1  482730.1262    11.2853      0.00147        *
***************************************************
********************DOP******************
* GDOP: 10.11  PDOP: 8.19  HDOP: 6.95    *
* VDOP: 4.33  TDOP: 5.93                *
*****************************************
********************Position********************************
* X: 2885638.33  Y: 1335096.21  Z: 5510646.28  Fom: 0.23   *
* dE:   0.00  dN:   0.00  dU:   0.00   *
************************************************************
********************Velocity*********************
VX:   0.13  VY:   0.01  VZ:   0.25  Fom: 0.10   *
*************************************************

================================================================================
Processed epoch: 242
Number of Satellites      gpsl1: 5
Total number of satellites: 5
=========================== LSE solution ============================================

Navigation status: GOOD_FOR_NAV
********************Time***************************
* Signal   tow(s)        Bias(ms)    Drift(ms/s) *
* gpsl1  482730.2262    11.2851      0.00147        *
***************************************************
********************DOP******************
* GDOP: 10.11  PDOP: 8.19  HDOP: 6.95    *
* VDOP: 4.33  TDOP: 5.93                *
*****************************************
********************Position********************************
* X: 2885638.36  Y: 1335096.27  Z: 5510645.73  Fom: 0.23   *
* dE:   0.00  dN:   0.00  dU:   0.00   *
************************************************************
********************Velocity*********************
VX:  -0.08  VY:  -0.05  VZ:  -0.10  Fom: 0.05   *
*************************************************

================================================================================
Processed epoch: 243
Number of Satellites      gpsl1: 5
Total number of satellites: 5
=========================== LSE solution ============================================

Navigation status: GOOD_FOR_NAV
********************Time***************************
* Signal   tow(s)        Bias(ms)    Drift(ms/s) *
* gpsl1  482730.3262    11.2850      0.00147        *
***************************************************
********************DOP******************
* GDOP: 10.11  PDOP: 8.19  HDOP: 6.95    *
* VDOP: 4.33  TDOP: 5.93                *
*****************************************
********************Position********************************
* X: 2885638.41  Y: 1335096.29  Z: 5510645.46  Fom: 0.23   *
* dE:   0.00  dN:   0.00  dU:   0.00   *
************************************************************
********************Velocity*********************
VX:  -0.11  VY:   0.03  VZ:  -0.51  Fom: 0.17   *
*************************************************

================================================================================
Processed epoch: 244
Number of Satellites      gpsl1: 5
Total number of satellites: 5
=========================== LSE solution ============================================

Navigation status: GOOD_FOR_NAV
********************Time***************************
* Signal   tow(s)        Bias(ms)    Drift(ms/s) *
* gpsl1  482730.4262    11.2848      0.00147        *
***************************************************
********************DOP******************
* GDOP: 10.11  PDOP: 8.19  HDOP: 6.95    *
* VDOP: 4.33  TDOP: 5.93                *
*****************************************
********************Position********************************
* X: 2885638.52  Y: 1335096.24  Z: 5510645.56  Fom: 0.22   *
* dE:   0.00  dN:   0.00  dU:   0.00   *
************************************************************
********************Velocity*********************
VX:  -0.07  VY:  -0.01  VZ:  -0.28  Fom: 0.10   *
*************************************************

================================================================================
Processed epoch: 245
Number of Satellites      gpsl1: 5
Total number of satellites: 5
=========================== LSE solution ============================================

Navigation status: GOOD_FOR_NAV
********************Time***************************
* Signal   tow(s)        Bias(ms)    Drift(ms/s) *
* gpsl1  482730.5262    11.2847      0.00147        *
***************************************************
********************DOP******************
* GDOP: 10.11  PDOP: 8.19  HDOP: 6.95    *
* VDOP: 4.33  TDOP: 5.93                *
*****************************************
********************Position********************************
* X: 2885638.51  Y: 1335096.28  Z: 5510645.01  Fom: 0.21   *
* dE:   0.00  dN:   0.00  dU:   0.00   *
************************************************************
********************Velocity*********************
VX:   0.02  VY:  -0.01  VZ:   0.27  Fom: 0.08   *
*************************************************

================================================================================
Processed epoch: 246
Number of Satellites      gpsl1: 5
Total number of satellites: 5
=========================== LSE solution ============================================

Navigation status: GOOD_FOR_NAV
********************Time***************************
* Signal   tow(s)        Bias(ms)    Drift(ms/s) *
* gpsl1  482730.6262    11.2845      0.00147        *
***************************************************
********************DOP******************
* GDOP: 10.11  PDOP: 8.19  HDOP: 6.95    *
* VDOP: 4.33  TDOP: 5.93                *
*****************************************
********************Position********************************
* X: 2885638.41  Y: 1335096.21  Z: 5510644.90  Fom: 0.21   *
* dE:   0.00  dN:   0.00  dU:   0.00   *
************************************************************
********************Velocity*********************
VX:   0.06  VY:  -0.04  VZ:   0.13  Fom: 0.05   *
*************************************************

================================================================================
Processed epoch: 247
Number of Satellites      gpsl1: 5
Total number of satellites: 5
=========================== LSE solution ============================================

Navigation status: GOOD_FOR_NAV
********************Time***************************
* Signal   tow(s)        Bias(ms)    Drift(ms/s) *
* gpsl1  482730.7262    11.2844      0.00147        *
***************************************************
********************DOP******************
* GDOP: 10.11  PDOP: 8.19  HDOP: 6.95    *
* VDOP: 4.33  TDOP: 5.93                *
*****************************************
********************Position********************************
* X: 2885638.65  Y: 1335096.22  Z: 5510645.42  Fom: 0.21   *
* dE:   0.00  dN:   0.00  dU:   0.00   *
************************************************************
********************Velocity*********************
VX:  -0.15  VY:   0.00  VZ:  -0.38  Fom: 0.14   *
*************************************************

================================================================================
Processed epoch: 248
Number of Satellites      gpsl1: 5
Total number of satellites: 5
=========================== LSE solution ============================================

Navigation status: GOOD_FOR_NAV
********************Time***************************
* Signal   tow(s)        Bias(ms)    Drift(ms/s) *
* gpsl1  482730.8262    11.2842      0.00147        *
***************************************************
********************DOP******************
* GDOP: 10.11  PDOP: 8.19  HDOP: 6.95    *
* VDOP: 4.33  TDOP: 5.93                *
*****************************************
********************Position********************************
* X: 2885638.63  Y: 1335096.26  Z: 5510645.43  Fom: 0.20   *
* dE:   0.00  dN:   0.00  dU:   0.00   *
************************************************************
********************Velocity*********************
VX:   0.03  VY:   0.06  VZ:   0.15  Fom: 0.06   *
*************************************************

================================================================================
Processed epoch: 249
Number of Satellites      gpsl1: 5
Total number of satellites: 5
=========================== LSE solution ============================================

Navigation status: GOOD_FOR_NAV
********************Time***************************
* Signal   tow(s)        Bias(ms)    Drift(ms/s) *
* gpsl1  482730.9262    11.2841      0.00147        *
***************************************************
********************DOP******************
* GDOP: 10.11  PDOP: 8.19  HDOP: 6.95    *
* VDOP: 4.33  TDOP: 5.93                *
*****************************************
********************Position********************************
* X: 2885638.73  Y: 1335096.19  Z: 5510645.56  Fom: 0.21   *
* dE:   0.00  dN:   0.00  dU:   0.00   *
************************************************************
********************Velocity*********************
VX:   0.01  VY:   0.02  VZ:   0.03  Fom: 0.01   *
*************************************************

================================================================================
Processed epoch: 250
Number of Satellites      gpsl1: 5
Total number of satellites: 5
=========================== LSE solution ============================================

Navigation status: GOOD_FOR_NAV
********************Time***************************
* Signal   tow(s)        Bias(ms)    Drift(ms/s) *
* gpsl1  482731.0262    11.2840      0.00147        *
***************************************************
********************DOP******************
* GDOP: 10.11  PDOP: 8.19  HDOP: 6.95    *
* VDOP: 4.33  TDOP: 5.93                *
*****************************************
********************Position********************************
* X: 2885638.80  Y: 1335096.20  Z: 5510645.45  Fom: 0.21   *
* dE:   0.00  dN:   0.00  dU:   0.00   *
************************************************************
********************Velocity*********************
VX:   0.01  VY:   0.01  VZ:   0.13  Fom: 0.04   *
*************************************************

================================================================================
Processed epoch: 251
Number of Satellites      gpsl1: 5
Total number of satellites: 5
=========================== LSE solution ============================================

Navigation status: GOOD_FOR_NAV
********************Time***************************
* Signal   tow(s)        Bias(ms)    Drift(ms/s) *
* gpsl1  482731.1262    11.2838      0.00147        *
***************************************************
********************DOP******************
* GDOP: 10.11  PDOP: 8.19  HDOP: 6.95    *
* VDOP: 4.33  TDOP: 5.92                *
*****************************************
********************Position********************************
* X: 2885638.78  Y: 1335096.16  Z: 5510645.52  Fom: 0.21   *
* dE:   0.00  dN:   0.00  dU:   0.00   *
************************************************************
********************Velocity*********************
VX:  -0.00  VY:  -0.01  VZ:   0.05  Fom: 0.02   *
*************************************************

================================================================================
Processed epoch: 252
Number of Satellites      gpsl1: 5
Total number of satellites: 5
=========================== LSE solution ============================================

Navigation status: GOOD_FOR_NAV
********************Time***************************
* Signal   tow(s)        Bias(ms)    Drift(ms/s) *
* gpsl1  482731.2262    11.2837      0.00147        *
***************************************************
********************DOP******************
* GDOP: 10.11  PDOP: 8.19  HDOP: 6.95    *
* VDOP: 4.33  TDOP: 5.92                *
*****************************************
********************Position********************************
* X: 2885638.90  Y: 1335096.16  Z: 5510645.24  Fom: 0.23   *
* dE:   0.00  dN:   0.00  dU:   0.00   *
************************************************************
********************Velocity*********************
VX:   0.02  VY:  -0.04  VZ:   0.30  Fom: 0.09   *
*************************************************

================================================================================
Processed epoch: 253
Number of Satellites      gpsl1: 5
Total number of satellites: 5
=========================== LSE solution ============================================

Navigation status: GOOD_FOR_NAV
********************Time***************************
* Signal   tow(s)        Bias(ms)    Drift(ms/s) *
* gpsl1  482731.3262    11.2835      0.00147        *
***************************************************
********************DOP******************
* GDOP: 10.11  PDOP: 8.19  HDOP: 6.95    *
* VDOP: 4.33  TDOP: 5.92                *
*****************************************
********************Position********************************
* X: 2885639.00  Y: 1335096.16  Z: 5510645.54  Fom: 0.23   *
* dE:   0.00  dN:   0.00  dU:   0.00   *
************************************************************
********************Velocity*********************
VX:  -0.00  VY:  -0.02  VZ:   0.14  Fom: 0.04   *
*************************************************

================================================================================
Processed epoch: 254
Number of Satellites      gpsl1: 5
Total number of satellites: 5
=========================== LSE solution ============================================

Navigation status: GOOD_FOR_NAV
********************Time***************************
* Signal   tow(s)        Bias(ms)    Drift(ms/s) *
* gpsl1  482731.4262    11.2834      0.00147        *
***************************************************
********************DOP******************
* GDOP: 10.11  PDOP: 8.19  HDOP: 6.95    *
* VDOP: 4.33  TDOP: 5.92                *
*****************************************
********************Position********************************
* X: 2885639.14  Y: 1335096.16  Z: 5510645.85  Fom: 0.23   *
* dE:   0.00  dN:   0.00  dU:   0.00   *
************************************************************
********************Velocity*********************
VX:  -0.06  VY:   0.00  VZ:  -0.13  Fom: 0.05   *
*************************************************

================================================================================
Processed epoch: 255
Number of Satellites      gpsl1: 5
Total number of satellites: 5
=========================== LSE solution ============================================

Navigation status: GOOD_FOR_NAV
********************Time***************************
* Signal   tow(s)        Bias(ms)    Drift(ms/s) *
* gpsl1  482731.5262    11.2832      0.00147        *
***************************************************
********************DOP******************
* GDOP: 10.11  PDOP: 8.19  HDOP: 6.95    *
* VDOP: 4.33  TDOP: 5.92                *
*****************************************
********************Position********************************
* X: 2885639.21  Y: 1335096.18  Z: 5510646.16  Fom: 0.23   *
* dE:   0.00  dN:   0.00  dU:   0.00   *
************************************************************
********************Velocity*********************
VX:   0.05  VY:   0.02  VZ:   0.08  Fom: 0.03   *
*************************************************

================================================================================
Processed epoch: 256
Number of Satellites      gpsl1: 5
Total number of satellites: 5
=========================== LSE solution ============================================

Navigation status: GOOD_FOR_NAV
********************Time***************************
* Signal   tow(s)        Bias(ms)    Drift(ms/s) *
* gpsl1  482731.6262    11.2831      0.00147        *
***************************************************
********************DOP******************
* GDOP: 10.11  PDOP: 8.19  HDOP: 6.95    *
* VDOP: 4.33  TDOP: 5.92                *
*****************************************
********************Position********************************
* X: 2885639.26  Y: 1335096.20  Z: 5510646.49  Fom: 0.23   *
* dE:   0.00  dN:   0.00  dU:   0.00   *
************************************************************
********************Velocity*********************
VX:  -0.00  VY:  -0.00  VZ:   0.07  Fom: 0.02   *
*************************************************

================================================================================
Processed epoch: 257
Number of Satellites      gpsl1: 5
Total number of satellites: 5
=========================== LSE solution ============================================

Navigation status: GOOD_FOR_NAV
********************Time***************************
* Signal   tow(s)        Bias(ms)    Drift(ms/s) *
* gpsl1  482731.7262    11.2829      0.00147        *
***************************************************
********************DOP******************
* GDOP: 10.10  PDOP: 8.19  HDOP: 6.95    *
* VDOP: 4.33  TDOP: 5.92                *
*****************************************
********************Position********************************
* X: 2885639.38  Y: 1335096.20  Z: 5510646.98  Fom: 0.25   *
* dE:   0.00  dN:   0.00  dU:   0.00   *
************************************************************
********************Velocity*********************
VX:   0.06  VY:   0.02  VZ:   0.26  Fom: 0.09   *
*************************************************

================================================================================
Processed epoch: 258
Number of Satellites      gpsl1: 5
Total number of satellites: 5
=========================== LSE solution ============================================

Navigation status: GOOD_FOR_NAV
********************Time***************************
* Signal   tow(s)        Bias(ms)    Drift(ms/s) *
* gpsl1  482731.8262    11.2828      0.00147        *
***************************************************
********************DOP******************
* GDOP: 10.10  PDOP: 8.19  HDOP: 6.95    *
* VDOP: 4.33  TDOP: 5.92                *
*****************************************
********************Position********************************
* X: 2885639.31  Y: 1335096.13  Z: 5510646.87  Fom: 0.23   *
* dE:   0.00  dN:   0.00  dU:   0.00   *
************************************************************
********************Velocity*********************
VX:   0.10  VY:   0.01  VZ:   0.19  Fom: 0.08   *
*************************************************

================================================================================
Processed epoch: 259
Number of Satellites      gpsl1: 5
Total number of satellites: 5
=========================== LSE solution ============================================

Navigation status: GOOD_FOR_NAV
********************Time***************************
* Signal   tow(s)        Bias(ms)    Drift(ms/s) *
* gpsl1  482731.9262    11.2826      0.00147        *
***************************************************
********************DOP******************
* GDOP: 10.10  PDOP: 8.19  HDOP: 6.95    *
* VDOP: 4.33  TDOP: 5.92                *
*****************************************
********************Position********************************
* X: 2885639.44  Y: 1335096.22  Z: 5510647.52  Fom: 0.24   *
* dE:   0.00  dN:   0.00  dU:   0.00   *
************************************************************
********************Velocity*********************
VX:  -0.00  VY:   0.01  VZ:   0.10  Fom: 0.03   *
*************************************************

================================================================================
Processed epoch: 260
Number of Satellites      gpsl1: 5
Total number of satellites: 5
=========================== LSE solution ============================================

Navigation status: GOOD_FOR_NAV
********************Time***************************
* Signal   tow(s)        Bias(ms)    Drift(ms/s) *
* gpsl1  482732.0262    11.2825      0.00147        *
***************************************************
********************DOP******************
* GDOP: 10.10  PDOP: 8.19  HDOP: 6.95    *
* VDOP: 4.33  TDOP: 5.92                *
*****************************************
********************Position********************************
* X: 2885639.50  Y: 1335096.29  Z: 5510647.88  Fom: 0.25   *
* dE:   0.00  dN:   0.00  dU:   0.00   *
************************************************************
********************Velocity*********************
VX:  -0.06  VY:  -0.02  VZ:  -0.07  Fom: 0.03   *
*************************************************

================================================================================
Processed epoch: 261
Number of Satellites      gpsl1: 5
Total number of satellites: 5
=========================== LSE solution ============================================

Navigation status: GOOD_FOR_NAV
********************Time***************************
* Signal   tow(s)        Bias(ms)    Drift(ms/s) *
* gpsl1  482732.1262    11.2824      0.00147        *
***************************************************
********************DOP******************
* GDOP: 10.10  PDOP: 8.19  HDOP: 6.95    *
* VDOP: 4.33  TDOP: 5.92                *
*****************************************
********************Position********************************
* X: 2885639.82  Y: 1335096.27  Z: 5510648.48  Fom: 0.27   *
* dE:   0.00  dN:   0.00  dU:   0.00   *
************************************************************
********************Velocity*********************
VX:   0.04  VY:   0.01  VZ:   0.23  Fom: 0.08   *
*************************************************

================================================================================
Processed epoch: 262
Number of Satellites      gpsl1: 5
Total number of satellites: 5
=========================== LSE solution ============================================

Navigation status: GOOD_FOR_NAV
********************Time***************************
* Signal   tow(s)        Bias(ms)    Drift(ms/s) *
* gpsl1  482732.2262    11.2822      0.00147        *
***************************************************
********************DOP******************
* GDOP: 10.10  PDOP: 8.19  HDOP: 6.95    *
* VDOP: 4.33  TDOP: 5.92                *
*****************************************
********************Position********************************
* X: 2885639.73  Y: 1335096.24  Z: 5510648.28  Fom: 0.28   *
* dE:   0.00  dN:   0.00  dU:   0.00   *
************************************************************
********************Velocity*********************
VX:   0.00  VY:  -0.01  VZ:  -0.00  Fom: 0.00   *
*************************************************

================================================================================
Processed epoch: 263
Number of Satellites      gpsl1: 5
Total number of satellites: 5
=========================== LSE solution ============================================

Navigation status: GOOD_FOR_NAV
********************Time***************************
* Signal   tow(s)        Bias(ms)    Drift(ms/s) *
* gpsl1  482732.3262    11.2821      0.00147        *
***************************************************
********************DOP******************
* GDOP: 10.10  PDOP: 8.18  HDOP: 6.95    *
* VDOP: 4.33  TDOP: 5.92                *
*****************************************
********************Position********************************
* X: 2885639.94  Y: 1335096.33  Z: 5510648.81  Fom: 0.28   *
* dE:   0.00  dN:   0.00  dU:   0.00   *
************************************************************
********************Velocity*********************
VX:   0.00  VY:   0.01  VZ:  -0.10  Fom: 0.03   *
*************************************************

================================================================================
Processed epoch: 264
Number of Satellites      gpsl1: 5
Total number of satellites: 5
=========================== LSE solution ============================================

Navigation status: GOOD_FOR_NAV
********************Time***************************
* Signal   tow(s)        Bias(ms)    Drift(ms/s) *
* gpsl1  482732.4262    11.2819      0.00147        *
***************************************************
********************DOP******************
* GDOP: 10.10  PDOP: 8.18  HDOP: 6.95    *
* VDOP: 4.33  TDOP: 5.92                *
*****************************************
********************Position********************************
* X: 2885639.86  Y: 1335096.34  Z: 5510648.62  Fom: 0.29   *
* dE:   0.00  dN:   0.00  dU:   0.00   *
************************************************************
********************Velocity*********************
VX:  -0.05  VY:   0.03  VZ:  -0.04  Fom: 0.02   *
*************************************************

================================================================================
Processed epoch: 265
Number of Satellites      gpsl1: 5
Total number of satellites: 5
=========================== LSE solution ============================================

Navigation status: GOOD_FOR_NAV
********************Time***************************
* Signal   tow(s)        Bias(ms)    Drift(ms/s) *
* gpsl1  482732.5262    11.2818      0.00147        *
***************************************************
********************DOP******************
* GDOP: 10.10  PDOP: 8.18  HDOP: 6.95    *
* VDOP: 4.33  TDOP: 5.92                *
*****************************************
********************Position********************************
* X: 2885639.82  Y: 1335096.33  Z: 5510648.50  Fom: 0.28   *
* dE:   0.00  dN:   0.00  dU:   0.00   *
************************************************************
********************Velocity*********************
VX:  -0.03  VY:  -0.00  VZ:  -0.02  Fom: 0.01   *
*************************************************

================================================================================
Processed epoch: 266
Number of Satellites      gpsl1: 5
Total number of satellites: 5
=========================== LSE solution ============================================

Navigation status: GOOD_FOR_NAV
********************Time***************************
* Signal   tow(s)        Bias(ms)    Drift(ms/s) *
* gpsl1  482732.6262    11.2816      0.00147        *
***************************************************
********************DOP******************
* GDOP: 10.10  PDOP: 8.18  HDOP: 6.95    *
* VDOP: 4.33  TDOP: 5.92                *
*****************************************
********************Position********************************
* X: 2885640.00  Y: 1335096.34  Z: 5510648.88  Fom: 0.27   *
* dE:   0.00  dN:   0.00  dU:   0.00   *
************************************************************
********************Velocity*********************
VX:  -0.04  VY:   0.04  VZ:  -0.11  Fom: 0.04   *
*************************************************

================================================================================
Processed epoch: 267
Number of Satellites      gpsl1: 5
Total number of satellites: 5
=========================== LSE solution ============================================

Navigation status: GOOD_FOR_NAV
********************Time***************************
* Signal   tow(s)        Bias(ms)    Drift(ms/s) *
* gpsl1  482732.7262    11.2815      0.00147        *
***************************************************
********************DOP******************
* GDOP: 10.10  PDOP: 8.18  HDOP: 6.95    *
* VDOP: 4.33  TDOP: 5.92                *
*****************************************
********************Position********************************
* X: 2885639.96  Y: 1335096.36  Z: 5510648.77  Fom: 0.25   *
* dE:   0.00  dN:   0.00  dU:   0.00   *
************************************************************
********************Velocity*********************
VX:  -0.02  VY:  -0.04  VZ:   0.07  Fom: 0.02   *
*************************************************

================================================================================
Processed epoch: 268
Number of Satellites      gpsl1: 5
Total number of satellites: 5
=========================== LSE solution ============================================

Navigation status: GOOD_FOR_NAV
********************Time***************************
* Signal   tow(s)        Bias(ms)    Drift(ms/s) *
* gpsl1  482732.8262    11.2813      0.00147        *
***************************************************
********************DOP******************
* GDOP: 10.10  PDOP: 8.18  HDOP: 6.94    *
* VDOP: 4.33  TDOP: 5.92                *
*****************************************
********************Position********************************
* X: 2885639.99  Y: 1335096.32  Z: 5510648.85  Fom: 0.25   *
* dE:   0.00  dN:   0.00  dU:   0.00   *
************************************************************
********************Velocity*********************
VX:   0.01  VY:   0.01  VZ:   0.22  Fom: 0.07   *
*************************************************

================================================================================
Processed epoch: 269
Number of Satellites      gpsl1: 5
Total number of satellites: 5
=========================== LSE solution ============================================

Navigation status: GOOD_FOR_NAV
********************Time***************************
* Signal   tow(s)        Bias(ms)    Drift(ms/s) *
* gpsl1  482732.9262    11.2812      0.00147        *
***************************************************
********************DOP******************
* GDOP: 10.10  PDOP: 8.18  HDOP: 6.94    *
* VDOP: 4.33  TDOP: 5.92                *
*****************************************
********************Position********************************
* X: 2885640.09  Y: 1335096.31  Z: 5510648.87  Fom: 0.25   *
* dE:   0.00  dN:   0.00  dU:   0.00   *
************************************************************
********************Velocity*********************
VX:   0.09  VY:   0.05  VZ:   0.15  Fom: 0.07   *
*************************************************

================================================================================
Processed epoch: 270
Number of Satellites      gpsl1: 5
Total number of satellites: 5
=========================== LSE solution ============================================

Navigation status: GOOD_FOR_NAV
********************Time***************************
* Signal   tow(s)        Bias(ms)    Drift(ms/s) *
* gpsl1  482733.0262    11.2810      0.00147        *
***************************************************
********************DOP******************
* GDOP: 10.10  PDOP: 8.18  HDOP: 6.94    *
* VDOP: 4.33  TDOP: 5.92                *
*****************************************
********************Position********************************
* X: 2885640.36  Y: 1335096.38  Z: 5510649.11  Fom: 0.25   *
* dE:   0.00  dN:   0.00  dU:   0.00   *
************************************************************
********************Velocity*********************
VX:   0.03  VY:   0.01  VZ:  -0.03  Fom: 0.01   *
*************************************************

================================================================================
Processed epoch: 271
Number of Satellites      gpsl1: 5
Total number of satellites: 5
=========================== LSE solution ============================================

Navigation status: GOOD_FOR_NAV
********************Time***************************
* Signal   tow(s)        Bias(ms)    Drift(ms/s) *
* gpsl1  482733.1262    11.2809      0.00147        *
***************************************************
********************DOP******************
* GDOP: 10.10  PDOP: 8.18  HDOP: 6.94    *
* VDOP: 4.33  TDOP: 5.92                *
*****************************************
********************Position********************************
* X: 2885640.21  Y: 1335096.35  Z: 5510648.67  Fom: 0.25   *
* dE:   0.00  dN:   0.00  dU:   0.00   *
************************************************************
********************Velocity*********************
VX:   0.09  VY:  -0.01  VZ:   0.31  Fom: 0.11   *
*************************************************

================================================================================
Processed epoch: 272
Number of Satellites      gpsl1: 5
Total number of satellites: 5
=========================== LSE solution ============================================

Navigation status: GOOD_FOR_NAV
********************Time***************************
* Signal   tow(s)        Bias(ms)    Drift(ms/s) *
* gpsl1  482733.2262    11.2807      0.00147        *
***************************************************
********************DOP******************
* GDOP: 10.10  PDOP: 8.18  HDOP: 6.94    *
* VDOP: 4.33  TDOP: 5.92                *
*****************************************
********************Position********************************
* X: 2885640.14  Y: 1335096.24  Z: 5510648.37  Fom: 0.26   *
* dE:   0.00  dN:   0.00  dU:   0.00   *
************************************************************
********************Velocity*********************
VX:  -0.06  VY:   0.00  VZ:  -0.17  Fom: 0.06   *
*************************************************

================================================================================
Processed epoch: 273
Number of Satellites      gpsl1: 5
Total number of satellites: 5
=========================== LSE solution ============================================

Navigation status: GOOD_FOR_NAV
********************Time***************************
* Signal   tow(s)        Bias(ms)    Drift(ms/s) *
* gpsl1  482733.3262    11.2806      0.00147        *
***************************************************
********************DOP******************
* GDOP: 10.10  PDOP: 8.18  HDOP: 6.94    *
* VDOP: 4.33  TDOP: 5.92                *
*****************************************
********************Position********************************
* X: 2885640.25  Y: 1335096.26  Z: 5510648.69  Fom: 0.26   *
* dE:   0.00  dN:   0.00  dU:   0.00   *
************************************************************
********************Velocity*********************
VX:  -0.09  VY:  -0.01  VZ:  -0.33  Fom: 0.12   *
*************************************************

================================================================================
Processed epoch: 274
Number of Satellites      gpsl1: 5
Total number of satellites: 5
=========================== LSE solution ============================================

Navigation status: GOOD_FOR_NAV
********************Time***************************
* Signal   tow(s)        Bias(ms)    Drift(ms/s) *
* gpsl1  482733.4262    11.2805      0.00147        *
***************************************************
********************DOP******************
* GDOP: 10.10  PDOP: 8.18  HDOP: 6.94    *
* VDOP: 4.33  TDOP: 5.92                *
*****************************************
********************Position********************************
* X: 2885640.22  Y: 1335096.26  Z: 5510648.55  Fom: 0.26   *
* dE:   0.00  dN:   0.00  dU:   0.00   *
************************************************************
********************Velocity*********************
VX:  -0.04  VY:  -0.05  VZ:   0.06  Fom: 0.02   *
*************************************************

================================================================================
Processed epoch: 275
Number of Satellites      gpsl1: 5
Total number of satellites: 5
=========================== LSE solution ============================================

Navigation status: GOOD_FOR_NAV
********************Time***************************
* Signal   tow(s)        Bias(ms)    Drift(ms/s) *
* gpsl1  482733.5262    11.2803      0.00147        *
***************************************************
********************DOP******************
* GDOP: 10.10  PDOP: 8.18  HDOP: 6.94    *
* VDOP: 4.33  TDOP: 5.92                *
*****************************************
********************Position********************************
* X: 2885640.42  Y: 1335096.24  Z: 5510648.94  Fom: 0.26   *
* dE:   0.00  dN:   0.00  dU:   0.00   *
************************************************************
********************Velocity*********************
VX:   0.02  VY:  -0.04  VZ:   0.15  Fom: 0.05   *
*************************************************

================================================================================
Processed epoch: 276
Number of Satellites      gpsl1: 5
Total number of satellites: 5
=========================== LSE solution ============================================

Navigation status: GOOD_FOR_NAV
********************Time***************************
* Signal   tow(s)        Bias(ms)    Drift(ms/s) *
* gpsl1  482733.6262    11.2802      0.00147        *
***************************************************
********************DOP******************
* GDOP: 10.10  PDOP: 8.18  HDOP: 6.94    *
* VDOP: 4.33  TDOP: 5.92                *
*****************************************
********************Position********************************
* X: 2885640.57  Y: 1335096.22  Z: 5510649.20  Fom: 0.26   *
* dE:   0.00  dN:   0.00  dU:   0.00   *
************************************************************
********************Velocity*********************
VX:  -0.05  VY:   0.04  VZ:  -0.27  Fom: 0.09   *
*************************************************

================================================================================
Processed epoch: 277
Number of Satellites      gpsl1: 5
Total number of satellites: 5
=========================== LSE solution ============================================

Navigation status: GOOD_FOR_NAV
********************Time***************************
* Signal   tow(s)        Bias(ms)    Drift(ms/s) *
* gpsl1  482733.7262    11.2800      0.00147        *
***************************************************
********************DOP******************
* GDOP: 10.10  PDOP: 8.18  HDOP: 6.94    *
* VDOP: 4.33  TDOP: 5.92                *
*****************************************
********************Position********************************
* X: 2885640.73  Y: 1335096.12  Z: 5510649.69  Fom: 0.25   *
* dE:   0.00  dN:   0.00  dU:   0.00   *
************************************************************
********************Velocity*********************
VX:  -0.02  VY:   0.02  VZ:  -0.13  Fom: 0.04   *
*************************************************

================================================================================
Processed epoch: 278
Number of Satellites      gpsl1: 5
Total number of satellites: 5
=========================== LSE solution ============================================

Navigation status: GOOD_FOR_NAV
********************Time***************************
* Signal   tow(s)        Bias(ms)    Drift(ms/s) *
* gpsl1  482733.8262    11.2799      0.00147        *
***************************************************
********************DOP******************
* GDOP: 10.10  PDOP: 8.18  HDOP: 6.94    *
* VDOP: 4.33  TDOP: 5.92                *
*****************************************
********************Position********************************
* X: 2885640.54  Y: 1335096.08  Z: 5510649.29  Fom: 0.25   *
* dE:   0.00  dN:   0.00  dU:   0.00   *
************************************************************
********************Velocity*********************
VX:   0.09  VY:   0.00  VZ:   0.34  Fom: 0.12   *
*************************************************

================================================================================
Processed epoch: 279
Number of Satellites      gpsl1: 5
Total number of satellites: 5
=========================== LSE solution ============================================

Navigation status: GOOD_FOR_NAV
********************Time***************************
* Signal   tow(s)        Bias(ms)    Drift(ms/s) *
* gpsl1  482733.9262    11.2797      0.00147        *
***************************************************
********************DOP******************
* GDOP: 10.10  PDOP: 8.18  HDOP: 6.94    *
* VDOP: 4.33  TDOP: 5.92                *
*****************************************
********************Position********************************
* X: 2885640.72  Y: 1335096.04  Z: 5510649.68  Fom: 0.24   *
* dE:   0.00  dN:   0.00  dU:   0.00   *
************************************************************
********************Velocity*********************
VX:  -0.07  VY:  -0.01  VZ:  -0.09  Fom: 0.04   *
*************************************************

================================================================================
Processed epoch: 280
Number of Satellites      gpsl1: 5
Total number of satellites: 5
=========================== LSE solution ============================================

Navigation status: GOOD_FOR_NAV
********************Time***************************
* Signal   tow(s)        Bias(ms)    Drift(ms/s) *
* gpsl1  482734.0262    11.2796      0.00147        *
***************************************************
********************DOP******************
* GDOP: 10.10  PDOP: 8.18  HDOP: 6.94    *
* VDOP: 4.33  TDOP: 5.92                *
*****************************************
********************Position********************************
* X: 2885640.68  Y: 1335095.99  Z: 5510649.74  Fom: 0.24   *
* dE:   0.00  dN:   0.00  dU:   0.00   *
************************************************************
********************Velocity*********************
VX:  -0.04  VY:   0.05  VZ:  -0.15  Fom: 0.05   *
*************************************************

================================================================================
Processed epoch: 281
Number of Satellites      gpsl1: 5
Total number of satellites: 5
=========================== LSE solution ============================================

Navigation status: GOOD_FOR_NAV
********************Time***************************
* Signal   tow(s)        Bias(ms)    Drift(ms/s) *
* gpsl1  482734.1262    11.2794      0.00147        *
***************************************************
********************DOP******************
* GDOP: 10.09  PDOP: 8.18  HDOP: 6.94    *
* VDOP: 4.33  TDOP: 5.92                *
*****************************************
********************Position********************************
* X: 2885640.68  Y: 1335095.99  Z: 5510649.77  Fom: 0.24   *
* dE:   0.00  dN:   0.00  dU:   0.00   *
************************************************************
********************Velocity*********************
VX:  -0.04  VY:   0.00  VZ:  -0.02  Fom: 0.01   *
*************************************************

================================================================================
Processed epoch: 282
Number of Satellites      gpsl1: 5
Total number of satellites: 5
=========================== LSE solution ============================================

Navigation status: GOOD_FOR_NAV
********************Time***************************
* Signal   tow(s)        Bias(ms)    Drift(ms/s) *
* gpsl1  482734.2262    11.2793      0.00147        *
***************************************************
********************DOP******************
* GDOP: 10.09  PDOP: 8.18  HDOP: 6.94    *
* VDOP: 4.33  TDOP: 5.92                *
*****************************************
********************Position********************************
* X: 2885640.87  Y: 1335096.00  Z: 5510649.76  Fom: 0.25   *
* dE:   0.00  dN:   0.00  dU:   0.00   *
************************************************************
********************Velocity*********************
VX:  -0.06  VY:  -0.01  VZ:  -0.31  Fom: 0.10   *
*************************************************

================================================================================
Processed epoch: 283
Number of Satellites      gpsl1: 5
Total number of satellites: 5
=========================== LSE solution ============================================

Navigation status: GOOD_FOR_NAV
********************Time***************************
* Signal   tow(s)        Bias(ms)    Drift(ms/s) *
* gpsl1  482734.3262    11.2791      0.00147        *
***************************************************
********************DOP******************
* GDOP: 10.09  PDOP: 8.18  HDOP: 6.94    *
* VDOP: 4.33  TDOP: 5.92                *
*****************************************
********************Position********************************
* X: 2885640.53  Y: 1335096.01  Z: 5510649.02  Fom: 0.24   *
* dE:   0.00  dN:   0.00  dU:   0.00   *
************************************************************
********************Velocity*********************
VX:  -0.09  VY:  -0.00  VZ:  -0.32  Fom: 0.11   *
*************************************************

================================================================================
Processed epoch: 284
Number of Satellites      gpsl1: 5
Total number of satellites: 5
=========================== LSE solution ============================================

Navigation status: GOOD_FOR_NAV
********************Time***************************
* Signal   tow(s)        Bias(ms)    Drift(ms/s) *
* gpsl1  482734.4262    11.2790      0.00147        *
***************************************************
********************DOP******************
* GDOP: 10.09  PDOP: 8.18  HDOP: 6.94    *
* VDOP: 4.33  TDOP: 5.92                *
*****************************************
********************Position********************************
* X: 2885640.64  Y: 1335096.10  Z: 5510649.46  Fom: 0.23   *
* dE:   0.00  dN:   0.00  dU:   0.00   *
************************************************************
********************Velocity*********************
VX:   0.03  VY:   0.00  VZ:   0.18  Fom: 0.06   *
*************************************************

================================================================================
Processed epoch: 285
Number of Satellites      gpsl1: 5
Total number of satellites: 5
=========================== LSE solution ============================================

Navigation status: GOOD_FOR_NAV
********************Time***************************
* Signal   tow(s)        Bias(ms)    Drift(ms/s) *
* gpsl1  482734.5262    11.2789      0.00147        *
***************************************************
********************DOP******************
* GDOP: 10.09  PDOP: 8.18  HDOP: 6.94    *
* VDOP: 4.33  TDOP: 5.92                *
*****************************************
********************Position********************************
* X: 2885640.62  Y: 1335096.20  Z: 5510649.73  Fom: 0.22   *
* dE:   0.00  dN:   0.00  dU:   0.00   *
************************************************************
********************Velocity*********************
VX:  -0.03  VY:  -0.06  VZ:   0.04  Fom: 0.02   *
*************************************************

================================================================================
Processed epoch: 286
Number of Satellites      gpsl1: 5
Total number of satellites: 5
=========================== LSE solution ============================================

Navigation status: GOOD_FOR_NAV
********************Time***************************
* Signal   tow(s)        Bias(ms)    Drift(ms/s) *
* gpsl1  482734.6262    11.2787      0.00147        *
***************************************************
********************DOP******************
* GDOP: 10.09  PDOP: 8.18  HDOP: 6.94    *
* VDOP: 4.33  TDOP: 5.92                *
*****************************************
********************Position********************************
* X: 2885640.69  Y: 1335096.14  Z: 5510649.95  Fom: 0.22   *
* dE:   0.00  dN:   0.00  dU:   0.00   *
************************************************************
********************Velocity*********************
VX:   0.17  VY:   0.01  VZ:   0.50  Fom: 0.18   *
*************************************************

================================================================================
Processed epoch: 287
Number of Satellites      gpsl1: 5
Total number of satellites: 5
=========================== LSE solution ============================================

Navigation status: GOOD_FOR_NAV
********************Time***************************
* Signal   tow(s)        Bias(ms)    Drift(ms/s) *
* gpsl1  482734.7262    11.2786      0.00147        *
***************************************************
********************DOP******************
* GDOP: 10.09  PDOP: 8.18  HDOP: 6.94    *
* VDOP: 4.33  TDOP: 5.92                *
*****************************************
********************Position********************************
* X: 2885640.56  Y: 1335096.14  Z: 5510649.73  Fom: 0.22   *
* dE:   0.00  dN:   0.00  dU:   0.00   *
************************************************************
********************Velocity*********************
VX:  -0.01  VY:   0.02  VZ:  -0.03  Fom: 0.01   *
*************************************************

================================================================================
Processed epoch: 288
Number of Satellites      gpsl1: 5
Total number of satellites: 5
=========================== LSE solution ============================================

Navigation status: GOOD_FOR_NAV
********************Time***************************
* Signal   tow(s)        Bias(ms)    Drift(ms/s) *
* gpsl1  482734.8262    11.2784      0.00147        *
***************************************************
********************DOP******************
* GDOP: 10.09  PDOP: 8.18  HDOP: 6.94    *
* VDOP: 4.33  TDOP: 5.92                *
*****************************************
********************Position********************************
* X: 2885640.54  Y: 1335096.11  Z: 5510649.51  Fom: 0.23   *
* dE:   0.00  dN:   0.00  dU:   0.00   *
************************************************************
********************Velocity*********************
VX:  -0.08  VY:   0.01  VZ:  -0.15  Fom: 0.06   *
*************************************************

================================================================================
Processed epoch: 289
Number of Satellites      gpsl1: 5
Total number of satellites: 5
=========================== LSE solution ============================================

Navigation status: GOOD_FOR_NAV
********************Time***************************
* Signal   tow(s)        Bias(ms)    Drift(ms/s) *
* gpsl1  482734.9262    11.2783      0.00147        *
***************************************************
********************DOP******************
* GDOP: 10.09  PDOP: 8.18  HDOP: 6.94    *
* VDOP: 4.33  TDOP: 5.92                *
*****************************************
********************Position********************************
* X: 2885640.36  Y: 1335096.08  Z: 5510648.97  Fom: 0.23   *
* dE:   0.00  dN:   0.00  dU:   0.00   *
************************************************************
********************Velocity*********************
VX:   0.12  VY:  -0.01  VZ:   0.43  Fom: 0.15   *
*************************************************

================================================================================
Processed epoch: 290
Number of Satellites      gpsl1: 5
Total number of satellites: 5
=========================== LSE solution ============================================

Navigation status: GOOD_FOR_NAV
********************Time***************************
* Signal   tow(s)        Bias(ms)    Drift(ms/s) *
* gpsl1  482735.0262    11.2781      0.00147        *
***************************************************
********************DOP******************
* GDOP: 10.09  PDOP: 8.18  HDOP: 6.94    *
* VDOP: 4.33  TDOP: 5.92                *
*****************************************
********************Position********************************
* X: 2885640.58  Y: 1335096.19  Z: 5510649.51  Fom: 0.23   *
* dE:   0.00  dN:   0.00  dU:   0.00   *
************************************************************
********************Velocity*********************
VX:  -0.02  VY:  -0.02  VZ:   0.06  Fom: 0.02   *
*************************************************

================================================================================
Processed epoch: 291
Number of Satellites      gpsl1: 5
Total number of satellites: 5
=========================== LSE solution ============================================

Navigation status: GOOD_FOR_NAV
********************Time***************************
* Signal   tow(s)        Bias(ms)    Drift(ms/s) *
* gpsl1  482735.1262    11.2780      0.00147        *
***************************************************
********************DOP******************
* GDOP: 10.09  PDOP: 8.18  HDOP: 6.94    *
* VDOP: 4.33  TDOP: 5.91                *
*****************************************
********************Position********************************
* X: 2885640.63  Y: 1335096.14  Z: 5510649.69  Fom: 0.23   *
* dE:   0.00  dN:   0.00  dU:   0.00   *
************************************************************
********************Velocity*********************
VX:  -0.08  VY:   0.00  VZ:  -0.17  Fom: 0.07   *
*************************************************

================================================================================
Processed epoch: 292
Number of Satellites      gpsl1: 5
Total number of satellites: 5
=========================== LSE solution ============================================

Navigation status: GOOD_FOR_NAV
********************Time***************************
* Signal   tow(s)        Bias(ms)    Drift(ms/s) *
* gpsl1  482735.2262    11.2778      0.00147        *
***************************************************
********************DOP******************
* GDOP: 10.09  PDOP: 8.17  HDOP: 6.94    *
* VDOP: 4.33  TDOP: 5.91                *
*****************************************
********************Position********************************
* X: 2885640.94  Y: 1335096.16  Z: 5510650.46  Fom: 0.24   *
* dE:   0.00  dN:   0.00  dU:   0.00   *
************************************************************
********************Velocity*********************
VX:  -0.04  VY:  -0.02  VZ:  -0.18  Fom: 0.06   *
*************************************************

================================================================================
Processed epoch: 293
Number of Satellites      gpsl1: 5
Total number of satellites: 5
=========================== LSE solution ============================================

Navigation status: GOOD_FOR_NAV
********************Time***************************
* Signal   tow(s)        Bias(ms)    Drift(ms/s) *
* gpsl1  482735.3262    11.2777      0.00147        *
***************************************************
********************DOP******************
* GDOP: 10.09  PDOP: 8.17  HDOP: 6.94    *
* VDOP: 4.33  TDOP: 5.91                *
*****************************************
********************Position********************************
* X: 2885640.90  Y: 1335096.26  Z: 5510650.24  Fom: 0.24   *
* dE:   0.00  dN:   0.00  dU:   0.00   *
************************************************************
********************Velocity*********************
VX:   0.06  VY:   0.01  VZ:   0.13  Fom: 0.05   *
*************************************************

================================================================================
Processed epoch: 294
Number of Satellites      gpsl1: 5
Total number of satellites: 5
=========================== LSE solution ============================================

Navigation status: GOOD_FOR_NAV
********************Time***************************
* Signal   tow(s)        Bias(ms)    Drift(ms/s) *
* gpsl1  482735.4262    11.2775      0.00147        *
***************************************************
********************DOP******************
* GDOP: 10.09  PDOP: 8.17  HDOP: 6.94    *
* VDOP: 4.33  TDOP: 5.91                *
*****************************************
********************Position********************************
* X: 2885640.99  Y: 1335096.21  Z: 5510650.49  Fom: 0.25   *
* dE:   0.00  dN:   0.00  dU:   0.00   *
************************************************************
********************Velocity*********************
VX:   0.05  VY:  -0.00  VZ:   0.19  Fom: 0.07   *
*************************************************

================================================================================
Processed epoch: 295
Number of Satellites      gpsl1: 5
Total number of satellites: 5
=========================== LSE solution ============================================

Navigation status: GOOD_FOR_NAV
********************Time***************************
* Signal   tow(s)        Bias(ms)    Drift(ms/s) *
* gpsl1  482735.5262    11.2774      0.00147        *
***************************************************
********************DOP******************
* GDOP: 10.09  PDOP: 8.17  HDOP: 6.94    *
* VDOP: 4.33  TDOP: 5.91                *
*****************************************
********************Position********************************
* X: 2885641.10  Y: 1335096.16  Z: 5510650.83  Fom: 0.23   *
* dE:   0.00  dN:   0.00  dU:   0.00   *
************************************************************
********************Velocity*********************
VX:  -0.04  VY:   0.03  VZ:  -0.27  Fom: 0.09   *
*************************************************

================================================================================
Processed epoch: 296
Number of Satellites      gpsl1: 5
Total number of satellites: 5
=========================== LSE solution ============================================

Navigation status: GOOD_FOR_NAV
********************Time***************************
* Signal   tow(s)        Bias(ms)    Drift(ms/s) *
* gpsl1  482735.6262    11.2772      0.00147        *
***************************************************
********************DOP******************
* GDOP: 10.09  PDOP: 8.17  HDOP: 6.94    *
* VDOP: 4.33  TDOP: 5.91                *
*****************************************
********************Position********************************
* X: 2885640.97  Y: 1335096.11  Z: 5510650.93  Fom: 0.24   *
* dE:   0.00  dN:   0.00  dU:   0.00   *
************************************************************
********************Velocity*********************
VX:  -0.02  VY:   0.01  VZ:  -0.03  Fom: 0.01   *
*************************************************

================================================================================
Processed epoch: 297
Number of Satellites      gpsl1: 5
Total number of satellites: 5
=========================== LSE solution ============================================

Navigation status: GOOD_FOR_NAV
********************Time***************************
* Signal   tow(s)        Bias(ms)    Drift(ms/s) *
* gpsl1  482735.7262    11.2771      0.00147        *
***************************************************
********************DOP******************
* GDOP: 10.09  PDOP: 8.17  HDOP: 6.94    *
* VDOP: 4.32  TDOP: 5.91                *
*****************************************
********************Position********************************
* X: 2885640.99  Y: 1335096.14  Z: 5510651.05  Fom: 0.24   *
* dE:   0.00  dN:   0.00  dU:   0.00   *
************************************************************
********************Velocity*********************
VX:   0.06  VY:   0.01  VZ:   0.25  Fom: 0.09   *
*************************************************

================================================================================
Processed epoch: 298
Number of Satellites      gpsl1: 5
Total number of satellites: 5
=========================== LSE solution ============================================

Navigation status: GOOD_FOR_NAV
********************Time***************************
* Signal   tow(s)        Bias(ms)    Drift(ms/s) *
* gpsl1  482735.8262    11.2770      0.00147        *
***************************************************
********************DOP******************
* GDOP: 10.09  PDOP: 8.17  HDOP: 6.93    *
* VDOP: 4.32  TDOP: 5.91                *
*****************************************
********************Position********************************
* X: 2885640.91  Y: 1335096.10  Z: 5510651.40  Fom: 0.22   *
* dE:   0.00  dN:   0.00  dU:   0.00   *
************************************************************
********************Velocity*********************
VX:   0.04  VY:   0.02  VZ:   0.16  Fom: 0.06   *
*************************************************

================================================================================
Processed epoch: 299
Number of Satellites      gpsl1: 5
Total number of satellites: 5
=========================== LSE solution ============================================

Navigation status: GOOD_FOR_NAV
********************Time***************************
* Signal   tow(s)        Bias(ms)    Drift(ms/s) *
* gpsl1  482735.9262    11.2768      0.00147        *
***************************************************
********************DOP******************
* GDOP: 10.09  PDOP: 8.17  HDOP: 6.93    *
* VDOP: 4.32  TDOP: 5.91                *
*****************************************
********************Position********************************
* X: 2885640.68  Y: 1335096.07  Z: 5510650.64  Fom: 0.20   *
* dE:   0.00  dN:   0.00  dU:   0.00   *
************************************************************
********************Velocity*********************
VX:   0.02  VY:  -0.02  VZ:   0.12  Fom: 0.04   *
*************************************************

================================================================================
Processed epoch: 300
Number of Satellites      gpsl1: 5
Total number of satellites: 5
=========================== LSE solution ============================================

Navigation status: GOOD_FOR_NAV
********************Time***************************
* Signal   tow(s)        Bias(ms)    Drift(ms/s) *
* gpsl1  482736.0262    11.2767      0.00147        *
***************************************************
********************DOP******************
* GDOP: 10.09  PDOP: 8.17  HDOP: 6.93    *
* VDOP: 4.32  TDOP: 5.91                *
*****************************************
********************Position********************************
* X: 2885640.63  Y: 1335096.05  Z: 5510650.55  Fom: 0.19   *
* dE:   0.00  dN:   0.00  dU:   0.00   *
************************************************************
********************Velocity*********************
VX:   0.01  VY:   0.01  VZ:   0.02  Fom: 0.01   *
*************************************************

================================================================================
Processed epoch: 301
Number of Satellites      gpsl1: 5
Total number of satellites: 5
=========================== LSE solution ============================================

Navigation status: GOOD_FOR_NAV
********************Time***************************
* Signal   tow(s)        Bias(ms)    Drift(ms/s) *
* gpsl1  482736.1262    11.2765      0.00147        *
***************************************************
********************DOP******************
* GDOP: 10.09  PDOP: 8.17  HDOP: 6.93    *
* VDOP: 4.32  TDOP: 5.91                *
*****************************************
********************Position********************************
* X: 2885640.79  Y: 1335096.01  Z: 5510650.81  Fom: 0.19   *
* dE:   0.00  dN:   0.00  dU:   0.00   *
************************************************************
********************Velocity*********************
VX:   0.13  VY:   0.02  VZ:   0.29  Fom: 0.11   *
*************************************************

================================================================================
Processed epoch: 302
Number of Satellites      gpsl1: 5
Total number of satellites: 5
=========================== LSE solution ============================================

Navigation status: GOOD_FOR_NAV
********************Time***************************
* Signal   tow(s)        Bias(ms)    Drift(ms/s) *
* gpsl1  482736.2262    11.2764      0.00147        *
***************************************************
********************DOP******************
* GDOP: 10.09  PDOP: 8.17  HDOP: 6.93    *
* VDOP: 4.32  TDOP: 5.91                *
*****************************************
********************Position********************************
* X: 2885640.69  Y: 1335095.94  Z: 5510650.16  Fom: 0.19   *
* dE:   0.00  dN:   0.00  dU:   0.00   *
************************************************************
********************Velocity*********************
VX:  -0.01  VY:   0.02  VZ:   0.04  Fom: 0.01   *
*************************************************

================================================================================
Processed epoch: 303
Number of Satellites      gpsl1: 5
Total number of satellites: 5
=========================== LSE solution ============================================

Navigation status: GOOD_FOR_NAV
********************Time***************************
* Signal   tow(s)        Bias(ms)    Drift(ms/s) *
* gpsl1  482736.3262    11.2762      0.00147        *
***************************************************
********************DOP******************
* GDOP: 10.09  PDOP: 8.17  HDOP: 6.93    *
* VDOP: 4.32  TDOP: 5.91                *
*****************************************
********************Position********************************
* X: 2885640.59  Y: 1335095.92  Z: 5510649.95  Fom: 0.19   *
* dE:   0.00  dN:   0.00  dU:   0.00   *
************************************************************
********************Velocity*********************
VX:  -0.02  VY:   0.01  VZ:  -0.00  Fom: 0.01   *
*************************************************

================================================================================
Processed epoch: 304
Number of Satellites      gpsl1: 5
Total number of satellites: 5
=========================== LSE solution ============================================

Navigation status: GOOD_FOR_NAV
********************Time***************************
* Signal   tow(s)        Bias(ms)    Drift(ms/s) *
* gpsl1  482736.4262    11.2761      0.00147        *
***************************************************
********************DOP******************
* GDOP: 10.09  PDOP: 8.17  HDOP: 6.93    *
* VDOP: 4.32  TDOP: 5.91                *
*****************************************
********************Position********************************
* X: 2885640.73  Y: 1335095.90  Z: 5510649.93  Fom: 0.18   *
* dE:   0.00  dN:   0.00  dU:   0.00   *
************************************************************
********************Velocity*********************
VX:   0.04  VY:   0.01  VZ:   0.27  Fom: 0.09   *
*************************************************

================================================================================
Processed epoch: 305
Number of Satellites      gpsl1: 5
Total number of satellites: 5
=========================== LSE solution ============================================

Navigation status: GOOD_FOR_NAV
********************Time***************************
* Signal   tow(s)        Bias(ms)    Drift(ms/s) *
* gpsl1  482736.5262    11.2759      0.00147        *
***************************************************
********************DOP******************
* GDOP: 10.08  PDOP: 8.17  HDOP: 6.93    *
* VDOP: 4.32  TDOP: 5.91                *
*****************************************
********************Position********************************
* X: 2885640.62  Y: 1335095.85  Z: 5510649.78  Fom: 0.16   *
* dE:   0.00  dN:   0.00  dU:   0.00   *
************************************************************
********************Velocity*********************
VX:  -0.01  VY:  -0.02  VZ:  -0.02  Fom: 0.01   *
*************************************************

================================================================================
Processed epoch: 306
Number of Satellites      gpsl1: 5
Total number of satellites: 5
=========================== LSE solution ============================================

Navigation status: GOOD_FOR_NAV
********************Time***************************
* Signal   tow(s)        Bias(ms)    Drift(ms/s) *
* gpsl1  482736.6262    11.2758      0.00147        *
***************************************************
********************DOP******************
* GDOP: 10.08  PDOP: 8.17  HDOP: 6.93    *
* VDOP: 4.32  TDOP: 5.91                *
*****************************************
********************Position********************************
* X: 2885640.67  Y: 1335095.93  Z: 5510649.83  Fom: 0.17   *
* dE:   0.00  dN:   0.00  dU:   0.00   *
************************************************************
********************Velocity*********************
VX:  -0.11  VY:  -0.00  VZ:  -0.24  Fom: 0.09   *
*************************************************

================================================================================
Processed epoch: 307
Number of Satellites      gpsl1: 5
Total number of satellites: 5
=========================== LSE solution ============================================

Navigation status: GOOD_FOR_NAV
********************Time***************************
* Signal   tow(s)        Bias(ms)    Drift(ms/s) *
* gpsl1  482736.7262    11.2756      0.00147        *
***************************************************
********************DOP******************
* GDOP: 10.08  PDOP: 8.17  HDOP: 6.93    *
* VDOP: 4.32  TDOP: 5.91                *
*****************************************
********************Position********************************
* X: 2885640.41  Y: 1335096.05  Z: 5510649.63  Fom: 0.16   *
* dE:   0.00  dN:   0.00  dU:   0.00   *
************************************************************
********************Velocity*********************
VX:   0.06  VY:  -0.00  VZ:   0.11  Fom: 0.05   *
*************************************************

================================================================================
Processed epoch: 308
Number of Satellites      gpsl1: 5
Total number of satellites: 5
=========================== LSE solution ============================================

Navigation status: GOOD_FOR_NAV
********************Time***************************
* Signal   tow(s)        Bias(ms)    Drift(ms/s) *
* gpsl1  482736.8262    11.2755      0.00147        *
***************************************************
********************DOP******************
* GDOP: 10.08  PDOP: 8.17  HDOP: 6.93    *
* VDOP: 4.32  TDOP: 5.91                *
*****************************************
********************Position********************************
* X: 2885640.16  Y: 1335096.02  Z: 5510648.97  Fom: 0.15   *
* dE:   0.00  dN:   0.00  dU:   0.00   *
************************************************************
********************Velocity*********************
VX:   0.01  VY:   0.03  VZ:  -0.01  Fom: 0.01   *
*************************************************

================================================================================
Processed epoch: 309
Number of Satellites      gpsl1: 5
Total number of satellites: 5
=========================== LSE solution ============================================

Navigation status: GOOD_FOR_NAV
********************Time***************************
* Signal   tow(s)        Bias(ms)    Drift(ms/s) *
* gpsl1  482736.9262    11.2753      0.00147        *
***************************************************
********************DOP******************
* GDOP: 10.08  PDOP: 8.17  HDOP: 6.93    *
* VDOP: 4.32  TDOP: 5.91                *
*****************************************
********************Position********************************
* X: 2885640.08  Y: 1335096.01  Z: 5510649.36  Fom: 0.14   *
* dE:   0.00  dN:   0.00  dU:   0.00   *
************************************************************
********************Velocity*********************
VX:   0.04  VY:   0.03  VZ:   0.01  Fom: 0.01   *
*************************************************

================================================================================
Processed epoch: 310
Number of Satellites      gpsl1: 5
Total number of satellites: 5
=========================== LSE solution ============================================

Navigation status: GOOD_FOR_NAV
********************Time***************************
* Signal   tow(s)        Bias(ms)    Drift(ms/s) *
* gpsl1  482737.0262    11.2752      0.00147        *
***************************************************
********************DOP******************
* GDOP: 10.08  PDOP: 8.17  HDOP: 6.93    *
* VDOP: 4.32  TDOP: 5.91                *
*****************************************
********************Position********************************
* X: 2885640.18  Y: 1335095.99  Z: 5510649.57  Fom: 0.15   *
* dE:   0.00  dN:   0.00  dU:   0.00   *
************************************************************
********************Velocity*********************
VX:   0.03  VY:  -0.02  VZ:  -0.03  Fom: 0.01   *
*************************************************

================================================================================
Processed epoch: 311
Number of Satellites      gpsl1: 5
Total number of satellites: 5
=========================== LSE solution ============================================

Navigation status: GOOD_FOR_NAV
********************Time***************************
* Signal   tow(s)        Bias(ms)    Drift(ms/s) *
* gpsl1  482737.1262    11.2751      0.00147        *
***************************************************
********************DOP******************
* GDOP: 10.08  PDOP: 8.17  HDOP: 6.93    *
* VDOP: 4.32  TDOP: 5.91                *
*****************************************
********************Position********************************
* X: 2885639.94  Y: 1335096.04  Z: 5510649.42  Fom: 0.14   *
* dE:   0.00  dN:   0.00  dU:   0.00   *
************************************************************
********************Velocity*********************
VX:  -0.03  VY:  -0.01  VZ:   0.06  Fom: 0.01   *
*************************************************

================================================================================
Processed epoch: 312
Number of Satellites      gpsl1: 5
Total number of satellites: 5
=========================== LSE solution ============================================

Navigation status: GOOD_FOR_NAV
********************Time***************************
* Signal   tow(s)        Bias(ms)    Drift(ms/s) *
* gpsl1  482737.2262    11.2749      0.00147        *
***************************************************
********************DOP******************
* GDOP: 10.08  PDOP: 8.17  HDOP: 6.93    *
* VDOP: 4.32  TDOP: 5.91                *
*****************************************
********************Position********************************
* X: 2885639.90  Y: 1335096.07  Z: 5510649.36  Fom: 0.14   *
* dE:   0.00  dN:   0.00  dU:   0.00   *
************************************************************
********************Velocity*********************
VX:  -0.04  VY:  -0.01  VZ:  -0.01  Fom: 0.01   *
*************************************************

================================================================================
Processed epoch: 313
Number of Satellites      gpsl1: 5
Total number of satellites: 5
=========================== LSE solution ============================================

Navigation status: GOOD_FOR_NAV
********************Time***************************
* Signal   tow(s)        Bias(ms)    Drift(ms/s) *
* gpsl1  482737.3262    11.2748      0.00147        *
***************************************************
********************DOP******************
* GDOP: 10.08  PDOP: 8.17  HDOP: 6.93    *
* VDOP: 4.32  TDOP: 5.91                *
*****************************************
********************Position********************************
* X: 2885639.73  Y: 1335096.09  Z: 5510649.08  Fom: 0.14   *
* dE:   0.00  dN:   0.00  dU:   0.00   *
************************************************************
********************Velocity*********************
VX:  -0.04  VY:  -0.03  VZ:  -0.01  Fom: 0.02   *
*************************************************

================================================================================
Processed epoch: 314
Number of Satellites      gpsl1: 5
Total number of satellites: 5
=========================== LSE solution ============================================

Navigation status: GOOD_FOR_NAV
********************Time***************************
* Signal   tow(s)        Bias(ms)    Drift(ms/s) *
* gpsl1  482737.4262    11.2746      0.00147        *
***************************************************
********************DOP******************
* GDOP: 10.08  PDOP: 8.17  HDOP: 6.93    *
* VDOP: 4.32  TDOP: 5.91                *
*****************************************
********************Position********************************
* X: 2885639.68  Y: 1335096.14  Z: 5510648.99  Fom: 0.14   *
* dE:   0.00  dN:   0.00  dU:   0.00   *
************************************************************
********************Velocity*********************
VX:  -0.04  VY:   0.01  VZ:  -0.15  Fom: 0.05   *
*************************************************

================================================================================
Processed epoch: 315
Number of Satellites      gpsl1: 5
Total number of satellites: 5
=========================== LSE solution ============================================

Navigation status: GOOD_FOR_NAV
********************Time***************************
* Signal   tow(s)        Bias(ms)    Drift(ms/s) *
* gpsl1  482737.5262    11.2745      0.00147        *
***************************************************
********************DOP******************
* GDOP: 10.08  PDOP: 8.17  HDOP: 6.93    *
* VDOP: 4.32  TDOP: 5.91                *
*****************************************
********************Position********************************
* X: 2885639.56  Y: 1335096.25  Z: 5510648.65  Fom: 0.14   *
* dE:   0.00  dN:   0.00  dU:   0.00   *
************************************************************
********************Velocity*********************
VX:   0.08  VY:  -0.03  VZ:   0.31  Fom: 0.11   *
*************************************************

================================================================================
Processed epoch: 316
Number of Satellites      gpsl1: 5
Total number of satellites: 5
=========================== LSE solution ============================================

Navigation status: GOOD_FOR_NAV
********************Time***************************
* Signal   tow(s)        Bias(ms)    Drift(ms/s) *
* gpsl1  482737.6262    11.2743      0.00147        *
***************************************************
********************DOP******************
* GDOP: 10.08  PDOP: 8.17  HDOP: 6.93    *
* VDOP: 4.32  TDOP: 5.91                *
*****************************************
********************Position********************************
* X: 2885639.49  Y: 1335096.24  Z: 5510648.37  Fom: 0.14   *
* dE:   0.00  dN:   0.00  dU:   0.00   *
************************************************************
********************Velocity*********************
VX:  -0.02  VY:   0.00  VZ:  -0.25  Fom: 0.08   *
*************************************************

================================================================================
Processed epoch: 317
Number of Satellites      gpsl1: 5
Total number of satellites: 5
=========================== LSE solution ============================================

Navigation status: GOOD_FOR_NAV
********************Time***************************
* Signal   tow(s)        Bias(ms)    Drift(ms/s) *
* gpsl1  482737.7262    11.2742      0.00147        *
***************************************************
********************DOP******************
* GDOP: 10.08  PDOP: 8.17  HDOP: 6.93    *
* VDOP: 4.32  TDOP: 5.91                *
*****************************************
********************Position********************************
* X: 2885639.40  Y: 1335096.25  Z: 5510648.61  Fom: 0.15   *
* dE:   0.00  dN:   0.00  dU:   0.00   *
************************************************************
********************Velocity*********************
VX:   0.11  VY:   0.05  VZ:   0.18  Fom: 0.08   *
*************************************************

================================================================================
Processed epoch: 318
Number of Satellites      gpsl1: 5
Total number of satellites: 5
=========================== LSE solution ============================================

Navigation status: GOOD_FOR_NAV
********************Time***************************
* Signal   tow(s)        Bias(ms)    Drift(ms/s) *
* gpsl1  482737.8262    11.2740      0.00147        *
***************************************************
********************DOP******************
* GDOP: 10.08  PDOP: 8.17  HDOP: 6.93    *
* VDOP: 4.32  TDOP: 5.91                *
*****************************************
********************Position********************************
* X: 2885639.24  Y: 1335096.18  Z: 5510647.99  Fom: 0.14   *
* dE:   0.00  dN:   0.00  dU:   0.00   *
************************************************************
********************Velocity*********************
VX:   0.02  VY:  -0.01  VZ:   0.14  Fom: 0.04   *
*************************************************

================================================================================
Processed epoch: 319
Number of Satellites      gpsl1: 5
Total number of satellites: 5
=========================== LSE solution ============================================

Navigation status: GOOD_FOR_NAV
********************Time***************************
* Signal   tow(s)        Bias(ms)    Drift(ms/s) *
* gpsl1  482737.9262    11.2739      0.00147        *
***************************************************
********************DOP******************
* GDOP: 10.08  PDOP: 8.17  HDOP: 6.93    *
* VDOP: 4.32  TDOP: 5.91                *
*****************************************
********************Position********************************
* X: 2885639.51  Y: 1335096.17  Z: 5510648.69  Fom: 0.15   *
* dE:   0.00  dN:   0.00  dU:   0.00   *
************************************************************
********************Velocity*********************
VX:   0.01  VY:  -0.00  VZ:  -0.01  Fom: 0.00   *
*************************************************

================================================================================
Processed epoch: 320
Number of Satellites      gpsl1: 5
Total number of satellites: 5
=========================== LSE solution ============================================

Navigation status: GOOD_FOR_NAV
********************Time***************************
* Signal   tow(s)        Bias(ms)    Drift(ms/s) *
* gpsl1  482738.0262    11.2737      0.00147        *
***************************************************
********************DOP******************
* GDOP: 10.08  PDOP: 8.17  HDOP: 6.93    *
* VDOP: 4.32  TDOP: 5.91                *
*****************************************
********************Position********************************
* X: 2885639.60  Y: 1335096.14  Z: 5510648.54  Fom: 0.14   *
* dE:   0.00  dN:   0.00  dU:   0.00   *
************************************************************
********************Velocity*********************
VX:   0.14  VY:   0.02  VZ:   0.48  Fom: 0.17   *
*************************************************

================================================================================
Processed epoch: 321
Number of Satellites      gpsl1: 5
Total number of satellites: 5
=========================== LSE solution ============================================

Navigation status: GOOD_FOR_NAV
********************Time***************************
* Signal   tow(s)        Bias(ms)    Drift(ms/s) *
* gpsl1  482738.1262    11.2736      0.00147        *
***************************************************
********************DOP******************
* GDOP: 10.08  PDOP: 8.17  HDOP: 6.93    *
* VDOP: 4.32  TDOP: 5.91                *
*****************************************
********************Position********************************
* X: 2885639.86  Y: 1335096.11  Z: 5510648.88  Fom: 0.14   *
* dE:   0.00  dN:   0.00  dU:   0.00   *
************************************************************
********************Velocity*********************
VX:  -0.06  VY:   0.00  VZ:  -0.13  Fom: 0.05   *
*************************************************

================================================================================
Processed epoch: 322
Number of Satellites      gpsl1: 5
Total number of satellites: 5
=========================== LSE solution ============================================

Navigation status: GOOD_FOR_NAV
********************Time***************************
* Signal   tow(s)        Bias(ms)    Drift(ms/s) *
* gpsl1  482738.2262    11.2734      0.00147        *
***************************************************
********************DOP******************
* GDOP: 10.08  PDOP: 8.16  HDOP: 6.93    *
* VDOP: 4.32  TDOP: 5.91                *
*****************************************
********************Position********************************
* X: 2885639.87  Y: 1335096.10  Z: 5510648.48  Fom: 0.15   *
* dE:   0.00  dN:   0.00  dU:   0.00   *
************************************************************
********************Velocity*********************
VX:  -0.06  VY:   0.00  VZ:  -0.13  Fom: 0.05   *
*************************************************

================================================================================
Processed epoch: 323
Number of Satellites      gpsl1: 5
Total number of satellites: 5
=========================== LSE solution ============================================

Navigation status: GOOD_FOR_NAV
********************Time***************************
* Signal   tow(s)        Bias(ms)    Drift(ms/s) *
* gpsl1  482738.3262    11.2733      0.00147        *
***************************************************
********************DOP******************
* GDOP: 10.08  PDOP: 8.16  HDOP: 6.93    *
* VDOP: 4.32  TDOP: 5.91                *
*****************************************
********************Position********************************
* X: 2885639.79  Y: 1335096.11  Z: 5510648.08  Fom: 0.14   *
* dE:   0.00  dN:   0.00  dU:   0.00   *
************************************************************
********************Velocity*********************
VX:  -0.06  VY:  -0.03  VZ:  -0.02  Fom: 0.02   *
*************************************************

================================================================================
Processed epoch: 324
Number of Satellites      gpsl1: 5
Total number of satellites: 5
=========================== LSE solution ============================================

Navigation status: GOOD_FOR_NAV
********************Time***************************
* Signal   tow(s)        Bias(ms)    Drift(ms/s) *
* gpsl1  482738.4262    11.2731      0.00147        *
***************************************************
********************DOP******************
* GDOP: 10.08  PDOP: 8.16  HDOP: 6.93    *
* VDOP: 4.32  TDOP: 5.91                *
*****************************************
********************Position********************************
* X: 2885639.58  Y: 1335096.15  Z: 5510647.93  Fom: 0.12   *
* dE:   0.00  dN:   0.00  dU:   0.00   *
************************************************************
********************Velocity*********************
VX:   0.04  VY:  -0.01  VZ:   0.10  Fom: 0.04   *
*************************************************

================================================================================
Processed epoch: 325
Number of Satellites      gpsl1: 5
Total number of satellites: 5
=========================== LSE solution ============================================

Navigation status: GOOD_FOR_NAV
********************Time***************************
* Signal   tow(s)        Bias(ms)    Drift(ms/s) *
* gpsl1  482738.5262    11.2730      0.00147        *
***************************************************
********************DOP******************
* GDOP: 10.08  PDOP: 8.16  HDOP: 6.93    *
* VDOP: 4.32  TDOP: 5.91                *
*****************************************
********************Position********************************
* X: 2885639.33  Y: 1335096.15  Z: 5510647.33  Fom: 0.12   *
* dE:   0.00  dN:   0.00  dU:   0.00   *
************************************************************
********************Velocity*********************
VX:   0.01  VY:  -0.00  VZ:   0.05  Fom: 0.02   *
*************************************************

================================================================================
Processed epoch: 326
Number of Satellites      gpsl1: 5
Total number of satellites: 5
=========================== LSE solution ============================================

Navigation status: GOOD_FOR_NAV
********************Time***************************
* Signal   tow(s)        Bias(ms)    Drift(ms/s) *
* gpsl1  482738.6262    11.2729      0.00147        *
***************************************************
********************DOP******************
* GDOP: 10.08  PDOP: 8.16  HDOP: 6.93    *
* VDOP: 4.32  TDOP: 5.91                *
*****************************************
********************Position********************************
* X: 2885639.24  Y: 1335096.15  Z: 5510647.40  Fom: 0.12   *
* dE:   0.00  dN:   0.00  dU:   0.00   *
************************************************************
********************Velocity*********************
VX:  -0.10  VY:   0.01  VZ:  -0.23  Fom: 0.09   *
*************************************************

================================================================================
Processed epoch: 327
Number of Satellites      gpsl1: 5
Total number of satellites: 5
=========================== LSE solution ============================================

Navigation status: GOOD_FOR_NAV
********************Time***************************
* Signal   tow(s)        Bias(ms)    Drift(ms/s) *
* gpsl1  482738.7262    11.2727      0.00147        *
***************************************************
********************DOP******************
* GDOP: 10.08  PDOP: 8.16  HDOP: 6.93    *
* VDOP: 4.32  TDOP: 5.91                *
*****************************************
********************Position********************************
* X: 2885638.95  Y: 1335096.10  Z: 5510646.85  Fom: 0.13   *
* dE:   0.00  dN:   0.00  dU:   0.00   *
************************************************************
********************Velocity*********************
VX:  -0.09  VY:  -0.01  VZ:  -0.09  Fom: 0.05   *
*************************************************

================================================================================
Processed epoch: 328
Number of Satellites      gpsl1: 5
Total number of satellites: 5
=========================== LSE solution ============================================

Navigation status: GOOD_FOR_NAV
********************Time***************************
* Signal   tow(s)        Bias(ms)    Drift(ms/s) *
* gpsl1  482738.8262    11.2726      0.00147        *
***************************************************
********************DOP******************
* GDOP: 10.07  PDOP: 8.16  HDOP: 6.92    *
* VDOP: 4.32  TDOP: 5.91                *
*****************************************
********************Position********************************
* X: 2885638.97  Y: 1335096.07  Z: 5510647.06  Fom: 0.13   *
* dE:   0.00  dN:   0.00  dU:   0.00   *
************************************************************
********************Velocity*********************
VX:  -0.04  VY:  -0.01  VZ:  -0.11  Fom: 0.04   *
*************************************************

================================================================================
Processed epoch: 329
Number of Satellites      gpsl1: 5
Total number of satellites: 5
=========================== LSE solution ============================================

Navigation status: GOOD_FOR_NAV
********************Time***************************
* Signal   tow(s)        Bias(ms)    Drift(ms/s) *
* gpsl1  482738.9262    11.2724      0.00147        *
***************************************************
********************DOP******************
* GDOP: 10.07  PDOP: 8.16  HDOP: 6.92    *
* VDOP: 4.32  TDOP: 5.91                *
*****************************************
********************Position********************************
* X: 2885639.02  Y: 1335096.06  Z: 5510647.40  Fom: 0.13   *
* dE:   0.00  dN:   0.00  dU:   0.00   *
************************************************************
********************Velocity*********************
VX:   0.10  VY:  -0.00  VZ:   0.25  Fom: 0.09   *
*************************************************

================================================================================
Processed epoch: 330
Number of Satellites      gpsl1: 5
Total number of satellites: 5
=========================== LSE solution ============================================

Navigation status: GOOD_FOR_NAV
********************Time***************************
* Signal   tow(s)        Bias(ms)    Drift(ms/s) *
* gpsl1  482739.0262    11.2723      0.00147        *
***************************************************
********************DOP******************
* GDOP: 10.07  PDOP: 8.16  HDOP: 6.92    *
* VDOP: 4.32  TDOP: 5.91                *
*****************************************
********************Position********************************
* X: 2885638.76  Y: 1335096.04  Z: 5510646.80  Fom: 0.13   *
* dE:   0.00  dN:   0.00  dU:   0.00   *
************************************************************
********************Velocity*********************
VX:   0.06  VY:   0.04  VZ:   0.03  Fom: 0.03   *
*************************************************

================================================================================
Processed epoch: 331
Number of Satellites      gpsl1: 5
Total number of satellites: 5
=========================== LSE solution ============================================

Navigation status: GOOD_FOR_NAV
********************Time***************************
* Signal   tow(s)        Bias(ms)    Drift(ms/s) *
* gpsl1  482739.1262    11.2721      0.00147        *
***************************************************
********************DOP******************
* GDOP: 10.07  PDOP: 8.16  HDOP: 6.92    *
* VDOP: 4.32  TDOP: 5.90                *
*****************************************
********************Position********************************
* X: 2885638.82  Y: 1335096.08  Z: 5510647.13  Fom: 0.12   *
* dE:   0.00  dN:   0.00  dU:   0.00   *
************************************************************
********************Velocity*********************
VX:  -0.00  VY:  -0.00  VZ:   0.05  Fom: 0.02   *
*************************************************

================================================================================
Processed epoch: 332
Number of Satellites      gpsl1: 5
Total number of satellites: 5
=========================== LSE solution ============================================

Navigation status: GOOD_FOR_NAV
********************Time***************************
* Signal   tow(s)        Bias(ms)    Drift(ms/s) *
* gpsl1  482739.2262    11.2720      0.00147        *
***************************************************
********************DOP******************
* GDOP: 10.07  PDOP: 8.16  HDOP: 6.92    *
* VDOP: 4.32  TDOP: 5.90                *
*****************************************
********************Position********************************
* X: 2885638.98  Y: 1335096.13  Z: 5510647.53  Fom: 0.12   *
* dE:   0.00  dN:   0.00  dU:   0.00   *
************************************************************
********************Velocity*********************
VX:   0.08  VY:   0.02  VZ:   0.16  Fom: 0.06   *
*************************************************

================================================================================
Processed epoch: 333
Number of Satellites      gpsl1: 5
Total number of satellites: 5
=========================== LSE solution ============================================

Navigation status: GOOD_FOR_NAV
********************Time***************************
* Signal   tow(s)        Bias(ms)    Drift(ms/s) *
* gpsl1  482739.3262    11.2718      0.00147        *
***************************************************
********************DOP******************
* GDOP: 10.07  PDOP: 8.16  HDOP: 6.92    *
* VDOP: 4.32  TDOP: 5.90                *
*****************************************
********************Position********************************
* X: 2885639.01  Y: 1335096.15  Z: 5510647.46  Fom: 0.13   *
* dE:   0.00  dN:   0.00  dU:   0.00   *
************************************************************
********************Velocity*********************
VX:   0.08  VY:  -0.03  VZ:   0.25  Fom: 0.09   *
*************************************************

================================================================================
Processed epoch: 334
Number of Satellites      gpsl1: 5
Total number of satellites: 5
=========================== LSE solution ============================================

Navigation status: GOOD_FOR_NAV
********************Time***************************
* Signal   tow(s)        Bias(ms)    Drift(ms/s) *
* gpsl1  482739.4262    11.2717      0.00147        *
***************************************************
********************DOP******************
* GDOP: 10.07  PDOP: 8.16  HDOP: 6.92    *
* VDOP: 4.32  TDOP: 5.90                *
*****************************************
********************Position********************************
* X: 2885639.08  Y: 1335096.14  Z: 5510648.27  Fom: 0.13   *
* dE:   0.00  dN:   0.00  dU:   0.00   *
************************************************************
********************Velocity*********************
VX:   0.06  VY:   0.04  VZ:   0.26  Fom: 0.09   *
*************************************************

================================================================================
Processed epoch: 335
Number of Satellites      gpsl1: 5
Total number of satellites: 5
=========================== LSE solution ============================================

Navigation status: GOOD_FOR_NAV
********************Time***************************
* Signal   tow(s)        Bias(ms)    Drift(ms/s) *
* gpsl1  482739.5262    11.2715      0.00147        *
***************************************************
********************DOP******************
* GDOP: 10.07  PDOP: 8.16  HDOP: 6.92    *
* VDOP: 4.32  TDOP: 5.90                *
*****************************************
********************Position********************************
* X: 2885639.10  Y: 1335096.11  Z: 5510648.65  Fom: 0.15   *
* dE:   0.00  dN:   0.00  dU:   0.00   *
************************************************************
********************Velocity*********************
VX:  -0.02  VY:   0.01  VZ:  -0.13  Fom: 0.04   *
*************************************************

================================================================================
Processed epoch: 336
Number of Satellites      gpsl1: 5
Total number of satellites: 5
=========================== LSE solution ============================================

Navigation status: GOOD_FOR_NAV
********************Time***************************
* Signal   tow(s)        Bias(ms)    Drift(ms/s) *
* gpsl1  482739.6262    11.2714      0.00147        *
***************************************************
********************DOP******************
* GDOP: 10.07  PDOP: 8.16  HDOP: 6.92    *
* VDOP: 4.32  TDOP: 5.90                *
*****************************************
********************Position********************************
* X: 2885639.09  Y: 1335096.14  Z: 5510648.86  Fom: 0.16   *
* dE:   0.00  dN:   0.00  dU:   0.00   *
************************************************************
********************Velocity*********************
VX:   0.04  VY:   0.01  VZ:   0.08  Fom: 0.03   *
*************************************************

================================================================================
Processed epoch: 337
Number of Satellites      gpsl1: 5
Total number of satellites: 5
=========================== LSE solution ============================================

Navigation status: GOOD_FOR_NAV
********************Time***************************
* Signal   tow(s)        Bias(ms)    Drift(ms/s) *
* gpsl1  482739.7262    11.2713      0.00147        *
***************************************************
********************DOP******************
* GDOP: 10.07  PDOP: 8.16  HDOP: 6.92    *
* VDOP: 4.32  TDOP: 5.90                *
*****************************************
********************Position********************************
* X: 2885639.28  Y: 1335096.14  Z: 5510649.28  Fom: 0.16   *
* dE:   0.00  dN:   0.00  dU:   0.00   *
************************************************************
********************Velocity*********************
VX:  -0.03  VY:  -0.01  VZ:  -0.02  Fom: 0.01   *
*************************************************

================================================================================
Processed epoch: 338
Number of Satellites      gpsl1: 5
Total number of satellites: 5
=========================== LSE solution ============================================

Navigation status: GOOD_FOR_NAV
********************Time***************************
* Signal   tow(s)        Bias(ms)    Drift(ms/s) *
* gpsl1  482739.8262    11.2711      0.00147        *
***************************************************
********************DOP******************
* GDOP: 10.07  PDOP: 8.16  HDOP: 6.92    *
* VDOP: 4.32  TDOP: 5.90                *
*****************************************
********************Position********************************
* X: 2885639.64  Y: 1335096.15  Z: 5510650.68  Fom: 0.18   *
* dE:   0.00  dN:   0.00  dU:   0.00   *
************************************************************
********************Velocity*********************
VX:  -0.04  VY:  -0.02  VZ:   0.03  Fom: 0.01   *
*************************************************

================================================================================
Processed epoch: 339
Number of Satellites      gpsl1: 5
Total number of satellites: 5
=========================== LSE solution ============================================

Navigation status: GOOD_FOR_NAV
********************Time***************************
* Signal   tow(s)        Bias(ms)    Drift(ms/s) *
* gpsl1  482739.9262    11.2710      0.00147        *
***************************************************
********************DOP******************
* GDOP: 10.07  PDOP: 8.16  HDOP: 6.92    *
* VDOP: 4.32  TDOP: 5.90                *
*****************************************
********************Position********************************
* X: 2885639.53  Y: 1335096.08  Z: 5510650.37  Fom: 0.19   *
* dE:   0.00  dN:   0.00  dU:   0.00   *
************************************************************
********************Velocity*********************
VX:  -0.01  VY:   0.01  VZ:   0.09  Fom: 0.03   *
*************************************************

================================================================================
Processed epoch: 340
Number of Satellites      gpsl1: 5
Total number of satellites: 5
=========================== LSE solution ============================================

Navigation status: GOOD_FOR_NAV
********************Time***************************
* Signal   tow(s)        Bias(ms)    Drift(ms/s) *
* gpsl1  482740.0262    11.2708      0.00147        *
***************************************************
********************DOP******************
* GDOP: 10.07  PDOP: 8.16  HDOP: 6.92    *
* VDOP: 4.32  TDOP: 5.90                *
*****************************************
********************Position********************************
* X: 2885639.46  Y: 1335095.95  Z: 5510650.19  Fom: 0.19   *
* dE:   0.00  dN:   0.00  dU:   0.00   *
************************************************************
********************Velocity*********************
VX:  -0.09  VY:   0.00  VZ:  -0.22  Fom: 0.08   *
*************************************************

================================================================================
Processed epoch: 341
Number of Satellites      gpsl1: 5
Total number of satellites: 5
=========================== LSE solution ============================================

Navigation status: GOOD_FOR_NAV
********************Time***************************
* Signal   tow(s)        Bias(ms)    Drift(ms/s) *
* gpsl1  482740.1262    11.2707      0.00147        *
***************************************************
********************DOP******************
* GDOP: 10.07  PDOP: 8.16  HDOP: 6.92    *
* VDOP: 4.32  TDOP: 5.90                *
*****************************************
********************Position********************************
* X: 2885639.48  Y: 1335095.96  Z: 5510650.33  Fom: 0.19   *
* dE:   0.00  dN:   0.00  dU:   0.00   *
************************************************************
********************Velocity*********************
VX:   0.02  VY:  -0.03  VZ:   0.16  Fom: 0.05   *
*************************************************

================================================================================
Processed epoch: 342
Number of Satellites      gpsl1: 5
Total number of satellites: 5
=========================== LSE solution ============================================

Navigation status: GOOD_FOR_NAV
********************Time***************************
* Signal   tow(s)        Bias(ms)    Drift(ms/s) *
* gpsl1  482740.2262    11.2705      0.00147        *
***************************************************
********************DOP******************
* GDOP: 10.07  PDOP: 8.16  HDOP: 6.92    *
* VDOP: 4.32  TDOP: 5.90                *
*****************************************
********************Position********************************
* X: 2885639.61  Y: 1335095.91  Z: 5510650.95  Fom: 0.18   *
* dE:   0.00  dN:   0.00  dU:   0.00   *
************************************************************
********************Velocity*********************
VX:  -0.07  VY:  -0.02  VZ:  -0.04  Fom: 0.03   *
*************************************************

================================================================================
Processed epoch: 343
Number of Satellites      gpsl1: 5
Total number of satellites: 5
=========================== LSE solution ============================================

Navigation status: GOOD_FOR_NAV
********************Time***************************
* Signal   tow(s)        Bias(ms)    Drift(ms/s) *
* gpsl1  482740.3262    11.2704      0.00147        *
***************************************************
********************DOP******************
* GDOP: 10.07  PDOP: 8.16  HDOP: 6.92    *
* VDOP: 4.32  TDOP: 5.90                *
*****************************************
********************Position********************************
* X: 2885639.45  Y: 1335095.92  Z: 5510650.42  Fom: 0.17   *
* dE:   0.00  dN:   0.00  dU:   0.00   *
************************************************************
********************Velocity*********************
VX:  -0.02  VY:  -0.01  VZ:   0.03  Fom: 0.01   *
*************************************************

================================================================================
Processed epoch: 344
Number of Satellites      gpsl1: 5
Total number of satellites: 5
=========================== LSE solution ============================================

Navigation status: GOOD_FOR_NAV
********************Time***************************
* Signal   tow(s)        Bias(ms)    Drift(ms/s) *
* gpsl1  482740.4262    11.2702      0.00147        *
***************************************************
********************DOP******************
* GDOP: 10.07  PDOP: 8.16  HDOP: 6.92    *
* VDOP: 4.32  TDOP: 5.90                *
*****************************************
********************Position********************************
* X: 2885639.70  Y: 1335095.99  Z: 5510651.20  Fom: 0.17   *
* dE:   0.00  dN:   0.00  dU:   0.00   *
************************************************************
********************Velocity*********************
VX:  -0.07  VY:  -0.01  VZ:  -0.30  Fom: 0.10   *
*************************************************

================================================================================
Processed epoch: 345
Number of Satellites      gpsl1: 5
Total number of satellites: 5
=========================== LSE solution ============================================

Navigation status: GOOD_FOR_NAV
********************Time***************************
* Signal   tow(s)        Bias(ms)    Drift(ms/s) *
* gpsl1  482740.5262    11.2701      0.00147        *
***************************************************
********************DOP******************
* GDOP: 10.07  PDOP: 8.16  HDOP: 6.92    *
* VDOP: 4.32  TDOP: 5.90                *
*****************************************
********************Position********************************
* X: 2885639.64  Y: 1335095.94  Z: 5510651.48  Fom: 0.17   *
* dE:   0.00  dN:   0.00  dU:   0.00   *
************************************************************
********************Velocity*********************
VX:  -0.00  VY:  -0.03  VZ:   0.09  Fom: 0.03   *
*************************************************

================================================================================
Processed epoch: 346
Number of Satellites      gpsl1: 5
Total number of satellites: 5
=========================== LSE solution ============================================

Navigation status: GOOD_FOR_NAV
********************Time***************************
* Signal   tow(s)        Bias(ms)    Drift(ms/s) *
* gpsl1  482740.6262    11.2699      0.00147        *
***************************************************
********************DOP******************
* GDOP: 10.07  PDOP: 8.16  HDOP: 6.92    *
* VDOP: 4.32  TDOP: 5.90                *
*****************************************
********************Position********************************
* X: 2885639.40  Y: 1335095.91  Z: 5510650.73  Fom: 0.18   *
* dE:   0.00  dN:   0.00  dU:   0.00   *
************************************************************
********************Velocity*********************
VX:   0.04  VY:  -0.02  VZ:  -0.06  Fom: 0.02   *
*************************************************

================================================================================
Processed epoch: 347
Number of Satellites      gpsl1: 5
Total number of satellites: 5
=========================== LSE solution ============================================

Navigation status: GOOD_FOR_NAV
********************Time***************************
* Signal   tow(s)        Bias(ms)    Drift(ms/s) *
* gpsl1  482740.7262    11.2698      0.00147        *
***************************************************
********************DOP******************
* GDOP: 10.07  PDOP: 8.16  HDOP: 6.92    *
* VDOP: 4.32  TDOP: 5.90                *
*****************************************
********************Position********************************
* X: 2885639.29  Y: 1335095.89  Z: 5510649.90  Fom: 0.19   *
* dE:   0.00  dN:   0.00  dU:   0.00   *
************************************************************
********************Velocity*********************
VX:   0.02  VY:  -0.01  VZ:   0.01  Fom: 0.01   *
*************************************************

================================================================================
Processed epoch: 348
Number of Satellites      gpsl1: 5
Total number of satellites: 5
=========================== LSE solution ============================================

Navigation status: GOOD_FOR_NAV
********************Time***************************
* Signal   tow(s)        Bias(ms)    Drift(ms/s) *
* gpsl1  482740.8262    11.2696      0.00147        *
***************************************************
********************DOP******************
* GDOP: 10.07  PDOP: 8.16  HDOP: 6.92    *
* VDOP: 4.32  TDOP: 5.90                *
*****************************************
********************Position********************************
* X: 2885639.08  Y: 1335095.82  Z: 5510649.48  Fom: 0.17   *
* dE:   0.00  dN:   0.00  dU:   0.00   *
************************************************************
********************Velocity*********************
VX:  -0.02  VY:  -0.01  VZ:  -0.14  Fom: 0.05   *
*************************************************

================================================================================
Processed epoch: 349
Number of Satellites      gpsl1: 5
Total number of satellites: 5
=========================== LSE solution ============================================

Navigation status: GOOD_FOR_NAV
********************Time***************************
* Signal   tow(s)        Bias(ms)    Drift(ms/s) *
* gpsl1  482740.9262    11.2695      0.00147        *
***************************************************
********************DOP******************
* GDOP: 10.07  PDOP: 8.16  HDOP: 6.92    *
* VDOP: 4.32  TDOP: 5.90                *
*****************************************
********************Position********************************
* X: 2885638.96  Y: 1335095.77  Z: 5510649.04  Fom: 0.18   *
* dE:   0.00  dN:   0.00  dU:   0.00   *
************************************************************
********************Velocity*********************
VX:  -0.05  VY:   0.02  VZ:  -0.15  Fom: 0.05   *
*************************************************

================================================================================
Processed epoch: 350
Number of Satellites      gpsl1: 5
Total number of satellites: 5
=========================== LSE solution ============================================

Navigation status: GOOD_FOR_NAV
********************Time***************************
* Signal   tow(s)        Bias(ms)    Drift(ms/s) *
* gpsl1  482741.0262    11.2694      0.00147        *
***************************************************
********************DOP******************
* GDOP: 10.07  PDOP: 8.16  HDOP: 6.92    *
* VDOP: 4.32  TDOP: 5.90                *
*****************************************
********************Position********************************
* X: 2885638.67  Y: 1335095.75  Z: 5510648.48  Fom: 0.18   *
* dE:   0.00  dN:   0.00  dU:   0.00   *
************************************************************
********************Velocity*********************
VX:  -0.05  VY:  -0.01  VZ:  -0.10  Fom: 0.04   *
*************************************************

================================================================================
Processed epoch: 351
Number of Satellites      gpsl1: 5
Total number of satellites: 5
=========================== LSE solution ============================================

Navigation status: GOOD_FOR_NAV
********************Time***************************
* Signal   tow(s)        Bias(ms)    Drift(ms/s) *
* gpsl1  482741.1262    11.2692      0.00147        *
***************************************************
********************DOP******************
* GDOP: 10.07  PDOP: 8.15  HDOP: 6.92    *
* VDOP: 4.32  TDOP: 5.90                *
*****************************************
********************Position********************************
* X: 2885638.49  Y: 1335095.72  Z: 5510647.93  Fom: 0.18   *
* dE:   0.00  dN:   0.00  dU:   0.00   *
************************************************************
********************Velocity*********************
VX:  -0.03  VY:  -0.00  VZ:  -0.06  Fom: 0.02   *
*************************************************

================================================================================
Processed epoch: 352
Number of Satellites      gpsl1: 5
Total number of satellites: 5
=========================== LSE solution ============================================

Navigation status: GOOD_FOR_NAV
********************Time***************************
* Signal   tow(s)        Bias(ms)    Drift(ms/s) *
* gpsl1  482741.2262    11.2691      0.00147        *
***************************************************
********************DOP******************
* GDOP: 10.06  PDOP: 8.15  HDOP: 6.92    *
* VDOP: 4.32  TDOP: 5.90                *
*****************************************
********************Position********************************
* X: 2885638.43  Y: 1335095.72  Z: 5510648.21  Fom: 0.21   *
* dE:   0.00  dN:   0.00  dU:   0.00   *
************************************************************
********************Velocity*********************
VX:  -0.03  VY:   0.02  VZ:  -0.08  Fom: 0.03   *
*************************************************

================================================================================
Processed epoch: 353
Number of Satellites      gpsl1: 5
Total number of satellites: 5
=========================== LSE solution ============================================

Navigation status: GOOD_FOR_NAV
********************Time***************************
* Signal   tow(s)        Bias(ms)    Drift(ms/s) *
* gpsl1  482741.3262    11.2689      0.00147        *
***************************************************
********************DOP******************
* GDOP: 10.06  PDOP: 8.15  HDOP: 6.92    *
* VDOP: 4.32  TDOP: 5.90                *
*****************************************
********************Position********************************
* X: 2885638.44  Y: 1335095.68  Z: 5510647.96  Fom: 0.21   *
* dE:   0.00  dN:   0.00  dU:   0.00   *
************************************************************
********************Velocity*********************
VX:  -0.07  VY:  -0.03  VZ:  -0.20  Fom: 0.07   *
*************************************************

================================================================================
Processed epoch: 354
Number of Satellites      gpsl1: 5
Total number of satellites: 5
=========================== LSE solution ============================================

Navigation status: GOOD_FOR_NAV
********************Time***************************
* Signal   tow(s)        Bias(ms)    Drift(ms/s) *
* gpsl1  482741.4262    11.2688      0.00147        *
***************************************************
********************DOP******************
* GDOP: 10.06  PDOP: 8.15  HDOP: 6.92    *
* VDOP: 4.32  TDOP: 5.90                *
*****************************************
********************Position********************************
* X: 2885638.46  Y: 1335095.65  Z: 5510648.07  Fom: 0.22   *
* dE:   0.00  dN:   0.00  dU:   0.00   *
************************************************************
********************Velocity*********************
VX:  -0.04  VY:   0.01  VZ:  -0.14  Fom: 0.05   *
*************************************************

================================================================================
Processed epoch: 355
Number of Satellites      gpsl1: 5
Total number of satellites: 5
=========================== LSE solution ============================================

Navigation status: GOOD_FOR_NAV
********************Time***************************
* Signal   tow(s)        Bias(ms)    Drift(ms/s) *
* gpsl1  482741.5262    11.2686      0.00147        *
***************************************************
********************DOP******************
* GDOP: 10.06  PDOP: 8.15  HDOP: 6.92    *
* VDOP: 4.32  TDOP: 5.90                *
*****************************************
********************Position********************************
* X: 2885638.05  Y: 1335095.60  Z: 5510647.26  Fom: 0.21   *
* dE:   0.00  dN:   0.00  dU:   0.00   *
************************************************************
********************Velocity*********************
VX:  -0.00  VY:  -0.00  VZ:  -0.06  Fom: 0.02   *
*************************************************

================================================================================
Processed epoch: 356
Number of Satellites      gpsl1: 5
Total number of satellites: 5
=========================== LSE solution ============================================

Navigation status: GOOD_FOR_NAV
********************Time***************************
* Signal   tow(s)        Bias(ms)    Drift(ms/s) *
* gpsl1  482741.6262    11.2685      0.00147        *
***************************************************
********************DOP******************
* GDOP: 10.06  PDOP: 8.15  HDOP: 6.92    *
* VDOP: 4.32  TDOP: 5.90                *
*****************************************
********************Position********************************
* X: 2885638.08  Y: 1335095.61  Z: 5510647.24  Fom: 0.21   *
* dE:   0.00  dN:   0.00  dU:   0.00   *
************************************************************
********************Velocity*********************
VX:   0.01  VY:  -0.01  VZ:   0.09  Fom: 0.03   *
*************************************************

================================================================================
Processed epoch: 357
Number of Satellites      gpsl1: 5
Total number of satellites: 5
=========================== LSE solution ============================================

Navigation status: GOOD_FOR_NAV
********************Time***************************
* Signal   tow(s)        Bias(ms)    Drift(ms/s) *
* gpsl1  482741.7262    11.2683      0.00147        *
***************************************************
********************DOP******************
* GDOP: 10.06  PDOP: 8.15  HDOP: 6.92    *
* VDOP: 4.32  TDOP: 5.90                *
*****************************************
********************Position********************************
* X: 2885637.96  Y: 1335095.64  Z: 5510647.36  Fom: 0.21   *
* dE:   0.00  dN:   0.00  dU:   0.00   *
************************************************************
********************Velocity*********************
VX:  -0.02  VY:   0.02  VZ:   0.00  Fom: 0.01   *
*************************************************

================================================================================
Processed epoch: 358
Number of Satellites      gpsl1: 5
Total number of satellites: 5
=========================== LSE solution ============================================

Navigation status: GOOD_FOR_NAV
********************Time***************************
* Signal   tow(s)        Bias(ms)    Drift(ms/s) *
* gpsl1  482741.8262    11.2682      0.00147        *
***************************************************
********************DOP******************
* GDOP: 10.06  PDOP: 8.15  HDOP: 6.91    *
* VDOP: 4.32  TDOP: 5.90                *
*****************************************
********************Position********************************
* X: 2885638.08  Y: 1335095.73  Z: 5510647.71  Fom: 0.22   *
* dE:   0.00  dN:   0.00  dU:   0.00   *
************************************************************
********************Velocity*********************
VX:   0.00  VY:  -0.02  VZ:   0.02  Fom: 0.01   *
*************************************************

================================================================================
Processed epoch: 359
Number of Satellites      gpsl1: 5
Total number of satellites: 5
=========================== LSE solution ============================================

Navigation status: GOOD_FOR_NAV
********************Time***************************
* Signal   tow(s)        Bias(ms)    Drift(ms/s) *
* gpsl1  482741.9262    11.2680      0.00147        *
***************************************************
********************DOP******************
* GDOP: 10.06  PDOP: 8.15  HDOP: 6.91    *
* VDOP: 4.32  TDOP: 5.90                *
*****************************************
********************Position********************************
* X: 2885637.86  Y: 1335095.76  Z: 5510647.05  Fom: 0.21   *
* dE:   0.00  dN:   0.00  dU:   0.00   *
************************************************************
********************Velocity*********************
VX:  -0.01  VY:  -0.00  VZ:   0.01  Fom: 0.00   *
*************************************************

================================================================================
Processed epoch: 360
Number of Satellites      gpsl1: 5
Total number of satellites: 5
=========================== LSE solution ============================================

Navigation status: GOOD_FOR_NAV
********************Time***************************
* Signal   tow(s)        Bias(ms)    Drift(ms/s) *
* gpsl1  482742.0262    11.2679      0.00147        *
***************************************************
********************DOP******************
* GDOP: 10.06  PDOP: 8.15  HDOP: 6.91    *
* VDOP: 4.32  TDOP: 5.90                *
*****************************************
********************Position********************************
* X: 2885637.83  Y: 1335095.81  Z: 5510646.82  Fom: 0.19   *
* dE:   0.00  dN:   0.00  dU:   0.00   *
************************************************************
********************Velocity*********************
VX:  -0.00  VY:  -0.01  VZ:   0.12  Fom: 0.03   *
*************************************************

================================================================================
Processed epoch: 361
Number of Satellites      gpsl1: 5
Total number of satellites: 5
=========================== LSE solution ============================================

Navigation status: GOOD_FOR_NAV
********************Time***************************
* Signal   tow(s)        Bias(ms)    Drift(ms/s) *
* gpsl1  482742.1262    11.2677      0.00147        *
***************************************************
********************DOP******************
* GDOP: 10.06  PDOP: 8.15  HDOP: 6.91    *
* VDOP: 4.32  TDOP: 5.90                *
*****************************************
********************Position********************************
* X: 2885637.72  Y: 1335095.81  Z: 5510646.57  Fom: 0.19   *
* dE:   0.00  dN:   0.00  dU:   0.00   *
************************************************************
********************Velocity*********************
VX:  -0.10  VY:   0.04  VZ:  -0.43  Fom: 0.15   *
*************************************************

================================================================================
Processed epoch: 362
Number of Satellites      gpsl1: 5
Total number of satellites: 5
=========================== LSE solution ============================================

Navigation status: GOOD_FOR_NAV
********************Time***************************
* Signal   tow(s)        Bias(ms)    Drift(ms/s) *
* gpsl1  482742.2262    11.2676      0.00147        *
***************************************************
********************DOP******************
* GDOP: 10.06  PDOP: 8.15  HDOP: 6.91    *
* VDOP: 4.32  TDOP: 5.90                *
*****************************************
********************Position********************************
* X: 2885638.01  Y: 1335095.83  Z: 5510647.27  Fom: 0.18   *
* dE:   0.00  dN:   0.00  dU:   0.00   *
************************************************************
********************Velocity*********************
VX:   0.01  VY:   0.00  VZ:   0.18  Fom: 0.06   *
*************************************************

================================================================================
Processed epoch: 363
Number of Satellites      gpsl1: 5
Total number of satellites: 5
=========================== LSE solution ============================================

Navigation status: GOOD_FOR_NAV
********************Time***************************
* Signal   tow(s)        Bias(ms)    Drift(ms/s) *
* gpsl1  482742.3262    11.2674      0.00147        *
***************************************************
********************DOP******************
* GDOP: 10.06  PDOP: 8.15  HDOP: 6.91    *
* VDOP: 4.32  TDOP: 5.90                *
*****************************************
********************Position********************************
* X: 2885638.01  Y: 1335095.77  Z: 5510647.09  Fom: 0.19   *
* dE:   0.00  dN:   0.00  dU:   0.00   *
************************************************************
********************Velocity*********************
VX:  -0.01  VY:   0.01  VZ:  -0.02  Fom: 0.01   *
*************************************************

================================================================================
Processed epoch: 364
Number of Satellites      gpsl1: 5
Total number of satellites: 5
=========================== LSE solution ============================================

Navigation status: GOOD_FOR_NAV
********************Time***************************
* Signal   tow(s)        Bias(ms)    Drift(ms/s) *
* gpsl1  482742.4262    11.2673      0.00147        *
***************************************************
********************DOP******************
* GDOP: 10.06  PDOP: 8.15  HDOP: 6.91    *
* VDOP: 4.32  TDOP: 5.90                *
*****************************************
********************Position********************************
* X: 2885638.02  Y: 1335095.73  Z: 5510646.93  Fom: 0.18   *
* dE:   0.00  dN:   0.00  dU:   0.00   *
************************************************************
********************Velocity*********************
VX:   0.06  VY:   0.02  VZ:   0.08  Fom: 0.04   *
*************************************************

================================================================================
Processed epoch: 365
Number of Satellites      gpsl1: 5
Total number of satellites: 5
=========================== LSE solution ============================================

Navigation status: GOOD_FOR_NAV
********************Time***************************
* Signal   tow(s)        Bias(ms)    Drift(ms/s) *
* gpsl1  482742.5262    11.2672      0.00147        *
***************************************************
********************DOP******************
* GDOP: 10.06  PDOP: 8.15  HDOP: 6.91    *
* VDOP: 4.32  TDOP: 5.90                *
*****************************************
********************Position********************************
* X: 2885637.66  Y: 1335095.66  Z: 5510646.03  Fom: 0.16   *
* dE:   0.00  dN:   0.00  dU:   0.00   *
************************************************************
********************Velocity*********************
VX:  -0.01  VY:  -0.03  VZ:  -0.04  Fom: 0.02   *
*************************************************

================================================================================
Processed epoch: 366
Number of Satellites      gpsl1: 5
Total number of satellites: 5
=========================== LSE solution ============================================

Navigation status: GOOD_FOR_NAV
********************Time***************************
* Signal   tow(s)        Bias(ms)    Drift(ms/s) *
* gpsl1  482742.6262    11.2670      0.00147        *
***************************************************
********************DOP******************
* GDOP: 10.06  PDOP: 8.15  HDOP: 6.91    *
* VDOP: 4.32  TDOP: 5.90                *
*****************************************
********************Position********************************
* X: 2885637.56  Y: 1335095.65  Z: 5510645.74  Fom: 0.16   *
* dE:   0.00  dN:   0.00  dU:   0.00   *
************************************************************
********************Velocity*********************
VX:  -0.10  VY:  -0.02  VZ:  -0.35  Fom: 0.13   *
*************************************************

================================================================================
Processed epoch: 367
Number of Satellites      gpsl1: 5
Total number of satellites: 5
=========================== LSE solution ============================================

Navigation status: GOOD_FOR_NAV
********************Time***************************
* Signal   tow(s)        Bias(ms)    Drift(ms/s) *
* gpsl1  482742.7262    11.2669      0.00147        *
***************************************************
********************DOP******************
* GDOP: 10.06  PDOP: 8.15  HDOP: 6.91    *
* VDOP: 4.32  TDOP: 5.90                *
*****************************************
********************Position********************************
* X: 2885637.41  Y: 1335095.54  Z: 5510645.54  Fom: 0.14   *
* dE:   0.00  dN:   0.00  dU:   0.00   *
************************************************************
********************Velocity*********************
VX:  -0.06  VY:  -0.05  VZ:   0.05  Fom: 0.02   *
*************************************************

================================================================================
Processed epoch: 368
Number of Satellites      gpsl1: 5
Total number of satellites: 5
=========================== LSE solution ============================================

Navigation status: GOOD_FOR_NAV
********************Time***************************
* Signal   tow(s)        Bias(ms)    Drift(ms/s) *
* gpsl1  482742.8262    11.2667      0.00147        *
***************************************************
********************DOP******************
* GDOP: 10.06  PDOP: 8.15  HDOP: 6.91    *
* VDOP: 4.32  TDOP: 5.90                *
*****************************************
********************Position********************************
* X: 2885637.43  Y: 1335095.59  Z: 5510645.63  Fom: 0.15   *
* dE:   0.00  dN:   0.00  dU:   0.00   *
************************************************************
********************Velocity*********************
VX:  -0.01  VY:  -0.01  VZ:  -0.16  Fom: 0.05   *
*************************************************

================================================================================
Processed epoch: 369
Number of Satellites      gpsl1: 5
Total number of satellites: 5
=========================== LSE solution ============================================

Navigation status: GOOD_FOR_NAV
********************Time***************************
* Signal   tow(s)        Bias(ms)    Drift(ms/s) *
* gpsl1  482742.9262    11.2666      0.00147        *
***************************************************
********************DOP******************
* GDOP: 10.06  PDOP: 8.15  HDOP: 6.91    *
* VDOP: 4.32  TDOP: 5.90                *
*****************************************
********************Position********************************
* X: 2885637.35  Y: 1335095.53  Z: 5510645.41  Fom: 0.15   *
* dE:   0.00  dN:   0.00  dU:   0.00   *
************************************************************
********************Velocity*********************
VX:   0.07  VY:  -0.00  VZ:   0.21  Fom: 0.08   *
*************************************************

================================================================================
Processed epoch: 370
Number of Satellites      gpsl1: 5
Total number of satellites: 5
=========================== LSE solution ============================================

Navigation status: GOOD_FOR_NAV
********************Time***************************
* Signal   tow(s)        Bias(ms)    Drift(ms/s) *
* gpsl1  482743.0262    11.2664      0.00147        *
***************************************************
********************DOP******************
* GDOP: 10.06  PDOP: 8.15  HDOP: 6.91    *
* VDOP: 4.32  TDOP: 5.90                *
*****************************************
********************Position********************************
* X: 2885637.40  Y: 1335095.51  Z: 5510645.21  Fom: 0.15   *
* dE:   0.00  dN:   0.00  dU:   0.00   *
************************************************************
********************Velocity*********************
VX:  -0.06  VY:  -0.02  VZ:  -0.00  Fom: 0.02   *
*************************************************

================================================================================
Processed epoch: 371
Number of Satellites      gpsl1: 5
Total number of satellites: 5
=========================== LSE solution ============================================

Navigation status: GOOD_FOR_NAV
********************Time***************************
* Signal   tow(s)        Bias(ms)    Drift(ms/s) *
* gpsl1  482743.1262    11.2663      0.00147        *
***************************************************
********************DOP******************
* GDOP: 10.06  PDOP: 8.15  HDOP: 6.91    *
* VDOP: 4.32  TDOP: 5.89                *
*****************************************
********************Position********************************
* X: 2885637.23  Y: 1335095.52  Z: 5510645.16  Fom: 0.14   *
* dE:   0.00  dN:   0.00  dU:   0.00   *
************************************************************
********************Velocity*********************
VX:   0.04  VY:   0.03  VZ:   0.06  Fom: 0.03   *
*************************************************

================================================================================
Processed epoch: 372
Number of Satellites      gpsl1: 5
Total number of satellites: 5
=========================== LSE solution ============================================

Navigation status: GOOD_FOR_NAV
********************Time***************************
* Signal   tow(s)        Bias(ms)    Drift(ms/s) *
* gpsl1  482743.2262    11.2661      0.00147        *
***************************************************
********************DOP******************
* GDOP: 10.06  PDOP: 8.15  HDOP: 6.91    *
* VDOP: 4.32  TDOP: 5.89                *
*****************************************
********************Position********************************
* X: 2885637.22  Y: 1335095.44  Z: 5510645.35  Fom: 0.14   *
* dE:   0.00  dN:   0.00  dU:   0.00   *
************************************************************
********************Velocity*********************
VX:   0.01  VY:  -0.04  VZ:   0.31  Fom: 0.09   *
*************************************************

================================================================================
Processed epoch: 373
Number of Satellites      gpsl1: 5
Total number of satellites: 5
=========================== LSE solution ============================================

Navigation status: GOOD_FOR_NAV
********************Time***************************
* Signal   tow(s)        Bias(ms)    Drift(ms/s) *
* gpsl1  482743.3262    11.2660      0.00147        *
***************************************************
********************DOP******************
* GDOP: 10.06  PDOP: 8.15  HDOP: 6.91    *
* VDOP: 4.32  TDOP: 5.89                *
*****************************************
********************Position********************************
* X: 2885637.27  Y: 1335095.47  Z: 5510645.44  Fom: 0.12   *
* dE:   0.00  dN:   0.00  dU:   0.00   *
************************************************************
********************Velocity*********************
VX:  -0.04  VY:   0.01  VZ:  -0.18  Fom: 0.06   *
*************************************************

================================================================================
Processed epoch: 374
Number of Satellites      gpsl1: 5
Total number of satellites: 5
=========================== LSE solution ============================================

Navigation status: GOOD_FOR_NAV
********************Time***************************
* Signal   tow(s)        Bias(ms)    Drift(ms/s) *
* gpsl1  482743.4262    11.2658      0.00147        *
***************************************************
********************DOP******************
* GDOP: 10.06  PDOP: 8.15  HDOP: 6.91    *
* VDOP: 4.32  TDOP: 5.89                *
*****************************************
********************Position********************************
* X: 2885637.37  Y: 1335095.47  Z: 5510645.85  Fom: 0.10   *
* dE:   0.00  dN:   0.00  dU:   0.00   *
************************************************************
********************Velocity*********************
VX:   0.01  VY:  -0.00  VZ:  -0.01  Fom: 0.00   *
*************************************************

================================================================================
Processed epoch: 375
Number of Satellites      gpsl1: 5
Total number of satellites: 5
=========================== LSE solution ============================================

Navigation status: GOOD_FOR_NAV
********************Time***************************
* Signal   tow(s)        Bias(ms)    Drift(ms/s) *
* gpsl1  482743.5262    11.2657      0.00147        *
***************************************************
********************DOP******************
* GDOP: 10.06  PDOP: 8.15  HDOP: 6.91    *
* VDOP: 4.32  TDOP: 5.89                *
*****************************************
********************Position********************************
* X: 2885637.36  Y: 1335095.46  Z: 5510646.30  Fom: 0.08   *
* dE:   0.00  dN:   0.00  dU:   0.00   *
************************************************************
********************Velocity*********************
VX:   0.11  VY:  -0.02  VZ:   0.28  Fom: 0.10   *
*************************************************

================================================================================
Processed epoch: 376
Number of Satellites      gpsl1: 5
Total number of satellites: 5
=========================== LSE solution ============================================

Navigation status: GOOD_FOR_NAV
********************Time***************************
* Signal   tow(s)        Bias(ms)    Drift(ms/s) *
* gpsl1  482743.6262    11.2655      0.00147        *
***************************************************
********************DOP******************
* GDOP: 10.05  PDOP: 8.15  HDOP: 6.91    *
* VDOP: 4.32  TDOP: 5.89                *
*****************************************
********************Position********************************
* X: 2885637.40  Y: 1335095.37  Z: 5510646.84  Fom: 0.08   *
* dE:   0.00  dN:   0.00  dU:   0.00   *
************************************************************
********************Velocity*********************
VX:   0.07  VY:  -0.03  VZ:   0.07  Fom: 0.03   *
*************************************************

================================================================================
Processed epoch: 377
Number of Satellites      gpsl1: 5
Total number of satellites: 5
=========================== LSE solution ============================================

Navigation status: GOOD_FOR_NAV
********************Time***************************
* Signal   tow(s)        Bias(ms)    Drift(ms/s) *
* gpsl1  482743.7262    11.2654      0.00147        *
***************************************************
********************DOP******************
* GDOP: 10.05  PDOP: 8.15  HDOP: 6.91    *
* VDOP: 4.32  TDOP: 5.89                *
*****************************************
********************Position********************************
* X: 2885637.50  Y: 1335095.39  Z: 5510647.24  Fom: 0.08   *
* dE:   0.00  dN:   0.00  dU:   0.00   *
************************************************************
********************Velocity*********************
VX:  -0.11  VY:  -0.02  VZ:  -0.04  Fom: 0.04   *
*************************************************

================================================================================
Processed epoch: 378
Number of Satellites      gpsl1: 5
Total number of satellites: 5
=========================== LSE solution ============================================

Navigation status: GOOD_FOR_NAV
********************Time***************************
* Signal   tow(s)        Bias(ms)    Drift(ms/s) *
* gpsl1  482743.8262    11.2653      0.00147        *
***************************************************
********************DOP******************
* GDOP: 10.05  PDOP: 8.15  HDOP: 6.91    *
* VDOP: 4.32  TDOP: 5.89                *
*****************************************
********************Position********************************
* X: 2885637.46  Y: 1335095.30  Z: 5510647.28  Fom: 0.07   *
* dE:   0.00  dN:   0.00  dU:   0.00   *
************************************************************
********************Velocity*********************
VX:  -0.06  VY:  -0.03  VZ:  -0.04  Fom: 0.03   *
*************************************************

================================================================================
Processed epoch: 379
Number of Satellites      gpsl1: 5
Total number of satellites: 5
=========================== LSE solution ============================================

Navigation status: GOOD_FOR_NAV
********************Time***************************
* Signal   tow(s)        Bias(ms)    Drift(ms/s) *
* gpsl1  482743.9262    11.2651      0.00147        *
***************************************************
********************DOP******************
* GDOP: 10.05  PDOP: 8.15  HDOP: 6.91    *
* VDOP: 4.32  TDOP: 5.89                *
*****************************************
********************Position********************************
* X: 2885637.61  Y: 1335095.42  Z: 5510647.53  Fom: 0.07   *
* dE:   0.00  dN:   0.00  dU:   0.00   *
************************************************************
********************Velocity*********************
VX:  -0.05  VY:   0.02  VZ:  -0.08  Fom: 0.03   *
*************************************************

================================================================================
Processed epoch: 380
Number of Satellites      gpsl1: 5
Total number of satellites: 5
=========================== LSE solution ============================================

Navigation status: GOOD_FOR_NAV
********************Time***************************
* Signal   tow(s)        Bias(ms)    Drift(ms/s) *
* gpsl1  482744.0262    11.2650      0.00147        *
***************************************************
********************DOP******************
* GDOP: 10.05  PDOP: 8.15  HDOP: 6.91    *
* VDOP: 4.32  TDOP: 5.89                *
*****************************************
********************Position********************************
* X: 2885637.76  Y: 1335095.50  Z: 5510647.85  Fom: 0.08   *
* dE:   0.00  dN:   0.00  dU:   0.00   *
************************************************************
********************Velocity*********************
VX:  -0.05  VY:  -0.00  VZ:  -0.14  Fom: 0.05   *
*************************************************

================================================================================
Processed epoch: 381
Number of Satellites      gpsl1: 5
Total number of satellites: 5
=========================== LSE solution ============================================

Navigation status: GOOD_FOR_NAV
********************Time***************************
* Signal   tow(s)        Bias(ms)    Drift(ms/s) *
* gpsl1  482744.1262    11.2648      0.00147        *
***************************************************
********************DOP******************
* GDOP: 10.05  PDOP: 8.14  HDOP: 6.91    *
* VDOP: 4.32  TDOP: 5.89                *
*****************************************
********************Position********************************
* X: 2885637.89  Y: 1335095.53  Z: 5510648.54  Fom: 0.07   *
* dE:   0.00  dN:   0.00  dU:   0.00   *
************************************************************
********************Velocity*********************
VX:  -0.15  VY:   0.02  VZ:  -0.35  Fom: 0.13   *
*************************************************

================================================================================
Processed epoch: 382
Number of Satellites      gpsl1: 5
Total number of satellites: 5
=========================== LSE solution ============================================

Navigation status: GOOD_FOR_NAV
********************Time***************************
* Signal   tow(s)        Bias(ms)    Drift(ms/s) *
* gpsl1  482744.2262    11.2647      0.00147        *
***************************************************
********************DOP******************
* GDOP: 10.05  PDOP: 8.14  HDOP: 6.91    *
* VDOP: 4.32  TDOP: 5.89                *
*****************************************
********************Position********************************
* X: 2885637.95  Y: 1335095.60  Z: 5510648.55  Fom: 0.06   *
* dE:   0.00  dN:   0.00  dU:   0.00   *
************************************************************
********************Velocity*********************
VX:  -0.05  VY:   0.00  VZ:  -0.07  Fom: 0.03   *
*************************************************

================================================================================
Processed epoch: 383
Number of Satellites      gpsl1: 5
Total number of satellites: 5
=========================== LSE solution ============================================

Navigation status: GOOD_FOR_NAV
********************Time***************************
* Signal   tow(s)        Bias(ms)    Drift(ms/s) *
* gpsl1  482744.3262    11.2645      0.00147        *
***************************************************
********************DOP******************
* GDOP: 10.05  PDOP: 8.14  HDOP: 6.91    *
* VDOP: 4.32  TDOP: 5.89                *
*****************************************
********************Position********************************
* X: 2885638.21  Y: 1335095.59  Z: 5510649.27  Fom: 0.06   *
* dE:   0.00  dN:   0.00  dU:   0.00   *
************************************************************
********************Velocity*********************
VX:   0.09  VY:   0.02  VZ:   0.33  Fom: 0.12   *
*************************************************

================================================================================
Processed epoch: 384
Number of Satellites      gpsl1: 5
Total number of satellites: 5
=========================== LSE solution ============================================

Navigation status: GOOD_FOR_NAV
********************Time***************************
* Signal   tow(s)        Bias(ms)    Drift(ms/s) *
* gpsl1  482744.4262    11.2644      0.00147        *
***************************************************
********************DOP******************
* GDOP: 10.05  PDOP: 8.14  HDOP: 6.91    *
* VDOP: 4.32  TDOP: 5.89                *
*****************************************
********************Position********************************
* X: 2885638.40  Y: 1335095.62  Z: 5510649.85  Fom: 0.06   *
* dE:   0.00  dN:   0.00  dU:   0.00   *
************************************************************
********************Velocity*********************
VX:  -0.14  VY:  -0.04  VZ:  -0.30  Fom: 0.12   *
*************************************************

================================================================================
Processed epoch: 385
Number of Satellites      gpsl1: 5
Total number of satellites: 5
=========================== LSE solution ============================================

Navigation status: GOOD_FOR_NAV
********************Time***************************
* Signal   tow(s)        Bias(ms)    Drift(ms/s) *
* gpsl1  482744.5262    11.2642      0.00147        *
***************************************************
********************DOP******************
* GDOP: 10.05  PDOP: 8.14  HDOP: 6.91    *
* VDOP: 4.32  TDOP: 5.89                *
*****************************************
********************Position********************************
* X: 2885638.40  Y: 1335095.72  Z: 5510650.17  Fom: 0.03   *
* dE:   0.00  dN:   0.00  dU:   0.00   *
************************************************************
********************Velocity*********************
VX:   0.03  VY:   0.03  VZ:  -0.00  Fom: 0.01   *
*************************************************

================================================================================
Processed epoch: 386
Number of Satellites      gpsl1: 5
Total number of satellites: 5
=========================== LSE solution ============================================

Navigation status: GOOD_FOR_NAV
********************Time***************************
* Signal   tow(s)        Bias(ms)    Drift(ms/s) *
* gpsl1  482744.6262    11.2641      0.00147        *
***************************************************
********************DOP******************
* GDOP: 10.05  PDOP: 8.14  HDOP: 6.91    *
* VDOP: 4.32  TDOP: 5.89                *
*****************************************
********************Position********************************
* X: 2885638.48  Y: 1335095.67  Z: 5510650.12  Fom: 0.04   *
* dE:   0.00  dN:   0.00  dU:   0.00   *
************************************************************
********************Velocity*********************
VX:  -0.01  VY:   0.01  VZ:   0.16  Fom: 0.05   *
*************************************************

================================================================================
Processed epoch: 387
Number of Satellites      gpsl1: 5
Total number of satellites: 5
=========================== LSE solution ============================================

Navigation status: GOOD_FOR_NAV
********************Time***************************
* Signal   tow(s)        Bias(ms)    Drift(ms/s) *
* gpsl1  482744.7262    11.2639      0.00147        *
***************************************************
********************DOP******************
* GDOP: 10.05  PDOP: 8.14  HDOP: 6.91    *
* VDOP: 4.32  TDOP: 5.89                *
*****************************************
********************Position********************************
* X: 2885638.53  Y: 1335095.75  Z: 5510650.24  Fom: 0.05   *
* dE:   0.00  dN:   0.00  dU:   0.00   *
************************************************************
********************Velocity*********************
VX:  -0.03  VY:   0.01  VZ:  -0.26  Fom: 0.08   *
*************************************************

================================================================================
Processed epoch: 388
Number of Satellites      gpsl1: 5
Total number of satellites: 5
=========================== LSE solution ============================================

Navigation status: GOOD_FOR_NAV
********************Time***************************
* Signal   tow(s)        Bias(ms)    Drift(ms/s) *
* gpsl1  482744.8262    11.2638      0.00147        *
***************************************************
********************DOP******************
* GDOP: 10.05  PDOP: 8.14  HDOP: 6.90    *
* VDOP: 4.32  TDOP: 5.89                *
*****************************************
********************Position********************************
* X: 2885638.36  Y: 1335095.73  Z: 5510649.40  Fom: 0.02   *
* dE:   0.00  dN:   0.00  dU:   0.00   *
************************************************************
********************Velocity*********************
VX:  -0.10  VY:   0.03  VZ:  -0.18  Fom: 0.07   *
*************************************************

================================================================================
Processed epoch: 389
Number of Satellites      gpsl1: 5
Total number of satellites: 5
=========================== LSE solution ============================================

Navigation status: GOOD_FOR_NAV
********************Time***************************
* Signal   tow(s)        Bias(ms)    Drift(ms/s) *
* gpsl1  482744.9262    11.2637      0.00147        *
***************************************************
********************DOP******************
* GDOP: 10.05  PDOP: 8.14  HDOP: 6.90    *
* VDOP: 4.32  TDOP: 5.89                *
*****************************************
********************Position********************************
* X: 2885638.14  Y: 1335095.71  Z: 5510648.58  Fom: 0.03   *
* dE:   0.00  dN:   0.00  dU:   0.00   *
************************************************************
********************Velocity*********************
VX:  -0.05  VY:   0.00  VZ:  -0.16  Fom: 0.06   *
*************************************************

================================================================================
Processed epoch: 390
Number of Satellites      gpsl1: 5
Total number of satellites: 5
=========================== LSE solution ============================================

Navigation status: GOOD_FOR_NAV
********************Time***************************
* Signal   tow(s)        Bias(ms)    Drift(ms/s) *
* gpsl1  482745.0262    11.2635      0.00147        *
***************************************************
********************DOP******************
* GDOP: 10.05  PDOP: 8.14  HDOP: 6.90    *
* VDOP: 4.32  TDOP: 5.89                *
*****************************************
********************Position********************************
* X: 2885638.16  Y: 1335095.70  Z: 5510648.57  Fom: 0.01   *
* dE:   0.00  dN:   0.00  dU:   0.00   *
************************************************************
********************Velocity*********************
VX:  -0.01  VY:  -0.01  VZ:   0.00  Fom: 0.01   *
*************************************************

================================================================================
Processed epoch: 391
Number of Satellites      gpsl1: 5
Total number of satellites: 5
=========================== LSE solution ============================================

Navigation status: GOOD_FOR_NAV
********************Time***************************
* Signal   tow(s)        Bias(ms)    Drift(ms/s) *
* gpsl1  482745.1262    11.2634      0.00147        *
***************************************************
********************DOP******************
* GDOP: 10.05  PDOP: 8.14  HDOP: 6.90    *
* VDOP: 4.31  TDOP: 5.89                *
*****************************************
********************Position********************************
* X: 2885638.15  Y: 1335095.71  Z: 5510648.54  Fom: 0.00   *
* dE:   0.00  dN:   0.00  dU:   0.00   *
************************************************************
********************Velocity*********************
VX:  -0.03  VY:  -0.01  VZ:  -0.13  Fom: 0.05   *
*************************************************

================================================================================
Processed epoch: 392
Number of Satellites      gpsl1: 5
Total number of satellites: 5
=========================== LSE solution ============================================

Navigation status: GOOD_FOR_NAV
********************Time***************************
* Signal   tow(s)        Bias(ms)    Drift(ms/s) *
* gpsl1  482745.2262    11.2632      0.00147        *
***************************************************
********************DOP******************
* GDOP: 10.05  PDOP: 8.14  HDOP: 6.90    *
* VDOP: 4.31  TDOP: 5.89                *
*****************************************
********************Position********************************
* X: 2885638.35  Y: 1335095.77  Z: 5510649.15  Fom: 0.00   *
* dE:   0.00  dN:   0.00  dU:   0.00   *
************************************************************
********************Velocity*********************
VX:  -0.09  VY:  -0.01  VZ:  -0.28  Fom: 0.10   *
*************************************************

================================================================================
Processed epoch: 393
Number of Satellites      gpsl1: 5
Total number of satellites: 5
=========================== LSE solution ============================================

Navigation status: GOOD_FOR_NAV
********************Time***************************
* Signal   tow(s)        Bias(ms)    Drift(ms/s) *
* gpsl1  482745.3262    11.2631      0.00147        *
***************************************************
********************DOP******************
* GDOP: 10.05  PDOP: 8.14  HDOP: 6.90    *
* VDOP: 4.31  TDOP: 5.89                *
*****************************************
********************Position********************************
* X: 2885638.40  Y: 1335095.79  Z: 5510649.10  Fom: 0.00   *
* dE:   0.00  dN:   0.00  dU:   0.00   *
************************************************************
********************Velocity*********************
VX:  -0.01  VY:  -0.01  VZ:  -0.02  Fom: 0.01   *
*************************************************

================================================================================
Processed epoch: 394
Number of Satellites      gpsl1: 5
Total number of satellites: 5
=========================== LSE solution ============================================

Navigation status: GOOD_FOR_NAV
********************Time***************************
* Signal   tow(s)        Bias(ms)    Drift(ms/s) *
* gpsl1  482745.4262    11.2629      0.00147        *
***************************************************
********************DOP******************
* GDOP: 10.05  PDOP: 8.14  HDOP: 6.90    *
* VDOP: 4.31  TDOP: 5.89                *
*****************************************
********************Position********************************
* X: 2885638.26  Y: 1335095.72  Z: 5510648.99  Fom: 0.02   *
* dE:   0.00  dN:   0.00  dU:   0.00   *
************************************************************
********************Velocity*********************
VX:   0.08  VY:   0.01  VZ:   0.39  Fom: 0.13   *
*************************************************

================================================================================
Processed epoch: 395
Number of Satellites      gpsl1: 5
Total number of satellites: 5
=========================== LSE solution ============================================

Navigation status: GOOD_FOR_NAV
********************Time***************************
* Signal   tow(s)        Bias(ms)    Drift(ms/s) *
* gpsl1  482745.5262    11.2628      0.00147        *
***************************************************
********************DOP******************
* GDOP: 10.05  PDOP: 8.14  HDOP: 6.90    *
* VDOP: 4.31  TDOP: 5.89                *
*****************************************
********************Position********************************
* X: 2885638.21  Y: 1335095.75  Z: 5510649.09  Fom: 0.01   *
* dE:   0.00  dN:   0.00  dU:   0.00   *
************************************************************
********************Velocity*********************
VX:   0.07  VY:   0.01  VZ:   0.28  Fom: 0.10   *
*************************************************

================================================================================
Processed epoch: 396
Number of Satellites      gpsl1: 5
Total number of satellites: 5
=========================== LSE solution ============================================

Navigation status: GOOD_FOR_NAV
********************Time***************************
* Signal   tow(s)        Bias(ms)    Drift(ms/s) *
* gpsl1  482745.6262    11.2626      0.00147        *
***************************************************
********************DOP******************
* GDOP: 10.05  PDOP: 8.14  HDOP: 6.90    *
* VDOP: 4.31  TDOP: 5.89                *
*****************************************
********************Position********************************
* X: 2885638.38  Y: 1335095.81  Z: 5510649.41  Fom: 0.00   *
* dE:   0.00  dN:   0.00  dU:   0.00   *
************************************************************
********************Velocity*********************
VX:  -0.03  VY:   0.02  VZ:  -0.07  Fom: 0.03   *
*************************************************

================================================================================
Processed epoch: 397
Number of Satellites      gpsl1: 5
Total number of satellites: 5
=========================== LSE solution ============================================

Navigation status: GOOD_FOR_NAV
********************Time***************************
* Signal   tow(s)        Bias(ms)    Drift(ms/s) *
* gpsl1  482745.7262    11.2625      0.00147        *
***************************************************
********************DOP******************
* GDOP: 10.05  PDOP: 8.14  HDOP: 6.90    *
* VDOP: 4.31  TDOP: 5.89                *
*****************************************
********************Position********************************
* X: 2885638.25  Y: 1335095.91  Z: 5510648.80  Fom: 0.01   *
* dE:   0.00  dN:   0.00  dU:   0.00   *
************************************************************
********************Velocity*********************
VX:   0.01  VY:   0.03  VZ:  -0.04  Fom: 0.01   *
*************************************************

================================================================================
Processed epoch: 398
Number of Satellites      gpsl1: 5
Total number of satellites: 5
=========================== LSE solution ============================================

Navigation status: GOOD_FOR_NAV
********************Time***************************
* Signal   tow(s)        Bias(ms)    Drift(ms/s) *
* gpsl1  482745.8262    11.2623      0.00147        *
***************************************************
********************DOP******************
* GDOP: 10.05  PDOP: 8.14  HDOP: 6.90    *
* VDOP: 4.31  TDOP: 5.89                *
*****************************************
********************Position********************************
* X: 2885638.18  Y: 1335095.93  Z: 5510648.47  Fom: 0.03   *
* dE:   0.00  dN:   0.00  dU:   0.00   *
************************************************************
********************Velocity*********************
VX:   0.09  VY:   0.02  VZ:   0.26  Fom: 0.10   *
*************************************************

================================================================================
Processed epoch: 399
Number of Satellites      gpsl1: 5
Total number of satellites: 5
=========================== LSE solution ============================================

Navigation status: GOOD_FOR_NAV
********************Time***************************
* Signal   tow(s)        Bias(ms)    Drift(ms/s) *
* gpsl1  482745.9262    11.2622      0.00147        *
***************************************************
********************DOP******************
* GDOP: 10.05  PDOP: 8.14  HDOP: 6.90    *
* VDOP: 4.31  TDOP: 5.89                *
*****************************************
********************Position********************************
* X: 2885638.38  Y: 1335095.79  Z: 5510649.34  Fom: 0.04   *
* dE:   0.00  dN:   0.00  dU:   0.00   *
************************************************************
********************Velocity*********************
VX:   0.07  VY:   0.02  VZ:   0.27  Fom: 0.09   *
*************************************************

================================================================================
Processed epoch: 400
Number of Satellites      gpsl1: 5
Total number of satellites: 5
=========================== LSE solution ============================================

Navigation status: GOOD_FOR_NAV
********************Time***************************
* Signal   tow(s)        Bias(ms)    Drift(ms/s) *
* gpsl1  482746.0262    11.2620      0.00147        *
***************************************************
********************DOP******************
* GDOP: 10.04  PDOP: 8.14  HDOP: 6.90    *
* VDOP: 4.31  TDOP: 5.89                *
*****************************************
********************Position********************************
* X: 2885638.53  Y: 1335095.76  Z: 5510649.15  Fom: 0.05   *
* dE:   0.00  dN:   0.00  dU:   0.00   *
************************************************************
********************Velocity*********************
VX:   0.05  VY:   0.01  VZ:   0.16  Fom: 0.06   *
*************************************************

================================================================================
Processed epoch: 401
Number of Satellites      gpsl1: 5
Total number of satellites: 5
=========================== LSE solution ============================================

Navigation status: GOOD_FOR_NAV
********************Time***************************
* Signal   tow(s)        Bias(ms)    Drift(ms/s) *
* gpsl1  482746.1262    11.2619      0.00147        *
***************************************************
********************DOP******************
* GDOP: 10.04  PDOP: 8.14  HDOP: 6.90    *
* VDOP: 4.31  TDOP: 5.89                *
*****************************************
********************Position********************************
* X: 2885638.68  Y: 1335095.76  Z: 5510649.22  Fom: 0.05   *
* dE:   0.00  dN:   0.00  dU:   0.00   *
************************************************************
********************Velocity*********************
VX:   0.05  VY:  -0.03  VZ:   0.22  Fom: 0.07   *
*************************************************

================================================================================
Processed epoch: 402
Number of Satellites      gpsl1: 5
Total number of satellites: 5
=========================== LSE solution ============================================

Navigation status: GOOD_FOR_NAV
********************Time***************************
* Signal   tow(s)        Bias(ms)    Drift(ms/s) *
* gpsl1  482746.2262    11.2618      0.00147        *
***************************************************
********************DOP******************
* GDOP: 10.04  PDOP: 8.14  HDOP: 6.90    *
* VDOP: 4.31  TDOP: 5.89                *
*****************************************
********************Position********************************
* X: 2885638.72  Y: 1335095.72  Z: 5510649.17  Fom: 0.06   *
* dE:   0.00  dN:   0.00  dU:   0.00   *
************************************************************
********************Velocity*********************
VX:  -0.03  VY:  -0.04  VZ:  -0.09  Fom: 0.04   *
*************************************************

================================================================================
Processed epoch: 403
Number of Satellites      gpsl1: 5
Total number of satellites: 5
=========================== LSE solution ============================================

Navigation status: GOOD_FOR_NAV
********************Time***************************
* Signal   tow(s)        Bias(ms)    Drift(ms/s) *
* gpsl1  482746.3262    11.2616      0.00147        *
***************************************************
********************DOP******************
* GDOP: 10.04  PDOP: 8.14  HDOP: 6.90    *
* VDOP: 4.31  TDOP: 5.89                *
*****************************************
********************Position********************************
* X: 2885638.81  Y: 1335095.76  Z: 5510649.72  Fom: 0.07   *
* dE:   0.00  dN:   0.00  dU:   0.00   *
************************************************************
********************Velocity*********************
VX:  -0.02  VY:  -0.01  VZ:  -0.04  Fom: 0.02   *
*************************************************

================================================================================
Processed epoch: 404
Number of Satellites      gpsl1: 5
Total number of satellites: 5
=========================== LSE solution ============================================

Navigation status: GOOD_FOR_NAV
********************Time***************************
* Signal   tow(s)        Bias(ms)    Drift(ms/s) *
* gpsl1  482746.4262    11.2615      0.00147        *
***************************************************
********************DOP******************
* GDOP: 10.04  PDOP: 8.14  HDOP: 6.90    *
* VDOP: 4.31  TDOP: 5.89                *
*****************************************
********************Position********************************
* X: 2885638.87  Y: 1335095.81  Z: 5510649.54  Fom: 0.08   *
* dE:   0.00  dN:   0.00  dU:   0.00   *
************************************************************
********************Velocity*********************
VX:  -0.01  VY:   0.02  VZ:   0.07  Fom: 0.02   *
*************************************************

================================================================================
Processed epoch: 405
Number of Satellites      gpsl1: 5
Total number of satellites: 5
=========================== LSE solution ============================================

Navigation status: GOOD_FOR_NAV
********************Time***************************
* Signal   tow(s)        Bias(ms)    Drift(ms/s) *
* gpsl1  482746.5262    11.2613      0.00147        *
***************************************************
********************DOP******************
* GDOP: 10.04  PDOP: 8.14  HDOP: 6.90    *
* VDOP: 4.31  TDOP: 5.89                *
*****************************************
********************Position********************************
* X: 2885638.95  Y: 1335095.89  Z: 5510649.56  Fom: 0.08   *
* dE:   0.00  dN:   0.00  dU:   0.00   *
************************************************************
********************Velocity*********************
VX:   0.04  VY:  -0.00  VZ:   0.09  Fom: 0.03   *
*************************************************

================================================================================
Processed epoch: 406
Number of Satellites      gpsl1: 5
Total number of satellites: 5
=========================== LSE solution ============================================

Navigation status: GOOD_FOR_NAV
********************Time***************************
* Signal   tow(s)        Bias(ms)    Drift(ms/s) *
* gpsl1  482746.6262    11.2612      0.00147        *
***************************************************
********************DOP******************
* GDOP: 10.04  PDOP: 8.14  HDOP: 6.90    *
* VDOP: 4.31  TDOP: 5.89                *
*****************************************
********************Position********************************
* X: 2885638.97  Y: 1335095.91  Z: 5510649.52  Fom: 0.09   *
* dE:   0.00  dN:   0.00  dU:   0.00   *
************************************************************
********************Velocity*********************
VX:   0.13  VY:   0.01  VZ:   0.34  Fom: 0.13   *
*************************************************

================================================================================
Processed epoch: 407
Number of Satellites      gpsl1: 5
Total number of satellites: 5
=========================== LSE solution ============================================

Navigation status: GOOD_FOR_NAV
********************Time***************************
* Signal   tow(s)        Bias(ms)    Drift(ms/s) *
* gpsl1  482746.7262    11.2610      0.00147        *
***************************************************
********************DOP******************
* GDOP: 10.04  PDOP: 8.14  HDOP: 6.90    *
* VDOP: 4.31  TDOP: 5.89                *
*****************************************
********************Position********************************
* X: 2885638.96  Y: 1335095.93  Z: 5510649.71  Fom: 0.10   *
* dE:   0.00  dN:   0.00  dU:   0.00   *
************************************************************
********************Velocity*********************
VX:  -0.07  VY:   0.04  VZ:  -0.24  Fom: 0.08   *
*************************************************

================================================================================
Processed epoch: 408
Number of Satellites      gpsl1: 5
Total number of satellites: 5
=========================== LSE solution ============================================

Navigation status: GOOD_FOR_NAV
********************Time***************************
* Signal   tow(s)        Bias(ms)    Drift(ms/s) *
* gpsl1  482746.8262    11.2609      0.00147        *
***************************************************
********************DOP******************
* GDOP: 10.04  PDOP: 8.14  HDOP: 6.90    *
* VDOP: 4.31  TDOP: 5.89                *
*****************************************
********************Position********************************
* X: 2885638.94  Y: 1335095.88  Z: 5510649.81  Fom: 0.11   *
* dE:   0.00  dN:   0.00  dU:   0.00   *
************************************************************
********************Velocity*********************
VX:   0.02  VY:   0.01  VZ:  -0.03  Fom: 0.01   *
*************************************************

================================================================================
Processed epoch: 409
Number of Satellites      gpsl1: 5
Total number of satellites: 5
=========================== LSE solution ============================================

Navigation status: GOOD_FOR_NAV
********************Time***************************
* Signal   tow(s)        Bias(ms)    Drift(ms/s) *
* gpsl1  482746.9262    11.2607      0.00147        *
***************************************************
********************DOP******************
* GDOP: 10.04  PDOP: 8.14  HDOP: 6.90    *
* VDOP: 4.31  TDOP: 5.89                *
*****************************************
********************Position********************************
* X: 2885639.15  Y: 1335095.84  Z: 5510650.24  Fom: 0.12   *
* dE:   0.00  dN:   0.00  dU:   0.00   *
************************************************************
********************Velocity*********************
VX:   0.03  VY:   0.02  VZ:   0.13  Fom: 0.05   *
*************************************************

================================================================================
Processed epoch: 410
Number of Satellites      gpsl1: 5
Total number of satellites: 5
=========================== LSE solution ============================================

Navigation status: GOOD_FOR_NAV
********************Time***************************
* Signal   tow(s)        Bias(ms)    Drift(ms/s) *
* gpsl1  482747.0262    11.2606      0.00147        *
***************************************************
********************DOP******************
* GDOP: 10.04  PDOP: 8.13  HDOP: 6.90    *
* VDOP: 4.31  TDOP: 5.89                *
*****************************************
********************Position********************************
* X: 2885639.07  Y: 1335095.86  Z: 5510649.99  Fom: 0.13   *
* dE:   0.00  dN:   0.00  dU:   0.00   *
************************************************************
********************Velocity*********************
VX:  -0.05  VY:   0.00  VZ:  -0.12  Fom: 0.05   *
*************************************************

================================================================================
Processed epoch: 411
Number of Satellites      gpsl1: 5
Total number of satellites: 5
=========================== LSE solution ============================================

Navigation status: GOOD_FOR_NAV
********************Time***************************
* Signal   tow(s)        Bias(ms)    Drift(ms/s) *
* gpsl1  482747.1262    11.2604      0.00147        *
***************************************************
********************DOP******************
* GDOP: 10.04  PDOP: 8.13  HDOP: 6.90    *
* VDOP: 4.31  TDOP: 5.88                *
*****************************************
********************Position********************************
* X: 2885638.92  Y: 1335095.83  Z: 5510649.87  Fom: 0.12   *
* dE:   0.00  dN:   0.00  dU:   0.00   *
************************************************************
********************Velocity*********************
VX:   0.02  VY:  -0.01  VZ:   0.24  Fom: 0.07   *
*************************************************

================================================================================
Processed epoch: 412
Number of Satellites      gpsl1: 5
Total number of satellites: 5
=========================== LSE solution ============================================

Navigation status: GOOD_FOR_NAV
********************Time***************************
* Signal   tow(s)        Bias(ms)    Drift(ms/s) *
* gpsl1  482747.2262    11.2603      0.00147        *
***************************************************
********************DOP******************
* GDOP: 10.04  PDOP: 8.13  HDOP: 6.90    *
* VDOP: 4.31  TDOP: 5.88                *
*****************************************
********************Position********************************
* X: 2885638.96  Y: 1335095.83  Z: 5510649.62  Fom: 0.10   *
* dE:   0.00  dN:   0.00  dU:   0.00   *
************************************************************
********************Velocity*********************
VX:  -0.16  VY:  -0.03  VZ:  -0.41  Fom: 0.15   *
*************************************************

================================================================================
Processed epoch: 413
Number of Satellites      gpsl1: 5
Total number of satellites: 5
=========================== LSE solution ============================================

Navigation status: GOOD_FOR_NAV
********************Time***************************
* Signal   tow(s)        Bias(ms)    Drift(ms/s) *
* gpsl1  482747.3262    11.2602      0.00147        *
***************************************************
********************DOP******************
* GDOP: 10.04  PDOP: 8.13  HDOP: 6.90    *
* VDOP: 4.31  TDOP: 5.88                *
*****************************************
********************Position********************************
* X: 2885638.90  Y: 1335095.74  Z: 5510649.32  Fom: 0.09   *
* dE:   0.00  dN:   0.00  dU:   0.00   *
************************************************************
********************Velocity*********************
VX:  -0.11  VY:  -0.04  VZ:   0.08  Fom: 0.02   *
*************************************************

================================================================================
Processed epoch: 414
Number of Satellites      gpsl1: 5
Total number of satellites: 5
=========================== LSE solution ============================================

Navigation status: GOOD_FOR_NAV
********************Time***************************
* Signal   tow(s)        Bias(ms)    Drift(ms/s) *
* gpsl1  482747.4262    11.2600      0.00147        *
***************************************************
********************DOP******************
* GDOP: 10.04  PDOP: 8.13  HDOP: 6.90    *
* VDOP: 4.31  TDOP: 5.88                *
*****************************************
********************Position********************************
* X: 2885639.20  Y: 1335095.78  Z: 5510649.93  Fom: 0.10   *
* dE:   0.00  dN:   0.00  dU:   0.00   *
************************************************************
********************Velocity*********************
VX:   0.02  VY:   0.04  VZ:  -0.00  Fom: 0.01   *
*************************************************

================================================================================
Processed epoch: 415
Number of Satellites      gpsl1: 5
Total number of satellites: 5
=========================== LSE solution ============================================

Navigation status: GOOD_FOR_NAV
********************Time***************************
* Signal   tow(s)        Bias(ms)    Drift(ms/s) *
* gpsl1  482747.5262    11.2599      0.00147        *
***************************************************
********************DOP******************
* GDOP: 10.04  PDOP: 8.13  HDOP: 6.90    *
* VDOP: 4.31  TDOP: 5.88                *
*****************************************
********************Position********************************
* X: 2885638.99  Y: 1335095.81  Z: 5510649.24  Fom: 0.09   *
* dE:   0.00  dN:   0.00  dU:   0.00   *
************************************************************
********************Velocity*********************
VX:   0.01  VY:   0.00  VZ:   0.04  Fom: 0.02   *
*************************************************

================================================================================
Processed epoch: 416
Number of Satellites      gpsl1: 5
Total number of satellites: 5
=========================== LSE solution ============================================

Navigation status: GOOD_FOR_NAV
********************Time***************************
* Signal   tow(s)        Bias(ms)    Drift(ms/s) *
* gpsl1  482747.6262    11.2597      0.00147        *
***************************************************
********************DOP******************
* GDOP: 10.04  PDOP: 8.13  HDOP: 6.90    *
* VDOP: 4.31  TDOP: 5.88                *
*****************************************
********************Position********************************
* X: 2885638.99  Y: 1335095.82  Z: 5510648.87  Fom: 0.08   *
* dE:   0.00  dN:   0.00  dU:   0.00   *
************************************************************
********************Velocity*********************
VX:  -0.02  VY:   0.01  VZ:  -0.07  Fom: 0.02   *
*************************************************

================================================================================
Processed epoch: 417
Number of Satellites      gpsl1: 5
Total number of satellites: 5
=========================== LSE solution ============================================

Navigation status: GOOD_FOR_NAV
********************Time***************************
* Signal   tow(s)        Bias(ms)    Drift(ms/s) *
* gpsl1  482747.7262    11.2596      0.00147        *
***************************************************
********************DOP******************
* GDOP: 10.04  PDOP: 8.13  HDOP: 6.90    *
* VDOP: 4.31  TDOP: 5.88                *
*****************************************
********************Position********************************
* X: 2885638.64  Y: 1335095.78  Z: 5510647.65  Fom: 0.08   *
* dE:   0.00  dN:   0.00  dU:   0.00   *
************************************************************
********************Velocity*********************
VX:   0.04  VY:   0.00  VZ:   0.14  Fom: 0.05   *
*************************************************

================================================================================
Processed epoch: 418
Number of Satellites      gpsl1: 5
Total number of satellites: 5
=========================== LSE solution ============================================

Navigation status: GOOD_FOR_NAV
********************Time***************************
* Signal   tow(s)        Bias(ms)    Drift(ms/s) *
* gpsl1  482747.8262    11.2594      0.00147        *
***************************************************
********************DOP******************
* GDOP: 10.04  PDOP: 8.13  HDOP: 6.89    *
* VDOP: 4.31  TDOP: 5.88                *
*****************************************
********************Position********************************
* X: 2885638.54  Y: 1335095.84  Z: 5510647.31  Fom: 0.07   *
* dE:   0.00  dN:   0.00  dU:   0.00   *
************************************************************
********************Velocity*********************
VX:   0.07  VY:   0.05  VZ:   0.05  Fom: 0.03   *
*************************************************

================================================================================
Processed epoch: 419
Number of Satellites      gpsl1: 5
Total number of satellites: 5
=========================== LSE solution ============================================

Navigation status: GOOD_FOR_NAV
********************Time***************************
* Signal   tow(s)        Bias(ms)    Drift(ms/s) *
* gpsl1  482747.9262    11.2593      0.00147        *
***************************************************
********************DOP******************
* GDOP: 10.04  PDOP: 8.13  HDOP: 6.89    *
* VDOP: 4.31  TDOP: 5.88                *
*****************************************
********************Position********************************
* X: 2885638.64  Y: 1335095.87  Z: 5510647.60  Fom: 0.05   *
* dE:   0.00  dN:   0.00  dU:   0.00   *
************************************************************
********************Velocity*********************
VX:  -0.00  VY:   0.03  VZ:  -0.08  Fom: 0.02   *
*************************************************

================================================================================
Processed epoch: 420
Number of Satellites      gpsl1: 5
Total number of satellites: 5
=========================== LSE solution ============================================

Navigation status: GOOD_FOR_NAV
********************Time***************************
* Signal   tow(s)        Bias(ms)    Drift(ms/s) *
* gpsl1  482748.0262    11.2591      0.00147        *
***************************************************
********************DOP******************
* GDOP: 10.04  PDOP: 8.13  HDOP: 6.89    *
* VDOP: 4.31  TDOP: 5.88                *
*****************************************
********************Position********************************
* X: 2885638.77  Y: 1335095.90  Z: 5510647.82  Fom: 0.04   *
* dE:   0.00  dN:   0.00  dU:   0.00   *
************************************************************
********************Velocity*********************
VX:  -0.05  VY:   0.00  VZ:  -0.00  Fom: 0.01   *
*************************************************

================================================================================
Processed epoch: 421
Number of Satellites      gpsl1: 5
Total number of satellites: 5
=========================== LSE solution ============================================

Navigation status: GOOD_FOR_NAV
********************Time***************************
* Signal   tow(s)        Bias(ms)    Drift(ms/s) *
* gpsl1  482748.1262    11.2590      0.00147        *
***************************************************
********************DOP******************
* GDOP: 10.04  PDOP: 8.13  HDOP: 6.89    *
* VDOP: 4.31  TDOP: 5.88                *
*****************************************
********************Position********************************
* X: 2885638.71  Y: 1335095.99  Z: 5510647.19  Fom: 0.03   *
* dE:   0.00  dN:   0.00  dU:   0.00   *
************************************************************
********************Velocity*********************
VX:   0.05  VY:   0.03  VZ:   0.07  Fom: 0.03   *
*************************************************

================================================================================
Processed epoch: 422
Number of Satellites      gpsl1: 5
Total number of satellites: 5
=========================== LSE solution ============================================

Navigation status: GOOD_FOR_NAV
********************Time***************************
* Signal   tow(s)        Bias(ms)    Drift(ms/s) *
* gpsl1  482748.2262    11.2588      0.00147        *
***************************************************
********************DOP******************
* GDOP: 10.04  PDOP: 8.13  HDOP: 6.89    *
* VDOP: 4.31  TDOP: 5.88                *
*****************************************
********************Position********************************
* X: 2885638.68  Y: 1335096.03  Z: 5510646.98  Fom: 0.04   *
* dE:   0.00  dN:   0.00  dU:   0.00   *
************************************************************
********************Velocity*********************
VX:  -0.04  VY:  -0.02  VZ:  -0.06  Fom: 0.03   *
*************************************************

================================================================================
Processed epoch: 423
Number of Satellites      gpsl1: 5
Total number of satellites: 5
=========================== LSE solution ============================================

Navigation status: GOOD_FOR_NAV
********************Time***************************
* Signal   tow(s)        Bias(ms)    Drift(ms/s) *
* gpsl1  482748.3262    11.2587      0.00147        *
***************************************************
********************DOP******************
* GDOP: 10.04  PDOP: 8.13  HDOP: 6.89    *
* VDOP: 4.31  TDOP: 5.88                *
*****************************************
********************Position********************************
* X: 2885638.43  Y: 1335096.01  Z: 5510646.29  Fom: 0.05   *
* dE:   0.00  dN:   0.00  dU:   0.00   *
************************************************************
********************Velocity*********************
VX:  -0.01  VY:   0.01  VZ:   0.05  Fom: 0.01   *
*************************************************

================================================================================
Processed epoch: 424
Number of Satellites      gpsl1: 5
Total number of satellites: 5
=========================== LSE solution ============================================

Navigation status: GOOD_FOR_NAV
********************Time***************************
* Signal   tow(s)        Bias(ms)    Drift(ms/s) *
* gpsl1  482748.4262    11.2585      0.00147        *
***************************************************
********************DOP******************
* GDOP: 10.03  PDOP: 8.13  HDOP: 6.89    *
* VDOP: 4.31  TDOP: 5.88                *
*****************************************
********************Position********************************
* X: 2885638.77  Y: 1335096.04  Z: 5510646.92  Fom: 0.04   *
* dE:   0.00  dN:   0.00  dU:   0.00   *
************************************************************
********************Velocity*********************
VX:  -0.01  VY:  -0.03  VZ:  -0.00  Fom: 0.01   *
*************************************************

================================================================================
Processed epoch: 425
Number of Satellites      gpsl1: 5
Total number of satellites: 5
=========================== LSE solution ============================================

Navigation status: GOOD_FOR_NAV
********************Time***************************
* Signal   tow(s)        Bias(ms)    Drift(ms/s) *
* gpsl1  482748.5262    11.2584      0.00147        *
***************************************************
********************DOP******************
* GDOP: 10.03  PDOP: 8.13  HDOP: 6.89    *
* VDOP: 4.31  TDOP: 5.88                *
*****************************************
********************Position********************************
* X: 2885638.96  Y: 1335096.03  Z: 5510647.68  Fom: 0.03   *
* dE:   0.00  dN:   0.00  dU:   0.00   *
************************************************************
********************Velocity*********************
VX:  -0.10  VY:   0.02  VZ:  -0.28  Fom: 0.10   *
*************************************************

================================================================================
Processed epoch: 426
Number of Satellites      gpsl1: 5
Total number of satellites: 5
=========================== LSE solution ============================================

Navigation status: GOOD_FOR_NAV
********************Time***************************
* Signal   tow(s)        Bias(ms)    Drift(ms/s) *
* gpsl1  482748.6262    11.2582      0.00147        *
***************************************************
********************DOP******************
* GDOP: 10.03  PDOP: 8.13  HDOP: 6.89    *
* VDOP: 4.31  TDOP: 5.88                *
*****************************************
********************Position********************************
* X: 2885639.17  Y: 1335096.05  Z: 5510648.08  Fom: 0.03   *
* dE:   0.00  dN:   0.00  dU:   0.00   *
************************************************************
********************Velocity*********************
VX:   0.07  VY:   0.01  VZ:   0.30  Fom: 0.10   *
*************************************************

================================================================================
Processed epoch: 427
Number of Satellites      gpsl1: 5
Total number of satellites: 5
=========================== LSE solution ============================================

Navigation status: GOOD_FOR_NAV
********************Time***************************
* Signal   tow(s)        Bias(ms)    Drift(ms/s) *
* gpsl1  482748.7262    11.2581      0.00147        *
***************************************************
********************DOP******************
* GDOP: 10.03  PDOP: 8.13  HDOP: 6.89    *
* VDOP: 4.31  TDOP: 5.88                *
*****************************************
********************Position********************************
* X: 2885639.43  Y: 1335096.16  Z: 5510648.36  Fom: 0.04   *
* dE:   0.00  dN:   0.00  dU:   0.00   *
************************************************************
********************Velocity*********************
VX:  -0.20  VY:  -0.04  VZ:  -0.36  Fom: 0.15   *
*************************************************

================================================================================
Processed epoch: 428
Number of Satellites      gpsl1: 5
Total number of satellites: 5
=========================== LSE solution ============================================

Navigation status: GOOD_FOR_NAV
********************Time***************************
* Signal   tow(s)        Bias(ms)    Drift(ms/s) *
* gpsl1  482748.8262    11.2580      0.00147        *
***************************************************
********************DOP******************
* GDOP: 10.03  PDOP: 8.13  HDOP: 6.89    *
* VDOP: 4.31  TDOP: 5.88                *
*****************************************
********************Position********************************
* X: 2885639.61  Y: 1335096.19  Z: 5510648.56  Fom: 0.04   *
* dE:   0.00  dN:   0.00  dU:   0.00   *
************************************************************
********************Velocity*********************
VX:  -0.01  VY:  -0.04  VZ:   0.11  Fom: 0.03   *
*************************************************

================================================================================
Processed epoch: 429
Number of Satellites      gpsl1: 5
Total number of satellites: 5
=========================== LSE solution ============================================

Navigation status: GOOD_FOR_NAV
********************Time***************************
* Signal   tow(s)        Bias(ms)    Drift(ms/s) *
* gpsl1  482748.9262    11.2578      0.00147        *
***************************************************
********************DOP******************
* GDOP: 10.03  PDOP: 8.13  HDOP: 6.89    *
* VDOP: 4.31  TDOP: 5.88                *
*****************************************
********************Position********************************
* X: 2885639.61  Y: 1335096.15  Z: 5510648.45  Fom: 0.03   *
* dE:   0.00  dN:   0.00  dU:   0.00   *
************************************************************
********************Velocity*********************
VX:  -0.04  VY:   0.04  VZ:  -0.19  Fom: 0.06   *
*************************************************

================================================================================
Processed epoch: 430
Number of Satellites      gpsl1: 5
Total number of satellites: 5
=========================== LSE solution ============================================

Navigation status: GOOD_FOR_NAV
********************Time***************************
* Signal   tow(s)        Bias(ms)    Drift(ms/s) *
* gpsl1  482749.0262    11.2577      0.00147        *
***************************************************
********************DOP******************
* GDOP: 10.03  PDOP: 8.13  HDOP: 6.89    *
* VDOP: 4.31  TDOP: 5.88                *
*****************************************
********************Position********************************
* X: 2885639.43  Y: 1335096.10  Z: 5510648.09  Fom: 0.01   *
* dE:   0.00  dN:   0.00  dU:   0.00   *
************************************************************
********************Velocity*********************
VX:   0.03  VY:  -0.02  VZ:   0.22  Fom: 0.07   *
*************************************************

================================================================================
Processed epoch: 431
Number of Satellites      gpsl1: 5
Total number of satellites: 5
=========================== LSE solution ============================================

Navigation status: GOOD_FOR_NAV
********************Time***************************
* Signal   tow(s)        Bias(ms)    Drift(ms/s) *
* gpsl1  482749.1262    11.2575      0.00147        *
***************************************************
********************DOP******************
* GDOP: 10.03  PDOP: 8.13  HDOP: 6.89    *
* VDOP: 4.31  TDOP: 5.88                *
*****************************************
********************Position********************************
* X: 2885639.27  Y: 1335096.04  Z: 5510647.29  Fom: 0.02   *
* dE:   0.00  dN:   0.00  dU:   0.00   *
************************************************************
********************Velocity*********************
VX:  -0.03  VY:   0.02  VZ:  -0.15  Fom: 0.05   *
*************************************************

================================================================================
Processed epoch: 432
Number of Satellites      gpsl1: 5
Total number of satellites: 5
=========================== LSE solution ============================================

Navigation status: GOOD_FOR_NAV
********************Time***************************
* Signal   tow(s)        Bias(ms)    Drift(ms/s) *
* gpsl1  482749.2262    11.2574      0.00147        *
***************************************************
********************DOP******************
* GDOP: 10.03  PDOP: 8.13  HDOP: 6.89    *
* VDOP: 4.31  TDOP: 5.88                *
*****************************************
********************Position********************************
* X: 2885639.29  Y: 1335096.05  Z: 5510647.44  Fom: 0.02   *
* dE:   0.00  dN:   0.00  dU:   0.00   *
************************************************************
********************Velocity*********************
VX:   0.12  VY:  -0.02  VZ:   0.37  Fom: 0.13   *
*************************************************

================================================================================
Processed epoch: 433
Number of Satellites      gpsl1: 5
Total number of satellites: 5
=========================== LSE solution ============================================

Navigation status: GOOD_FOR_NAV
********************Time***************************
* Signal   tow(s)        Bias(ms)    Drift(ms/s) *
* gpsl1  482749.3262    11.2572      0.00147        *
***************************************************
********************DOP******************
* GDOP: 10.03  PDOP: 8.13  HDOP: 6.89    *
* VDOP: 4.31  TDOP: 5.88                *
*****************************************
********************Position********************************
* X: 2885639.31  Y: 1335096.01  Z: 5510647.25  Fom: 0.01   *
* dE:   0.00  dN:   0.00  dU:   0.00   *
************************************************************
********************Velocity*********************
VX:  -0.06  VY:   0.01  VZ:  -0.22  Fom: 0.08   *
*************************************************

================================================================================
Processed epoch: 434
Number of Satellites      gpsl1: 5
Total number of satellites: 5
=========================== LSE solution ============================================

Navigation status: GOOD_FOR_NAV
********************Time***************************
* Signal   tow(s)        Bias(ms)    Drift(ms/s) *
* gpsl1  482749.4262    11.2571      0.00147        *
***************************************************
********************DOP******************
* GDOP: 10.03  PDOP: 8.13  HDOP: 6.89    *
* VDOP: 4.31  TDOP: 5.88                *
*****************************************
********************Position********************************
* X: 2885639.41  Y: 1335096.02  Z: 5510647.22  Fom: 0.00   *
* dE:   0.00  dN:   0.00  dU:   0.00   *
************************************************************
********************Velocity*********************
VX:  -0.01  VY:  -0.02  VZ:   0.18  Fom: 0.05   *
*************************************************

================================================================================
Processed epoch: 435
Number of Satellites      gpsl1: 5
Total number of satellites: 5
=========================== LSE solution ============================================

Navigation status: GOOD_FOR_NAV
********************Time***************************
* Signal   tow(s)        Bias(ms)    Drift(ms/s) *
* gpsl1  482749.5262    11.2569      0.00147        *
***************************************************
********************DOP******************
* GDOP: 10.03  PDOP: 8.13  HDOP: 6.89    *
* VDOP: 4.31  TDOP: 5.88                *
*****************************************
********************Position********************************
* X: 2885639.49  Y: 1335096.04  Z: 5510647.42  Fom: 0.00   *
* dE:   0.00  dN:   0.00  dU:   0.00   *
************************************************************
********************Velocity*********************
VX:  -0.02  VY:   0.01  VZ:  -0.12  Fom: 0.04   *
*************************************************

================================================================================
Processed epoch: 436
Number of Satellites      gpsl1: 5
Total number of satellites: 5
=========================== LSE solution ============================================

Navigation status: GOOD_FOR_NAV
********************Time***************************
* Signal   tow(s)        Bias(ms)    Drift(ms/s) *
* gpsl1  482749.6262    11.2568      0.00147        *
***************************************************
********************DOP******************
* GDOP: 10.03  PDOP: 8.13  HDOP: 6.89    *
* VDOP: 4.31  TDOP: 5.88                *
*****************************************
********************Position********************************
* X: 2885639.47  Y: 1335096.04  Z: 5510647.40  Fom: 0.00   *
* dE:   0.00  dN:   0.00  dU:   0.00   *
************************************************************
********************Velocity*********************
VX:   0.13  VY:  -0.03  VZ:   0.24  Fom: 0.10   *
*************************************************

================================================================================
Processed epoch: 437
Number of Satellites      gpsl1: 5
Total number of satellites: 5
=========================== LSE solution ============================================

Navigation status: GOOD_FOR_NAV
********************Time***************************
* Signal   tow(s)        Bias(ms)    Drift(ms/s) *
* gpsl1  482749.7262    11.2566      0.00147        *
***************************************************
********************DOP******************
* GDOP: 10.03  PDOP: 8.13  HDOP: 6.89    *
* VDOP: 4.31  TDOP: 5.88                *
*****************************************
********************Position********************************
* X: 2885639.63  Y: 1335096.07  Z: 5510647.45  Fom: 0.01   *
* dE:   0.00  dN:   0.00  dU:   0.00   *
************************************************************
********************Velocity*********************
VX:  -0.09  VY:   0.03  VZ:  -0.22  Fom: 0.08   *
*************************************************

================================================================================
Processed epoch: 438
Number of Satellites      gpsl1: 5
Total number of satellites: 5
=========================== LSE solution ============================================

Navigation status: GOOD_FOR_NAV
********************Time***************************
* Signal   tow(s)        Bias(ms)    Drift(ms/s) *
* gpsl1  482749.8262    11.2565      0.00147        *
***************************************************
********************DOP******************
* GDOP: 10.03  PDOP: 8.13  HDOP: 6.89    *
* VDOP: 4.31  TDOP: 5.88                *
*****************************************
********************Position********************************
* X: 2885639.64  Y: 1335096.18  Z: 5510647.43  Fom: 0.03   *
* dE:   0.00  dN:   0.00  dU:   0.00   *
************************************************************
********************Velocity*********************
VX:   0.11  VY:   0.03  VZ:   0.45  Fom: 0.16   *
*************************************************

================================================================================
Processed epoch: 439
Number of Satellites      gpsl1: 5
Total number of satellites: 5
=========================== LSE solution ============================================

Navigation status: GOOD_FOR_NAV
********************Time***************************
* Signal   tow(s)        Bias(ms)    Drift(ms/s) *
* gpsl1  482749.9262    11.2563      0.00147        *
***************************************************
********************DOP******************
* GDOP: 10.03  PDOP: 8.13  HDOP: 6.89    *
* VDOP: 4.31  TDOP: 5.88                *
*****************************************
********************Position********************************
* X: 2885639.52  Y: 1335096.16  Z: 5510647.02  Fom: 0.04   *
* dE:   0.00  dN:   0.00  dU:   0.00   *
************************************************************
********************Velocity*********************
VX:   0.01  VY:   0.09  VZ:  -0.10  Fom: 0.03   *
*************************************************

================================================================================
Processed epoch: 440
Number of Satellites      gpsl1: 5
Total number of satellites: 5
=========================== LSE solution ============================================

Navigation status: GOOD_FOR_NAV
********************Time***************************
* Signal   tow(s)        Bias(ms)    Drift(ms/s) *
* gpsl1  482750.0262    11.2562      0.00147        *
***************************************************
********************DOP******************
* GDOP: 10.03  PDOP: 8.12  HDOP: 6.89    *
* VDOP: 4.31  TDOP: 5.88                *
*****************************************
********************Position********************************
* X: 2885639.14  Y: 1335096.10  Z: 5510646.16  Fom: 0.05   *
* dE:   0.00  dN:   0.00  dU:   0.00   *
************************************************************
********************Velocity*********************
VX:   0.03  VY:  -0.06  VZ:   0.35  Fom: 0.11   *
*************************************************

================================================================================
Processed epoch: 441
Number of Satellites      gpsl1: 5
Total number of satellites: 5
=========================== LSE solution ============================================

Navigation status: GOOD_FOR_NAV
********************Time***************************
* Signal   tow(s)        Bias(ms)    Drift(ms/s) *
* gpsl1  482750.1262    11.2561      0.00147        *
***************************************************
********************DOP******************
* GDOP: 10.03  PDOP: 8.12  HDOP: 6.89    *
* VDOP: 4.31  TDOP: 5.88                *
*****************************************
********************Position********************************
* X: 2885639.15  Y: 1335096.05  Z: 5510646.01  Fom: 0.04   *
* dE:   0.00  dN:   0.00  dU:   0.00   *
************************************************************
********************Velocity*********************
VX:  -0.07  VY:   0.04  VZ:  -0.23  Fom: 0.08   *
*************************************************

================================================================================
Processed epoch: 442
Number of Satellites      gpsl1: 5
Total number of satellites: 5
=========================== LSE solution ============================================

Navigation status: GOOD_FOR_NAV
********************Time***************************
* Signal   tow(s)        Bias(ms)    Drift(ms/s) *
* gpsl1  482750.2262    11.2559      0.00147        *
***************************************************
********************DOP******************
* GDOP: 10.03  PDOP: 8.12  HDOP: 6.89    *
* VDOP: 4.31  TDOP: 5.88                *
*****************************************
********************Position********************************
* X: 2885639.02  Y: 1335096.04  Z: 5510646.01  Fom: 0.05   *
* dE:   0.00  dN:   0.00  dU:   0.00   *
************************************************************
********************Velocity*********************
VX:   0.16  VY:   0.01  VZ:   0.57  Fom: 0.20   *
*************************************************

================================================================================
Processed epoch: 443
Number of Satellites      gpsl1: 5
Total number of satellites: 5
=========================== LSE solution ============================================

Navigation status: GOOD_FOR_NAV
********************Time***************************
* Signal   tow(s)        Bias(ms)    Drift(ms/s) *
* gpsl1  482750.3262    11.2558      0.00147        *
***************************************************
********************DOP******************
* GDOP: 10.03  PDOP: 8.12  HDOP: 6.89    *
* VDOP: 4.31  TDOP: 5.88                *
*****************************************
********************Position********************************
* X: 2885639.09  Y: 1335096.09  Z: 5510645.88  Fom: 0.05   *
* dE:   0.00  dN:   0.00  dU:   0.00   *
************************************************************
********************Velocity*********************
VX:   0.01  VY:   0.02  VZ:  -0.09  Fom: 0.03   *
*************************************************

================================================================================
Processed epoch: 444
Number of Satellites      gpsl1: 5
Total number of satellites: 5
=========================== LSE solution ============================================

Navigation status: GOOD_FOR_NAV
********************Time***************************
* Signal   tow(s)        Bias(ms)    Drift(ms/s) *
* gpsl1  482750.4262    11.2556      0.00147        *
***************************************************
********************DOP******************
* GDOP: 10.03  PDOP: 8.12  HDOP: 6.89    *
* VDOP: 4.31  TDOP: 5.88                *
*****************************************
********************Position********************************
* X: 2885638.80  Y: 1335096.05  Z: 5510645.27  Fom: 0.05   *
* dE:   0.00  dN:   0.00  dU:   0.00   *
************************************************************
********************Velocity*********************
VX:   0.17  VY:   0.02  VZ:   0.44  Fom: 0.17   *
*************************************************

================================================================================
Processed epoch: 445
Number of Satellites      gpsl1: 5
Total number of satellites: 5
=========================== LSE solution ============================================

Navigation status: GOOD_FOR_NAV
********************Time***************************
* Signal   tow(s)        Bias(ms)    Drift(ms/s) *
* gpsl1  482750.5262    11.2555      0.00147        *
***************************************************
********************DOP******************
* GDOP: 10.03  PDOP: 8.12  HDOP: 6.89    *
* VDOP: 4.31  TDOP: 5.88                *
*****************************************
********************Position********************************
* X: 2885639.05  Y: 1335096.06  Z: 5510645.67  Fom: 0.06   *
* dE:   0.00  dN:   0.00  dU:   0.00   *
************************************************************
********************Velocity*********************
VX:  -0.08  VY:   0.01  VZ:  -0.18  Fom: 0.07   *
*************************************************

================================================================================
Processed epoch: 446
Number of Satellites      gpsl1: 5
Total number of satellites: 5
=========================== LSE solution ============================================

Navigation status: GOOD_FOR_NAV
********************Time***************************
* Signal   tow(s)        Bias(ms)    Drift(ms/s) *
* gpsl1  482750.6262    11.2553      0.00147        *
***************************************************
********************DOP******************
* GDOP: 10.03  PDOP: 8.12  HDOP: 6.89    *
* VDOP: 4.31  TDOP: 5.88                *
*****************************************
********************Position********************************
* X: 2885639.03  Y: 1335096.00  Z: 5510645.99  Fom: 0.06   *
* dE:   0.00  dN:   0.00  dU:   0.00   *
************************************************************
********************Velocity*********************
VX:  -0.01  VY:  -0.01  VZ:   0.01  Fom: 0.01   *
*************************************************

================================================================================
Processed epoch: 447
Number of Satellites      gpsl1: 5
Total number of satellites: 5
=========================== LSE solution ============================================

Navigation status: GOOD_FOR_NAV
********************Time***************************
* Signal   tow(s)        Bias(ms)    Drift(ms/s) *
* gpsl1  482750.7262    11.2552      0.00147        *
***************************************************
********************DOP******************
* GDOP: 10.02  PDOP: 8.12  HDOP: 6.89    *
* VDOP: 4.31  TDOP: 5.88                *
*****************************************
********************Position********************************
* X: 2885639.13  Y: 1335096.03  Z: 5510646.59  Fom: 0.06   *
* dE:   0.00  dN:   0.00  dU:   0.00   *
************************************************************
********************Velocity*********************
VX:  -0.04  VY:   0.01  VZ:   0.07  Fom: 0.02   *
*************************************************

================================================================================
Processed epoch: 448
Number of Satellites      gpsl1: 5
Total number of satellites: 5
=========================== LSE solution ============================================

Navigation status: GOOD_FOR_NAV
********************Time***************************
* Signal   tow(s)        Bias(ms)    Drift(ms/s) *
* gpsl1  482750.8262    11.2550      0.00147        *
***************************************************
********************DOP******************
* GDOP: 10.02  PDOP: 8.12  HDOP: 6.88    *
* VDOP: 4.31  TDOP: 5.88                *
*****************************************
********************Position********************************
* X: 2885639.20  Y: 1335096.02  Z: 5510646.32  Fom: 0.07   *
* dE:   0.00  dN:   0.00  dU:   0.00   *
************************************************************
********************Velocity*********************
VX:  -0.02  VY:  -0.04  VZ:  -0.09  Fom: 0.03   *
*************************************************

================================================================================
Processed epoch: 449
Number of Satellites      gpsl1: 5
Total number of satellites: 5
=========================== LSE solution ============================================

Navigation status: GOOD_FOR_NAV
********************Time***************************
* Signal   tow(s)        Bias(ms)    Drift(ms/s) *
* gpsl1  482750.9262    11.2549      0.00147        *
***************************************************
********************DOP******************
* GDOP: 10.02  PDOP: 8.12  HDOP: 6.88    *
* VDOP: 4.31  TDOP: 5.88                *
*****************************************
********************Position********************************
* X: 2885639.14  Y: 1335095.98  Z: 5510646.04  Fom: 0.06   *
* dE:   0.00  dN:   0.00  dU:   0.00   *
************************************************************
********************Velocity*********************
VX:   0.12  VY:   0.02  VZ:   0.32  Fom: 0.12   *
*************************************************

================================================================================
Processed epoch: 450
Number of Satellites      gpsl1: 5
Total number of satellites: 5
=========================== LSE solution ============================================

Navigation status: GOOD_FOR_NAV
********************Time***************************
* Signal   tow(s)        Bias(ms)    Drift(ms/s) *
* gpsl1  482751.0262    11.2547      0.00147        *
***************************************************
********************DOP******************
* GDOP: 10.02  PDOP: 8.12  HDOP: 6.88    *
* VDOP: 4.31  TDOP: 5.88                *
*****************************************
********************Position********************************
* X: 2885639.13  Y: 1335095.96  Z: 5510646.09  Fom: 0.08   *
* dE:   0.00  dN:   0.00  dU:   0.00   *
************************************************************
********************Velocity*********************
VX:  -0.09  VY:   0.01  VZ:  -0.19  Fom: 0.07   *
*************************************************

================================================================================
Processed epoch: 451
Number of Satellites      gpsl1: 5
Total number of satellites: 5
=========================== LSE solution ============================================

Navigation status: GOOD_FOR_NAV
********************Time***************************
* Signal   tow(s)        Bias(ms)    Drift(ms/s) *
* gpsl1  482751.1262    11.2546      0.00147        *
***************************************************
********************DOP******************
* GDOP: 10.02  PDOP: 8.12  HDOP: 6.88    *
* VDOP: 4.31  TDOP: 5.87                *
*****************************************
********************Position********************************
* X: 2885638.96  Y: 1335095.93  Z: 5510645.41  Fom: 0.07   *
* dE:   0.00  dN:   0.00  dU:   0.00   *
************************************************************
********************Velocity*********************
VX:   0.04  VY:  -0.02  VZ:   0.12  Fom: 0.04   *
*************************************************

================================================================================
Processed epoch: 452
Number of Satellites      gpsl1: 5
Total number of satellites: 5
=========================== LSE solution ============================================

Navigation status: GOOD_FOR_NAV
********************Time***************************
* Signal   tow(s)        Bias(ms)    Drift(ms/s) *
* gpsl1  482751.2262    11.2544      0.00147        *
***************************************************
********************DOP******************
* GDOP: 10.02  PDOP: 8.12  HDOP: 6.88    *
* VDOP: 4.31  TDOP: 5.87                *
*****************************************
********************Position********************************
* X: 2885638.85  Y: 1335095.92  Z: 5510645.49  Fom: 0.08   *
* dE:   0.00  dN:   0.00  dU:   0.00   *
************************************************************
********************Velocity*********************
VX:  -0.01  VY:   0.04  VZ:  -0.25  Fom: 0.08   *
*************************************************

================================================================================
Processed epoch: 453
Number of Satellites      gpsl1: 5
Total number of satellites: 5
=========================== LSE solution ============================================

Navigation status: GOOD_FOR_NAV
********************Time***************************
* Signal   tow(s)        Bias(ms)    Drift(ms/s) *
* gpsl1  482751.3262    11.2543      0.00147        *
***************************************************
********************DOP******************
* GDOP: 10.02  PDOP: 8.12  HDOP: 6.88    *
* VDOP: 4.31  TDOP: 5.87                *
*****************************************
********************Position********************************
* X: 2885638.83  Y: 1335095.91  Z: 5510645.30  Fom: 0.08   *
* dE:   0.00  dN:   0.00  dU:   0.00   *
************************************************************
********************Velocity*********************
VX:  -0.03  VY:  -0.05  VZ:   0.07  Fom: 0.02   *
*************************************************

================================================================================
Processed epoch: 454
Number of Satellites      gpsl1: 5
Total number of satellites: 5
=========================== LSE solution ============================================

Navigation status: GOOD_FOR_NAV
********************Time***************************
* Signal   tow(s)        Bias(ms)    Drift(ms/s) *
* gpsl1  482751.4262    11.2542      0.00147        *
***************************************************
********************DOP******************
* GDOP: 10.02  PDOP: 8.12  HDOP: 6.88    *
* VDOP: 4.31  TDOP: 5.87                *
*****************************************
********************Position********************************
* X: 2885639.05  Y: 1335095.93  Z: 5510645.67  Fom: 0.08   *
* dE:   0.00  dN:   0.00  dU:   0.00   *
************************************************************
********************Velocity*********************
VX:  -0.02  VY:   0.01  VZ:  -0.01  Fom: 0.01   *
*************************************************

================================================================================
Processed epoch: 455
Number of Satellites      gpsl1: 5
Total number of satellites: 5
=========================== LSE solution ============================================

Navigation status: GOOD_FOR_NAV
********************Time***************************
* Signal   tow(s)        Bias(ms)    Drift(ms/s) *
* gpsl1  482751.5262    11.2540      0.00147        *
***************************************************
********************DOP******************
* GDOP: 10.02  PDOP: 8.12  HDOP: 6.88    *
* VDOP: 4.31  TDOP: 5.87                *
*****************************************
********************Position********************************
* X: 2885638.97  Y: 1335095.87  Z: 5510644.92  Fom: 0.06   *
* dE:   0.00  dN:   0.00  dU:   0.00   *
************************************************************
********************Velocity*********************
VX:   0.02  VY:  -0.02  VZ:   0.08  Fom: 0.03   *
*************************************************

================================================================================
Processed epoch: 456
Number of Satellites      gpsl1: 5
Total number of satellites: 5
=========================== LSE solution ============================================

Navigation status: GOOD_FOR_NAV
********************Time***************************
* Signal   tow(s)        Bias(ms)    Drift(ms/s) *
* gpsl1  482751.6262    11.2539      0.00147        *
***************************************************
********************DOP******************
* GDOP: 10.02  PDOP: 8.12  HDOP: 6.88    *
* VDOP: 4.31  TDOP: 5.87                *
*****************************************
********************Position********************************
* X: 2885639.04  Y: 1335095.86  Z: 5510645.31  Fom: 0.06   *
* dE:   0.00  dN:   0.00  dU:   0.00   *
************************************************************
********************Velocity*********************
VX:  -0.11  VY:  -0.00  VZ:  -0.28  Fom: 0.11   *
*************************************************

================================================================================
Processed epoch: 457
Number of Satellites      gpsl1: 5
Total number of satellites: 5
=========================== LSE solution ============================================

Navigation status: GOOD_FOR_NAV
********************Time***************************
* Signal   tow(s)        Bias(ms)    Drift(ms/s) *
* gpsl1  482751.7262    11.2537      0.00147        *
***************************************************
********************DOP******************
* GDOP: 10.02  PDOP: 8.12  HDOP: 6.88    *
* VDOP: 4.31  TDOP: 5.87                *
*****************************************
********************Position********************************
* X: 2885639.12  Y: 1335095.94  Z: 5510645.58  Fom: 0.05   *
* dE:   0.00  dN:   0.00  dU:   0.00   *
************************************************************
********************Velocity*********************
VX:   0.02  VY:  -0.01  VZ:   0.10  Fom: 0.03   *
*************************************************

================================================================================
Processed epoch: 458
Number of Satellites      gpsl1: 5
Total number of satellites: 5
=========================== LSE solution ============================================

Navigation status: GOOD_FOR_NAV
********************Time***************************
* Signal   tow(s)        Bias(ms)    Drift(ms/s) *
* gpsl1  482751.8262    11.2536      0.00147        *
***************************************************
********************DOP******************
* GDOP: 10.02  PDOP: 8.12  HDOP: 6.88    *
* VDOP: 4.31  TDOP: 5.87                *
*****************************************
********************Position********************************
* X: 2885639.17  Y: 1335096.00  Z: 5510645.64  Fom: 0.06   *
* dE:   0.00  dN:   0.00  dU:   0.00   *
************************************************************
********************Velocity*********************
VX:  -0.05  VY:  -0.01  VZ:  -0.13  Fom: 0.05   *
*************************************************

================================================================================
Processed epoch: 459
Number of Satellites      gpsl1: 5
Total number of satellites: 5
=========================== LSE solution ============================================

Navigation status: GOOD_FOR_NAV
********************Time***************************
* Signal   tow(s)        Bias(ms)    Drift(ms/s) *
* gpsl1  482751.9262    11.2534      0.00147        *
***************************************************
********************DOP******************
* GDOP: 10.02  PDOP: 8.12  HDOP: 6.88    *
* VDOP: 4.31  TDOP: 5.87                *
*****************************************
********************Position********************************
* X: 2885639.25  Y: 1335095.99  Z: 5510645.74  Fom: 0.04   *
* dE:   0.00  dN:   0.00  dU:   0.00   *
************************************************************
********************Velocity*********************
VX:  -0.02  VY:   0.00  VZ:   0.12  Fom: 0.03   *
*************************************************

================================================================================
Processed epoch: 460
Number of Satellites      gpsl1: 5
Total number of satellites: 5
=========================== LSE solution ============================================

Navigation status: GOOD_FOR_NAV
********************Time***************************
* Signal   tow(s)        Bias(ms)    Drift(ms/s) *
* gpsl1  482752.0262    11.2533      0.00147        *
***************************************************
********************DOP******************
* GDOP: 10.02  PDOP: 8.12  HDOP: 6.88    *
* VDOP: 4.31  TDOP: 5.87                *
*****************************************
********************Position********************************
* X: 2885639.21  Y: 1335095.96  Z: 5510645.50  Fom: 0.05   *
* dE:   0.00  dN:   0.00  dU:   0.00   *
************************************************************
********************Velocity*********************
VX:   0.03  VY:  -0.01  VZ:   0.35  Fom: 0.11   *
*************************************************

================================================================================
Processed epoch: 461
Number of Satellites      gpsl1: 5
Total number of satellites: 5
=========================== LSE solution ============================================

Navigation status: GOOD_FOR_NAV
********************Time***************************
* Signal   tow(s)        Bias(ms)    Drift(ms/s) *
* gpsl1  482752.1262    11.2531      0.00147        *
***************************************************
********************DOP******************
* GDOP: 10.02  PDOP: 8.12  HDOP: 6.88    *
* VDOP: 4.31  TDOP: 5.87                *
*****************************************
********************Position********************************
* X: 2885639.21  Y: 1335095.97  Z: 5510645.30  Fom: 0.04   *
* dE:   0.00  dN:   0.00  dU:   0.00   *
************************************************************
********************Velocity*********************
VX:   0.05  VY:   0.00  VZ:   0.42  Fom: 0.13   *
*************************************************

================================================================================
Processed epoch: 462
Number of Satellites      gpsl1: 5
Total number of satellites: 5
=========================== LSE solution ============================================

Navigation status: GOOD_FOR_NAV
********************Time***************************
* Signal   tow(s)        Bias(ms)    Drift(ms/s) *
* gpsl1  482752.2262    11.2530      0.00147        *
***************************************************
********************DOP******************
* GDOP: 10.02  PDOP: 8.12  HDOP: 6.88    *
* VDOP: 4.31  TDOP: 5.87                *
*****************************************
********************Position********************************
* X: 2885639.45  Y: 1335096.05  Z: 5510645.43  Fom: 0.06   *
* dE:   0.00  dN:   0.00  dU:   0.00   *
************************************************************
********************Velocity*********************
VX:   0.00  VY:  -0.01  VZ:   0.04  Fom: 0.01   *
*************************************************

================================================================================
Processed epoch: 463
Number of Satellites      gpsl1: 5
Total number of satellites: 5
=========================== LSE solution ============================================

Navigation status: GOOD_FOR_NAV
********************Time***************************
* Signal   tow(s)        Bias(ms)    Drift(ms/s) *
* gpsl1  482752.3262    11.2528      0.00147        *
***************************************************
********************DOP******************
* GDOP: 10.02  PDOP: 8.12  HDOP: 6.88    *
* VDOP: 4.31  TDOP: 5.87                *
*****************************************
********************Position********************************
* X: 2885639.60  Y: 1335096.09  Z: 5510645.70  Fom: 0.05   *
* dE:   0.00  dN:   0.00  dU:   0.00   *
************************************************************
********************Velocity*********************
VX:  -0.02  VY:  -0.01  VZ:   0.09  Fom: 0.02   *
*************************************************

================================================================================
Processed epoch: 464
Number of Satellites      gpsl1: 5
Total number of satellites: 5
=========================== LSE solution ============================================

Navigation status: GOOD_FOR_NAV
********************Time***************************
* Signal   tow(s)        Bias(ms)    Drift(ms/s) *
* gpsl1  482752.4262    11.2527      0.00147        *
***************************************************
********************DOP******************
* GDOP: 10.02  PDOP: 8.12  HDOP: 6.88    *
* VDOP: 4.31  TDOP: 5.87                *
*****************************************
********************Position********************************
* X: 2885639.48  Y: 1335096.14  Z: 5510645.47  Fom: 0.05   *
* dE:   0.00  dN:   0.00  dU:   0.00   *
************************************************************
********************Velocity*********************
VX:   0.06  VY:   0.02  VZ:   0.21  Fom: 0.07   *
*************************************************

================================================================================
Processed epoch: 465
Number of Satellites      gpsl1: 5
Total number of satellites: 5
=========================== LSE solution ============================================

Navigation status: GOOD_FOR_NAV
********************Time***************************
* Signal   tow(s)        Bias(ms)    Drift(ms/s) *
* gpsl1  482752.5262    11.2525      0.00147        *
***************************************************
********************DOP******************
* GDOP: 10.02  PDOP: 8.12  HDOP: 6.88    *
* VDOP: 4.31  TDOP: 5.87                *
*****************************************
********************Position********************************
* X: 2885639.75  Y: 1335096.21  Z: 5510645.76  Fom: 0.04   *
* dE:   0.00  dN:   0.00  dU:   0.00   *
************************************************************
********************Velocity*********************
VX:   0.01  VY:  -0.02  VZ:   0.05  Fom: 0.02   *
*************************************************

================================================================================
Processed epoch: 466
Number of Satellites      gpsl1: 5
Total number of satellites: 5
=========================== LSE solution ============================================

Navigation status: GOOD_FOR_NAV
********************Time***************************
* Signal   tow(s)        Bias(ms)    Drift(ms/s) *
* gpsl1  482752.6262    11.2524      0.00147        *
***************************************************
********************DOP******************
* GDOP: 10.02  PDOP: 8.12  HDOP: 6.88    *
* VDOP: 4.31  TDOP: 5.87                *
*****************************************
********************Position********************************
* X: 2885639.74  Y: 1335096.17  Z: 5510645.76  Fom: 0.05   *
* dE:   0.00  dN:   0.00  dU:   0.00   *
************************************************************
********************Velocity*********************
VX:   0.05  VY:   0.00  VZ:   0.19  Fom: 0.07   *
*************************************************

================================================================================
Processed epoch: 467
Number of Satellites      gpsl1: 5
Total number of satellites: 5
=========================== LSE solution ============================================

Navigation status: GOOD_FOR_NAV
********************Time***************************
* Signal   tow(s)        Bias(ms)    Drift(ms/s) *
* gpsl1  482752.7262    11.2523      0.00147        *
***************************************************
********************DOP******************
* GDOP: 10.02  PDOP: 8.12  HDOP: 6.88    *
* VDOP: 4.31  TDOP: 5.87                *
*****************************************
********************Position********************************
* X: 2885639.71  Y: 1335096.18  Z: 5510645.60  Fom: 0.05   *
* dE:   0.00  dN:   0.00  dU:   0.00   *
************************************************************
********************Velocity*********************
VX:   0.01  VY:   0.00  VZ:   0.09  Fom: 0.03   *
*************************************************

================================================================================
Processed epoch: 468
Number of Satellites      gpsl1: 5
Total number of satellites: 5
=========================== LSE solution ============================================

Navigation status: GOOD_FOR_NAV
********************Time***************************
* Signal   tow(s)        Bias(ms)    Drift(ms/s) *
* gpsl1  482752.8262    11.2521      0.00147        *
***************************************************
********************DOP******************
* GDOP: 10.02  PDOP: 8.12  HDOP: 6.88    *
* VDOP: 4.31  TDOP: 5.87                *
*****************************************
********************Position********************************
* X: 2885639.48  Y: 1335096.15  Z: 5510645.32  Fom: 0.05   *
* dE:   0.00  dN:   0.00  dU:   0.00   *
************************************************************
********************Velocity*********************
VX:  -0.00  VY:  -0.03  VZ:   0.09  Fom: 0.03   *
*************************************************

================================================================================
Processed epoch: 469
Number of Satellites      gpsl1: 5
Total number of satellites: 5
=========================== LSE solution ============================================

Navigation status: GOOD_FOR_NAV
********************Time***************************
* Signal   tow(s)        Bias(ms)    Drift(ms/s) *
* gpsl1  482752.9262    11.2520      0.00147        *
***************************************************
********************DOP******************
* GDOP: 10.02  PDOP: 8.12  HDOP: 6.88    *
* VDOP: 4.31  TDOP: 5.87                *
*****************************************
********************Position********************************
* X: 2885639.42  Y: 1335096.13  Z: 5510645.08  Fom: 0.06   *
* dE:   0.00  dN:   0.00  dU:   0.00   *
************************************************************
********************Velocity*********************
VX:  -0.03  VY:   0.03  VZ:   0.03  Fom: 0.01   *
*************************************************

================================================================================
Processed epoch: 470
Number of Satellites      gpsl1: 5
Total number of satellites: 5
=========================== LSE solution ============================================

Navigation status: GOOD_FOR_NAV
********************Time***************************
* Signal   tow(s)        Bias(ms)    Drift(ms/s) *
* gpsl1  482753.0262    11.2518      0.00147        *
***************************************************
********************DOP******************
* GDOP: 10.02  PDOP: 8.11  HDOP: 6.88    *
* VDOP: 4.31  TDOP: 5.87                *
*****************************************
********************Position********************************
* X: 2885639.16  Y: 1335096.16  Z: 5510644.62  Fom: 0.07   *
* dE:   0.00  dN:   0.00  dU:   0.00   *
************************************************************
********************Velocity*********************
VX:  -0.01  VY:  -0.01  VZ:   0.05  Fom: 0.01   *
*************************************************

================================================================================
Processed epoch: 471
Number of Satellites      gpsl1: 5
Total number of satellites: 5
=========================== LSE solution ============================================

Navigation status: GOOD_FOR_NAV
********************Time***************************
* Signal   tow(s)        Bias(ms)    Drift(ms/s) *
* gpsl1  482753.1262    11.2517      0.00147        *
***************************************************
********************DOP******************
* GDOP: 10.01  PDOP: 8.11  HDOP: 6.88    *
* VDOP: 4.31  TDOP: 5.87                *
*****************************************
********************Position********************************
* X: 2885639.15  Y: 1335096.14  Z: 5510644.72  Fom: 0.08   *
* dE:   0.00  dN:   0.00  dU:   0.00   *
************************************************************
********************Velocity*********************
VX:  -0.04  VY:  -0.01  VZ:  -0.03  Fom: 0.02   *
*************************************************

================================================================================
Processed epoch: 472
Number of Satellites      gpsl1: 5
Total number of satellites: 5
=========================== LSE solution ============================================

Navigation status: GOOD_FOR_NAV
********************Time***************************
* Signal   tow(s)        Bias(ms)    Drift(ms/s) *
* gpsl1  482753.2262    11.2515      0.00147        *
***************************************************
********************DOP******************
* GDOP: 10.01  PDOP: 8.11  HDOP: 6.88    *
* VDOP: 4.31  TDOP: 5.87                *
*****************************************
********************Position********************************
* X: 2885639.10  Y: 1335096.16  Z: 5510644.72  Fom: 0.08   *
* dE:   0.00  dN:   0.00  dU:   0.00   *
************************************************************
********************Velocity*********************
VX:  -0.02  VY:   0.04  VZ:  -0.18  Fom: 0.06   *
*************************************************

================================================================================
Processed epoch: 473
Number of Satellites      gpsl1: 5
Total number of satellites: 5
=========================== LSE solution ============================================

Navigation status: GOOD_FOR_NAV
********************Time***************************
* Signal   tow(s)        Bias(ms)    Drift(ms/s) *
* gpsl1  482753.3262    11.2514      0.00147        *
***************************************************
********************DOP******************
* GDOP: 10.01  PDOP: 8.11  HDOP: 6.88    *
* VDOP: 4.31  TDOP: 5.87                *
*****************************************
********************Position********************************
* X: 2885638.82  Y: 1335096.17  Z: 5510644.62  Fom: 0.07   *
* dE:   0.00  dN:   0.00  dU:   0.00   *
************************************************************
********************Velocity*********************
VX:  -0.01  VY:  -0.05  VZ:   0.12  Fom: 0.03   *
*************************************************

================================================================================
Processed epoch: 474
Number of Satellites      gpsl1: 5
Total number of satellites: 5
=========================== LSE solution ============================================

Navigation status: GOOD_FOR_NAV
********************Time***************************
* Signal   tow(s)        Bias(ms)    Drift(ms/s) *
* gpsl1  482753.4262    11.2512      0.00147        *
***************************************************
********************DOP******************
* GDOP: 10.01  PDOP: 8.11  HDOP: 6.88    *
* VDOP: 4.31  TDOP: 5.87                *
*****************************************
********************Position********************************
* X: 2885638.69  Y: 1335096.18  Z: 5510644.86  Fom: 0.09   *
* dE:   0.00  dN:   0.00  dU:   0.00   *
************************************************************
********************Velocity*********************
VX:  -0.04  VY:   0.00  VZ:  -0.09  Fom: 0.04   *
*************************************************

================================================================================
Processed epoch: 475
Number of Satellites      gpsl1: 5
Total number of satellites: 5
=========================== LSE solution ============================================

Navigation status: GOOD_FOR_NAV
********************Time***************************
* Signal   tow(s)        Bias(ms)    Drift(ms/s) *
* gpsl1  482753.5262    11.2511      0.00147        *
***************************************************
********************DOP******************
* GDOP: 10.01  PDOP: 8.11  HDOP: 6.88    *
* VDOP: 4.31  TDOP: 5.87                *
*****************************************
********************Position********************************
* X: 2885638.64  Y: 1335096.21  Z: 5510645.41  Fom: 0.11   *
* dE:   0.00  dN:   0.00  dU:   0.00   *
************************************************************
********************Velocity*********************
VX:   0.02  VY:  -0.04  VZ:   0.18  Fom: 0.06   *
*************************************************

================================================================================
Processed epoch: 476
Number of Satellites      gpsl1: 5
Total number of satellites: 5
=========================== LSE solution ============================================

Navigation status: GOOD_FOR_NAV
********************Time***************************
* Signal   tow(s)        Bias(ms)    Drift(ms/s) *
* gpsl1  482753.6262    11.2509      0.00147        *
***************************************************
********************DOP******************
* GDOP: 10.01  PDOP: 8.11  HDOP: 6.88    *
* VDOP: 4.31  TDOP: 5.87                *
*****************************************
********************Position********************************
* X: 2885638.56  Y: 1335096.22  Z: 5510645.59  Fom: 0.13   *
* dE:   0.00  dN:   0.00  dU:   0.00   *
************************************************************
********************Velocity*********************
VX:  -0.02  VY:   0.05  VZ:  -0.08  Fom: 0.03   *
*************************************************

================================================================================
Processed epoch: 477
Number of Satellites      gpsl1: 5
Total number of satellites: 5
=========================== LSE solution ============================================

Navigation status: GOOD_FOR_NAV
********************Time***************************
* Signal   tow(s)        Bias(ms)    Drift(ms/s) *
* gpsl1  482753.7262    11.2508      0.00147        *
***************************************************
********************DOP******************
* GDOP: 10.01  PDOP: 8.11  HDOP: 6.88    *
* VDOP: 4.31  TDOP: 5.87                *
*****************************************
********************Position********************************
* X: 2885638.50  Y: 1335096.31  Z: 5510645.58  Fom: 0.14   *
* dE:   0.00  dN:   0.00  dU:   0.00   *
************************************************************
********************Velocity*********************
VX:  -0.07  VY:  -0.05  VZ:  -0.05  Fom: 0.03   *
*************************************************

================================================================================
Processed epoch: 478
Number of Satellites      gpsl1: 5
Total number of satellites: 5
=========================== LSE solution ============================================

Navigation status: GOOD_FOR_NAV
********************Time***************************
* Signal   tow(s)        Bias(ms)    Drift(ms/s) *
* gpsl1  482753.8262    11.2506      0.00147        *
***************************************************
********************DOP******************
* GDOP: 10.01  PDOP: 8.11  HDOP: 6.88    *
* VDOP: 4.31  TDOP: 5.87                *
*****************************************
********************Position********************************
* X: 2885638.37  Y: 1335096.29  Z: 5510645.86  Fom: 0.15   *
* dE:   0.00  dN:   0.00  dU:   0.00   *
************************************************************
********************Velocity*********************
VX:  -0.02  VY:   0.03  VZ:  -0.17  Fom: 0.06   *
*************************************************

================================================================================
Processed epoch: 479
Number of Satellites      gpsl1: 5
Total number of satellites: 5
=========================== LSE solution ============================================

Navigation status: GOOD_FOR_NAV
********************Time***************************
* Signal   tow(s)        Bias(ms)    Drift(ms/s) *
* gpsl1  482753.9262    11.2505      0.00147        *
***************************************************
********************DOP******************
* GDOP: 10.01  PDOP: 8.11  HDOP: 6.87    *
* VDOP: 4.31  TDOP: 5.87                *
*****************************************
********************Position********************************
* X: 2885638.36  Y: 1335096.23  Z: 5510646.30  Fom: 0.15   *
* dE:   0.00  dN:   0.00  dU:   0.00   *
************************************************************
********************Velocity*********************
VX:   0.07  VY:  -0.00  VZ:   0.16  Fom: 0.06   *
*************************************************

================================================================================
Processed epoch: 480
Number of Satellites      gpsl1: 5
Total number of satellites: 5
=========================== LSE solution ============================================

Navigation status: GOOD_FOR_NAV
********************Time***************************
* Signal   tow(s)        Bias(ms)    Drift(ms/s) *
* gpsl1  482754.0262    11.2504      0.00147        *
***************************************************
********************DOP******************
* GDOP: 10.01  PDOP: 8.11  HDOP: 6.87    *
* VDOP: 4.31  TDOP: 5.87                *
*****************************************
********************Position********************************
* X: 2885638.48  Y: 1335096.22  Z: 5510646.99  Fom: 0.16   *
* dE:   0.00  dN:   0.00  dU:   0.00   *
************************************************************
********************Velocity*********************
VX:   0.03  VY:  -0.04  VZ:   0.13  Fom: 0.04   *
*************************************************

================================================================================
Processed epoch: 481
Number of Satellites      gpsl1: 5
Total number of satellites: 5
=========================== LSE solution ============================================

Navigation status: GOOD_FOR_NAV
********************Time***************************
* Signal   tow(s)        Bias(ms)    Drift(ms/s) *
* gpsl1  482754.1262    11.2502      0.00147        *
***************************************************
********************DOP******************
* GDOP: 10.01  PDOP: 8.11  HDOP: 6.87    *
* VDOP: 4.31  TDOP: 5.87                *
*****************************************
********************Position********************************
* X: 2885638.51  Y: 1335096.30  Z: 5510647.30  Fom: 0.16   *
* dE:   0.00  dN:   0.00  dU:   0.00   *
************************************************************
********************Velocity*********************
VX:   0.07  VY:   0.03  VZ:  -0.06  Fom: 0.01   *
*************************************************

================================================================================
Processed epoch: 482
Number of Satellites      gpsl1: 5
Total number of satellites: 5
=========================== LSE solution ============================================

Navigation status: GOOD_FOR_NAV
********************Time***************************
* Signal   tow(s)        Bias(ms)    Drift(ms/s) *
* gpsl1  482754.2262    11.2501      0.00147        *
***************************************************
********************DOP******************
* GDOP: 10.01  PDOP: 8.11  HDOP: 6.87    *
* VDOP: 4.31  TDOP: 5.87                *
*****************************************
********************Position********************************
* X: 2885638.39  Y: 1335096.27  Z: 5510647.20  Fom: 0.17   *
* dE:   0.00  dN:   0.00  dU:   0.00   *
************************************************************
********************Velocity*********************
VX:   0.06  VY:  -0.03  VZ:   0.22  Fom: 0.08   *
*************************************************

================================================================================
Processed epoch: 483
Number of Satellites      gpsl1: 5
Total number of satellites: 5
=========================== LSE solution ============================================

Navigation status: GOOD_FOR_NAV
********************Time***************************
* Signal   tow(s)        Bias(ms)    Drift(ms/s) *
* gpsl1  482754.3262    11.2499      0.00147        *
***************************************************
********************DOP******************
* GDOP: 10.01  PDOP: 8.11  HDOP: 6.87    *
* VDOP: 4.31  TDOP: 5.87                *
*****************************************
********************Position********************************
* X: 2885638.49  Y: 1335096.34  Z: 5510647.40  Fom: 0.17   *
* dE:   0.00  dN:   0.00  dU:   0.00   *
************************************************************
********************Velocity*********************
VX:  -0.03  VY:   0.06  VZ:  -0.09  Fom: 0.03   *
*************************************************

================================================================================
Processed epoch: 484
Number of Satellites      gpsl1: 5
Total number of satellites: 5
=========================== LSE solution ============================================

Navigation status: GOOD_FOR_NAV
********************Time***************************
* Signal   tow(s)        Bias(ms)    Drift(ms/s) *
* gpsl1  482754.4262    11.2498      0.00147        *
***************************************************
********************DOP******************
* GDOP: 10.01  PDOP: 8.11  HDOP: 6.87    *
* VDOP: 4.31  TDOP: 5.87                *
*****************************************
********************Position********************************
* X: 2885638.39  Y: 1335096.33  Z: 5510647.12  Fom: 0.18   *
* dE:   0.00  dN:   0.00  dU:   0.00   *
************************************************************
********************Velocity*********************
VX:  -0.05  VY:  -0.07  VZ:   0.13  Fom: 0.03   *
*************************************************

================================================================================
Processed epoch: 485
Number of Satellites      gpsl1: 5
Total number of satellites: 5
=========================== LSE solution ============================================

Navigation status: GOOD_FOR_NAV
********************Time***************************
* Signal   tow(s)        Bias(ms)    Drift(ms/s) *
* gpsl1  482754.5262    11.2496      0.00147        *
***************************************************
********************DOP******************
* GDOP: 10.01  PDOP: 8.11  HDOP: 6.87    *
* VDOP: 4.30  TDOP: 5.87                *
*****************************************
********************Position********************************
* X: 2885638.55  Y: 1335096.40  Z: 5510647.15  Fom: 0.18   *
* dE:   0.00  dN:   0.00  dU:   0.00   *
************************************************************
********************Velocity*********************
VX:  -0.03  VY:   0.01  VZ:  -0.13  Fom: 0.04   *
*************************************************

================================================================================
Processed epoch: 486
Number of Satellites      gpsl1: 5
Total number of satellites: 5
=========================== LSE solution ============================================

Navigation status: GOOD_FOR_NAV
********************Time***************************
* Signal   tow(s)        Bias(ms)    Drift(ms/s) *
* gpsl1  482754.6262    11.2495      0.00147        *
***************************************************
********************DOP******************
* GDOP: 10.01  PDOP: 8.11  HDOP: 6.87    *
* VDOP: 4.30  TDOP: 5.87                *
*****************************************
********************Position********************************
* X: 2885638.68  Y: 1335096.48  Z: 5510647.68  Fom: 0.18   *
* dE:   0.00  dN:   0.00  dU:   0.00   *
************************************************************
********************Velocity*********************
VX:   0.01  VY:   0.02  VZ:  -0.06  Fom: 0.02   *
*************************************************

================================================================================
Processed epoch: 487
Number of Satellites      gpsl1: 5
Total number of satellites: 5
=========================== LSE solution ============================================

Navigation status: GOOD_FOR_NAV
********************Time***************************
* Signal   tow(s)        Bias(ms)    Drift(ms/s) *
* gpsl1  482754.7262    11.2493      0.00147        *
***************************************************
********************DOP******************
* GDOP: 10.01  PDOP: 8.11  HDOP: 6.87    *
* VDOP: 4.30  TDOP: 5.87                *
*****************************************
********************Position********************************
* X: 2885638.72  Y: 1335096.47  Z: 5510647.47  Fom: 0.19   *
* dE:   0.00  dN:   0.00  dU:   0.00   *
************************************************************
********************Velocity*********************
VX:   0.00  VY:  -0.03  VZ:   0.13  Fom: 0.04   *
*************************************************

================================================================================
Processed epoch: 488
Number of Satellites      gpsl1: 5
Total number of satellites: 5
=========================== LSE solution ============================================

Navigation status: GOOD_FOR_NAV
********************Time***************************
* Signal   tow(s)        Bias(ms)    Drift(ms/s) *
* gpsl1  482754.8262    11.2492      0.00147        *
***************************************************
********************DOP******************
* GDOP: 10.01  PDOP: 8.11  HDOP: 6.87    *
* VDOP: 4.30  TDOP: 5.87                *
*****************************************
********************Position********************************
* X: 2885638.70  Y: 1335096.43  Z: 5510647.53  Fom: 0.20   *
* dE:   0.00  dN:   0.00  dU:   0.00   *
************************************************************
********************Velocity*********************
VX:  -0.14  VY:   0.01  VZ:  -0.37  Fom: 0.14   *
*************************************************

================================================================================
Processed epoch: 489
Number of Satellites      gpsl1: 5
Total number of satellites: 5
=========================== LSE solution ============================================

Navigation status: GOOD_FOR_NAV
********************Time***************************
* Signal   tow(s)        Bias(ms)    Drift(ms/s) *
* gpsl1  482754.9262    11.2490      0.00147        *
***************************************************
********************DOP******************
* GDOP: 10.01  PDOP: 8.11  HDOP: 6.87    *
* VDOP: 4.30  TDOP: 5.87                *
*****************************************
********************Position********************************
* X: 2885638.67  Y: 1335096.42  Z: 5510647.05  Fom: 0.19   *
* dE:   0.00  dN:   0.00  dU:   0.00   *
************************************************************
********************Velocity*********************
VX:   0.10  VY:   0.01  VZ:   0.46  Fom: 0.16   *
*************************************************

================================================================================
Processed epoch: 490
Number of Satellites      gpsl1: 5
Total number of satellites: 5
=========================== LSE solution ============================================

Navigation status: GOOD_FOR_NAV
********************Time***************************
* Signal   tow(s)        Bias(ms)    Drift(ms/s) *
* gpsl1  482755.0262    11.2489      0.00147        *
***************************************************
********************DOP******************
* GDOP: 10.01  PDOP: 8.11  HDOP: 6.87    *
* VDOP: 4.30  TDOP: 5.87                *
*****************************************
********************Position********************************
* X: 2885638.88  Y: 1335096.36  Z: 5510647.69  Fom: 0.20   *
* dE:   0.00  dN:   0.00  dU:   0.00   *
************************************************************
********************Velocity*********************
VX:   0.03  VY:   0.05  VZ:   0.03  Fom: 0.02   *
*************************************************

================================================================================
Processed epoch: 491
Number of Satellites      gpsl1: 5
Total number of satellites: 5
=========================== LSE solution ============================================

Navigation status: GOOD_FOR_NAV
********************Time***************************
* Signal   tow(s)        Bias(ms)    Drift(ms/s) *
* gpsl1  482755.1262    11.2488      0.00147        *
***************************************************
********************DOP******************
* GDOP: 10.01  PDOP: 8.11  HDOP: 6.87    *
* VDOP: 4.30  TDOP: 5.86                *
*****************************************
********************Position********************************
* X: 2885638.79  Y: 1335096.26  Z: 5510647.46  Fom: 0.20   *
* dE:   0.00  dN:   0.00  dU:   0.00   *
************************************************************
********************Velocity*********************
VX:   0.05  VY:  -0.02  VZ:   0.12  Fom: 0.04   *
*************************************************

================================================================================
Processed epoch: 492
Number of Satellites      gpsl1: 5
Total number of satellites: 5
=========================== LSE solution ============================================

Navigation status: GOOD_FOR_NAV
********************Time***************************
* Signal   tow(s)        Bias(ms)    Drift(ms/s) *
* gpsl1  482755.2262    11.2486      0.00147        *
***************************************************
********************DOP******************
* GDOP: 10.01  PDOP: 8.11  HDOP: 6.87    *
* VDOP: 4.30  TDOP: 5.86                *
*****************************************
********************Position********************************
* X: 2885638.75  Y: 1335096.32  Z: 5510647.71  Fom: 0.21   *
* dE:   0.00  dN:   0.00  dU:   0.00   *
************************************************************
********************Velocity*********************
VX:  -0.00  VY:   0.00  VZ:   0.11  Fom: 0.03   *
*************************************************

================================================================================
Processed epoch: 493
Number of Satellites      gpsl1: 5
Total number of satellites: 5
=========================== LSE solution ============================================

Navigation status: GOOD_FOR_NAV
********************Time***************************
* Signal   tow(s)        Bias(ms)    Drift(ms/s) *
* gpsl1  482755.3262    11.2485      0.00147        *
***************************************************
********************DOP******************
* GDOP: 10.01  PDOP: 8.11  HDOP: 6.87    *
* VDOP: 4.30  TDOP: 5.86                *
*****************************************
********************Position********************************
* X: 2885638.77  Y: 1335096.34  Z: 5510647.87  Fom: 0.23   *
* dE:   0.00  dN:   0.00  dU:   0.00   *
************************************************************
********************Velocity*********************
VX:   0.00  VY:  -0.01  VZ:  -0.18  Fom: 0.05   *
*************************************************

================================================================================
Processed epoch: 494
Number of Satellites      gpsl1: 5
Total number of satellites: 5
=========================== LSE solution ============================================

Navigation status: GOOD_FOR_NAV
********************Time***************************
* Signal   tow(s)        Bias(ms)    Drift(ms/s) *
* gpsl1  482755.4262    11.2483      0.00147        *
***************************************************
********************DOP******************
* GDOP: 10.01  PDOP: 8.11  HDOP: 6.87    *
* VDOP: 4.30  TDOP: 5.86                *
*****************************************
********************Position********************************
* X: 2885638.79  Y: 1335096.42  Z: 5510648.12  Fom: 0.25   *
* dE:   0.00  dN:   0.00  dU:   0.00   *
************************************************************
********************Velocity*********************
VX:  -0.03  VY:  -0.03  VZ:  -0.03  Fom: 0.02   *
*************************************************

================================================================================
Processed epoch: 495
Number of Satellites      gpsl1: 5
Total number of satellites: 5
=========================== LSE solution ============================================

Navigation status: GOOD_FOR_NAV
********************Time***************************
* Signal   tow(s)        Bias(ms)    Drift(ms/s) *
* gpsl1  482755.5262    11.2482      0.00147        *
***************************************************
********************DOP******************
* GDOP: 10.00  PDOP: 8.11  HDOP: 6.87    *
* VDOP: 4.30  TDOP: 5.86                *
*****************************************
********************Position********************************
* X: 2885638.47  Y: 1335096.41  Z: 5510647.58  Fom: 0.26   *
* dE:   0.00  dN:   0.00  dU:   0.00   *
************************************************************
********************Velocity*********************
VX:  -0.00  VY:  -0.02  VZ:   0.18  Fom: 0.05   *
*************************************************

================================================================================
Processed epoch: 496
Number of Satellites      gpsl1: 5
Total number of satellites: 5
=========================== LSE solution ============================================

Navigation status: GOOD_FOR_NAV
********************Time***************************
* Signal   tow(s)        Bias(ms)    Drift(ms/s) *
* gpsl1  482755.6262    11.2480      0.00147        *
***************************************************
********************DOP******************
* GDOP: 10.00  PDOP: 8.11  HDOP: 6.87    *
* VDOP: 4.30  TDOP: 5.86                *
*****************************************
********************Position********************************
* X: 2885638.70  Y: 1335096.39  Z: 5510647.89  Fom: 0.29   *
* dE:   0.00  dN:   0.00  dU:   0.00   *
************************************************************
********************Velocity*********************
VX:   0.01  VY:   0.01  VZ:  -0.27  Fom: 0.08   *
*************************************************

================================================================================
Processed epoch: 497
Number of Satellites      gpsl1: 5
Total number of satellites: 5
=========================== LSE solution ============================================

Navigation status: GOOD_FOR_NAV
********************Time***************************
* Signal   tow(s)        Bias(ms)    Drift(ms/s) *
* gpsl1  482755.7262    11.2479      0.00147        *
***************************************************
********************DOP******************
* GDOP: 10.00  PDOP: 8.11  HDOP: 6.87    *
* VDOP: 4.30  TDOP: 5.86                *
*****************************************
********************Position********************************
* X: 2885638.74  Y: 1335096.44  Z: 5510648.21  Fom: 0.28   *
* dE:   0.00  dN:   0.00  dU:   0.00   *
************************************************************
********************Velocity*********************
VX:   0.03  VY:  -0.03  VZ:   0.16  Fom: 0.05   *
*************************************************

================================================================================
Processed epoch: 498
Number of Satellites      gpsl1: 5
Total number of satellites: 5
=========================== LSE solution ============================================

Navigation status: GOOD_FOR_NAV
********************Time***************************
* Signal   tow(s)        Bias(ms)    Drift(ms/s) *
* gpsl1  482755.8262    11.2477      0.00147        *
***************************************************
********************DOP******************
* GDOP: 10.00  PDOP: 8.11  HDOP: 6.87    *
* VDOP: 4.30  TDOP: 5.86                *
*****************************************
********************Position********************************
* X: 2885638.85  Y: 1335096.51  Z: 5510648.52  Fom: 0.29   *
* dE:   0.00  dN:   0.00  dU:   0.00   *
************************************************************
********************Velocity*********************
VX:   0.01  VY:   0.01  VZ:  -0.10  Fom: 0.03   *
*************************************************

================================================================================
Processed epoch: 499
Number of Satellites      gpsl1: 5
Total number of satellites: 5
=========================== LSE solution ============================================

Navigation status: GOOD_FOR_NAV
********************Time***************************
* Signal   tow(s)        Bias(ms)    Drift(ms/s) *
* gpsl1  482755.9262    11.2476      0.00147        *
***************************************************
********************DOP******************
* GDOP: 10.00  PDOP: 8.10  HDOP: 6.87    *
* VDOP: 4.30  TDOP: 5.86                *
*****************************************
********************Position********************************
* X: 2885638.86  Y: 1335096.51  Z: 5510648.36  Fom: 0.30   *
* dE:   0.00  dN:   0.00  dU:   0.00   *
************************************************************
********************Velocity*********************
VX:   0.07  VY:  -0.03  VZ:   0.25  Fom: 0.09   *
*************************************************

================================================================================
Processed epoch: 500
Number of Satellites      gpsl1: 5
Total number of satellites: 5
=========================== LSE solution ============================================

Navigation status: GOOD_FOR_NAV
********************Time***************************
* Signal   tow(s)        Bias(ms)    Drift(ms/s) *
* gpsl1  482756.0262    11.2474      0.00147        *
***************************************************
********************DOP******************
* GDOP: 10.00  PDOP: 8.10  HDOP: 6.87    *
* VDOP: 4.30  TDOP: 5.86                *
*****************************************
********************Position********************************
* X: 2885638.76  Y: 1335096.49  Z: 5510648.02  Fom: 0.30   *
* dE:   0.00  dN:   0.00  dU:   0.00   *
************************************************************
********************Velocity*********************
VX:  -0.01  VY:   0.02  VZ:  -0.17  Fom: 0.05   *
*************************************************

================================================================================
Processed epoch: 501
Number of Satellites      gpsl1: 5
Total number of satellites: 5
=========================== LSE solution ============================================

Navigation status: GOOD_FOR_NAV
********************Time***************************
* Signal   tow(s)        Bias(ms)    Drift(ms/s) *
* gpsl1  482756.1262    11.2473      0.00147        *
***************************************************
********************DOP******************
* GDOP: 10.00  PDOP: 8.10  HDOP: 6.87    *
* VDOP: 4.30  TDOP: 5.86                *
*****************************************
********************Position********************************
* X: 2885638.62  Y: 1335096.51  Z: 5510647.68  Fom: 0.30   *
* dE:   0.00  dN:   0.00  dU:   0.00   *
************************************************************
********************Velocity*********************
VX:   0.00  VY:   0.02  VZ:   0.04  Fom: 0.02   *
*************************************************

================================================================================
Processed epoch: 502
Number of Satellites      gpsl1: 5
Total number of satellites: 5
=========================== LSE solution ============================================

Navigation status: GOOD_FOR_NAV
********************Time***************************
* Signal   tow(s)        Bias(ms)    Drift(ms/s) *
* gpsl1  482756.2262    11.2471      0.00147        *
***************************************************
********************DOP******************
* GDOP: 10.00  PDOP: 8.10  HDOP: 6.87    *
* VDOP: 4.30  TDOP: 5.86                *
*****************************************
********************Position********************************
* X: 2885638.75  Y: 1335096.50  Z: 5510648.13  Fom: 0.30   *
* dE:   0.00  dN:   0.00  dU:   0.00   *
************************************************************
********************Velocity*********************
VX:  -0.02  VY:   0.01  VZ:  -0.14  Fom: 0.04   *
*************************************************

================================================================================
Processed epoch: 503
Number of Satellites      gpsl1: 5
Total number of satellites: 5
=========================== LSE solution ============================================

Navigation status: GOOD_FOR_NAV
********************Time***************************
* Signal   tow(s)        Bias(ms)    Drift(ms/s) *
* gpsl1  482756.3262    11.2470      0.00147        *
***************************************************
********************DOP******************
* GDOP: 10.00  PDOP: 8.10  HDOP: 6.87    *
* VDOP: 4.30  TDOP: 5.86                *
*****************************************
********************Position********************************
* X: 2885638.74  Y: 1335096.54  Z: 5510648.21  Fom: 0.29   *
* dE:   0.00  dN:   0.00  dU:   0.00   *
************************************************************
********************Velocity*********************
VX:  -0.08  VY:  -0.04  VZ:  -0.15  Fom: 0.06   *
*************************************************

================================================================================
Processed epoch: 504
Number of Satellites      gpsl1: 5
Total number of satellites: 5
=========================== LSE solution ============================================

Navigation status: GOOD_FOR_NAV
********************Time***************************
* Signal   tow(s)        Bias(ms)    Drift(ms/s) *
* gpsl1  482756.4262    11.2469      0.00147        *
***************************************************
********************DOP******************
* GDOP: 10.00  PDOP: 8.10  HDOP: 6.87    *
* VDOP: 4.30  TDOP: 5.86                *
*****************************************
********************Position********************************
* X: 2885638.56  Y: 1335096.56  Z: 5510647.83  Fom: 0.28   *
* dE:   0.00  dN:   0.00  dU:   0.00   *
************************************************************
********************Velocity*********************
VX:   0.06  VY:  -0.03  VZ:   0.18  Fom: 0.06   *
*************************************************

================================================================================
Processed epoch: 505
Number of Satellites      gpsl1: 5
Total number of satellites: 5
=========================== LSE solution ============================================

Navigation status: GOOD_FOR_NAV
********************Time***************************
* Signal   tow(s)        Bias(ms)    Drift(ms/s) *
* gpsl1  482756.5262    11.2467      0.00147        *
***************************************************
********************DOP******************
* GDOP: 10.00  PDOP: 8.10  HDOP: 6.87    *
* VDOP: 4.30  TDOP: 5.86                *
*****************************************
********************Position********************************
* X: 2885638.50  Y: 1335096.58  Z: 5510648.05  Fom: 0.29   *
* dE:   0.00  dN:   0.00  dU:   0.00   *
************************************************************
********************Velocity*********************
VX:  -0.07  VY:  -0.00  VZ:  -0.22  Fom: 0.08   *
*************************************************

================================================================================
Processed epoch: 506
Number of Satellites      gpsl1: 5
Total number of satellites: 5
=========================== LSE solution ============================================

Navigation status: GOOD_FOR_NAV
********************Time***************************
* Signal   tow(s)        Bias(ms)    Drift(ms/s) *
* gpsl1  482756.6262    11.2466      0.00147        *
***************************************************
********************DOP******************
* GDOP: 10.00  PDOP: 8.10  HDOP: 6.87    *
* VDOP: 4.30  TDOP: 5.86                *
*****************************************
********************Position********************************
* X: 2885638.32  Y: 1335096.55  Z: 5510647.83  Fom: 0.28   *
* dE:   0.00  dN:   0.00  dU:   0.00   *
************************************************************
********************Velocity*********************
VX:   0.03  VY:  -0.02  VZ:   0.10  Fom: 0.04   *
*************************************************

================================================================================
Processed epoch: 507
Number of Satellites      gpsl1: 5
Total number of satellites: 5
=========================== LSE solution ============================================

Navigation status: GOOD_FOR_NAV
********************Time***************************
* Signal   tow(s)        Bias(ms)    Drift(ms/s) *
* gpsl1  482756.7262    11.2464      0.00147        *
***************************************************
********************DOP******************
* GDOP: 10.00  PDOP: 8.10  HDOP: 6.87    *
* VDOP: 4.30  TDOP: 5.86                *
*****************************************
********************Position********************************
* X: 2885638.28  Y: 1335096.59  Z: 5510647.66  Fom: 0.29   *
* dE:   0.00  dN:   0.00  dU:   0.00   *
************************************************************
********************Velocity*********************
VX:   0.05  VY:   0.04  VZ:   0.06  Fom: 0.03   *
*************************************************

================================================================================
Processed epoch: 508
Number of Satellites      gpsl1: 5
Total number of satellites: 5
=========================== LSE solution ============================================

Navigation status: GOOD_FOR_NAV
********************Time***************************
* Signal   tow(s)        Bias(ms)    Drift(ms/s) *
* gpsl1  482756.8262    11.2463      0.00147        *
***************************************************
********************DOP******************
* GDOP: 10.00  PDOP: 8.10  HDOP: 6.87    *
* VDOP: 4.30  TDOP: 5.86                *
*****************************************
********************Position********************************
* X: 2885638.41  Y: 1335096.58  Z: 5510648.02  Fom: 0.28   *
* dE:   0.00  dN:   0.00  dU:   0.00   *
************************************************************
********************Velocity*********************
VX:  -0.02  VY:  -0.05  VZ:  -0.02  Fom: 0.02   *
*************************************************

================================================================================
Processed epoch: 509
Number of Satellites      gpsl1: 5
Total number of satellites: 5
=========================== LSE solution ============================================

Navigation status: GOOD_FOR_NAV
********************Time***************************
* Signal   tow(s)        Bias(ms)    Drift(ms/s) *
* gpsl1  482756.9262    11.2461      0.00147        *
***************************************************
********************DOP******************
* GDOP: 10.00  PDOP: 8.10  HDOP: 6.86    *
* VDOP: 4.30  TDOP: 5.86                *
*****************************************
********************Position********************************
* X: 2885638.40  Y: 1335096.67  Z: 5510648.14  Fom: 0.28   *
* dE:   0.00  dN:   0.00  dU:   0.00   *
************************************************************
********************Velocity*********************
VX:  -0.01  VY:  -0.02  VZ:   0.04  Fom: 0.01   *
*************************************************

================================================================================
Processed epoch: 510
Number of Satellites      gpsl1: 5
Total number of satellites: 5
=========================== LSE solution ============================================

Navigation status: GOOD_FOR_NAV
********************Time***************************
* Signal   tow(s)        Bias(ms)    Drift(ms/s) *
* gpsl1  482757.0262    11.2460      0.00147        *
***************************************************
********************DOP******************
* GDOP: 10.00  PDOP: 8.10  HDOP: 6.86    *
* VDOP: 4.30  TDOP: 5.86                *
*****************************************
********************Position********************************
* X: 2885638.17  Y: 1335096.62  Z: 5510647.82  Fom: 0.27   *
* dE:   0.00  dN:   0.00  dU:   0.00   *
************************************************************
********************Velocity*********************
VX:  -0.02  VY:   0.00  VZ:  -0.12  Fom: 0.04   *
*************************************************

================================================================================
Processed epoch: 511
Number of Satellites      gpsl1: 5
Total number of satellites: 5
=========================== LSE solution ============================================

Navigation status: GOOD_FOR_NAV
********************Time***************************
* Signal   tow(s)        Bias(ms)    Drift(ms/s) *
* gpsl1  482757.1262    11.2458      0.00147        *
***************************************************
********************DOP******************
* GDOP: 10.00  PDOP: 8.10  HDOP: 6.86    *
* VDOP: 4.30  TDOP: 5.86                *
*****************************************
********************Position********************************
* X: 2885638.05  Y: 1335096.63  Z: 5510647.50  Fom: 0.28   *
* dE:   0.00  dN:   0.00  dU:   0.00   *
************************************************************
********************Velocity*********************
VX:   0.14  VY:   0.02  VZ:   0.28  Fom: 0.11   *
*************************************************

================================================================================
Processed epoch: 512
Number of Satellites      gpsl1: 5
Total number of satellites: 5
=========================== LSE solution ============================================

Navigation status: GOOD_FOR_NAV
********************Time***************************
* Signal   tow(s)        Bias(ms)    Drift(ms/s) *
* gpsl1  482757.2262    11.2457      0.00147        *
***************************************************
********************DOP******************
* GDOP: 10.00  PDOP: 8.10  HDOP: 6.86    *
* VDOP: 4.30  TDOP: 5.86                *
*****************************************
********************Position********************************
* X: 2885637.76  Y: 1335096.75  Z: 5510646.76  Fom: 0.29   *
* dE:   0.00  dN:   0.00  dU:   0.00   *
************************************************************
********************Velocity*********************
VX:  -0.01  VY:   0.01  VZ:   0.13  Fom: 0.04   *
*************************************************

================================================================================
Processed epoch: 513
Number of Satellites      gpsl1: 5
Total number of satellites: 5
=========================== LSE solution ============================================

Navigation status: GOOD_FOR_NAV
********************Time***************************
* Signal   tow(s)        Bias(ms)    Drift(ms/s) *
* gpsl1  482757.3262    11.2455      0.00147        *
***************************************************
********************DOP******************
* GDOP: 10.00  PDOP: 8.10  HDOP: 6.86    *
* VDOP: 4.30  TDOP: 5.86                *
*****************************************
********************Position********************************
* X: 2885637.90  Y: 1335096.81  Z: 5510647.42  Fom: 0.27   *
* dE:   0.00  dN:   0.00  dU:   0.00   *
************************************************************
********************Velocity*********************
VX:  -0.06  VY:  -0.01  VZ:  -0.02  Fom: 0.02   *
*************************************************

================================================================================
Processed epoch: 514
Number of Satellites      gpsl1: 5
Total number of satellites: 5
=========================== LSE solution ============================================

Navigation status: GOOD_FOR_NAV
********************Time***************************
* Signal   tow(s)        Bias(ms)    Drift(ms/s) *
* gpsl1  482757.4262    11.2454      0.00147        *
***************************************************
********************DOP******************
* GDOP: 10.00  PDOP: 8.10  HDOP: 6.86    *
* VDOP: 4.30  TDOP: 5.86                *
*****************************************
********************Position********************************
* X: 2885638.08  Y: 1335096.86  Z: 5510647.95  Fom: 0.28   *
* dE:   0.00  dN:   0.00  dU:   0.00   *
************************************************************
********************Velocity*********************
VX:  -0.08  VY:  -0.02  VZ:  -0.13  Fom: 0.06   *
*************************************************

================================================================================
Processed epoch: 515
Number of Satellites      gpsl1: 5
Total number of satellites: 5
=========================== LSE solution ============================================

Navigation status: GOOD_FOR_NAV
********************Time***************************
* Signal   tow(s)        Bias(ms)    Drift(ms/s) *
* gpsl1  482757.5262    11.2452      0.00147        *
***************************************************
********************DOP******************
* GDOP: 10.00  PDOP: 8.10  HDOP: 6.86    *
* VDOP: 4.30  TDOP: 5.86                *
*****************************************
********************Position********************************
* X: 2885638.13  Y: 1335096.95  Z: 5510648.10  Fom: 0.28   *
* dE:   0.00  dN:   0.00  dU:   0.00   *
************************************************************
********************Velocity*********************
VX:   0.12  VY:   0.01  VZ:   0.34  Fom: 0.13   *
*************************************************

================================================================================
Processed epoch: 516
Number of Satellites      gpsl1: 5
Total number of satellites: 5
=========================== LSE solution ============================================

Navigation status: GOOD_FOR_NAV
********************Time***************************
* Signal   tow(s)        Bias(ms)    Drift(ms/s) *
* gpsl1  482757.6262    11.2451      0.00147        *
***************************************************
********************DOP******************
* GDOP: 10.00  PDOP: 8.10  HDOP: 6.86    *
* VDOP: 4.30  TDOP: 5.86                *
*****************************************
********************Position********************************
* X: 2885638.02  Y: 1335096.91  Z: 5510648.05  Fom: 0.28   *
* dE:   0.00  dN:   0.00  dU:   0.00   *
************************************************************
********************Velocity*********************
VX:   0.00  VY:   0.01  VZ:  -0.09  Fom: 0.03   *
*************************************************

================================================================================
Processed epoch: 517
Number of Satellites      gpsl1: 5
Total number of satellites: 5
=========================== LSE solution ============================================

Navigation status: GOOD_FOR_NAV
********************Time***************************
* Signal   tow(s)        Bias(ms)    Drift(ms/s) *
* gpsl1  482757.7262    11.2450      0.00147        *
***************************************************
********************DOP******************
* GDOP: 10.00  PDOP: 8.10  HDOP: 6.86    *
* VDOP: 4.30  TDOP: 5.86                *
*****************************************
********************Position********************************
* X: 2885638.13  Y: 1335096.96  Z: 5510648.29  Fom: 0.29   *
* dE:   0.00  dN:   0.00  dU:   0.00   *
************************************************************
********************Velocity*********************
VX:   0.11  VY:   0.01  VZ:   0.47  Fom: 0.16   *
*************************************************

================================================================================
Processed epoch: 518
Number of Satellites      gpsl1: 5
Total number of satellites: 5
=========================== LSE solution ============================================

Navigation status: GOOD_FOR_NAV
********************Time***************************
* Signal   tow(s)        Bias(ms)    Drift(ms/s) *
* gpsl1  482757.8262    11.2448      0.00147        *
***************************************************
********************DOP******************
* GDOP: 10.00  PDOP: 8.10  HDOP: 6.86    *
* VDOP: 4.30  TDOP: 5.86                *
*****************************************
********************Position********************************
* X: 2885638.38  Y: 1335096.92  Z: 5510649.25  Fom: 0.30   *
* dE:   0.00  dN:   0.00  dU:   0.00   *
************************************************************
********************Velocity*********************
VX:   0.03  VY:   0.01  VZ:   0.05  Fom: 0.02   *
*************************************************

================================================================================
Processed epoch: 519
Number of Satellites      gpsl1: 5
Total number of satellites: 5
=========================== LSE solution ============================================

Navigation status: GOOD_FOR_NAV
********************Time***************************
* Signal   tow(s)        Bias(ms)    Drift(ms/s) *
* gpsl1  482757.9262    11.2447      0.00147        *
***************************************************
********************DOP******************
* GDOP: 9.99  PDOP: 8.10  HDOP: 6.86    *
* VDOP: 4.30  TDOP: 5.86                *
*****************************************
********************Position********************************
* X: 2885638.39  Y: 1335096.93  Z: 5510649.74  Fom: 0.29   *
* dE:   0.00  dN:   0.00  dU:   0.00   *
************************************************************
********************Velocity*********************
VX:  -0.04  VY:   0.06  VZ:  -0.10  Fom: 0.04   *
*************************************************

================================================================================
Processed epoch: 520
Number of Satellites      gpsl1: 5
Total number of satellites: 5
=========================== LSE solution ============================================

Navigation status: GOOD_FOR_NAV
********************Time***************************
* Signal   tow(s)        Bias(ms)    Drift(ms/s) *
* gpsl1  482758.0262    11.2445      0.00147        *
***************************************************
********************DOP******************
* GDOP: 9.99  PDOP: 8.10  HDOP: 6.86    *
* VDOP: 4.30  TDOP: 5.86                *
*****************************************
********************Position********************************
* X: 2885638.48  Y: 1335096.99  Z: 5510649.69  Fom: 0.28   *
* dE:   0.00  dN:   0.00  dU:   0.00   *
************************************************************
********************Velocity*********************
VX:  -0.04  VY:   0.01  VZ:   0.05  Fom: 0.01   *
*************************************************

================================================================================
Processed epoch: 521
Number of Satellites      gpsl1: 5
Total number of satellites: 5
=========================== LSE solution ============================================

Navigation status: GOOD_FOR_NAV
********************Time***************************
* Signal   tow(s)        Bias(ms)    Drift(ms/s) *
* gpsl1  482758.1262    11.2444      0.00147        *
***************************************************
********************DOP******************
* GDOP: 9.99  PDOP: 8.10  HDOP: 6.86    *
* VDOP: 4.30  TDOP: 5.86                *
*****************************************
********************Position********************************
* X: 2885638.40  Y: 1335097.08  Z: 5510649.26  Fom: 0.29   *
* dE:   0.00  dN:   0.00  dU:   0.00   *
************************************************************
********************Velocity*********************
VX:   0.00  VY:  -0.00  VZ:  -0.04  Fom: 0.01   *
*************************************************

================================================================================
Processed epoch: 522
Number of Satellites      gpsl1: 5
Total number of satellites: 5
=========================== LSE solution ============================================

Navigation status: GOOD_FOR_NAV
********************Time***************************
* Signal   tow(s)        Bias(ms)    Drift(ms/s) *
* gpsl1  482758.2262    11.2442      0.00147        *
***************************************************
********************DOP******************
* GDOP: 9.99  PDOP: 8.10  HDOP: 6.86    *
* VDOP: 4.30  TDOP: 5.86                *
*****************************************
********************Position********************************
* X: 2885638.45  Y: 1335097.05  Z: 5510649.65  Fom: 0.31   *
* dE:   0.00  dN:   0.00  dU:   0.00   *
************************************************************
********************Velocity*********************
VX:   0.04  VY:   0.00  VZ:   0.25  Fom: 0.08   *
*************************************************

================================================================================
Processed epoch: 523
Number of Satellites      gpsl1: 5
Total number of satellites: 5
=========================== LSE solution ============================================

Navigation status: GOOD_FOR_NAV
********************Time***************************
* Signal   tow(s)        Bias(ms)    Drift(ms/s) *
* gpsl1  482758.3262    11.2441      0.00147        *
***************************************************
********************DOP******************
* GDOP: 9.99  PDOP: 8.10  HDOP: 6.86    *
* VDOP: 4.30  TDOP: 5.86                *
*****************************************
********************Position********************************
* X: 2885638.53  Y: 1335097.10  Z: 5510649.91  Fom: 0.31   *
* dE:   0.00  dN:   0.00  dU:   0.00   *
************************************************************
********************Velocity*********************
VX:  -0.02  VY:   0.02  VZ:  -0.06  Fom: 0.02   *
*************************************************

================================================================================
Processed epoch: 524
Number of Satellites      gpsl1: 5
Total number of satellites: 5
=========================== LSE solution ============================================

Navigation status: GOOD_FOR_NAV
********************Time***************************
* Signal   tow(s)        Bias(ms)    Drift(ms/s) *
* gpsl1  482758.4262    11.2439      0.00147        *
***************************************************
********************DOP******************
* GDOP: 9.99  PDOP: 8.10  HDOP: 6.86    *
* VDOP: 4.30  TDOP: 5.86                *
*****************************************
********************Position********************************
* X: 2885638.62  Y: 1335097.01  Z: 5510649.94  Fom: 0.31   *
* dE:   0.00  dN:   0.00  dU:   0.00   *
************************************************************
********************Velocity*********************
VX:  -0.05  VY:   0.00  VZ:  -0.12  Fom: 0.05   *
*************************************************

================================================================================
Processed epoch: 525
Number of Satellites      gpsl1: 5
Total number of satellites: 5
=========================== LSE solution ============================================

Navigation status: GOOD_FOR_NAV
********************Time***************************
* Signal   tow(s)        Bias(ms)    Drift(ms/s) *
* gpsl1  482758.5262    11.2438      0.00147        *
***************************************************
********************DOP******************
* GDOP: 9.99  PDOP: 8.10  HDOP: 6.86    *
* VDOP: 4.30  TDOP: 5.86                *
*****************************************
********************Position********************************
* X: 2885638.74  Y: 1335096.96  Z: 5510650.16  Fom: 0.29   *
* dE:   0.00  dN:   0.00  dU:   0.00   *
************************************************************
********************Velocity*********************
VX:   0.04  VY:  -0.01  VZ:   0.13  Fom: 0.05   *
*************************************************

================================================================================
Processed epoch: 526
Number of Satellites      gpsl1: 5
Total number of satellites: 5
=========================== LSE solution ============================================

Navigation status: GOOD_FOR_NAV
********************Time***************************
* Signal   tow(s)        Bias(ms)    Drift(ms/s) *
* gpsl1  482758.6262    11.2436      0.00147        *
***************************************************
********************DOP******************
* GDOP: 9.99  PDOP: 8.10  HDOP: 6.86    *
* VDOP: 4.30  TDOP: 5.86                *
*****************************************
********************Position********************************
* X: 2885638.67  Y: 1335096.90  Z: 5510649.51  Fom: 0.29   *
* dE:   0.00  dN:   0.00  dU:   0.00   *
************************************************************
********************Velocity*********************
VX:   0.02  VY:  -0.02  VZ:   0.02  Fom: 0.01   *
*************************************************

================================================================================
Processed epoch: 527
Number of Satellites      gpsl1: 5
Total number of satellites: 5
=========================== LSE solution ============================================

Navigation status: GOOD_FOR_NAV
********************Time***************************
* Signal   tow(s)        Bias(ms)    Drift(ms/s) *
* gpsl1  482758.7262    11.2435      0.00147        *
***************************************************
********************DOP******************
* GDOP: 9.99  PDOP: 8.10  HDOP: 6.86    *
* VDOP: 4.30  TDOP: 5.86                *
*****************************************
********************Position********************************
* X: 2885638.86  Y: 1335096.84  Z: 5510649.81  Fom: 0.28   *
* dE:   0.00  dN:   0.00  dU:   0.00   *
************************************************************
********************Velocity*********************
VX:   0.06  VY:  -0.01  VZ:   0.08  Fom: 0.03   *
*************************************************

================================================================================
Processed epoch: 528
Number of Satellites      gpsl1: 5
Total number of satellites: 5
=========================== LSE solution ============================================

Navigation status: GOOD_FOR_NAV
********************Time***************************
* Signal   tow(s)        Bias(ms)    Drift(ms/s) *
* gpsl1  482758.8262    11.2434      0.00147        *
***************************************************
********************DOP******************
* GDOP: 9.99  PDOP: 8.10  HDOP: 6.86    *
* VDOP: 4.30  TDOP: 5.86                *
*****************************************
********************Position********************************
* X: 2885638.99  Y: 1335096.80  Z: 5510650.19  Fom: 0.29   *
* dE:   0.00  dN:   0.00  dU:   0.00   *
************************************************************
********************Velocity*********************
VX:  -0.06  VY:  -0.02  VZ:  -0.03  Fom: 0.03   *
*************************************************

================================================================================
Processed epoch: 529
Number of Satellites      gpsl1: 5
Total number of satellites: 5
=========================== LSE solution ============================================

Navigation status: GOOD_FOR_NAV
********************Time***************************
* Signal   tow(s)        Bias(ms)    Drift(ms/s) *
* gpsl1  482758.9262    11.2432      0.00147        *
***************************************************
********************DOP******************
* GDOP: 9.99  PDOP: 8.09  HDOP: 6.86    *
* VDOP: 4.30  TDOP: 5.86                *
*****************************************
********************Position********************************
* X: 2885639.00  Y: 1335096.72  Z: 5510650.58  Fom: 0.28   *
* dE:   0.00  dN:   0.00  dU:   0.00   *
************************************************************
********************Velocity*********************
VX:   0.08  VY:   0.05  VZ:   0.04  Fom: 0.03   *
*************************************************

================================================================================
Processed epoch: 530
Number of Satellites      gpsl1: 5
Total number of satellites: 5
=========================== LSE solution ============================================

Navigation status: GOOD_FOR_NAV
********************Time***************************
* Signal   tow(s)        Bias(ms)    Drift(ms/s) *
* gpsl1  482759.0262    11.2431      0.00147        *
***************************************************
********************DOP******************
* GDOP: 9.99  PDOP: 8.09  HDOP: 6.86    *
* VDOP: 4.30  TDOP: 5.86                *
*****************************************
********************Position********************************
* X: 2885639.01  Y: 1335096.83  Z: 5510650.64  Fom: 0.28   *
* dE:   0.00  dN:   0.00  dU:   0.00   *
************************************************************
********************Velocity*********************
VX:  -0.01  VY:   0.01  VZ:   0.19  Fom: 0.06   *
*************************************************

================================================================================
Processed epoch: 531
Number of Satellites      gpsl1: 5
Total number of satellites: 5
=========================== LSE solution ============================================

Navigation status: GOOD_FOR_NAV
********************Time***************************
* Signal   tow(s)        Bias(ms)    Drift(ms/s) *
* gpsl1  482759.1262    11.2429      0.00147        *
***************************************************
********************DOP******************
* GDOP: 9.99  PDOP: 8.09  HDOP: 6.86    *
* VDOP: 4.30  TDOP: 5.86                *
*****************************************
********************Position********************************
* X: 2885638.95  Y: 1335096.86  Z: 5510650.61  Fom: 0.26   *
* dE:   0.00  dN:   0.00  dU:   0.00   *
************************************************************
********************Velocity*********************
VX:   0.01  VY:   0.05  VZ:   0.01  Fom: 0.01   *
*************************************************

================================================================================
Processed epoch: 532
Number of Satellites      gpsl1: 5
Total number of satellites: 5
=========================== LSE solution ============================================

Navigation status: GOOD_FOR_NAV
********************Time***************************
* Signal   tow(s)        Bias(ms)    Drift(ms/s) *
* gpsl1  482759.2262    11.2428      0.00147        *
***************************************************
********************DOP******************
* GDOP: 9.99  PDOP: 8.09  HDOP: 6.86    *
* VDOP: 4.30  TDOP: 5.85                *
*****************************************
********************Position********************************
* X: 2885639.17  Y: 1335096.89  Z: 5510651.40  Fom: 0.27   *
* dE:   0.00  dN:   0.00  dU:   0.00   *
************************************************************
********************Velocity*********************
VX:  -0.10  VY:   0.02  VZ:  -0.35  Fom: 0.12   *
*************************************************

================================================================================
Processed epoch: 533
Number of Satellites      gpsl1: 5
Total number of satellites: 5
=========================== LSE solution ============================================

Navigation status: GOOD_FOR_NAV
********************Time***************************
* Signal   tow(s)        Bias(ms)    Drift(ms/s) *
* gpsl1  482759.3262    11.2426      0.00147        *
***************************************************
********************DOP******************
* GDOP: 9.99  PDOP: 8.09  HDOP: 6.86    *
* VDOP: 4.30  TDOP: 5.85                *
*****************************************
********************Position********************************
* X: 2885639.27  Y: 1335096.91  Z: 5510651.98  Fom: 0.26   *
* dE:   0.00  dN:   0.00  dU:   0.00   *
************************************************************
********************Velocity*********************
VX:   0.11  VY:  -0.03  VZ:   0.35  Fom: 0.13   *
*************************************************

================================================================================
Processed epoch: 534
Number of Satellites      gpsl1: 5
Total number of satellites: 5
=========================== LSE solution ============================================

Navigation status: GOOD_FOR_NAV
********************Time***************************
* Signal   tow(s)        Bias(ms)    Drift(ms/s) *
* gpsl1  482759.4262    11.2425      0.00147        *
***************************************************
********************DOP******************
* GDOP: 9.99  PDOP: 8.09  HDOP: 6.86    *
* VDOP: 4.30  TDOP: 5.85                *
*****************************************
********************Position********************************
* X: 2885639.15  Y: 1335096.92  Z: 5510652.04  Fom: 0.25   *
* dE:   0.00  dN:   0.00  dU:   0.00   *
************************************************************
********************Velocity*********************
VX:  -0.04  VY:   0.01  VZ:  -0.16  Fom: 0.06   *
*************************************************

================================================================================
Processed epoch: 535
Number of Satellites      gpsl1: 5
Total number of satellites: 5
=========================== LSE solution ============================================

Navigation status: GOOD_FOR_NAV
********************Time***************************
* Signal   tow(s)        Bias(ms)    Drift(ms/s) *
* gpsl1  482759.5262    11.2423      0.00147        *
***************************************************
********************DOP******************
* GDOP: 9.99  PDOP: 8.09  HDOP: 6.86    *
* VDOP: 4.30  TDOP: 5.85                *
*****************************************
********************Position********************************
* X: 2885639.15  Y: 1335096.87  Z: 5510652.18  Fom: 0.24   *
* dE:   0.00  dN:   0.00  dU:   0.00   *
************************************************************
********************Velocity*********************
VX:  -0.01  VY:  -0.01  VZ:  -0.16  Fom: 0.05   *
*************************************************

================================================================================
Processed epoch: 536
Number of Satellites      gpsl1: 5
Total number of satellites: 5
=========================== LSE solution ============================================

Navigation status: GOOD_FOR_NAV
********************Time***************************
* Signal   tow(s)        Bias(ms)    Drift(ms/s) *
* gpsl1  482759.6262    11.2422      0.00147        *
***************************************************
********************DOP******************
* GDOP: 9.99  PDOP: 8.09  HDOP: 6.86    *
* VDOP: 4.30  TDOP: 5.85                *
*****************************************
********************Position********************************
* X: 2885639.20  Y: 1335096.93  Z: 5510652.36  Fom: 0.24   *
* dE:   0.00  dN:   0.00  dU:   0.00   *
************************************************************
********************Velocity*********************
VX:   0.04  VY:  -0.03  VZ:   0.22  Fom: 0.07   *
*************************************************

================================================================================
Processed epoch: 537
Number of Satellites      gpsl1: 5
Total number of satellites: 5
=========================== LSE solution ============================================

Navigation status: GOOD_FOR_NAV
********************Time***************************
* Signal   tow(s)        Bias(ms)    Drift(ms/s) *
* gpsl1  482759.7262    11.2420      0.00147        *
***************************************************
********************DOP******************
* GDOP: 9.99  PDOP: 8.09  HDOP: 6.86    *
* VDOP: 4.30  TDOP: 5.85                *
*****************************************
********************Position********************************
* X: 2885639.13  Y: 1335096.93  Z: 5510652.04  Fom: 0.22   *
* dE:   0.00  dN:   0.00  dU:   0.00   *
************************************************************
********************Velocity*********************
VX:  -0.03  VY:  -0.00  VZ:  -0.11  Fom: 0.04   *
*************************************************

================================================================================
Processed epoch: 538
Number of Satellites      gpsl1: 5
Total number of satellites: 5
=========================== LSE solution ============================================

Navigation status: GOOD_FOR_NAV
********************Time***************************
* Signal   tow(s)        Bias(ms)    Drift(ms/s) *
* gpsl1  482759.8262    11.2419      0.00147        *
***************************************************
********************DOP******************
* GDOP: 9.99  PDOP: 8.09  HDOP: 6.86    *
* VDOP: 4.30  TDOP: 5.85                *
*****************************************
********************Position********************************
* X: 2885638.96  Y: 1335096.86  Z: 5510651.89  Fom: 0.21   *
* dE:   0.00  dN:   0.00  dU:   0.00   *
************************************************************
********************Velocity*********************
VX:  -0.04  VY:  -0.02  VZ:  -0.11  Fom: 0.04   *
*************************************************

================================================================================
Processed epoch: 539
Number of Satellites      gpsl1: 5
Total number of satellites: 5
=========================== LSE solution ============================================

Navigation status: GOOD_FOR_NAV
********************Time***************************
* Signal   tow(s)        Bias(ms)    Drift(ms/s) *
* gpsl1  482759.9262    11.2417      0.00147        *
***************************************************
********************DOP******************
* GDOP: 9.99  PDOP: 8.09  HDOP: 6.85    *
* VDOP: 4.30  TDOP: 5.85                *
*****************************************
********************Position********************************
* X: 2885638.73  Y: 1335096.90  Z: 5510650.96  Fom: 0.20   *
* dE:   0.00  dN:   0.00  dU:   0.00   *
************************************************************
********************Velocity*********************
VX:   0.03  VY:   0.01  VZ:  -0.01  Fom: 0.01   *
*************************************************
warning: mkdir: directory exists
NAV_DERIVED
