warning: mkdir: directory exists
warning: mkdir: directory exists
warning: fopen: '/opt/fgi-gsrx-runtime/FGI-GSRx/param/defaultReceiverConfiguration.txt' found by searching load path
warning: called from
    readParamFile at line 33 column 5
    readSettings at line 35 column 10
    /opt/fgi-gsrx-runtime/scripts/run_ut_dfmc_window.m at line 24 column 12

gpsl1 Enabled

Welcome to:  FGI-GSRx software GNSS receiver
by the Finnish Geospatial Research Institute

                   -------------------------------

warning: fopen: '/opt/fgi-gsrx-runtime/FGI-GSRx/param/defaultReceiverConfiguration.txt' found by searching load path
warning: called from
    readParamFile at line 33 column 5
    readSettings at line 35 column 10
    gsrx at line 55 column 14
    /opt/fgi-gsrx-runtime/scripts/run_ut_dfmc_window.m at line 37 column 3

gpsl1 Enabled

Acquiring gpsl1 signals...
*================================================================================================*
|01 02 03 04 05 06 07 08 09 10 11 12 13 14 15 16 17 18 19 20 21 22 23 24 25 26 27 28 29 30 31 32 |
*================================================================================================*
Found gpsl1 signals:
*================================================================================================*
|.. .. .. .. 05 .. 07 08 .. .. .. .. 13 .. 15 16 .. 18 .. .. .. .. 23 .. .. 26 27 .. 29 30 .. .. |
*================================================================================================*
12 gpsl1 signals acquired in 219.00 sec.
warning: struct: converting a classdef object into a struct overrides the access restrictions defined for properties. All properties are returned, including private and protected ones.
warning: called from
    gsrx at line 89 column 5
    /opt/fgi-gsrx-runtime/scripts/run_ut_dfmc_window.m at line 37 column 3

warning: struct: converting a classdef object into a struct overrides the access restrictions defined for properties. All properties are returned, including private and protected ones.
warning: called from
    gsrx at line 89 column 5
    /opt/fgi-gsrx-runtime/scripts/run_ut_dfmc_window.m at line 37 column 3

warning: struct: converting a classdef object into a struct overrides the access restrictions defined for properties. All properties are returned, including private and protected ones.
warning: called from
    gsrx at line 89 column 5
    /opt/fgi-gsrx-runtime/scripts/run_ut_dfmc_window.m at line 37 column 3

warning: struct: converting a classdef object into a struct overrides the access restrictions defined for properties. All properties are returned, including private and protected ones.
warning: called from
    gsrx at line 89 column 5
    /opt/fgi-gsrx-runtime/scripts/run_ut_dfmc_window.m at line 37 column 3

   Tracking started at 03-Aug-2026 15:10:05
Ms Processed: 1000 Ms Left: 1000
Time processed: 81 Time left: 81
   Bit sync for gpsl1 prn 5 found at 1500 with index 9
   Bit sync for gpsl1 prn 7 found at 1500 with index 7
   Bit sync for gpsl1 prn 15 found at 1500 with index 3
   Bit sync for gpsl1 prn 16 found at 1500 with index 18
   Bit sync for gpsl1 prn 26 found at 1500 with index 3
   Bit sync for gpsl1 prn 27 found at 1500 with index 15
   Bit sync for gpsl1 prn 30 found at 1500 with index 10
   Bit sync for gpsl1 prn 18 found at 1520 with index 16
   Bit sync for gpsl1 prn 8 found at 1540 with index 6
   Bit sync for gpsl1 prn 13 found at 1540 with index 4
   Bit sync for gpsl1 prn 23 found at 1580 with index 17
   Bit sync for gpsl1 prn 29 found at 1580 with index 10
Ms Processed: 2000 Ms Left: 0
Time processed: 165 Time left: 0
   Tracking is over (elapsed time 00:02:45)
   Tracking started at 03-Aug-2026 15:12:50
Ms Processed: 1000 Ms Left: 44000
Time processed: 68 Time left: 2984
   Bit sync for gpsl1 prn 16 found at 1500 with index 1
   Bit sync for gpsl1 prn 29 found at 1500 with index 2
   Bit sync for gpsl1 prn 13 found at 1520 with index 1
   Bit sync for gpsl1 prn 15 found at 1540 with index 1
   Bit sync for gpsl1 prn 23 found at 1540 with index 2
   Bit sync for gpsl1 prn 27 found at 1540 with index 2
   Bit sync for gpsl1 prn 18 found at 1580 with index 1
   Bit sync for gpsl1 prn 30 found at 1580 with index 2
   Bit sync for gpsl1 prn 26 found at 1640 with index 2
   Bit sync for gpsl1 prn 5 found at 1680 with index 2
   Bit sync for gpsl1 prn 8 found at 1680 with index 2
   Bit sync for gpsl1 prn 7 found at 1780 with index 2
Ms Processed: 2000 Ms Left: 43000
Time processed: 131 Time left: 2827
Ms Processed: 3000 Ms Left: 42000
Time processed: 191 Time left: 2669
Ms Processed: 4000 Ms Left: 41000
Time processed: 250 Time left: 2562
Ms Processed: 5000 Ms Left: 40000
Time processed: 311 Time left: 2486
Ms Processed: 6000 Ms Left: 39000
Time processed: 370 Time left: 2405
Ms Processed: 7000 Ms Left: 38000
Time processed: 429 Time left: 2332
Ms Processed: 8000 Ms Left: 37000
Time processed: 489 Time left: 2261
Ms Processed: 9000 Ms Left: 36000
Time processed: 562 Time left: 2248
Ms Processed: 10000 Ms Left: 35000
Time processed: 639 Time left: 2235
Ms Processed: 11000 Ms Left: 34000
Time processed: 696 Time left: 2151
Ms Processed: 12000 Ms Left: 33000
Time processed: 755 Time left: 2077
Ms Processed: 13000 Ms Left: 32000
Time processed: 813 Time left: 2002
Ms Processed: 14000 Ms Left: 31000
Time processed: 872 Time left: 1931
Ms Processed: 15000 Ms Left: 30000
Time processed: 931 Time left: 1862
Ms Processed: 16000 Ms Left: 29000
Time processed: 990 Time left: 1795
Ms Processed: 17000 Ms Left: 28000
Time processed: 1051 Time left: 1731
Ms Processed: 18000 Ms Left: 27000
Time processed: 1117 Time left: 1676
Ms Processed: 19000 Ms Left: 26000
Time processed: 1193 Time left: 1632
Ms Processed: 20000 Ms Left: 25000
Time processed: 1265 Time left: 1581
Ms Processed: 21000 Ms Left: 24000
Time processed: 1329 Time left: 1519
Ms Processed: 22000 Ms Left: 23000
Time processed: 1390 Time left: 1453
Ms Processed: 23000 Ms Left: 22000
Time processed: 1460 Time left: 1397
Ms Processed: 24000 Ms Left: 21000
Time processed: 1520 Time left: 1330
Ms Processed: 25000 Ms Left: 20000
Time processed: 1584 Time left: 1268
Ms Processed: 26000 Ms Left: 19000
Time processed: 1649 Time left: 1205
Ms Processed: 27000 Ms Left: 18000
Time processed: 1713 Time left: 1142
Ms Processed: 28000 Ms Left: 17000
Time processed: 1783 Time left: 1083
Ms Processed: 29000 Ms Left: 16000
Time processed: 1845 Time left: 1018
Ms Processed: 30000 Ms Left: 15000
Time processed: 1907 Time left: 953
Ms Processed: 31000 Ms Left: 14000
Time processed: 1973 Time left: 891
Ms Processed: 32000 Ms Left: 13000
Time processed: 2035 Time left: 827
Ms Processed: 33000 Ms Left: 12000
Time processed: 2095 Time left: 762
Ms Processed: 34000 Ms Left: 11000
Time processed: 2155 Time left: 697
Ms Processed: 35000 Ms Left: 10000
Time processed: 2223 Time left: 635
Ms Processed: 36000 Ms Left: 9000
Time processed: 2293 Time left: 573
Ms Processed: 37000 Ms Left: 8000
Time processed: 2366 Time left: 512
Ms Processed: 38000 Ms Left: 7000
Time processed: 2434 Time left: 448
Ms Processed: 39000 Ms Left: 6000
Time processed: 2499 Time left: 384
Ms Processed: 40000 Ms Left: 5000
Time processed: 2558 Time left: 320
Ms Processed: 41000 Ms Left: 4000
Time processed: 2617 Time left: 255
Ms Processed: 42000 Ms Left: 3000
Time processed: 2676 Time left: 191
Ms Processed: 43000 Ms Left: 2000
Time processed: 2736 Time left: 127
Ms Processed: 44000 Ms Left: 1000
Time processed: 2795 Time left: 64
Ms Processed: 45000 Ms Left: 0
Time processed: 2856 Time left: 0
   Tracking is over (elapsed time 00:47:35)
warning: struct: converting a classdef object into a struct overrides the access restrictions defined for properties. All properties are returned, including private and protected ones.
warning: called from
    gsrx at line 133 column 5
    /opt/fgi-gsrx-runtime/scripts/run_ut_dfmc_window.m at line 37 column 3

warning: struct: converting a classdef object into a struct overrides the access restrictions defined for properties. All properties are returned, including private and protected ones.
warning: called from
    gsrx at line 133 column 5
    /opt/fgi-gsrx-runtime/scripts/run_ut_dfmc_window.m at line 37 column 3

warning: struct: converting a classdef object into a struct overrides the access restrictions defined for properties. All properties are returned, including private and protected ones.
warning: called from
    gsrx at line 133 column 5
    /opt/fgi-gsrx-runtime/scripts/run_ut_dfmc_window.m at line 37 column 3

warning: struct: converting a classdef object into a struct overrides the access restrictions defined for properties. All properties are returned, including private and protected ones.
warning: called from
    gsrx at line 133 column 5
    /opt/fgi-gsrx-runtime/scripts/run_ut_dfmc_window.m at line 37 column 3

warning: struct: converting a classdef object into a struct overrides the access restrictions defined for properties. All properties are returned, including private and protected ones.
warning: called from
    gsrx at line 150 column 5
    /opt/fgi-gsrx-runtime/scripts/run_ut_dfmc_window.m at line 37 column 3

warning: struct: converting a classdef object into a struct overrides the access restrictions defined for properties. All properties are returned, including private and protected ones.
warning: called from
    gsrx at line 150 column 5
    /opt/fgi-gsrx-runtime/scripts/run_ut_dfmc_window.m at line 37 column 3

warning: struct: converting a classdef object into a struct overrides the access restrictions defined for properties. All properties are returned, including private and protected ones.
warning: called from
    gsrx at line 150 column 5
    /opt/fgi-gsrx-runtime/scripts/run_ut_dfmc_window.m at line 37 column 3

warning: struct: converting a classdef object into a struct overrides the access restrictions defined for properties. All properties are returned, including private and protected ones.
warning: called from
    gsrx at line 150 column 5
    /opt/fgi-gsrx-runtime/scripts/run_ut_dfmc_window.m at line 37 column 3

Preamble found for gpsl1 prn 5!
Preamble found for gpsl1 prn 7!
Preamble found for gpsl1 prn 8!
Preamble found for gpsl1 prn 13!
Preamble found for gpsl1 prn 15!
Preamble found for gpsl1 prn 16!
Preamble found for gpsl1 prn 18!
Preamble found for gpsl1 prn 23!
Preamble found for gpsl1 prn 26!
Preamble found for gpsl1 prn 27!
Preamble found for gpsl1 prn 29!
Preamble found for gpsl1 prn 30!
   Ephemeris for gpsl1 prn 5 found.
   Ephemeris for gpsl1 prn 7 found.
   Ephemeris for gpsl1 prn 8 found.
   Ephemeris for gpsl1 prn 13 found.
   Ephemeris for gpsl1 prn 15 found.
   Ephemeris for gpsl1 prn 16 found.
   Ephemeris for gpsl1 prn 18 found.
   Ephemeris for gpsl1 prn 23 found.
   Ephemeris for gpsl1 prn 26 found.
   Ephemeris for gpsl1 prn 27 found.
   Ephemeris for gpsl1 prn 29 found.
   Ephemeris for gpsl1 prn 30 found.
warning: struct: converting a classdef object into a struct overrides the access restrictions defined for properties. All properties are returned, including private and protected ones.
warning: called from
    gsrx at line 158 column 5
    /opt/fgi-gsrx-runtime/scripts/run_ut_dfmc_window.m at line 37 column 3

warning: struct: converting a classdef object into a struct overrides the access restrictions defined for properties. All properties are returned, including private and protected ones.
warning: called from
    gsrx at line 158 column 5
    /opt/fgi-gsrx-runtime/scripts/run_ut_dfmc_window.m at line 37 column 3

warning: struct: converting a classdef object into a struct overrides the access restrictions defined for properties. All properties are returned, including private and protected ones.
warning: called from
    gsrx at line 158 column 5
    /opt/fgi-gsrx-runtime/scripts/run_ut_dfmc_window.m at line 37 column 3

warning: struct: converting a classdef object into a struct overrides the access restrictions defined for properties. All properties are returned, including private and protected ones.
warning: called from
    gsrx at line 158 column 5
    /opt/fgi-gsrx-runtime/scripts/run_ut_dfmc_window.m at line 37 column 3

warning: Invalid UTF-8 byte sequences have been replaced.
warning: called from
    getNavSolution at line 55 column 40
    doNavigation at line 92 column 34
    gsrx at line 162 column 27
    /opt/fgi-gsrx-runtime/scripts/run_ut_dfmc_window.m at line 37 column 3


================================================================================
Processed epoch: 1
Number of Satellites      gpsl1: 12
Total number of satellites: 12
=========================== LSE solution ============================================

Navigation status: GOOD_FOR_NAV
********************Time***************************
* Signal   tow(s)        Bias(ms)    Drift(ms/s) *
* gpsl1  518112.1250    10.3214      0.00147        *
***************************************************
********************DOP******************
* GDOP: 1.60  PDOP: 1.45  HDOP: 1.23    *
* VDOP: 0.77  TDOP: 0.67                *
*****************************************
********************Position********************************
* X: 2893062.83  Y: 1322508.48  Z: 5509768.92  Fom: 1.13   *
* dE:   0.00  dN:   0.00  dU:   0.00   *
************************************************************
********************Velocity*********************
VX:   0.00  VY:  -0.02  VZ:  -0.02  Fom: 0.01   *
*************************************************
warning: Invalid UTF-8 byte sequences have been replaced.
warning: called from
    getSatelliteDoppler at line 46 column 16
    getSatelliteInfo at line 91 column 33
    doNavigation at line 82 column 25
    gsrx at line 162 column 27
    /opt/fgi-gsrx-runtime/scripts/run_ut_dfmc_window.m at line 37 column 3

warning: Invalid UTF-8 byte sequences have been replaced.
warning: called from
    getSatelliteDoppler at line 46 column 16
    getSatelliteInfo at line 91 column 33
    doNavigation at line 82 column 25
    gsrx at line 162 column 27
    /opt/fgi-gsrx-runtime/scripts/run_ut_dfmc_window.m at line 37 column 3


================================================================================
Processed epoch: 2
Number of Satellites      gpsl1: 7
Total number of satellites: 7
=========================== LSE solution ============================================

Navigation status: GOOD_FOR_NAV
********************Time***************************
* Signal   tow(s)        Bias(ms)    Drift(ms/s) *
* gpsl1  518112.2250    10.3212      0.00147        *
***************************************************
********************DOP******************
* GDOP: 2.24  PDOP: 2.05  HDOP: 1.74    *
* VDOP: 1.09  TDOP: 0.91                *
*****************************************
********************Position********************************
* X: 2893054.54  Y: 1322507.95  Z: 5509752.75  Fom: 0.41   *
* dE:   0.00  dN:   0.00  dU:   0.00   *
************************************************************
********************Velocity*********************
VX:  -0.02  VY:  -0.01  VZ:   0.00  Fom: 0.01   *
*************************************************

================================================================================
Processed epoch: 3
Number of Satellites      gpsl1: 7
Total number of satellites: 7
=========================== LSE solution ============================================

Navigation status: GOOD_FOR_NAV
********************Time***************************
* Signal   tow(s)        Bias(ms)    Drift(ms/s) *
* gpsl1  518112.3250    10.3211      0.00147        *
***************************************************
********************DOP******************
* GDOP: 2.24  PDOP: 2.05  HDOP: 1.74    *
* VDOP: 1.09  TDOP: 0.91                *
*****************************************
********************Position********************************
* X: 2893054.52  Y: 1322507.97  Z: 5509752.81  Fom: 0.39   *
* dE:   0.00  dN:   0.00  dU:   0.00   *
************************************************************
********************Velocity*********************
VX:   0.00  VY:  -0.01  VZ:  -0.03  Fom: 0.01   *
*************************************************

================================================================================
Processed epoch: 4
Number of Satellites      gpsl1: 7
Total number of satellites: 7
=========================== LSE solution ============================================

Navigation status: GOOD_FOR_NAV
********************Time***************************
* Signal   tow(s)        Bias(ms)    Drift(ms/s) *
* gpsl1  518112.4250    10.3209      0.00147        *
***************************************************
********************DOP******************
* GDOP: 2.24  PDOP: 2.05  HDOP: 1.74    *
* VDOP: 1.09  TDOP: 0.91                *
*****************************************
********************Position********************************
* X: 2893054.52  Y: 1322507.98  Z: 5509752.77  Fom: 0.38   *
* dE:   0.00  dN:   0.00  dU:   0.00   *
************************************************************
********************Velocity*********************
VX:   0.03  VY:   0.01  VZ:   0.05  Fom: 0.01   *
*************************************************

================================================================================
Processed epoch: 5
Number of Satellites      gpsl1: 7
Total number of satellites: 7
=========================== LSE solution ============================================

Navigation status: GOOD_FOR_NAV
********************Time***************************
* Signal   tow(s)        Bias(ms)    Drift(ms/s) *
* gpsl1  518112.5250    10.3208      0.00147        *
***************************************************
********************DOP******************
* GDOP: 2.24  PDOP: 2.05  HDOP: 1.74    *
* VDOP: 1.09  TDOP: 0.91                *
*****************************************
********************Position********************************
* X: 2893054.51  Y: 1322508.01  Z: 5509752.76  Fom: 0.39   *
* dE:   0.00  dN:   0.00  dU:   0.00   *
************************************************************
********************Velocity*********************
VX:  -0.02  VY:  -0.05  VZ:  -0.00  Fom: 0.02   *
*************************************************

================================================================================
Processed epoch: 6
Number of Satellites      gpsl1: 7
Total number of satellites: 7
=========================== LSE solution ============================================

Navigation status: GOOD_FOR_NAV
********************Time***************************
* Signal   tow(s)        Bias(ms)    Drift(ms/s) *
* gpsl1  518112.6250    10.3206      0.00147        *
***************************************************
********************DOP******************
* GDOP: 2.24  PDOP: 2.05  HDOP: 1.74    *
* VDOP: 1.09  TDOP: 0.91                *
*****************************************
********************Position********************************
* X: 2893054.52  Y: 1322507.98  Z: 5509752.68  Fom: 0.38   *
* dE:   0.00  dN:   0.00  dU:   0.00   *
************************************************************
********************Velocity*********************
VX:   0.01  VY:  -0.00  VZ:  -0.03  Fom: 0.01   *
*************************************************

================================================================================
Processed epoch: 7
Number of Satellites      gpsl1: 7
Total number of satellites: 7
=========================== LSE solution ============================================

Navigation status: GOOD_FOR_NAV
********************Time***************************
* Signal   tow(s)        Bias(ms)    Drift(ms/s) *
* gpsl1  518112.7250    10.3205      0.00147        *
***************************************************
********************DOP******************
* GDOP: 2.24  PDOP: 2.05  HDOP: 1.74    *
* VDOP: 1.09  TDOP: 0.91                *
*****************************************
********************Position********************************
* X: 2893054.47  Y: 1322507.92  Z: 5509752.56  Fom: 0.39   *
* dE:   0.00  dN:   0.00  dU:   0.00   *
************************************************************
********************Velocity*********************
VX:   0.01  VY:   0.02  VZ:   0.01  Fom: 0.01   *
*************************************************

================================================================================
Processed epoch: 8
Number of Satellites      gpsl1: 7
Total number of satellites: 7
=========================== LSE solution ============================================

Navigation status: GOOD_FOR_NAV
********************Time***************************
* Signal   tow(s)        Bias(ms)    Drift(ms/s) *
* gpsl1  518112.8250    10.3204      0.00147        *
***************************************************
********************DOP******************
* GDOP: 2.24  PDOP: 2.05  HDOP: 1.74    *
* VDOP: 1.09  TDOP: 0.91                *
*****************************************
********************Position********************************
* X: 2893054.47  Y: 1322507.91  Z: 5509752.58  Fom: 0.38   *
* dE:   0.00  dN:   0.00  dU:   0.00   *
************************************************************
********************Velocity*********************
VX:   0.00  VY:  -0.01  VZ:   0.03  Fom: 0.01   *
*************************************************

================================================================================
Processed epoch: 9
Number of Satellites      gpsl1: 7
Total number of satellites: 7
=========================== LSE solution ============================================

Navigation status: GOOD_FOR_NAV
********************Time***************************
* Signal   tow(s)        Bias(ms)    Drift(ms/s) *
* gpsl1  518112.9250    10.3202      0.00147        *
***************************************************
********************DOP******************
* GDOP: 2.24  PDOP: 2.05  HDOP: 1.74    *
* VDOP: 1.09  TDOP: 0.91                *
*****************************************
********************Position********************************
* X: 2893054.51  Y: 1322507.88  Z: 5509752.63  Fom: 0.38   *
* dE:   0.00  dN:   0.00  dU:   0.00   *
************************************************************
********************Velocity*********************
VX:   0.01  VY:   0.02  VZ:   0.01  Fom: 0.00   *
*************************************************

================================================================================
Processed epoch: 10
Number of Satellites      gpsl1: 7
Total number of satellites: 7
=========================== LSE solution ============================================

Navigation status: GOOD_FOR_NAV
********************Time***************************
* Signal   tow(s)        Bias(ms)    Drift(ms/s) *
* gpsl1  518113.0250    10.3201      0.00147        *
***************************************************
********************DOP******************
* GDOP: 2.24  PDOP: 2.05  HDOP: 1.74    *
* VDOP: 1.09  TDOP: 0.91                *
*****************************************
********************Position********************************
* X: 2893054.46  Y: 1322507.88  Z: 5509752.55  Fom: 0.39   *
* dE:   0.00  dN:   0.00  dU:   0.00   *
************************************************************
********************Velocity*********************
VX:   0.01  VY:  -0.01  VZ:  -0.03  Fom: 0.01   *
*************************************************

================================================================================
Processed epoch: 11
Number of Satellites      gpsl1: 7
Total number of satellites: 7
=========================== LSE solution ============================================

Navigation status: GOOD_FOR_NAV
********************Time***************************
* Signal   tow(s)        Bias(ms)    Drift(ms/s) *
* gpsl1  518113.1250    10.3199      0.00147        *
***************************************************
********************DOP******************
* GDOP: 2.24  PDOP: 2.05  HDOP: 1.74    *
* VDOP: 1.09  TDOP: 0.91                *
*****************************************
********************Position********************************
* X: 2893054.42  Y: 1322507.90  Z: 5509752.46  Fom: 0.38   *
* dE:   0.00  dN:   0.00  dU:   0.00   *
************************************************************
********************Velocity*********************
VX:   0.01  VY:  -0.01  VZ:   0.03  Fom: 0.01   *
*************************************************

================================================================================
Processed epoch: 12
Number of Satellites      gpsl1: 7
Total number of satellites: 7
=========================== LSE solution ============================================

Navigation status: GOOD_FOR_NAV
********************Time***************************
* Signal   tow(s)        Bias(ms)    Drift(ms/s) *
* gpsl1  518113.2250    10.3198      0.00147        *
***************************************************
********************DOP******************
* GDOP: 2.24  PDOP: 2.05  HDOP: 1.74    *
* VDOP: 1.09  TDOP: 0.91                *
*****************************************
********************Position********************************
* X: 2893054.39  Y: 1322507.91  Z: 5509752.33  Fom: 0.37   *
* dE:   0.00  dN:   0.00  dU:   0.00   *
************************************************************
********************Velocity*********************
VX:   0.02  VY:   0.02  VZ:   0.04  Fom: 0.01   *
*************************************************

================================================================================
Processed epoch: 13
Number of Satellites      gpsl1: 7
Total number of satellites: 7
=========================== LSE solution ============================================

Navigation status: GOOD_FOR_NAV
********************Time***************************
* Signal   tow(s)        Bias(ms)    Drift(ms/s) *
* gpsl1  518113.3250    10.3196      0.00147        *
***************************************************
********************DOP******************
* GDOP: 2.24  PDOP: 2.05  HDOP: 1.74    *
* VDOP: 1.09  TDOP: 0.91                *
*****************************************
********************Position********************************
* X: 2893054.37  Y: 1322507.90  Z: 5509752.28  Fom: 0.37   *
* dE:   0.00  dN:   0.00  dU:   0.00   *
************************************************************
********************Velocity*********************
VX:   0.03  VY:   0.00  VZ:   0.05  Fom: 0.01   *
*************************************************

================================================================================
Processed epoch: 14
Number of Satellites      gpsl1: 7
Total number of satellites: 7
=========================== LSE solution ============================================

Navigation status: GOOD_FOR_NAV
********************Time***************************
* Signal   tow(s)        Bias(ms)    Drift(ms/s) *
* gpsl1  518113.4250    10.3195      0.00147        *
***************************************************
********************DOP******************
* GDOP: 2.24  PDOP: 2.05  HDOP: 1.74    *
* VDOP: 1.09  TDOP: 0.91                *
*****************************************
********************Position********************************
* X: 2893054.34  Y: 1322507.91  Z: 5509752.31  Fom: 0.37   *
* dE:   0.00  dN:   0.00  dU:   0.00   *
************************************************************
********************Velocity*********************
VX:  -0.00  VY:   0.01  VZ:  -0.03  Fom: 0.01   *
*************************************************

================================================================================
Processed epoch: 15
Number of Satellites      gpsl1: 7
Total number of satellites: 7
=========================== LSE solution ============================================

Navigation status: GOOD_FOR_NAV
********************Time***************************
* Signal   tow(s)        Bias(ms)    Drift(ms/s) *
* gpsl1  518113.5250    10.3193      0.00147        *
***************************************************
********************DOP******************
* GDOP: 2.24  PDOP: 2.05  HDOP: 1.74    *
* VDOP: 1.09  TDOP: 0.91                *
*****************************************
********************Position********************************
* X: 2893054.27  Y: 1322507.95  Z: 5509752.29  Fom: 0.36   *
* dE:   0.00  dN:   0.00  dU:   0.00   *
************************************************************
********************Velocity*********************
VX:  -0.03  VY:   0.00  VZ:   0.00  Fom: 0.01   *
*************************************************

================================================================================
Processed epoch: 16
Number of Satellites      gpsl1: 7
Total number of satellites: 7
=========================== LSE solution ============================================

Navigation status: GOOD_FOR_NAV
********************Time***************************
* Signal   tow(s)        Bias(ms)    Drift(ms/s) *
* gpsl1  518113.6250    10.3192      0.00147        *
***************************************************
********************DOP******************
* GDOP: 2.24  PDOP: 2.05  HDOP: 1.74    *
* VDOP: 1.09  TDOP: 0.91                *
*****************************************
********************Position********************************
* X: 2893054.26  Y: 1322507.89  Z: 5509752.26  Fom: 0.36   *
* dE:   0.00  dN:   0.00  dU:   0.00   *
************************************************************
********************Velocity*********************
VX:   0.02  VY:   0.01  VZ:   0.06  Fom: 0.01   *
*************************************************

================================================================================
Processed epoch: 17
Number of Satellites      gpsl1: 7
Total number of satellites: 7
=========================== LSE solution ============================================

Navigation status: GOOD_FOR_NAV
********************Time***************************
* Signal   tow(s)        Bias(ms)    Drift(ms/s) *
* gpsl1  518113.7250    10.3190      0.00147        *
***************************************************
********************DOP******************
* GDOP: 2.24  PDOP: 2.05  HDOP: 1.74    *
* VDOP: 1.09  TDOP: 0.91                *
*****************************************
********************Position********************************
* X: 2893054.32  Y: 1322507.87  Z: 5509752.20  Fom: 0.37   *
* dE:   0.00  dN:   0.00  dU:   0.00   *
************************************************************
********************Velocity*********************
VX:   0.01  VY:   0.02  VZ:   0.03  Fom: 0.01   *
*************************************************

================================================================================
Processed epoch: 18
Number of Satellites      gpsl1: 7
Total number of satellites: 7
=========================== LSE solution ============================================

Navigation status: GOOD_FOR_NAV
********************Time***************************
* Signal   tow(s)        Bias(ms)    Drift(ms/s) *
* gpsl1  518113.8250    10.3189      0.00147        *
***************************************************
********************DOP******************
* GDOP: 2.24  PDOP: 2.05  HDOP: 1.74    *
* VDOP: 1.09  TDOP: 0.91                *
*****************************************
********************Position********************************
* X: 2893054.30  Y: 1322507.83  Z: 5509752.17  Fom: 0.37   *
* dE:   0.00  dN:   0.00  dU:   0.00   *
************************************************************
********************Velocity*********************
VX:   0.02  VY:  -0.03  VZ:  -0.00  Fom: 0.01   *
*************************************************

================================================================================
Processed epoch: 19
Number of Satellites      gpsl1: 7
Total number of satellites: 7
=========================== LSE solution ============================================

Navigation status: GOOD_FOR_NAV
********************Time***************************
* Signal   tow(s)        Bias(ms)    Drift(ms/s) *
* gpsl1  518113.9250    10.3187      0.00147        *
***************************************************
********************DOP******************
* GDOP: 2.24  PDOP: 2.05  HDOP: 1.74    *
* VDOP: 1.09  TDOP: 0.91                *
*****************************************
********************Position********************************
* X: 2893054.28  Y: 1322507.81  Z: 5509752.05  Fom: 0.37   *
* dE:   0.00  dN:   0.00  dU:   0.00   *
************************************************************
********************Velocity*********************
VX:   0.01  VY:   0.02  VZ:   0.03  Fom: 0.01   *
*************************************************

================================================================================
Processed epoch: 20
Number of Satellites      gpsl1: 7
Total number of satellites: 7
=========================== LSE solution ============================================

Navigation status: GOOD_FOR_NAV
********************Time***************************
* Signal   tow(s)        Bias(ms)    Drift(ms/s) *
* gpsl1  518114.0250    10.3186      0.00147        *
***************************************************
********************DOP******************
* GDOP: 2.24  PDOP: 2.05  HDOP: 1.74    *
* VDOP: 1.09  TDOP: 0.91                *
*****************************************
********************Position********************************
* X: 2893054.28  Y: 1322507.83  Z: 5509752.10  Fom: 0.37   *
* dE:   0.00  dN:   0.00  dU:   0.00   *
************************************************************
********************Velocity*********************
VX:  -0.00  VY:  -0.01  VZ:  -0.00  Fom: 0.01   *
*************************************************

================================================================================
Processed epoch: 21
Number of Satellites      gpsl1: 7
Total number of satellites: 7
=========================== LSE solution ============================================

Navigation status: GOOD_FOR_NAV
********************Time***************************
* Signal   tow(s)        Bias(ms)    Drift(ms/s) *
* gpsl1  518114.1250    10.3185      0.00147        *
***************************************************
********************DOP******************
* GDOP: 2.24  PDOP: 2.05  HDOP: 1.74    *
* VDOP: 1.09  TDOP: 0.91                *
*****************************************
********************Position********************************
* X: 2893054.31  Y: 1322507.79  Z: 5509751.97  Fom: 0.36   *
* dE:   0.00  dN:   0.00  dU:   0.00   *
************************************************************
********************Velocity*********************
VX:  -0.02  VY:  -0.01  VZ:  -0.01  Fom: 0.01   *
*************************************************

================================================================================
Processed epoch: 22
Number of Satellites      gpsl1: 7
Total number of satellites: 7
=========================== LSE solution ============================================

Navigation status: GOOD_FOR_NAV
********************Time***************************
* Signal   tow(s)        Bias(ms)    Drift(ms/s) *
* gpsl1  518114.2250    10.3183      0.00147        *
***************************************************
********************DOP******************
* GDOP: 2.24  PDOP: 2.05  HDOP: 1.74    *
* VDOP: 1.09  TDOP: 0.91                *
*****************************************
********************Position********************************
* X: 2893054.27  Y: 1322507.69  Z: 5509751.80  Fom: 0.36   *
* dE:   0.00  dN:   0.00  dU:   0.00   *
************************************************************
********************Velocity*********************
VX:   0.04  VY:   0.02  VZ:   0.02  Fom: 0.01   *
*************************************************

================================================================================
Processed epoch: 23
Number of Satellites      gpsl1: 7
Total number of satellites: 7
=========================== LSE solution ============================================

Navigation status: GOOD_FOR_NAV
********************Time***************************
* Signal   tow(s)        Bias(ms)    Drift(ms/s) *
* gpsl1  518114.3250    10.3182      0.00147        *
***************************************************
********************DOP******************
* GDOP: 2.24  PDOP: 2.05  HDOP: 1.74    *
* VDOP: 1.09  TDOP: 0.91                *
*****************************************
********************Position********************************
* X: 2893054.24  Y: 1322507.60  Z: 5509751.67  Fom: 0.37   *
* dE:   0.00  dN:   0.00  dU:   0.00   *
************************************************************
********************Velocity*********************
VX:  -0.04  VY:   0.01  VZ:  -0.03  Fom: 0.02   *
*************************************************

================================================================================
Processed epoch: 24
Number of Satellites      gpsl1: 7
Total number of satellites: 7
=========================== LSE solution ============================================

Navigation status: GOOD_FOR_NAV
********************Time***************************
* Signal   tow(s)        Bias(ms)    Drift(ms/s) *
* gpsl1  518114.4250    10.3180      0.00147        *
***************************************************
********************DOP******************
* GDOP: 2.24  PDOP: 2.05  HDOP: 1.74    *
* VDOP: 1.09  TDOP: 0.91                *
*****************************************
********************Position********************************
* X: 2893054.23  Y: 1322507.62  Z: 5509751.63  Fom: 0.38   *
* dE:   0.00  dN:   0.00  dU:   0.00   *
************************************************************
********************Velocity*********************
VX:   0.02  VY:  -0.01  VZ:   0.05  Fom: 0.01   *
*************************************************

================================================================================
Processed epoch: 25
Number of Satellites      gpsl1: 7
Total number of satellites: 7
=========================== LSE solution ============================================

Navigation status: GOOD_FOR_NAV
********************Time***************************
* Signal   tow(s)        Bias(ms)    Drift(ms/s) *
* gpsl1  518114.5250    10.3179      0.00147        *
***************************************************
********************DOP******************
* GDOP: 2.24  PDOP: 2.05  HDOP: 1.74    *
* VDOP: 1.09  TDOP: 0.91                *
*****************************************
********************Position********************************
* X: 2893054.21  Y: 1322507.58  Z: 5509751.53  Fom: 0.37   *
* dE:   0.00  dN:   0.00  dU:   0.00   *
************************************************************
********************Velocity*********************
VX:   0.03  VY:   0.02  VZ:   0.05  Fom: 0.01   *
*************************************************

================================================================================
Processed epoch: 26
Number of Satellites      gpsl1: 7
Total number of satellites: 7
=========================== LSE solution ============================================

Navigation status: GOOD_FOR_NAV
********************Time***************************
* Signal   tow(s)        Bias(ms)    Drift(ms/s) *
* gpsl1  518114.6250    10.3177      0.00147        *
***************************************************
********************DOP******************
* GDOP: 2.24  PDOP: 2.05  HDOP: 1.74    *
* VDOP: 1.09  TDOP: 0.91                *
*****************************************
********************Position********************************
* X: 2893054.20  Y: 1322507.58  Z: 5509751.51  Fom: 0.38   *
* dE:   0.00  dN:   0.00  dU:   0.00   *
************************************************************
********************Velocity*********************
VX:  -0.01  VY:  -0.02  VZ:  -0.02  Fom: 0.01   *
*************************************************

================================================================================
Processed epoch: 27
Number of Satellites      gpsl1: 7
Total number of satellites: 7
=========================== LSE solution ============================================

Navigation status: GOOD_FOR_NAV
********************Time***************************
* Signal   tow(s)        Bias(ms)    Drift(ms/s) *
* gpsl1  518114.7250    10.3176      0.00147        *
***************************************************
********************DOP******************
* GDOP: 2.24  PDOP: 2.05  HDOP: 1.74    *
* VDOP: 1.09  TDOP: 0.91                *
*****************************************
********************Position********************************
* X: 2893054.19  Y: 1322507.54  Z: 5509751.37  Fom: 0.39   *
* dE:   0.00  dN:   0.00  dU:   0.00   *
************************************************************
********************Velocity*********************
VX:  -0.00  VY:   0.01  VZ:   0.02  Fom: 0.01   *
*************************************************

================================================================================
Processed epoch: 28
Number of Satellites      gpsl1: 7
Total number of satellites: 7
=========================== LSE solution ============================================

Navigation status: GOOD_FOR_NAV
********************Time***************************
* Signal   tow(s)        Bias(ms)    Drift(ms/s) *
* gpsl1  518114.8250    10.3174      0.00147        *
***************************************************
********************DOP******************
* GDOP: 2.24  PDOP: 2.05  HDOP: 1.74    *
* VDOP: 1.09  TDOP: 0.91                *
*****************************************
********************Position********************************
* X: 2893054.20  Y: 1322507.57  Z: 5509751.41  Fom: 0.39   *
* dE:   0.00  dN:   0.00  dU:   0.00   *
************************************************************
********************Velocity*********************
VX:   0.00  VY:  -0.01  VZ:   0.01  Fom: 0.01   *
*************************************************

================================================================================
Processed epoch: 29
Number of Satellites      gpsl1: 7
Total number of satellites: 7
=========================== LSE solution ============================================

Navigation status: GOOD_FOR_NAV
********************Time***************************
* Signal   tow(s)        Bias(ms)    Drift(ms/s) *
* gpsl1  518114.9250    10.3173      0.00147        *
***************************************************
********************DOP******************
* GDOP: 2.24  PDOP: 2.05  HDOP: 1.74    *
* VDOP: 1.09  TDOP: 0.91                *
*****************************************
********************Position********************************
* X: 2893054.18  Y: 1322507.58  Z: 5509751.37  Fom: 0.39   *
* dE:   0.00  dN:   0.00  dU:   0.00   *
************************************************************
********************Velocity*********************
VX:   0.01  VY:   0.01  VZ:   0.01  Fom: 0.01   *
*************************************************

================================================================================
Processed epoch: 30
Number of Satellites      gpsl1: 7
Total number of satellites: 7
=========================== LSE solution ============================================

Navigation status: GOOD_FOR_NAV
********************Time***************************
* Signal   tow(s)        Bias(ms)    Drift(ms/s) *
* gpsl1  518115.0250    10.3171      0.00147        *
***************************************************
********************DOP******************
* GDOP: 2.24  PDOP: 2.05  HDOP: 1.74    *
* VDOP: 1.09  TDOP: 0.91                *
*****************************************
********************Position********************************
* X: 2893054.17  Y: 1322507.57  Z: 5509751.30  Fom: 0.37   *
* dE:   0.00  dN:   0.00  dU:   0.00   *
************************************************************
********************Velocity*********************
VX:   0.02  VY:   0.05  VZ:   0.09  Fom: 0.02   *
*************************************************

================================================================================
Processed epoch: 31
Number of Satellites      gpsl1: 7
Total number of satellites: 7
=========================== LSE solution ============================================

Navigation status: GOOD_FOR_NAV
********************Time***************************
* Signal   tow(s)        Bias(ms)    Drift(ms/s) *
* gpsl1  518115.1250    10.3170      0.00147        *
***************************************************
********************DOP******************
* GDOP: 2.24  PDOP: 2.05  HDOP: 1.74    *
* VDOP: 1.09  TDOP: 0.91                *
*****************************************
********************Position********************************
* X: 2893054.15  Y: 1322507.58  Z: 5509751.33  Fom: 0.36   *
* dE:   0.00  dN:   0.00  dU:   0.00   *
************************************************************
********************Velocity*********************
VX:   0.01  VY:   0.03  VZ:  -0.02  Fom: 0.02   *
*************************************************

================================================================================
Processed epoch: 32
Number of Satellites      gpsl1: 7
Total number of satellites: 7
=========================== LSE solution ============================================

Navigation status: GOOD_FOR_NAV
********************Time***************************
* Signal   tow(s)        Bias(ms)    Drift(ms/s) *
* gpsl1  518115.2250    10.3168      0.00147        *
***************************************************
********************DOP******************
* GDOP: 2.24  PDOP: 2.05  HDOP: 1.74    *
* VDOP: 1.09  TDOP: 0.91                *
*****************************************
********************Position********************************
* X: 2893054.19  Y: 1322507.49  Z: 5509751.22  Fom: 0.36   *
* dE:   0.00  dN:   0.00  dU:   0.00   *
************************************************************
********************Velocity*********************
VX:   0.01  VY:  -0.01  VZ:  -0.03  Fom: 0.01   *
*************************************************

================================================================================
Processed epoch: 33
Number of Satellites      gpsl1: 7
Total number of satellites: 7
=========================== LSE solution ============================================

Navigation status: GOOD_FOR_NAV
********************Time***************************
* Signal   tow(s)        Bias(ms)    Drift(ms/s) *
* gpsl1  518115.3250    10.3167      0.00147        *
***************************************************
********************DOP******************
* GDOP: 2.24  PDOP: 2.05  HDOP: 1.74    *
* VDOP: 1.09  TDOP: 0.91                *
*****************************************
********************Position********************************
* X: 2893054.14  Y: 1322507.45  Z: 5509751.25  Fom: 0.36   *
* dE:   0.00  dN:   0.00  dU:   0.00   *
************************************************************
********************Velocity*********************
VX:   0.02  VY:   0.02  VZ:   0.04  Fom: 0.01   *
*************************************************

================================================================================
Processed epoch: 34
Number of Satellites      gpsl1: 7
Total number of satellites: 7
=========================== LSE solution ============================================

Navigation status: GOOD_FOR_NAV
********************Time***************************
* Signal   tow(s)        Bias(ms)    Drift(ms/s) *
* gpsl1  518115.4250    10.3166      0.00147        *
***************************************************
********************DOP******************
* GDOP: 2.24  PDOP: 2.05  HDOP: 1.74    *
* VDOP: 1.09  TDOP: 0.91                *
*****************************************
********************Position********************************
* X: 2893054.09  Y: 1322507.45  Z: 5509751.21  Fom: 0.35   *
* dE:   0.00  dN:   0.00  dU:   0.00   *
************************************************************
********************Velocity*********************
VX:   0.08  VY:   0.07  VZ:   0.08  Fom: 0.03   *
*************************************************

================================================================================
Processed epoch: 35
Number of Satellites      gpsl1: 7
Total number of satellites: 7
=========================== LSE solution ============================================

Navigation status: GOOD_FOR_NAV
********************Time***************************
* Signal   tow(s)        Bias(ms)    Drift(ms/s) *
* gpsl1  518115.5250    10.3164      0.00147        *
***************************************************
********************DOP******************
* GDOP: 2.24  PDOP: 2.05  HDOP: 1.74    *
* VDOP: 1.09  TDOP: 0.91                *
*****************************************
********************Position********************************
* X: 2893054.12  Y: 1322507.39  Z: 5509751.11  Fom: 0.35   *
* dE:   0.00  dN:   0.00  dU:   0.00   *
************************************************************
********************Velocity*********************
VX:   0.03  VY:   0.05  VZ:   0.05  Fom: 0.01   *
*************************************************

================================================================================
Processed epoch: 36
Number of Satellites      gpsl1: 7
Total number of satellites: 7
=========================== LSE solution ============================================

Navigation status: GOOD_FOR_NAV
********************Time***************************
* Signal   tow(s)        Bias(ms)    Drift(ms/s) *
* gpsl1  518115.6250    10.3163      0.00147        *
***************************************************
********************DOP******************
* GDOP: 2.24  PDOP: 2.05  HDOP: 1.74    *
* VDOP: 1.09  TDOP: 0.91                *
*****************************************
********************Position********************************
* X: 2893054.04  Y: 1322507.40  Z: 5509751.03  Fom: 0.34   *
* dE:   0.00  dN:   0.00  dU:   0.00   *
************************************************************
********************Velocity*********************
VX:   0.02  VY:   0.00  VZ:  -0.01  Fom: 0.01   *
*************************************************

================================================================================
Processed epoch: 37
Number of Satellites      gpsl1: 7
Total number of satellites: 7
=========================== LSE solution ============================================

Navigation status: GOOD_FOR_NAV
********************Time***************************
* Signal   tow(s)        Bias(ms)    Drift(ms/s) *
* gpsl1  518115.7250    10.3161      0.00147        *
***************************************************
********************DOP******************
* GDOP: 2.24  PDOP: 2.05  HDOP: 1.74    *
* VDOP: 1.09  TDOP: 0.91                *
*****************************************
********************Position********************************
* X: 2893054.05  Y: 1322507.38  Z: 5509751.12  Fom: 0.33   *
* dE:   0.00  dN:   0.00  dU:   0.00   *
************************************************************
********************Velocity*********************
VX:  -0.00  VY:  -0.01  VZ:  -0.00  Fom: 0.00   *
*************************************************

================================================================================
Processed epoch: 38
Number of Satellites      gpsl1: 7
Total number of satellites: 7
=========================== LSE solution ============================================

Navigation status: GOOD_FOR_NAV
********************Time***************************
* Signal   tow(s)        Bias(ms)    Drift(ms/s) *
* gpsl1  518115.8250    10.3160      0.00147        *
***************************************************
********************DOP******************
* GDOP: 2.24  PDOP: 2.05  HDOP: 1.74    *
* VDOP: 1.09  TDOP: 0.91                *
*****************************************
********************Position********************************
* X: 2893054.04  Y: 1322507.39  Z: 5509751.09  Fom: 0.31   *
* dE:   0.00  dN:   0.00  dU:   0.00   *
************************************************************
********************Velocity*********************
VX:   0.01  VY:  -0.01  VZ:  -0.02  Fom: 0.01   *
*************************************************

================================================================================
Processed epoch: 39
Number of Satellites      gpsl1: 7
Total number of satellites: 7
=========================== LSE solution ============================================

Navigation status: GOOD_FOR_NAV
********************Time***************************
* Signal   tow(s)        Bias(ms)    Drift(ms/s) *
* gpsl1  518115.9250    10.3158      0.00147        *
***************************************************
********************DOP******************
* GDOP: 2.24  PDOP: 2.05  HDOP: 1.74    *
* VDOP: 1.09  TDOP: 0.91                *
*****************************************
********************Position********************************
* X: 2893053.97  Y: 1322507.36  Z: 5509751.05  Fom: 0.30   *
* dE:   0.00  dN:   0.00  dU:   0.00   *
************************************************************
********************Velocity*********************
VX:  -0.03  VY:  -0.05  VZ:  -0.03  Fom: 0.01   *
*************************************************

================================================================================
Processed epoch: 40
Number of Satellites      gpsl1: 7
Total number of satellites: 7
=========================== LSE solution ============================================

Navigation status: GOOD_FOR_NAV
********************Time***************************
* Signal   tow(s)        Bias(ms)    Drift(ms/s) *
* gpsl1  518116.0250    10.3157      0.00147        *
***************************************************
********************DOP******************
* GDOP: 2.24  PDOP: 2.05  HDOP: 1.74    *
* VDOP: 1.09  TDOP: 0.91                *
*****************************************
********************Position********************************
* X: 2893053.98  Y: 1322507.31  Z: 5509750.97  Fom: 0.29   *
* dE:   0.00  dN:   0.00  dU:   0.00   *
************************************************************
********************Velocity*********************
VX:   0.03  VY:  -0.00  VZ:   0.02  Fom: 0.01   *
*************************************************

================================================================================
Processed epoch: 41
Number of Satellites      gpsl1: 7
Total number of satellites: 7
=========================== LSE solution ============================================

Navigation status: GOOD_FOR_NAV
********************Time***************************
* Signal   tow(s)        Bias(ms)    Drift(ms/s) *
* gpsl1  518116.1250    10.3155      0.00147        *
***************************************************
********************DOP******************
* GDOP: 2.24  PDOP: 2.05  HDOP: 1.74    *
* VDOP: 1.09  TDOP: 0.91                *
*****************************************
********************Position********************************
* X: 2893053.97  Y: 1322507.35  Z: 5509750.89  Fom: 0.28   *
* dE:   0.00  dN:   0.00  dU:   0.00   *
************************************************************
********************Velocity*********************
VX:   0.00  VY:   0.02  VZ:   0.01  Fom: 0.01   *
*************************************************

================================================================================
Processed epoch: 42
Number of Satellites      gpsl1: 7
Total number of satellites: 7
=========================== LSE solution ============================================

Navigation status: GOOD_FOR_NAV
********************Time***************************
* Signal   tow(s)        Bias(ms)    Drift(ms/s) *
* gpsl1  518116.2250    10.3154      0.00147        *
***************************************************
********************DOP******************
* GDOP: 2.24  PDOP: 2.05  HDOP: 1.74    *
* VDOP: 1.09  TDOP: 0.91                *
*****************************************
********************Position********************************
* X: 2893053.98  Y: 1322507.29  Z: 5509750.86  Fom: 0.29   *
* dE:   0.00  dN:   0.00  dU:   0.00   *
************************************************************
********************Velocity*********************
VX:   0.02  VY:  -0.01  VZ:  -0.03  Fom: 0.01   *
*************************************************

================================================================================
Processed epoch: 43
Number of Satellites      gpsl1: 7
Total number of satellites: 7
=========================== LSE solution ============================================

Navigation status: GOOD_FOR_NAV
********************Time***************************
* Signal   tow(s)        Bias(ms)    Drift(ms/s) *
* gpsl1  518116.3250    10.3152      0.00147        *
***************************************************
********************DOP******************
* GDOP: 2.24  PDOP: 2.05  HDOP: 1.74    *
* VDOP: 1.09  TDOP: 0.91                *
*****************************************
********************Position********************************
* X: 2893053.98  Y: 1322507.26  Z: 5509750.85  Fom: 0.29   *
* dE:   0.00  dN:   0.00  dU:   0.00   *
************************************************************
********************Velocity*********************
VX:   0.03  VY:   0.03  VZ:   0.03  Fom: 0.01   *
*************************************************

================================================================================
Processed epoch: 44
Number of Satellites      gpsl1: 7
Total number of satellites: 7
=========================== LSE solution ============================================

Navigation status: GOOD_FOR_NAV
********************Time***************************
* Signal   tow(s)        Bias(ms)    Drift(ms/s) *
* gpsl1  518116.4250    10.3151      0.00147        *
***************************************************
********************DOP******************
* GDOP: 2.24  PDOP: 2.05  HDOP: 1.74    *
* VDOP: 1.09  TDOP: 0.91                *
*****************************************
********************Position********************************
* X: 2893053.95  Y: 1322507.20  Z: 5509750.78  Fom: 0.29   *
* dE:   0.00  dN:   0.00  dU:   0.00   *
************************************************************
********************Velocity*********************
VX:   0.00  VY:   0.01  VZ:   0.03  Fom: 0.01   *
*************************************************

================================================================================
Processed epoch: 45
Number of Satellites      gpsl1: 7
Total number of satellites: 7
=========================== LSE solution ============================================

Navigation status: GOOD_FOR_NAV
********************Time***************************
* Signal   tow(s)        Bias(ms)    Drift(ms/s) *
* gpsl1  518116.5250    10.3149      0.00147        *
***************************************************
********************DOP******************
* GDOP: 2.24  PDOP: 2.05  HDOP: 1.74    *
* VDOP: 1.09  TDOP: 0.91                *
*****************************************
********************Position********************************
* X: 2893053.96  Y: 1322507.19  Z: 5509750.73  Fom: 0.30   *
* dE:   0.00  dN:   0.00  dU:   0.00   *
************************************************************
********************Velocity*********************
VX:   0.04  VY:   0.01  VZ:   0.03  Fom: 0.01   *
*************************************************

================================================================================
Processed epoch: 46
Number of Satellites      gpsl1: 7
Total number of satellites: 7
=========================== LSE solution ============================================

Navigation status: GOOD_FOR_NAV
********************Time***************************
* Signal   tow(s)        Bias(ms)    Drift(ms/s) *
* gpsl1  518116.6250    10.3148      0.00147        *
***************************************************
********************DOP******************
* GDOP: 2.24  PDOP: 2.05  HDOP: 1.74    *
* VDOP: 1.09  TDOP: 0.91                *
*****************************************
********************Position********************************
* X: 2893053.95  Y: 1322507.20  Z: 5509750.71  Fom: 0.29   *
* dE:   0.00  dN:   0.00  dU:   0.00   *
************************************************************
********************Velocity*********************
VX:   0.04  VY:  -0.01  VZ:   0.01  Fom: 0.01   *
*************************************************

================================================================================
Processed epoch: 47
Number of Satellites      gpsl1: 7
Total number of satellites: 7
=========================== LSE solution ============================================

Navigation status: GOOD_FOR_NAV
********************Time***************************
* Signal   tow(s)        Bias(ms)    Drift(ms/s) *
* gpsl1  518116.7250    10.3147      0.00147        *
***************************************************
********************DOP******************
* GDOP: 2.24  PDOP: 2.05  HDOP: 1.74    *
* VDOP: 1.09  TDOP: 0.91                *
*****************************************
********************Position********************************
* X: 2893053.98  Y: 1322507.12  Z: 5509750.70  Fom: 0.29   *
* dE:   0.00  dN:   0.00  dU:   0.00   *
************************************************************
********************Velocity*********************
VX:   0.02  VY:   0.01  VZ:   0.03  Fom: 0.01   *
*************************************************

================================================================================
Processed epoch: 48
Number of Satellites      gpsl1: 7
Total number of satellites: 7
=========================== LSE solution ============================================

Navigation status: GOOD_FOR_NAV
********************Time***************************
* Signal   tow(s)        Bias(ms)    Drift(ms/s) *
* gpsl1  518116.8250    10.3145      0.00147        *
***************************************************
********************DOP******************
* GDOP: 2.24  PDOP: 2.05  HDOP: 1.74    *
* VDOP: 1.09  TDOP: 0.91                *
*****************************************
********************Position********************************
* X: 2893053.96  Y: 1322507.05  Z: 5509750.67  Fom: 0.29   *
* dE:   0.00  dN:   0.00  dU:   0.00   *
************************************************************
********************Velocity*********************
VX:   0.03  VY:  -0.02  VZ:  -0.04  Fom: 0.01   *
*************************************************

================================================================================
Processed epoch: 49
Number of Satellites      gpsl1: 7
Total number of satellites: 7
=========================== LSE solution ============================================

Navigation status: GOOD_FOR_NAV
********************Time***************************
* Signal   tow(s)        Bias(ms)    Drift(ms/s) *
* gpsl1  518116.9250    10.3144      0.00147        *
***************************************************
********************DOP******************
* GDOP: 2.24  PDOP: 2.05  HDOP: 1.74    *
* VDOP: 1.09  TDOP: 0.91                *
*****************************************
********************Position********************************
* X: 2893053.92  Y: 1322507.03  Z: 5509750.61  Fom: 0.29   *
* dE:   0.00  dN:   0.00  dU:   0.00   *
************************************************************
********************Velocity*********************
VX:   0.02  VY:   0.03  VZ:   0.08  Fom: 0.02   *
*************************************************

================================================================================
Processed epoch: 50
Number of Satellites      gpsl1: 7
Total number of satellites: 7
=========================== LSE solution ============================================

Navigation status: GOOD_FOR_NAV
********************Time***************************
* Signal   tow(s)        Bias(ms)    Drift(ms/s) *
* gpsl1  518117.0250    10.3142      0.00147        *
***************************************************
********************DOP******************
* GDOP: 2.24  PDOP: 2.05  HDOP: 1.74    *
* VDOP: 1.09  TDOP: 0.91                *
*****************************************
********************Position********************************
* X: 2893053.89  Y: 1322507.01  Z: 5509750.51  Fom: 0.29   *
* dE:   0.00  dN:   0.00  dU:   0.00   *
************************************************************
********************Velocity*********************
VX:   0.02  VY:   0.02  VZ:   0.04  Fom: 0.01   *
*************************************************

================================================================================
Processed epoch: 51
Number of Satellites      gpsl1: 7
Total number of satellites: 7
=========================== LSE solution ============================================

Navigation status: GOOD_FOR_NAV
********************Time***************************
* Signal   tow(s)        Bias(ms)    Drift(ms/s) *
* gpsl1  518117.1250    10.3141      0.00147        *
***************************************************
********************DOP******************
* GDOP: 2.24  PDOP: 2.05  HDOP: 1.74    *
* VDOP: 1.09  TDOP: 0.91                *
*****************************************
********************Position********************************
* X: 2893053.86  Y: 1322507.05  Z: 5509750.44  Fom: 0.29   *
* dE:   0.00  dN:   0.00  dU:   0.00   *
************************************************************
********************Velocity*********************
VX:   0.01  VY:   0.01  VZ:   0.04  Fom: 0.01   *
*************************************************

================================================================================
Processed epoch: 52
Number of Satellites      gpsl1: 7
Total number of satellites: 7
=========================== LSE solution ============================================

Navigation status: GOOD_FOR_NAV
********************Time***************************
* Signal   tow(s)        Bias(ms)    Drift(ms/s) *
* gpsl1  518117.2250    10.3139      0.00147        *
***************************************************
********************DOP******************
* GDOP: 2.24  PDOP: 2.05  HDOP: 1.74    *
* VDOP: 1.09  TDOP: 0.91                *
*****************************************
********************Position********************************
* X: 2893053.88  Y: 1322507.02  Z: 5509750.29  Fom: 0.30   *
* dE:   0.00  dN:   0.00  dU:   0.00   *
************************************************************
********************Velocity*********************
VX:  -0.01  VY:  -0.01  VZ:  -0.03  Fom: 0.01   *
*************************************************

================================================================================
Processed epoch: 53
Number of Satellites      gpsl1: 7
Total number of satellites: 7
=========================== LSE solution ============================================

Navigation status: GOOD_FOR_NAV
********************Time***************************
* Signal   tow(s)        Bias(ms)    Drift(ms/s) *
* gpsl1  518117.3250    10.3138      0.00147        *
***************************************************
********************DOP******************
* GDOP: 2.24  PDOP: 2.05  HDOP: 1.74    *
* VDOP: 1.09  TDOP: 0.91                *
*****************************************
********************Position********************************
* X: 2893053.85  Y: 1322507.09  Z: 5509750.23  Fom: 0.29   *
* dE:   0.00  dN:   0.00  dU:   0.00   *
************************************************************
********************Velocity*********************
VX:   0.00  VY:  -0.01  VZ:  -0.01  Fom: 0.01   *
*************************************************

================================================================================
Processed epoch: 54
Number of Satellites      gpsl1: 7
Total number of satellites: 7
=========================== LSE solution ============================================

Navigation status: GOOD_FOR_NAV
********************Time***************************
* Signal   tow(s)        Bias(ms)    Drift(ms/s) *
* gpsl1  518117.4250    10.3136      0.00147        *
***************************************************
********************DOP******************
* GDOP: 2.24  PDOP: 2.05  HDOP: 1.74    *
* VDOP: 1.09  TDOP: 0.91                *
*****************************************
********************Position********************************
* X: 2893053.81  Y: 1322507.03  Z: 5509750.12  Fom: 0.29   *
* dE:   0.00  dN:   0.00  dU:   0.00   *
************************************************************
********************Velocity*********************
VX:   0.02  VY:   0.01  VZ:   0.04  Fom: 0.01   *
*************************************************

================================================================================
Processed epoch: 55
Number of Satellites      gpsl1: 7
Total number of satellites: 7
=========================== LSE solution ============================================

Navigation status: GOOD_FOR_NAV
********************Time***************************
* Signal   tow(s)        Bias(ms)    Drift(ms/s) *
* gpsl1  518117.5250    10.3135      0.00147        *
***************************************************
********************DOP******************
* GDOP: 2.24  PDOP: 2.05  HDOP: 1.74    *
* VDOP: 1.09  TDOP: 0.91                *
*****************************************
********************Position********************************
* X: 2893053.80  Y: 1322507.06  Z: 5509750.07  Fom: 0.28   *
* dE:   0.00  dN:   0.00  dU:   0.00   *
************************************************************
********************Velocity*********************
VX:   0.01  VY:   0.02  VZ:   0.03  Fom: 0.01   *
*************************************************

================================================================================
Processed epoch: 56
Number of Satellites      gpsl1: 7
Total number of satellites: 7
=========================== LSE solution ============================================

Navigation status: GOOD_FOR_NAV
********************Time***************************
* Signal   tow(s)        Bias(ms)    Drift(ms/s) *
* gpsl1  518117.6250    10.3133      0.00147        *
***************************************************
********************DOP******************
* GDOP: 2.24  PDOP: 2.05  HDOP: 1.74    *
* VDOP: 1.09  TDOP: 0.91                *
*****************************************
********************Position********************************
* X: 2893053.81  Y: 1322507.06  Z: 5509750.04  Fom: 0.27   *
* dE:   0.00  dN:   0.00  dU:   0.00   *
************************************************************
********************Velocity*********************
VX:  -0.00  VY:   0.00  VZ:   0.03  Fom: 0.01   *
*************************************************

================================================================================
Processed epoch: 57
Number of Satellites      gpsl1: 7
Total number of satellites: 7
=========================== LSE solution ============================================

Navigation status: GOOD_FOR_NAV
********************Time***************************
* Signal   tow(s)        Bias(ms)    Drift(ms/s) *
* gpsl1  518117.7250    10.3132      0.00147        *
***************************************************
********************DOP******************
* GDOP: 2.24  PDOP: 2.05  HDOP: 1.74    *
* VDOP: 1.09  TDOP: 0.91                *
*****************************************
********************Position********************************
* X: 2893053.82  Y: 1322507.01  Z: 5509749.98  Fom: 0.27   *
* dE:   0.00  dN:   0.00  dU:   0.00   *
************************************************************
********************Velocity*********************
VX:   0.01  VY:   0.00  VZ:  -0.03  Fom: 0.01   *
*************************************************

================================================================================
Processed epoch: 58
Number of Satellites      gpsl1: 7
Total number of satellites: 7
=========================== LSE solution ============================================

Navigation status: GOOD_FOR_NAV
********************Time***************************
* Signal   tow(s)        Bias(ms)    Drift(ms/s) *
* gpsl1  518117.8250    10.3130      0.00147        *
***************************************************
********************DOP******************
* GDOP: 2.24  PDOP: 2.05  HDOP: 1.74    *
* VDOP: 1.09  TDOP: 0.91                *
*****************************************
********************Position********************************
* X: 2893053.79  Y: 1322506.95  Z: 5509749.93  Fom: 0.25   *
* dE:   0.00  dN:   0.00  dU:   0.00   *
************************************************************
********************Velocity*********************
VX:   0.01  VY:   0.02  VZ:   0.01  Fom: 0.01   *
*************************************************

================================================================================
Processed epoch: 59
Number of Satellites      gpsl1: 7
Total number of satellites: 7
=========================== LSE solution ============================================

Navigation status: GOOD_FOR_NAV
********************Time***************************
* Signal   tow(s)        Bias(ms)    Drift(ms/s) *
* gpsl1  518117.9250    10.3129      0.00147        *
***************************************************
********************DOP******************
* GDOP: 2.24  PDOP: 2.05  HDOP: 1.74    *
* VDOP: 1.09  TDOP: 0.91                *
*****************************************
********************Position********************************
* X: 2893053.78  Y: 1322506.91  Z: 5509749.91  Fom: 0.25   *
* dE:   0.00  dN:   0.00  dU:   0.00   *
************************************************************
********************Velocity*********************
VX:   0.03  VY:   0.03  VZ:   0.05  Fom: 0.01   *
*************************************************

================================================================================
Processed epoch: 60
Number of Satellites      gpsl1: 7
Total number of satellites: 7
=========================== LSE solution ============================================

Navigation status: GOOD_FOR_NAV
********************Time***************************
* Signal   tow(s)        Bias(ms)    Drift(ms/s) *
* gpsl1  518118.0250    10.3128      0.00147        *
***************************************************
********************DOP******************
* GDOP: 2.24  PDOP: 2.05  HDOP: 1.74    *
* VDOP: 1.09  TDOP: 0.91                *
*****************************************
********************Position********************************
* X: 2893053.82  Y: 1322506.96  Z: 5509749.88  Fom: 0.25   *
* dE:   0.00  dN:   0.00  dU:   0.00   *
************************************************************
********************Velocity*********************
VX:  -0.00  VY:   0.01  VZ:  -0.01  Fom: 0.01   *
*************************************************

================================================================================
Processed epoch: 61
Number of Satellites      gpsl1: 7
Total number of satellites: 7
=========================== LSE solution ============================================

Navigation status: GOOD_FOR_NAV
********************Time***************************
* Signal   tow(s)        Bias(ms)    Drift(ms/s) *
* gpsl1  518118.1250    10.3126      0.00147        *
***************************************************
********************DOP******************
* GDOP: 2.24  PDOP: 2.05  HDOP: 1.74    *
* VDOP: 1.09  TDOP: 0.91                *
*****************************************
********************Position********************************
* X: 2893053.80  Y: 1322506.98  Z: 5509749.80  Fom: 0.24   *
* dE:   0.00  dN:   0.00  dU:   0.00   *
************************************************************
********************Velocity*********************
VX:  -0.01  VY:  -0.01  VZ:  -0.03  Fom: 0.01   *
*************************************************

================================================================================
Processed epoch: 62
Number of Satellites      gpsl1: 7
Total number of satellites: 7
=========================== LSE solution ============================================

Navigation status: GOOD_FOR_NAV
********************Time***************************
* Signal   tow(s)        Bias(ms)    Drift(ms/s) *
* gpsl1  518118.2250    10.3125      0.00147        *
***************************************************
********************DOP******************
* GDOP: 2.24  PDOP: 2.05  HDOP: 1.74    *
* VDOP: 1.09  TDOP: 0.91                *
*****************************************
********************Position********************************
* X: 2893053.78  Y: 1322507.01  Z: 5509749.77  Fom: 0.25   *
* dE:   0.00  dN:   0.00  dU:   0.00   *
************************************************************
********************Velocity*********************
VX:  -0.01  VY:  -0.00  VZ:  -0.02  Fom: 0.00   *
*************************************************

================================================================================
Processed epoch: 63
Number of Satellites      gpsl1: 7
Total number of satellites: 7
=========================== LSE solution ============================================

Navigation status: GOOD_FOR_NAV
********************Time***************************
* Signal   tow(s)        Bias(ms)    Drift(ms/s) *
* gpsl1  518118.3250    10.3123      0.00147        *
***************************************************
********************DOP******************
* GDOP: 2.24  PDOP: 2.05  HDOP: 1.74    *
* VDOP: 1.09  TDOP: 0.91                *
*****************************************
********************Position********************************
* X: 2893053.78  Y: 1322507.01  Z: 5509749.75  Fom: 0.23   *
* dE:   0.00  dN:   0.00  dU:   0.00   *
************************************************************
********************Velocity*********************
VX:   0.03  VY:  -0.02  VZ:   0.01  Fom: 0.01   *
*************************************************

================================================================================
Processed epoch: 64
Number of Satellites      gpsl1: 7
Total number of satellites: 7
=========================== LSE solution ============================================

Navigation status: GOOD_FOR_NAV
********************Time***************************
* Signal   tow(s)        Bias(ms)    Drift(ms/s) *
* gpsl1  518118.4250    10.3122      0.00147        *
***************************************************
********************DOP******************
* GDOP: 2.24  PDOP: 2.05  HDOP: 1.74    *
* VDOP: 1.09  TDOP: 0.91                *
*****************************************
********************Position********************************
* X: 2893053.82  Y: 1322507.02  Z: 5509749.73  Fom: 0.23   *
* dE:   0.00  dN:   0.00  dU:   0.00   *
************************************************************
********************Velocity*********************
VX:  -0.03  VY:  -0.03  VZ:  -0.04  Fom: 0.01   *
*************************************************

================================================================================
Processed epoch: 65
Number of Satellites      gpsl1: 7
Total number of satellites: 7
=========================== LSE solution ============================================

Navigation status: GOOD_FOR_NAV
********************Time***************************
* Signal   tow(s)        Bias(ms)    Drift(ms/s) *
* gpsl1  518118.5250    10.3120      0.00147        *
***************************************************
********************DOP******************
* GDOP: 2.24  PDOP: 2.05  HDOP: 1.74    *
* VDOP: 1.09  TDOP: 0.91                *
*****************************************
********************Position********************************
* X: 2893053.84  Y: 1322506.97  Z: 5509749.79  Fom: 0.25   *
* dE:   0.00  dN:   0.00  dU:   0.00   *
************************************************************
********************Velocity*********************
VX:   0.02  VY:   0.03  VZ:  -0.02  Fom: 0.01   *
*************************************************

================================================================================
Processed epoch: 66
Number of Satellites      gpsl1: 7
Total number of satellites: 7
=========================== LSE solution ============================================

Navigation status: GOOD_FOR_NAV
********************Time***************************
* Signal   tow(s)        Bias(ms)    Drift(ms/s) *
* gpsl1  518118.6250    10.3119      0.00147        *
***************************************************
********************DOP******************
* GDOP: 2.24  PDOP: 2.05  HDOP: 1.74    *
* VDOP: 1.09  TDOP: 0.91                *
*****************************************
********************Position********************************
* X: 2893053.84  Y: 1322506.98  Z: 5509749.83  Fom: 0.24   *
* dE:   0.00  dN:   0.00  dU:   0.00   *
************************************************************
********************Velocity*********************
VX:   0.01  VY:  -0.02  VZ:  -0.00  Fom: 0.01   *
*************************************************

================================================================================
Processed epoch: 67
Number of Satellites      gpsl1: 7
Total number of satellites: 7
=========================== LSE solution ============================================

Navigation status: GOOD_FOR_NAV
********************Time***************************
* Signal   tow(s)        Bias(ms)    Drift(ms/s) *
* gpsl1  518118.7250    10.3117      0.00147        *
***************************************************
********************DOP******************
* GDOP: 2.24  PDOP: 2.05  HDOP: 1.74    *
* VDOP: 1.09  TDOP: 0.91                *
*****************************************
********************Position********************************
* X: 2893053.84  Y: 1322506.97  Z: 5509749.82  Fom: 0.24   *
* dE:   0.00  dN:   0.00  dU:   0.00   *
************************************************************
********************Velocity*********************
VX:   0.00  VY:   0.00  VZ:   0.02  Fom: 0.01   *
*************************************************

================================================================================
Processed epoch: 68
Number of Satellites      gpsl1: 7
Total number of satellites: 7
=========================== LSE solution ============================================

Navigation status: GOOD_FOR_NAV
********************Time***************************
* Signal   tow(s)        Bias(ms)    Drift(ms/s) *
* gpsl1  518118.8250    10.3116      0.00147        *
***************************************************
********************DOP******************
* GDOP: 2.24  PDOP: 2.05  HDOP: 1.74    *
* VDOP: 1.09  TDOP: 0.91                *
*****************************************
********************Position********************************
* X: 2893053.90  Y: 1322506.98  Z: 5509749.75  Fom: 0.24   *
* dE:   0.00  dN:   0.00  dU:   0.00   *
************************************************************
********************Velocity*********************
VX:  -0.00  VY:   0.00  VZ:   0.01  Fom: 0.00   *
*************************************************

================================================================================
Processed epoch: 69
Number of Satellites      gpsl1: 7
Total number of satellites: 7
=========================== LSE solution ============================================

Navigation status: GOOD_FOR_NAV
********************Time***************************
* Signal   tow(s)        Bias(ms)    Drift(ms/s) *
* gpsl1  518118.9250    10.3114      0.00147        *
***************************************************
********************DOP******************
* GDOP: 2.24  PDOP: 2.05  HDOP: 1.74    *
* VDOP: 1.09  TDOP: 0.91                *
*****************************************
********************Position********************************
* X: 2893053.89  Y: 1322506.96  Z: 5509749.69  Fom: 0.24   *
* dE:   0.00  dN:   0.00  dU:   0.00   *
************************************************************
********************Velocity*********************
VX:   0.00  VY:   0.00  VZ:  -0.02  Fom: 0.01   *
*************************************************

================================================================================
Processed epoch: 70
Number of Satellites      gpsl1: 7
Total number of satellites: 7
=========================== LSE solution ============================================

Navigation status: GOOD_FOR_NAV
********************Time***************************
* Signal   tow(s)        Bias(ms)    Drift(ms/s) *
* gpsl1  518119.0250    10.3113      0.00147        *
***************************************************
********************DOP******************
* GDOP: 2.24  PDOP: 2.05  HDOP: 1.74    *
* VDOP: 1.09  TDOP: 0.91                *
*****************************************
********************Position********************************
* X: 2893053.88  Y: 1322506.91  Z: 5509749.59  Fom: 0.23   *
* dE:   0.00  dN:   0.00  dU:   0.00   *
************************************************************
********************Velocity*********************
VX:  -0.02  VY:   0.00  VZ:  -0.05  Fom: 0.01   *
*************************************************

================================================================================
Processed epoch: 71
Number of Satellites      gpsl1: 7
Total number of satellites: 7
=========================== LSE solution ============================================

Navigation status: GOOD_FOR_NAV
********************Time***************************
* Signal   tow(s)        Bias(ms)    Drift(ms/s) *
* gpsl1  518119.1250    10.3112      0.00147        *
***************************************************
********************DOP******************
* GDOP: 2.24  PDOP: 2.05  HDOP: 1.73    *
* VDOP: 1.09  TDOP: 0.91                *
*****************************************
********************Position********************************
* X: 2893053.84  Y: 1322506.97  Z: 5509749.56  Fom: 0.23   *
* dE:   0.00  dN:   0.00  dU:   0.00   *
************************************************************
********************Velocity*********************
VX:   0.02  VY:   0.00  VZ:   0.09  Fom: 0.02   *
*************************************************

================================================================================
Processed epoch: 72
Number of Satellites      gpsl1: 7
Total number of satellites: 7
=========================== LSE solution ============================================

Navigation status: GOOD_FOR_NAV
********************Time***************************
* Signal   tow(s)        Bias(ms)    Drift(ms/s) *
* gpsl1  518119.2250    10.3110      0.00147        *
***************************************************
********************DOP******************
* GDOP: 2.24  PDOP: 2.05  HDOP: 1.73    *
* VDOP: 1.09  TDOP: 0.91                *
*****************************************
********************Position********************************
* X: 2893053.79  Y: 1322506.92  Z: 5509749.38  Fom: 0.23   *
* dE:   0.00  dN:   0.00  dU:   0.00   *
************************************************************
********************Velocity*********************
VX:   0.00  VY:  -0.01  VZ:   0.03  Fom: 0.01   *
*************************************************

================================================================================
Processed epoch: 73
Number of Satellites      gpsl1: 7
Total number of satellites: 7
=========================== LSE solution ============================================

Navigation status: GOOD_FOR_NAV
********************Time***************************
* Signal   tow(s)        Bias(ms)    Drift(ms/s) *
* gpsl1  518119.3250    10.3109      0.00147        *
***************************************************
********************DOP******************
* GDOP: 2.24  PDOP: 2.05  HDOP: 1.73    *
* VDOP: 1.09  TDOP: 0.91                *
*****************************************
********************Position********************************
* X: 2893053.81  Y: 1322506.86  Z: 5509749.41  Fom: 0.23   *
* dE:   0.00  dN:   0.00  dU:   0.00   *
************************************************************
********************Velocity*********************
VX:   0.03  VY:   0.02  VZ:   0.01  Fom: 0.01   *
*************************************************

================================================================================
Processed epoch: 74
Number of Satellites      gpsl1: 7
Total number of satellites: 7
=========================== LSE solution ============================================

Navigation status: GOOD_FOR_NAV
********************Time***************************
* Signal   tow(s)        Bias(ms)    Drift(ms/s) *
* gpsl1  518119.4250    10.3107      0.00147        *
***************************************************
********************DOP******************
* GDOP: 2.24  PDOP: 2.05  HDOP: 1.73    *
* VDOP: 1.09  TDOP: 0.91                *
*****************************************
********************Position********************************
* X: 2893053.78  Y: 1322506.88  Z: 5509749.32  Fom: 0.24   *
* dE:   0.00  dN:   0.00  dU:   0.00   *
************************************************************
********************Velocity*********************
VX:   0.03  VY:   0.04  VZ:   0.08  Fom: 0.02   *
*************************************************

================================================================================
Processed epoch: 75
Number of Satellites      gpsl1: 7
Total number of satellites: 7
=========================== LSE solution ============================================

Navigation status: GOOD_FOR_NAV
********************Time***************************
* Signal   tow(s)        Bias(ms)    Drift(ms/s) *
* gpsl1  518119.5250    10.3106      0.00147        *
***************************************************
********************DOP******************
* GDOP: 2.24  PDOP: 2.05  HDOP: 1.73    *
* VDOP: 1.09  TDOP: 0.91                *
*****************************************
********************Position********************************
* X: 2893053.82  Y: 1322506.89  Z: 5509749.29  Fom: 0.24   *
* dE:   0.00  dN:   0.00  dU:   0.00   *
************************************************************
********************Velocity*********************
VX:   0.01  VY:   0.01  VZ:   0.00  Fom: 0.01   *
*************************************************

================================================================================
Processed epoch: 76
Number of Satellites      gpsl1: 7
Total number of satellites: 7
=========================== LSE solution ============================================

Navigation status: GOOD_FOR_NAV
********************Time***************************
* Signal   tow(s)        Bias(ms)    Drift(ms/s) *
* gpsl1  518119.6250    10.3104      0.00147        *
***************************************************
********************DOP******************
* GDOP: 2.24  PDOP: 2.05  HDOP: 1.73    *
* VDOP: 1.09  TDOP: 0.91                *
*****************************************
********************Position********************************
* X: 2893053.82  Y: 1322506.89  Z: 5509749.30  Fom: 0.26   *
* dE:   0.00  dN:   0.00  dU:   0.00   *
************************************************************
********************Velocity*********************
VX:  -0.04  VY:  -0.04  VZ:   0.01  Fom: 0.02   *
*************************************************

================================================================================
Processed epoch: 77
Number of Satellites      gpsl1: 7
Total number of satellites: 7
=========================== LSE solution ============================================

Navigation status: GOOD_FOR_NAV
********************Time***************************
* Signal   tow(s)        Bias(ms)    Drift(ms/s) *
* gpsl1  518119.7250    10.3103      0.00147        *
***************************************************
********************DOP******************
* GDOP: 2.24  PDOP: 2.05  HDOP: 1.73    *
* VDOP: 1.09  TDOP: 0.91                *
*****************************************
********************Position********************************
* X: 2893053.81  Y: 1322506.91  Z: 5509749.40  Fom: 0.27   *
* dE:   0.00  dN:   0.00  dU:   0.00   *
************************************************************
********************Velocity*********************
VX:   0.03  VY:   0.01  VZ:   0.02  Fom: 0.01   *
*************************************************

================================================================================
Processed epoch: 78
Number of Satellites      gpsl1: 7
Total number of satellites: 7
=========================== LSE solution ============================================

Navigation status: GOOD_FOR_NAV
********************Time***************************
* Signal   tow(s)        Bias(ms)    Drift(ms/s) *
* gpsl1  518119.8250    10.3101      0.00147        *
***************************************************
********************DOP******************
* GDOP: 2.24  PDOP: 2.05  HDOP: 1.73    *
* VDOP: 1.09  TDOP: 0.91                *
*****************************************
********************Position********************************
* X: 2893053.80  Y: 1322506.96  Z: 5509749.40  Fom: 0.26   *
* dE:   0.00  dN:   0.00  dU:   0.00   *
************************************************************
********************Velocity*********************
VX:   0.00  VY:  -0.00  VZ:   0.04  Fom: 0.01   *
*************************************************

================================================================================
Processed epoch: 79
Number of Satellites      gpsl1: 7
Total number of satellites: 7
=========================== LSE solution ============================================

Navigation status: GOOD_FOR_NAV
********************Time***************************
* Signal   tow(s)        Bias(ms)    Drift(ms/s) *
* gpsl1  518119.9250    10.3100      0.00147        *
***************************************************
********************DOP******************
* GDOP: 2.24  PDOP: 2.05  HDOP: 1.73    *
* VDOP: 1.09  TDOP: 0.91                *
*****************************************
********************Position********************************
* X: 2893053.77  Y: 1322506.94  Z: 5509749.28  Fom: 0.27   *
* dE:   0.00  dN:   0.00  dU:   0.00   *
************************************************************
********************Velocity*********************
VX:   0.01  VY:   0.00  VZ:  -0.02  Fom: 0.01   *
*************************************************

================================================================================
Processed epoch: 80
Number of Satellites      gpsl1: 7
Total number of satellites: 7
=========================== LSE solution ============================================

Navigation status: GOOD_FOR_NAV
********************Time***************************
* Signal   tow(s)        Bias(ms)    Drift(ms/s) *
* gpsl1  518120.0250    10.3098      0.00147        *
***************************************************
********************DOP******************
* GDOP: 2.24  PDOP: 2.05  HDOP: 1.73    *
* VDOP: 1.09  TDOP: 0.91                *
*****************************************
********************Position********************************
* X: 2893053.73  Y: 1322506.94  Z: 5509749.26  Fom: 0.27   *
* dE:   0.00  dN:   0.00  dU:   0.00   *
************************************************************
********************Velocity*********************
VX:  -0.03  VY:  -0.00  VZ:  -0.01  Fom: 0.01   *
*************************************************

================================================================================
Processed epoch: 81
Number of Satellites      gpsl1: 7
Total number of satellites: 7
=========================== LSE solution ============================================

Navigation status: GOOD_FOR_NAV
********************Time***************************
* Signal   tow(s)        Bias(ms)    Drift(ms/s) *
* gpsl1  518120.1250    10.3097      0.00147        *
***************************************************
********************DOP******************
* GDOP: 2.24  PDOP: 2.05  HDOP: 1.73    *
* VDOP: 1.09  TDOP: 0.91                *
*****************************************
********************Position********************************
* X: 2893053.69  Y: 1322506.92  Z: 5509749.29  Fom: 0.26   *
* dE:   0.00  dN:   0.00  dU:   0.00   *
************************************************************
********************Velocity*********************
VX:  -0.01  VY:   0.00  VZ:   0.02  Fom: 0.01   *
*************************************************

================================================================================
Processed epoch: 82
Number of Satellites      gpsl1: 7
Total number of satellites: 7
=========================== LSE solution ============================================

Navigation status: GOOD_FOR_NAV
********************Time***************************
* Signal   tow(s)        Bias(ms)    Drift(ms/s) *
* gpsl1  518120.2250    10.3095      0.00147        *
***************************************************
********************DOP******************
* GDOP: 2.24  PDOP: 2.05  HDOP: 1.73    *
* VDOP: 1.09  TDOP: 0.91                *
*****************************************
********************Position********************************
* X: 2893053.66  Y: 1322506.96  Z: 5509749.29  Fom: 0.27   *
* dE:   0.00  dN:   0.00  dU:   0.00   *
************************************************************
********************Velocity*********************
VX:   0.01  VY:  -0.01  VZ:   0.01  Fom: 0.01   *
*************************************************

================================================================================
Processed epoch: 83
Number of Satellites      gpsl1: 7
Total number of satellites: 7
=========================== LSE solution ============================================

Navigation status: GOOD_FOR_NAV
********************Time***************************
* Signal   tow(s)        Bias(ms)    Drift(ms/s) *
* gpsl1  518120.3250    10.3094      0.00147        *
***************************************************
********************DOP******************
* GDOP: 2.24  PDOP: 2.05  HDOP: 1.73    *
* VDOP: 1.09  TDOP: 0.91                *
*****************************************
********************Position********************************
* X: 2893053.72  Y: 1322506.95  Z: 5509749.41  Fom: 0.27   *
* dE:   0.00  dN:   0.00  dU:   0.00   *
************************************************************
********************Velocity*********************
VX:   0.03  VY:  -0.00  VZ:   0.03  Fom: 0.01   *
*************************************************

================================================================================
Processed epoch: 84
Number of Satellites      gpsl1: 7
Total number of satellites: 7
=========================== LSE solution ============================================

Navigation status: GOOD_FOR_NAV
********************Time***************************
* Signal   tow(s)        Bias(ms)    Drift(ms/s) *
* gpsl1  518120.4250    10.3093      0.00147        *
***************************************************
********************DOP******************
* GDOP: 2.24  PDOP: 2.05  HDOP: 1.73    *
* VDOP: 1.09  TDOP: 0.91                *
*****************************************
********************Position********************************
* X: 2893053.70  Y: 1322506.95  Z: 5509749.41  Fom: 0.26   *
* dE:   0.00  dN:   0.00  dU:   0.00   *
************************************************************
********************Velocity*********************
VX:   0.01  VY:   0.01  VZ:   0.01  Fom: 0.00   *
*************************************************

================================================================================
Processed epoch: 85
Number of Satellites      gpsl1: 7
Total number of satellites: 7
=========================== LSE solution ============================================

Navigation status: GOOD_FOR_NAV
********************Time***************************
* Signal   tow(s)        Bias(ms)    Drift(ms/s) *
* gpsl1  518120.5250    10.3091      0.00147        *
***************************************************
********************DOP******************
* GDOP: 2.24  PDOP: 2.05  HDOP: 1.73    *
* VDOP: 1.09  TDOP: 0.91                *
*****************************************
********************Position********************************
* X: 2893053.69  Y: 1322506.94  Z: 5509749.35  Fom: 0.26   *
* dE:   0.00  dN:   0.00  dU:   0.00   *
************************************************************
********************Velocity*********************
VX:  -0.00  VY:   0.01  VZ:  -0.03  Fom: 0.01   *
*************************************************

================================================================================
Processed epoch: 86
Number of Satellites      gpsl1: 7
Total number of satellites: 7
=========================== LSE solution ============================================

Navigation status: GOOD_FOR_NAV
********************Time***************************
* Signal   tow(s)        Bias(ms)    Drift(ms/s) *
* gpsl1  518120.6250    10.3090      0.00147        *
***************************************************
********************DOP******************
* GDOP: 2.24  PDOP: 2.05  HDOP: 1.73    *
* VDOP: 1.09  TDOP: 0.91                *
*****************************************
********************Position********************************
* X: 2893053.69  Y: 1322506.99  Z: 5509749.35  Fom: 0.26   *
* dE:   0.00  dN:   0.00  dU:   0.00   *
************************************************************
********************Velocity*********************
VX:  -0.03  VY:  -0.00  VZ:  -0.04  Fom: 0.01   *
*************************************************

================================================================================
Processed epoch: 87
Number of Satellites      gpsl1: 7
Total number of satellites: 7
=========================== LSE solution ============================================

Navigation status: GOOD_FOR_NAV
********************Time***************************
* Signal   tow(s)        Bias(ms)    Drift(ms/s) *
* gpsl1  518120.7250    10.3088      0.00147        *
***************************************************
********************DOP******************
* GDOP: 2.24  PDOP: 2.05  HDOP: 1.73    *
* VDOP: 1.09  TDOP: 0.91                *
*****************************************
********************Position********************************
* X: 2893053.70  Y: 1322506.95  Z: 5509749.29  Fom: 0.28   *
* dE:   0.00  dN:   0.00  dU:   0.00   *
************************************************************
********************Velocity*********************
VX:  -0.00  VY:  -0.03  VZ:  -0.00  Fom: 0.01   *
*************************************************

================================================================================
Processed epoch: 88
Number of Satellites      gpsl1: 7
Total number of satellites: 7
=========================== LSE solution ============================================

Navigation status: GOOD_FOR_NAV
********************Time***************************
* Signal   tow(s)        Bias(ms)    Drift(ms/s) *
* gpsl1  518120.8250    10.3087      0.00147        *
***************************************************
********************DOP******************
* GDOP: 2.24  PDOP: 2.05  HDOP: 1.73    *
* VDOP: 1.09  TDOP: 0.91                *
*****************************************
********************Position********************************
* X: 2893053.70  Y: 1322506.89  Z: 5509749.29  Fom: 0.27   *
* dE:   0.00  dN:   0.00  dU:   0.00   *
************************************************************
********************Velocity*********************
VX:   0.01  VY:  -0.01  VZ:   0.02  Fom: 0.01   *
*************************************************

================================================================================
Processed epoch: 89
Number of Satellites      gpsl1: 7
Total number of satellites: 7
=========================== LSE solution ============================================

Navigation status: GOOD_FOR_NAV
********************Time***************************
* Signal   tow(s)        Bias(ms)    Drift(ms/s) *
* gpsl1  518120.9250    10.3085      0.00147        *
***************************************************
********************DOP******************
* GDOP: 2.24  PDOP: 2.05  HDOP: 1.73    *
* VDOP: 1.09  TDOP: 0.91                *
*****************************************
********************Position********************************
* X: 2893053.73  Y: 1322506.99  Z: 5509749.38  Fom: 0.28   *
* dE:   0.00  dN:   0.00  dU:   0.00   *
************************************************************
********************Velocity*********************
VX:   0.05  VY:   0.07  VZ:   0.05  Fom: 0.02   *
*************************************************

================================================================================
Processed epoch: 90
Number of Satellites      gpsl1: 7
Total number of satellites: 7
=========================== LSE solution ============================================

Navigation status: GOOD_FOR_NAV
********************Time***************************
* Signal   tow(s)        Bias(ms)    Drift(ms/s) *
* gpsl1  518121.0250    10.3084      0.00147        *
***************************************************
********************DOP******************
* GDOP: 2.24  PDOP: 2.05  HDOP: 1.73    *
* VDOP: 1.09  TDOP: 0.91                *
*****************************************
********************Position********************************
* X: 2893053.74  Y: 1322507.00  Z: 5509749.44  Fom: 0.28   *
* dE:   0.00  dN:   0.00  dU:   0.00   *
************************************************************
********************Velocity*********************
VX:   0.02  VY:  -0.01  VZ:   0.00  Fom: 0.01   *
*************************************************

================================================================================
Processed epoch: 91
Number of Satellites      gpsl1: 7
Total number of satellites: 7
=========================== LSE solution ============================================

Navigation status: GOOD_FOR_NAV
********************Time***************************
* Signal   tow(s)        Bias(ms)    Drift(ms/s) *
* gpsl1  518121.1250    10.3082      0.00147        *
***************************************************
********************DOP******************
* GDOP: 2.24  PDOP: 2.05  HDOP: 1.73    *
* VDOP: 1.09  TDOP: 0.91                *
*****************************************
********************Position********************************
* X: 2893053.73  Y: 1322506.96  Z: 5509749.39  Fom: 0.28   *
* dE:   0.00  dN:   0.00  dU:   0.00   *
************************************************************
********************Velocity*********************
VX:  -0.01  VY:  -0.00  VZ:  -0.03  Fom: 0.01   *
*************************************************

================================================================================
Processed epoch: 92
Number of Satellites      gpsl1: 7
Total number of satellites: 7
=========================== LSE solution ============================================

Navigation status: GOOD_FOR_NAV
********************Time***************************
* Signal   tow(s)        Bias(ms)    Drift(ms/s) *
* gpsl1  518121.2250    10.3081      0.00147        *
***************************************************
********************DOP******************
* GDOP: 2.24  PDOP: 2.05  HDOP: 1.73    *
* VDOP: 1.09  TDOP: 0.91                *
*****************************************
********************Position********************************
* X: 2893053.71  Y: 1322506.97  Z: 5509749.41  Fom: 0.28   *
* dE:   0.00  dN:   0.00  dU:   0.00   *
************************************************************
********************Velocity*********************
VX:  -0.01  VY:  -0.00  VZ:   0.03  Fom: 0.01   *
*************************************************

================================================================================
Processed epoch: 93
Number of Satellites      gpsl1: 7
Total number of satellites: 7
=========================== LSE solution ============================================

Navigation status: GOOD_FOR_NAV
********************Time***************************
* Signal   tow(s)        Bias(ms)    Drift(ms/s) *
* gpsl1  518121.3250    10.3079      0.00147        *
***************************************************
********************DOP******************
* GDOP: 2.24  PDOP: 2.05  HDOP: 1.73    *
* VDOP: 1.09  TDOP: 0.91                *
*****************************************
********************Position********************************
* X: 2893053.75  Y: 1322506.97  Z: 5509749.41  Fom: 0.28   *
* dE:   0.00  dN:   0.00  dU:   0.00   *
************************************************************
********************Velocity*********************
VX:   0.02  VY:  -0.00  VZ:   0.03  Fom: 0.01   *
*************************************************

================================================================================
Processed epoch: 94
Number of Satellites      gpsl1: 7
Total number of satellites: 7
=========================== LSE solution ============================================

Navigation status: GOOD_FOR_NAV
********************Time***************************
* Signal   tow(s)        Bias(ms)    Drift(ms/s) *
* gpsl1  518121.4250    10.3078      0.00147        *
***************************************************
********************DOP******************
* GDOP: 2.24  PDOP: 2.05  HDOP: 1.73    *
* VDOP: 1.09  TDOP: 0.91                *
*****************************************
********************Position********************************
* X: 2893053.76  Y: 1322506.95  Z: 5509749.39  Fom: 0.28   *
* dE:   0.00  dN:   0.00  dU:   0.00   *
************************************************************
********************Velocity*********************
VX:   0.01  VY:   0.02  VZ:   0.03  Fom: 0.01   *
*************************************************

================================================================================
Processed epoch: 95
Number of Satellites      gpsl1: 7
Total number of satellites: 7
=========================== LSE solution ============================================

Navigation status: GOOD_FOR_NAV
********************Time***************************
* Signal   tow(s)        Bias(ms)    Drift(ms/s) *
* gpsl1  518121.5250    10.3076      0.00147        *
***************************************************
********************DOP******************
* GDOP: 2.24  PDOP: 2.05  HDOP: 1.73    *
* VDOP: 1.09  TDOP: 0.91                *
*****************************************
********************Position********************************
* X: 2893053.74  Y: 1322506.94  Z: 5509749.40  Fom: 0.28   *
* dE:   0.00  dN:   0.00  dU:   0.00   *
************************************************************
********************Velocity*********************
VX:   0.01  VY:   0.00  VZ:   0.00  Fom: 0.00   *
*************************************************

================================================================================
Processed epoch: 96
Number of Satellites      gpsl1: 7
Total number of satellites: 7
=========================== LSE solution ============================================

Navigation status: GOOD_FOR_NAV
********************Time***************************
* Signal   tow(s)        Bias(ms)    Drift(ms/s) *
* gpsl1  518121.6250    10.3075      0.00147        *
***************************************************
********************DOP******************
* GDOP: 2.24  PDOP: 2.05  HDOP: 1.73    *
* VDOP: 1.09  TDOP: 0.91                *
*****************************************
********************Position********************************
* X: 2893053.68  Y: 1322506.95  Z: 5509749.44  Fom: 0.27   *
* dE:   0.00  dN:   0.00  dU:   0.00   *
************************************************************
********************Velocity*********************
VX:   0.02  VY:  -0.00  VZ:   0.02  Fom: 0.01   *
*************************************************

================================================================================
Processed epoch: 97
Number of Satellites      gpsl1: 7
Total number of satellites: 7
=========================== LSE solution ============================================

Navigation status: GOOD_FOR_NAV
********************Time***************************
* Signal   tow(s)        Bias(ms)    Drift(ms/s) *
* gpsl1  518121.7250    10.3074      0.00147        *
***************************************************
********************DOP******************
* GDOP: 2.24  PDOP: 2.05  HDOP: 1.73    *
* VDOP: 1.09  TDOP: 0.91                *
*****************************************
********************Position********************************
* X: 2893053.69  Y: 1322506.95  Z: 5509749.42  Fom: 0.26   *
* dE:   0.00  dN:   0.00  dU:   0.00   *
************************************************************
********************Velocity*********************
VX:  -0.01  VY:  -0.00  VZ:  -0.03  Fom: 0.01   *
*************************************************

================================================================================
Processed epoch: 98
Number of Satellites      gpsl1: 7
Total number of satellites: 7
=========================== LSE solution ============================================

Navigation status: GOOD_FOR_NAV
********************Time***************************
* Signal   tow(s)        Bias(ms)    Drift(ms/s) *
* gpsl1  518121.8250    10.3072      0.00147        *
***************************************************
********************DOP******************
* GDOP: 2.24  PDOP: 2.05  HDOP: 1.73    *
* VDOP: 1.09  TDOP: 0.91                *
*****************************************
********************Position********************************
* X: 2893053.69  Y: 1322507.02  Z: 5509749.40  Fom: 0.26   *
* dE:   0.00  dN:   0.00  dU:   0.00   *
************************************************************
********************Velocity*********************
VX:  -0.02  VY:  -0.01  VZ:  -0.03  Fom: 0.01   *
*************************************************

================================================================================
Processed epoch: 99
Number of Satellites      gpsl1: 7
Total number of satellites: 7
=========================== LSE solution ============================================

Navigation status: GOOD_FOR_NAV
********************Time***************************
* Signal   tow(s)        Bias(ms)    Drift(ms/s) *
* gpsl1  518121.9250    10.3071      0.00147        *
***************************************************
********************DOP******************
* GDOP: 2.24  PDOP: 2.05  HDOP: 1.73    *
* VDOP: 1.09  TDOP: 0.91                *
*****************************************
********************Position********************************
* X: 2893053.70  Y: 1322507.00  Z: 5509749.40  Fom: 0.25   *
* dE:   0.00  dN:   0.00  dU:   0.00   *
************************************************************
********************Velocity*********************
VX:  -0.02  VY:  -0.00  VZ:   0.03  Fom: 0.01   *
*************************************************

================================================================================
Processed epoch: 100
Number of Satellites      gpsl1: 7
Total number of satellites: 7
=========================== LSE solution ============================================

Navigation status: GOOD_FOR_NAV
********************Time***************************
* Signal   tow(s)        Bias(ms)    Drift(ms/s) *
* gpsl1  518122.0250    10.3069      0.00147        *
***************************************************
********************DOP******************
* GDOP: 2.24  PDOP: 2.05  HDOP: 1.73    *
* VDOP: 1.09  TDOP: 0.91                *
*****************************************
********************Position********************************
* X: 2893053.77  Y: 1322506.99  Z: 5509749.47  Fom: 0.24   *
* dE:   0.00  dN:   0.00  dU:   0.00   *
************************************************************
********************Velocity*********************
VX:   0.00  VY:  -0.02  VZ:  -0.03  Fom: 0.01   *
*************************************************

================================================================================
Processed epoch: 101
Number of Satellites      gpsl1: 7
Total number of satellites: 7
=========================== LSE solution ============================================

Navigation status: GOOD_FOR_NAV
********************Time***************************
* Signal   tow(s)        Bias(ms)    Drift(ms/s) *
* gpsl1  518122.1250    10.3068      0.00147        *
***************************************************
********************DOP******************
* GDOP: 2.24  PDOP: 2.05  HDOP: 1.73    *
* VDOP: 1.09  TDOP: 0.91                *
*****************************************
********************Position********************************
* X: 2893053.75  Y: 1322506.99  Z: 5509749.51  Fom: 0.25   *
* dE:   0.00  dN:   0.00  dU:   0.00   *
************************************************************
********************Velocity*********************
VX:   0.00  VY:   0.01  VZ:  -0.02  Fom: 0.01   *
*************************************************

================================================================================
Processed epoch: 102
Number of Satellites      gpsl1: 7
Total number of satellites: 7
=========================== LSE solution ============================================

Navigation status: GOOD_FOR_NAV
********************Time***************************
* Signal   tow(s)        Bias(ms)    Drift(ms/s) *
* gpsl1  518122.2250    10.3066      0.00147        *
***************************************************
********************DOP******************
* GDOP: 2.24  PDOP: 2.05  HDOP: 1.73    *
* VDOP: 1.09  TDOP: 0.91                *
*****************************************
********************Position********************************
* X: 2893053.72  Y: 1322506.96  Z: 5509749.57  Fom: 0.24   *
* dE:   0.00  dN:   0.00  dU:   0.00   *
************************************************************
********************Velocity*********************
VX:  -0.00  VY:   0.02  VZ:   0.05  Fom: 0.01   *
*************************************************

================================================================================
Processed epoch: 103
Number of Satellites      gpsl1: 7
Total number of satellites: 7
=========================== LSE solution ============================================

Navigation status: GOOD_FOR_NAV
********************Time***************************
* Signal   tow(s)        Bias(ms)    Drift(ms/s) *
* gpsl1  518122.3250    10.3065      0.00147        *
***************************************************
********************DOP******************
* GDOP: 2.24  PDOP: 2.05  HDOP: 1.73    *
* VDOP: 1.09  TDOP: 0.91                *
*****************************************
********************Position********************************
* X: 2893053.70  Y: 1322506.90  Z: 5509749.48  Fom: 0.25   *
* dE:   0.00  dN:   0.00  dU:   0.00   *
************************************************************
********************Velocity*********************
VX:  -0.03  VY:  -0.02  VZ:  -0.03  Fom: 0.01   *
*************************************************

================================================================================
Processed epoch: 104
Number of Satellites      gpsl1: 7
Total number of satellites: 7
=========================== LSE solution ============================================

Navigation status: GOOD_FOR_NAV
********************Time***************************
* Signal   tow(s)        Bias(ms)    Drift(ms/s) *
* gpsl1  518122.4250    10.3063      0.00147        *
***************************************************
********************DOP******************
* GDOP: 2.24  PDOP: 2.05  HDOP: 1.73    *
* VDOP: 1.09  TDOP: 0.91                *
*****************************************
********************Position********************************
* X: 2893053.70  Y: 1322506.93  Z: 5509749.46  Fom: 0.26   *
* dE:   0.00  dN:   0.00  dU:   0.00   *
************************************************************
********************Velocity*********************
VX:  -0.04  VY:   0.02  VZ:   0.01  Fom: 0.01   *
*************************************************

================================================================================
Processed epoch: 105
Number of Satellites      gpsl1: 7
Total number of satellites: 7
=========================== LSE solution ============================================

Navigation status: GOOD_FOR_NAV
********************Time***************************
* Signal   tow(s)        Bias(ms)    Drift(ms/s) *
* gpsl1  518122.5250    10.3062      0.00147        *
***************************************************
********************DOP******************
* GDOP: 2.24  PDOP: 2.05  HDOP: 1.73    *
* VDOP: 1.09  TDOP: 0.91                *
*****************************************
********************Position********************************
* X: 2893053.67  Y: 1322506.87  Z: 5509749.44  Fom: 0.24   *
* dE:   0.00  dN:   0.00  dU:   0.00   *
************************************************************
********************Velocity*********************
VX:  -0.01  VY:  -0.02  VZ:   0.01  Fom: 0.01   *
*************************************************

================================================================================
Processed epoch: 106
Number of Satellites      gpsl1: 7
Total number of satellites: 7
=========================== LSE solution ============================================

Navigation status: GOOD_FOR_NAV
********************Time***************************
* Signal   tow(s)        Bias(ms)    Drift(ms/s) *
* gpsl1  518122.6250    10.3060      0.00147        *
***************************************************
********************DOP******************
* GDOP: 2.24  PDOP: 2.05  HDOP: 1.73    *
* VDOP: 1.09  TDOP: 0.91                *
*****************************************
********************Position********************************
* X: 2893053.69  Y: 1322506.87  Z: 5509749.33  Fom: 0.24   *
* dE:   0.00  dN:   0.00  dU:   0.00   *
************************************************************
********************Velocity*********************
VX:   0.04  VY:   0.03  VZ:   0.07  Fom: 0.02   *
*************************************************

================================================================================
Processed epoch: 107
Number of Satellites      gpsl1: 7
Total number of satellites: 7
=========================== LSE solution ============================================

Navigation status: GOOD_FOR_NAV
********************Time***************************
* Signal   tow(s)        Bias(ms)    Drift(ms/s) *
* gpsl1  518122.7250    10.3059      0.00147        *
***************************************************
********************DOP******************
* GDOP: 2.24  PDOP: 2.05  HDOP: 1.73    *
* VDOP: 1.09  TDOP: 0.91                *
*****************************************
********************Position********************************
* X: 2893053.68  Y: 1322506.85  Z: 5509749.25  Fom: 0.24   *
* dE:   0.00  dN:   0.00  dU:   0.00   *
************************************************************
********************Velocity*********************
VX:   0.03  VY:   0.02  VZ:   0.05  Fom: 0.01   *
*************************************************

================================================================================
Processed epoch: 108
Number of Satellites      gpsl1: 7
Total number of satellites: 7
=========================== LSE solution ============================================

Navigation status: GOOD_FOR_NAV
********************Time***************************
* Signal   tow(s)        Bias(ms)    Drift(ms/s) *
* gpsl1  518122.8250    10.3057      0.00147        *
***************************************************
********************DOP******************
* GDOP: 2.24  PDOP: 2.05  HDOP: 1.73    *
* VDOP: 1.09  TDOP: 0.91                *
*****************************************
********************Position********************************
* X: 2893053.67  Y: 1322506.87  Z: 5509749.20  Fom: 0.25   *
* dE:   0.00  dN:   0.00  dU:   0.00   *
************************************************************
********************Velocity*********************
VX:   0.03  VY:   0.02  VZ:   0.03  Fom: 0.01   *
*************************************************

================================================================================
Processed epoch: 109
Number of Satellites      gpsl1: 7
Total number of satellites: 7
=========================== LSE solution ============================================

Navigation status: GOOD_FOR_NAV
********************Time***************************
* Signal   tow(s)        Bias(ms)    Drift(ms/s) *
* gpsl1  518122.9250    10.3056      0.00147        *
***************************************************
********************DOP******************
* GDOP: 2.24  PDOP: 2.05  HDOP: 1.73    *
* VDOP: 1.09  TDOP: 0.91                *
*****************************************
********************Position********************************
* X: 2893053.69  Y: 1322506.85  Z: 5509749.14  Fom: 0.24   *
* dE:   0.00  dN:   0.00  dU:   0.00   *
************************************************************
********************Velocity*********************
VX:   0.01  VY:   0.03  VZ:  -0.00  Fom: 0.01   *
*************************************************

================================================================================
Processed epoch: 110
Number of Satellites      gpsl1: 7
Total number of satellites: 7
=========================== LSE solution ============================================

Navigation status: GOOD_FOR_NAV
********************Time***************************
* Signal   tow(s)        Bias(ms)    Drift(ms/s) *
* gpsl1  518123.0250    10.3055      0.00147        *
***************************************************
********************DOP******************
* GDOP: 2.24  PDOP: 2.05  HDOP: 1.73    *
* VDOP: 1.09  TDOP: 0.91                *
*****************************************
********************Position********************************
* X: 2893053.70  Y: 1322506.79  Z: 5509749.18  Fom: 0.25   *
* dE:   0.00  dN:   0.00  dU:   0.00   *
************************************************************
********************Velocity*********************
VX:   0.03  VY:   0.03  VZ:   0.06  Fom: 0.01   *
*************************************************

================================================================================
Processed epoch: 111
Number of Satellites      gpsl1: 7
Total number of satellites: 7
=========================== LSE solution ============================================

Navigation status: GOOD_FOR_NAV
********************Time***************************
* Signal   tow(s)        Bias(ms)    Drift(ms/s) *
* gpsl1  518123.1250    10.3053      0.00147        *
***************************************************
********************DOP******************
* GDOP: 2.24  PDOP: 2.05  HDOP: 1.73    *
* VDOP: 1.09  TDOP: 0.91                *
*****************************************
********************Position********************************
* X: 2893053.70  Y: 1322506.77  Z: 5509749.16  Fom: 0.25   *
* dE:   0.00  dN:   0.00  dU:   0.00   *
************************************************************
********************Velocity*********************
VX:  -0.02  VY:  -0.03  VZ:  -0.07  Fom: 0.02   *
*************************************************

================================================================================
Processed epoch: 112
Number of Satellites      gpsl1: 7
Total number of satellites: 7
=========================== LSE solution ============================================

Navigation status: GOOD_FOR_NAV
********************Time***************************
* Signal   tow(s)        Bias(ms)    Drift(ms/s) *
* gpsl1  518123.2250    10.3052      0.00147        *
***************************************************
********************DOP******************
* GDOP: 2.24  PDOP: 2.05  HDOP: 1.73    *
* VDOP: 1.09  TDOP: 0.91                *
*****************************************
********************Position********************************
* X: 2893053.68  Y: 1322506.70  Z: 5509749.18  Fom: 0.24   *
* dE:   0.00  dN:   0.00  dU:   0.00   *
************************************************************
********************Velocity*********************
VX:   0.01  VY:  -0.01  VZ:   0.08  Fom: 0.02   *
*************************************************

================================================================================
Processed epoch: 113
Number of Satellites      gpsl1: 7
Total number of satellites: 7
=========================== LSE solution ============================================

Navigation status: GOOD_FOR_NAV
********************Time***************************
* Signal   tow(s)        Bias(ms)    Drift(ms/s) *
* gpsl1  518123.3250    10.3050      0.00147        *
***************************************************
********************DOP******************
* GDOP: 2.24  PDOP: 2.05  HDOP: 1.73    *
* VDOP: 1.09  TDOP: 0.91                *
*****************************************
********************Position********************************
* X: 2893053.65  Y: 1322506.76  Z: 5509749.29  Fom: 0.23   *
* dE:   0.00  dN:   0.00  dU:   0.00   *
************************************************************
********************Velocity*********************
VX:   0.02  VY:   0.02  VZ:   0.00  Fom: 0.01   *
*************************************************

================================================================================
Processed epoch: 114
Number of Satellites      gpsl1: 7
Total number of satellites: 7
=========================== LSE solution ============================================

Navigation status: GOOD_FOR_NAV
********************Time***************************
* Signal   tow(s)        Bias(ms)    Drift(ms/s) *
* gpsl1  518123.4250    10.3049      0.00147        *
***************************************************
********************DOP******************
* GDOP: 2.24  PDOP: 2.05  HDOP: 1.73    *
* VDOP: 1.09  TDOP: 0.91                *
*****************************************
********************Position********************************
* X: 2893053.72  Y: 1322506.77  Z: 5509749.26  Fom: 0.23   *
* dE:   0.00  dN:   0.00  dU:   0.00   *
************************************************************
********************Velocity*********************
VX:  -0.00  VY:  -0.02  VZ:   0.02  Fom: 0.01   *
*************************************************

================================================================================
Processed epoch: 115
Number of Satellites      gpsl1: 7
Total number of satellites: 7
=========================== LSE solution ============================================

Navigation status: GOOD_FOR_NAV
********************Time***************************
* Signal   tow(s)        Bias(ms)    Drift(ms/s) *
* gpsl1  518123.5250    10.3047      0.00147        *
***************************************************
********************DOP******************
* GDOP: 2.24  PDOP: 2.05  HDOP: 1.73    *
* VDOP: 1.09  TDOP: 0.91                *
*****************************************
********************Position********************************
* X: 2893053.70  Y: 1322506.77  Z: 5509749.19  Fom: 0.23   *
* dE:   0.00  dN:   0.00  dU:   0.00   *
************************************************************
********************Velocity*********************
VX:   0.00  VY:   0.01  VZ:   0.00  Fom: 0.01   *
*************************************************

================================================================================
Processed epoch: 116
Number of Satellites      gpsl1: 7
Total number of satellites: 7
=========================== LSE solution ============================================

Navigation status: GOOD_FOR_NAV
********************Time***************************
* Signal   tow(s)        Bias(ms)    Drift(ms/s) *
* gpsl1  518123.6250    10.3046      0.00147        *
***************************************************
********************DOP******************
* GDOP: 2.24  PDOP: 2.05  HDOP: 1.73    *
* VDOP: 1.09  TDOP: 0.91                *
*****************************************
********************Position********************************
* X: 2893053.64  Y: 1322506.74  Z: 5509749.17  Fom: 0.23   *
* dE:   0.00  dN:   0.00  dU:   0.00   *
************************************************************
********************Velocity*********************
VX:  -0.02  VY:   0.02  VZ:  -0.00  Fom: 0.01   *
*************************************************

================================================================================
Processed epoch: 117
Number of Satellites      gpsl1: 7
Total number of satellites: 7
=========================== LSE solution ============================================

Navigation status: GOOD_FOR_NAV
********************Time***************************
* Signal   tow(s)        Bias(ms)    Drift(ms/s) *
* gpsl1  518123.7250    10.3044      0.00147        *
***************************************************
********************DOP******************
* GDOP: 2.24  PDOP: 2.05  HDOP: 1.73    *
* VDOP: 1.09  TDOP: 0.91                *
*****************************************
********************Position********************************
* X: 2893053.63  Y: 1322506.77  Z: 5509749.15  Fom: 0.23   *
* dE:   0.00  dN:   0.00  dU:   0.00   *
************************************************************
********************Velocity*********************
VX:  -0.00  VY:   0.04  VZ:   0.00  Fom: 0.01   *
*************************************************

================================================================================
Processed epoch: 118
Number of Satellites      gpsl1: 7
Total number of satellites: 7
=========================== LSE solution ============================================

Navigation status: GOOD_FOR_NAV
********************Time***************************
* Signal   tow(s)        Bias(ms)    Drift(ms/s) *
* gpsl1  518123.8250    10.3043      0.00147        *
***************************************************
********************DOP******************
* GDOP: 2.24  PDOP: 2.05  HDOP: 1.73    *
* VDOP: 1.09  TDOP: 0.91                *
*****************************************
********************Position********************************
* X: 2893053.60  Y: 1322506.72  Z: 5509749.14  Fom: 0.21   *
* dE:   0.00  dN:   0.00  dU:   0.00   *
************************************************************
********************Velocity*********************
VX:  -0.00  VY:   0.01  VZ:   0.06  Fom: 0.01   *
*************************************************

================================================================================
Processed epoch: 119
Number of Satellites      gpsl1: 7
Total number of satellites: 7
=========================== LSE solution ============================================

Navigation status: GOOD_FOR_NAV
********************Time***************************
* Signal   tow(s)        Bias(ms)    Drift(ms/s) *
* gpsl1  518123.9250    10.3041      0.00147        *
***************************************************
********************DOP******************
* GDOP: 2.24  PDOP: 2.05  HDOP: 1.73    *
* VDOP: 1.09  TDOP: 0.91                *
*****************************************
********************Position********************************
* X: 2893053.59  Y: 1322506.70  Z: 5509748.99  Fom: 0.22   *
* dE:   0.00  dN:   0.00  dU:   0.00   *
************************************************************
********************Velocity*********************
VX:  -0.01  VY:  -0.03  VZ:  -0.03  Fom: 0.01   *
*************************************************

================================================================================
Processed epoch: 120
Number of Satellites      gpsl1: 7
Total number of satellites: 7
=========================== LSE solution ============================================

Navigation status: GOOD_FOR_NAV
********************Time***************************
* Signal   tow(s)        Bias(ms)    Drift(ms/s) *
* gpsl1  518124.0250    10.3040      0.00147        *
***************************************************
********************DOP******************
* GDOP: 2.24  PDOP: 2.05  HDOP: 1.73    *
* VDOP: 1.09  TDOP: 0.91                *
*****************************************
********************Position********************************
* X: 2893053.57  Y: 1322506.68  Z: 5509749.03  Fom: 0.22   *
* dE:   0.00  dN:   0.00  dU:   0.00   *
************************************************************
********************Velocity*********************
VX:   0.01  VY:   0.01  VZ:   0.01  Fom: 0.01   *
*************************************************

================================================================================
Processed epoch: 121
Number of Satellites      gpsl1: 7
Total number of satellites: 7
=========================== LSE solution ============================================

Navigation status: GOOD_FOR_NAV
********************Time***************************
* Signal   tow(s)        Bias(ms)    Drift(ms/s) *
* gpsl1  518124.1250    10.3038      0.00147        *
***************************************************
********************DOP******************
* GDOP: 2.24  PDOP: 2.05  HDOP: 1.73    *
* VDOP: 1.09  TDOP: 0.91                *
*****************************************
********************Position********************************
* X: 2893053.63  Y: 1322506.67  Z: 5509749.04  Fom: 0.21   *
* dE:   0.00  dN:   0.00  dU:   0.00   *
************************************************************
********************Velocity*********************
VX:  -0.02  VY:  -0.02  VZ:  -0.03  Fom: 0.01   *
*************************************************

================================================================================
Processed epoch: 122
Number of Satellites      gpsl1: 7
Total number of satellites: 7
=========================== LSE solution ============================================

Navigation status: GOOD_FOR_NAV
********************Time***************************
* Signal   tow(s)        Bias(ms)    Drift(ms/s) *
* gpsl1  518124.2250    10.3037      0.00147        *
***************************************************
********************DOP******************
* GDOP: 2.24  PDOP: 2.05  HDOP: 1.73    *
* VDOP: 1.09  TDOP: 0.91                *
*****************************************
********************Position********************************
* X: 2893053.63  Y: 1322506.67  Z: 5509749.00  Fom: 0.21   *
* dE:   0.00  dN:   0.00  dU:   0.00   *
************************************************************
********************Velocity*********************
VX:  -0.01  VY:  -0.02  VZ:  -0.00  Fom: 0.01   *
*************************************************

================================================================================
Processed epoch: 123
Number of Satellites      gpsl1: 7
Total number of satellites: 7
=========================== LSE solution ============================================

Navigation status: GOOD_FOR_NAV
********************Time***************************
* Signal   tow(s)        Bias(ms)    Drift(ms/s) *
* gpsl1  518124.3250    10.3036      0.00147        *
***************************************************
********************DOP******************
* GDOP: 2.24  PDOP: 2.05  HDOP: 1.73    *
* VDOP: 1.09  TDOP: 0.90                *
*****************************************
********************Position********************************
* X: 2893053.61  Y: 1322506.68  Z: 5509748.98  Fom: 0.18   *
* dE:   0.00  dN:   0.00  dU:   0.00   *
************************************************************
********************Velocity*********************
VX:   0.01  VY:   0.02  VZ:  -0.00  Fom: 0.01   *
*************************************************

================================================================================
Processed epoch: 124
Number of Satellites      gpsl1: 7
Total number of satellites: 7
=========================== LSE solution ============================================

Navigation status: GOOD_FOR_NAV
********************Time***************************
* Signal   tow(s)        Bias(ms)    Drift(ms/s) *
* gpsl1  518124.4250    10.3034      0.00147        *
***************************************************
********************DOP******************
* GDOP: 2.24  PDOP: 2.05  HDOP: 1.73    *
* VDOP: 1.09  TDOP: 0.90                *
*****************************************
********************Position********************************
* X: 2893053.64  Y: 1322506.67  Z: 5509749.12  Fom: 0.18   *
* dE:   0.00  dN:   0.00  dU:   0.00   *
************************************************************
********************Velocity*********************
VX:   0.03  VY:   0.01  VZ:   0.07  Fom: 0.02   *
*************************************************

================================================================================
Processed epoch: 125
Number of Satellites      gpsl1: 7
Total number of satellites: 7
=========================== LSE solution ============================================

Navigation status: GOOD_FOR_NAV
********************Time***************************
* Signal   tow(s)        Bias(ms)    Drift(ms/s) *
* gpsl1  518124.5250    10.3033      0.00147        *
***************************************************
********************DOP******************
* GDOP: 2.24  PDOP: 2.05  HDOP: 1.73    *
* VDOP: 1.09  TDOP: 0.90                *
*****************************************
********************Position********************************
* X: 2893053.63  Y: 1322506.69  Z: 5509749.15  Fom: 0.18   *
* dE:   0.00  dN:   0.00  dU:   0.00   *
************************************************************
********************Velocity*********************
VX:   0.05  VY:   0.04  VZ:   0.10  Fom: 0.02   *
*************************************************

================================================================================
Processed epoch: 126
Number of Satellites      gpsl1: 7
Total number of satellites: 7
=========================== LSE solution ============================================

Navigation status: GOOD_FOR_NAV
********************Time***************************
* Signal   tow(s)        Bias(ms)    Drift(ms/s) *
* gpsl1  518124.6250    10.3031      0.00147        *
***************************************************
********************DOP******************
* GDOP: 2.24  PDOP: 2.05  HDOP: 1.73    *
* VDOP: 1.09  TDOP: 0.90                *
*****************************************
********************Position********************************
* X: 2893053.65  Y: 1322506.69  Z: 5509749.17  Fom: 0.18   *
* dE:   0.00  dN:   0.00  dU:   0.00   *
************************************************************
********************Velocity*********************
VX:   0.01  VY:   0.02  VZ:   0.02  Fom: 0.01   *
*************************************************

================================================================================
Processed epoch: 127
Number of Satellites      gpsl1: 7
Total number of satellites: 7
=========================== LSE solution ============================================

Navigation status: GOOD_FOR_NAV
********************Time***************************
* Signal   tow(s)        Bias(ms)    Drift(ms/s) *
* gpsl1  518124.7250    10.3030      0.00147        *
***************************************************
********************DOP******************
* GDOP: 2.24  PDOP: 2.05  HDOP: 1.73    *
* VDOP: 1.09  TDOP: 0.90                *
*****************************************
********************Position********************************
* X: 2893053.59  Y: 1322506.65  Z: 5509749.12  Fom: 0.18   *
* dE:   0.00  dN:   0.00  dU:   0.00   *
************************************************************
********************Velocity*********************
VX:   0.02  VY:   0.02  VZ:  -0.02  Fom: 0.01   *
*************************************************

================================================================================
Processed epoch: 128
Number of Satellites      gpsl1: 7
Total number of satellites: 7
=========================== LSE solution ============================================

Navigation status: GOOD_FOR_NAV
********************Time***************************
* Signal   tow(s)        Bias(ms)    Drift(ms/s) *
* gpsl1  518124.8250    10.3028      0.00147        *
***************************************************
********************DOP******************
* GDOP: 2.24  PDOP: 2.05  HDOP: 1.73    *
* VDOP: 1.09  TDOP: 0.90                *
*****************************************
********************Position********************************
* X: 2893053.59  Y: 1322506.65  Z: 5509749.11  Fom: 0.18   *
* dE:   0.00  dN:   0.00  dU:   0.00   *
************************************************************
********************Velocity*********************
VX:   0.00  VY:  -0.04  VZ:   0.00  Fom: 0.01   *
*************************************************

================================================================================
Processed epoch: 129
Number of Satellites      gpsl1: 7
Total number of satellites: 7
=========================== LSE solution ============================================

Navigation status: GOOD_FOR_NAV
********************Time***************************
* Signal   tow(s)        Bias(ms)    Drift(ms/s) *
* gpsl1  518124.9250    10.3027      0.00147        *
***************************************************
********************DOP******************
* GDOP: 2.24  PDOP: 2.05  HDOP: 1.73    *
* VDOP: 1.09  TDOP: 0.90                *
*****************************************
********************Position********************************
* X: 2893053.59  Y: 1322506.70  Z: 5509749.09  Fom: 0.19   *
* dE:   0.00  dN:   0.00  dU:   0.00   *
************************************************************
********************Velocity*********************
VX:   0.03  VY:   0.01  VZ:   0.01  Fom: 0.01   *
*************************************************

================================================================================
Processed epoch: 130
Number of Satellites      gpsl1: 7
Total number of satellites: 7
=========================== LSE solution ============================================

Navigation status: GOOD_FOR_NAV
********************Time***************************
* Signal   tow(s)        Bias(ms)    Drift(ms/s) *
* gpsl1  518125.0250    10.3025      0.00147        *
***************************************************
********************DOP******************
* GDOP: 2.24  PDOP: 2.04  HDOP: 1.73    *
* VDOP: 1.09  TDOP: 0.90                *
*****************************************
********************Position********************************
* X: 2893053.56  Y: 1322506.67  Z: 5509749.06  Fom: 0.18   *
* dE:   0.00  dN:   0.00  dU:   0.00   *
************************************************************
********************Velocity*********************
VX:   0.05  VY:   0.03  VZ:   0.07  Fom: 0.02   *
*************************************************

================================================================================
Processed epoch: 131
Number of Satellites      gpsl1: 7
Total number of satellites: 7
=========================== LSE solution ============================================

Navigation status: GOOD_FOR_NAV
********************Time***************************
* Signal   tow(s)        Bias(ms)    Drift(ms/s) *
* gpsl1  518125.1250    10.3024      0.00147        *
***************************************************
********************DOP******************
* GDOP: 2.24  PDOP: 2.04  HDOP: 1.73    *
* VDOP: 1.09  TDOP: 0.90                *
*****************************************
********************Position********************************
* X: 2893053.56  Y: 1322506.71  Z: 5509749.09  Fom: 0.19   *
* dE:   0.00  dN:   0.00  dU:   0.00   *
************************************************************
********************Velocity*********************
VX:   0.01  VY:  -0.02  VZ:  -0.04  Fom: 0.01   *
*************************************************

================================================================================
Processed epoch: 132
Number of Satellites      gpsl1: 7
Total number of satellites: 7
=========================== LSE solution ============================================

Navigation status: GOOD_FOR_NAV
********************Time***************************
* Signal   tow(s)        Bias(ms)    Drift(ms/s) *
* gpsl1  518125.2250    10.3022      0.00147        *
***************************************************
********************DOP******************
* GDOP: 2.24  PDOP: 2.04  HDOP: 1.73    *
* VDOP: 1.09  TDOP: 0.90                *
*****************************************
********************Position********************************
* X: 2893053.49  Y: 1322506.75  Z: 5509749.10  Fom: 0.19   *
* dE:   0.00  dN:   0.00  dU:   0.00   *
************************************************************
********************Velocity*********************
VX:  -0.04  VY:  -0.03  VZ:  -0.05  Fom: 0.02   *
*************************************************

================================================================================
Processed epoch: 133
Number of Satellites      gpsl1: 7
Total number of satellites: 7
=========================== LSE solution ============================================

Navigation status: GOOD_FOR_NAV
********************Time***************************
* Signal   tow(s)        Bias(ms)    Drift(ms/s) *
* gpsl1  518125.3250    10.3021      0.00147        *
***************************************************
********************DOP******************
* GDOP: 2.24  PDOP: 2.04  HDOP: 1.73    *
* VDOP: 1.09  TDOP: 0.90                *
*****************************************
********************Position********************************
* X: 2893053.46  Y: 1322506.69  Z: 5509749.07  Fom: 0.17   *
* dE:   0.00  dN:   0.00  dU:   0.00   *
************************************************************
********************Velocity*********************
VX:  -0.02  VY:   0.00  VZ:  -0.00  Fom: 0.01   *
*************************************************

================================================================================
Processed epoch: 134
Number of Satellites      gpsl1: 7
Total number of satellites: 7
=========================== LSE solution ============================================

Navigation status: GOOD_FOR_NAV
********************Time***************************
* Signal   tow(s)        Bias(ms)    Drift(ms/s) *
* gpsl1  518125.4250    10.3019      0.00147        *
***************************************************
********************DOP******************
* GDOP: 2.24  PDOP: 2.04  HDOP: 1.73    *
* VDOP: 1.09  TDOP: 0.90                *
*****************************************
********************Position********************************
* X: 2893053.46  Y: 1322506.72  Z: 5509749.01  Fom: 0.17   *
* dE:   0.00  dN:   0.00  dU:   0.00   *
************************************************************
********************Velocity*********************
VX:   0.01  VY:   0.00  VZ:   0.00  Fom: 0.00   *
*************************************************

================================================================================
Processed epoch: 135
Number of Satellites      gpsl1: 7
Total number of satellites: 7
=========================== LSE solution ============================================

Navigation status: GOOD_FOR_NAV
********************Time***************************
* Signal   tow(s)        Bias(ms)    Drift(ms/s) *
* gpsl1  518125.5250    10.3018      0.00147        *
***************************************************
********************DOP******************
* GDOP: 2.24  PDOP: 2.04  HDOP: 1.73    *
* VDOP: 1.09  TDOP: 0.90                *
*****************************************
********************Position********************************
* X: 2893053.51  Y: 1322506.72  Z: 5509748.91  Fom: 0.18   *
* dE:   0.00  dN:   0.00  dU:   0.00   *
************************************************************
********************Velocity*********************
VX:  -0.02  VY:  -0.03  VZ:  -0.01  Fom: 0.01   *
*************************************************

================================================================================
Processed epoch: 136
Number of Satellites      gpsl1: 7
Total number of satellites: 7
=========================== LSE solution ============================================

Navigation status: GOOD_FOR_NAV
********************Time***************************
* Signal   tow(s)        Bias(ms)    Drift(ms/s) *
* gpsl1  518125.6250    10.3017      0.00147        *
***************************************************
********************DOP******************
* GDOP: 2.24  PDOP: 2.04  HDOP: 1.73    *
* VDOP: 1.09  TDOP: 0.90                *
*****************************************
********************Position********************************
* X: 2893053.54  Y: 1322506.72  Z: 5509748.87  Fom: 0.18   *
* dE:   0.00  dN:   0.00  dU:   0.00   *
************************************************************
********************Velocity*********************
VX:   0.00  VY:  -0.01  VZ:  -0.00  Fom: 0.01   *
*************************************************

================================================================================
Processed epoch: 137
Number of Satellites      gpsl1: 7
Total number of satellites: 7
=========================== LSE solution ============================================

Navigation status: GOOD_FOR_NAV
********************Time***************************
* Signal   tow(s)        Bias(ms)    Drift(ms/s) *
* gpsl1  518125.7250    10.3015      0.00147        *
***************************************************
********************DOP******************
* GDOP: 2.24  PDOP: 2.04  HDOP: 1.73    *
* VDOP: 1.09  TDOP: 0.90                *
*****************************************
********************Position********************************
* X: 2893053.49  Y: 1322506.71  Z: 5509748.83  Fom: 0.16   *
* dE:   0.00  dN:   0.00  dU:   0.00   *
************************************************************
********************Velocity*********************
VX:   0.03  VY:   0.01  VZ:  -0.01  Fom: 0.01   *
*************************************************

================================================================================
Processed epoch: 138
Number of Satellites      gpsl1: 7
Total number of satellites: 7
=========================== LSE solution ============================================

Navigation status: GOOD_FOR_NAV
********************Time***************************
* Signal   tow(s)        Bias(ms)    Drift(ms/s) *
* gpsl1  518125.8250    10.3014      0.00147        *
***************************************************
********************DOP******************
* GDOP: 2.24  PDOP: 2.04  HDOP: 1.73    *
* VDOP: 1.09  TDOP: 0.90                *
*****************************************
********************Position********************************
* X: 2893053.54  Y: 1322506.68  Z: 5509748.79  Fom: 0.16   *
* dE:   0.00  dN:   0.00  dU:   0.00   *
************************************************************
********************Velocity*********************
VX:   0.03  VY:   0.02  VZ:   0.03  Fom: 0.01   *
*************************************************

================================================================================
Processed epoch: 139
Number of Satellites      gpsl1: 7
Total number of satellites: 7
=========================== LSE solution ============================================

Navigation status: GOOD_FOR_NAV
********************Time***************************
* Signal   tow(s)        Bias(ms)    Drift(ms/s) *
* gpsl1  518125.9250    10.3012      0.00147        *
***************************************************
********************DOP******************
* GDOP: 2.24  PDOP: 2.04  HDOP: 1.73    *
* VDOP: 1.09  TDOP: 0.90                *
*****************************************
********************Position********************************
* X: 2893053.53  Y: 1322506.71  Z: 5509748.77  Fom: 0.17   *
* dE:   0.00  dN:   0.00  dU:   0.00   *
************************************************************
********************Velocity*********************
VX:   0.03  VY:   0.02  VZ:   0.01  Fom: 0.01   *
*************************************************

================================================================================
Processed epoch: 140
Number of Satellites      gpsl1: 7
Total number of satellites: 7
=========================== LSE solution ============================================

Navigation status: GOOD_FOR_NAV
********************Time***************************
* Signal   tow(s)        Bias(ms)    Drift(ms/s) *
* gpsl1  518126.0250    10.3011      0.00147        *
***************************************************
********************DOP******************
* GDOP: 2.24  PDOP: 2.04  HDOP: 1.73    *
* VDOP: 1.09  TDOP: 0.90                *
*****************************************
********************Position********************************
* X: 2893053.51  Y: 1322506.74  Z: 5509748.85  Fom: 0.17   *
* dE:   0.00  dN:   0.00  dU:   0.00   *
************************************************************
********************Velocity*********************
VX:  -0.01  VY:  -0.00  VZ:   0.00  Fom: 0.01   *
*************************************************

================================================================================
Processed epoch: 141
Number of Satellites      gpsl1: 7
Total number of satellites: 7
=========================== LSE solution ============================================

Navigation status: GOOD_FOR_NAV
********************Time***************************
* Signal   tow(s)        Bias(ms)    Drift(ms/s) *
* gpsl1  518126.1250    10.3009      0.00147        *
***************************************************
********************DOP******************
* GDOP: 2.24  PDOP: 2.04  HDOP: 1.73    *
* VDOP: 1.09  TDOP: 0.90                *
*****************************************
********************Position********************************
* X: 2893053.47  Y: 1322506.69  Z: 5509748.83  Fom: 0.19   *
* dE:   0.00  dN:   0.00  dU:   0.00   *
************************************************************
********************Velocity*********************
VX:   0.02  VY:  -0.00  VZ:   0.02  Fom: 0.01   *
*************************************************

================================================================================
Processed epoch: 142
Number of Satellites      gpsl1: 7
Total number of satellites: 7
=========================== LSE solution ============================================

Navigation status: GOOD_FOR_NAV
********************Time***************************
* Signal   tow(s)        Bias(ms)    Drift(ms/s) *
* gpsl1  518126.2250    10.3008      0.00147        *
***************************************************
********************DOP******************
* GDOP: 2.24  PDOP: 2.04  HDOP: 1.73    *
* VDOP: 1.09  TDOP: 0.90                *
*****************************************
********************Position********************************
* X: 2893053.50  Y: 1322506.69  Z: 5509748.88  Fom: 0.19   *
* dE:   0.00  dN:   0.00  dU:   0.00   *
************************************************************
********************Velocity*********************
VX:   0.00  VY:   0.02  VZ:  -0.02  Fom: 0.01   *
*************************************************

================================================================================
Processed epoch: 143
Number of Satellites      gpsl1: 7
Total number of satellites: 7
=========================== LSE solution ============================================

Navigation status: GOOD_FOR_NAV
********************Time***************************
* Signal   tow(s)        Bias(ms)    Drift(ms/s) *
* gpsl1  518126.3250    10.3006      0.00147        *
***************************************************
********************DOP******************
* GDOP: 2.24  PDOP: 2.04  HDOP: 1.73    *
* VDOP: 1.09  TDOP: 0.90                *
*****************************************
********************Position********************************
* X: 2893053.43  Y: 1322506.69  Z: 5509748.81  Fom: 0.19   *
* dE:   0.00  dN:   0.00  dU:   0.00   *
************************************************************
********************Velocity*********************
VX:   0.01  VY:   0.02  VZ:   0.06  Fom: 0.01   *
*************************************************

================================================================================
Processed epoch: 144
Number of Satellites      gpsl1: 7
Total number of satellites: 7
=========================== LSE solution ============================================

Navigation status: GOOD_FOR_NAV
********************Time***************************
* Signal   tow(s)        Bias(ms)    Drift(ms/s) *
* gpsl1  518126.4250    10.3005      0.00147        *
***************************************************
********************DOP******************
* GDOP: 2.24  PDOP: 2.04  HDOP: 1.73    *
* VDOP: 1.09  TDOP: 0.90                *
*****************************************
********************Position********************************
* X: 2893053.44  Y: 1322506.67  Z: 5509748.86  Fom: 0.19   *
* dE:   0.00  dN:   0.00  dU:   0.00   *
************************************************************
********************Velocity*********************
VX:  -0.01  VY:  -0.02  VZ:   0.03  Fom: 0.01   *
*************************************************

================================================================================
Processed epoch: 145
Number of Satellites      gpsl1: 7
Total number of satellites: 7
=========================== LSE solution ============================================

Navigation status: GOOD_FOR_NAV
********************Time***************************
* Signal   tow(s)        Bias(ms)    Drift(ms/s) *
* gpsl1  518126.5250    10.3003      0.00147        *
***************************************************
********************DOP******************
* GDOP: 2.24  PDOP: 2.04  HDOP: 1.73    *
* VDOP: 1.09  TDOP: 0.90                *
*****************************************
********************Position********************************
* X: 2893053.42  Y: 1322506.69  Z: 5509748.94  Fom: 0.19   *
* dE:   0.00  dN:   0.00  dU:   0.00   *
************************************************************
********************Velocity*********************
VX:  -0.02  VY:  -0.00  VZ:   0.02  Fom: 0.01   *
*************************************************

================================================================================
Processed epoch: 146
Number of Satellites      gpsl1: 7
Total number of satellites: 7
=========================== LSE solution ============================================

Navigation status: GOOD_FOR_NAV
********************Time***************************
* Signal   tow(s)        Bias(ms)    Drift(ms/s) *
* gpsl1  518126.6250    10.3002      0.00147        *
***************************************************
********************DOP******************
* GDOP: 2.24  PDOP: 2.04  HDOP: 1.73    *
* VDOP: 1.09  TDOP: 0.90                *
*****************************************
********************Position********************************
* X: 2893053.39  Y: 1322506.71  Z: 5509748.89  Fom: 0.18   *
* dE:   0.00  dN:   0.00  dU:   0.00   *
************************************************************
********************Velocity*********************
VX:   0.01  VY:  -0.00  VZ:   0.01  Fom: 0.01   *
*************************************************

================================================================================
Processed epoch: 147
Number of Satellites      gpsl1: 7
Total number of satellites: 7
=========================== LSE solution ============================================

Navigation status: GOOD_FOR_NAV
********************Time***************************
* Signal   tow(s)        Bias(ms)    Drift(ms/s) *
* gpsl1  518126.7250    10.3001      0.00147        *
***************************************************
********************DOP******************
* GDOP: 2.24  PDOP: 2.04  HDOP: 1.73    *
* VDOP: 1.09  TDOP: 0.90                *
*****************************************
********************Position********************************
* X: 2893053.38  Y: 1322506.74  Z: 5509748.93  Fom: 0.18   *
* dE:   0.00  dN:   0.00  dU:   0.00   *
************************************************************
********************Velocity*********************
VX:  -0.02  VY:  -0.00  VZ:   0.06  Fom: 0.02   *
*************************************************

================================================================================
Processed epoch: 148
Number of Satellites      gpsl1: 7
Total number of satellites: 7
=========================== LSE solution ============================================

Navigation status: GOOD_FOR_NAV
********************Time***************************
* Signal   tow(s)        Bias(ms)    Drift(ms/s) *
* gpsl1  518126.8250    10.2999      0.00147        *
***************************************************
********************DOP******************
* GDOP: 2.23  PDOP: 2.04  HDOP: 1.73    *
* VDOP: 1.09  TDOP: 0.90                *
*****************************************
********************Position********************************
* X: 2893053.41  Y: 1322506.77  Z: 5509748.99  Fom: 0.18   *
* dE:   0.00  dN:   0.00  dU:   0.00   *
************************************************************
********************Velocity*********************
VX:   0.01  VY:   0.01  VZ:   0.00  Fom: 0.01   *
*************************************************

================================================================================
Processed epoch: 149
Number of Satellites      gpsl1: 7
Total number of satellites: 7
=========================== LSE solution ============================================

Navigation status: GOOD_FOR_NAV
********************Time***************************
* Signal   tow(s)        Bias(ms)    Drift(ms/s) *
* gpsl1  518126.9250    10.2998      0.00147        *
***************************************************
********************DOP******************
* GDOP: 2.23  PDOP: 2.04  HDOP: 1.73    *
* VDOP: 1.09  TDOP: 0.90                *
*****************************************
********************Position********************************
* X: 2893053.46  Y: 1322506.76  Z: 5509749.01  Fom: 0.18   *
* dE:   0.00  dN:   0.00  dU:   0.00   *
************************************************************
********************Velocity*********************
VX:   0.01  VY:  -0.01  VZ:  -0.01  Fom: 0.01   *
*************************************************

================================================================================
Processed epoch: 150
Number of Satellites      gpsl1: 7
Total number of satellites: 7
=========================== LSE solution ============================================

Navigation status: GOOD_FOR_NAV
********************Time***************************
* Signal   tow(s)        Bias(ms)    Drift(ms/s) *
* gpsl1  518127.0250    10.2996      0.00147        *
***************************************************
********************DOP******************
* GDOP: 2.23  PDOP: 2.04  HDOP: 1.73    *
* VDOP: 1.09  TDOP: 0.90                *
*****************************************
********************Position********************************
* X: 2893053.39  Y: 1322506.74  Z: 5509748.97  Fom: 0.17   *
* dE:   0.00  dN:   0.00  dU:   0.00   *
************************************************************
********************Velocity*********************
VX:  -0.01  VY:   0.01  VZ:  -0.01  Fom: 0.01   *
*************************************************

================================================================================
Processed epoch: 151
Number of Satellites      gpsl1: 7
Total number of satellites: 7
=========================== LSE solution ============================================

Navigation status: GOOD_FOR_NAV
********************Time***************************
* Signal   tow(s)        Bias(ms)    Drift(ms/s) *
* gpsl1  518127.1250    10.2995      0.00147        *
***************************************************
********************DOP******************
* GDOP: 2.23  PDOP: 2.04  HDOP: 1.73    *
* VDOP: 1.09  TDOP: 0.90                *
*****************************************
********************Position********************************
* X: 2893053.40  Y: 1322506.76  Z: 5509749.01  Fom: 0.16   *
* dE:   0.00  dN:   0.00  dU:   0.00   *
************************************************************
********************Velocity*********************
VX:  -0.03  VY:  -0.03  VZ:  -0.07  Fom: 0.01   *
*************************************************

================================================================================
Processed epoch: 152
Number of Satellites      gpsl1: 7
Total number of satellites: 7
=========================== LSE solution ============================================

Navigation status: GOOD_FOR_NAV
********************Time***************************
* Signal   tow(s)        Bias(ms)    Drift(ms/s) *
* gpsl1  518127.2250    10.2993      0.00147        *
***************************************************
********************DOP******************
* GDOP: 2.23  PDOP: 2.04  HDOP: 1.73    *
* VDOP: 1.09  TDOP: 0.90                *
*****************************************
********************Position********************************
* X: 2893053.37  Y: 1322506.72  Z: 5509748.88  Fom: 0.18   *
* dE:   0.00  dN:   0.00  dU:   0.00   *
************************************************************
********************Velocity*********************
VX:   0.02  VY:   0.01  VZ:   0.03  Fom: 0.01   *
*************************************************

================================================================================
Processed epoch: 153
Number of Satellites      gpsl1: 7
Total number of satellites: 7
=========================== LSE solution ============================================

Navigation status: GOOD_FOR_NAV
********************Time***************************
* Signal   tow(s)        Bias(ms)    Drift(ms/s) *
* gpsl1  518127.3250    10.2992      0.00147        *
***************************************************
********************DOP******************
* GDOP: 2.23  PDOP: 2.04  HDOP: 1.73    *
* VDOP: 1.09  TDOP: 0.90                *
*****************************************
********************Position********************************
* X: 2893053.45  Y: 1322506.68  Z: 5509748.91  Fom: 0.18   *
* dE:   0.00  dN:   0.00  dU:   0.00   *
************************************************************
********************Velocity*********************
VX:   0.02  VY:   0.01  VZ:   0.06  Fom: 0.01   *
*************************************************

================================================================================
Processed epoch: 154
Number of Satellites      gpsl1: 7
Total number of satellites: 7
=========================== LSE solution ============================================

Navigation status: GOOD_FOR_NAV
********************Time***************************
* Signal   tow(s)        Bias(ms)    Drift(ms/s) *
* gpsl1  518127.4250    10.2990      0.00147        *
***************************************************
********************DOP******************
* GDOP: 2.23  PDOP: 2.04  HDOP: 1.73    *
* VDOP: 1.09  TDOP: 0.90                *
*****************************************
********************Position********************************
* X: 2893053.48  Y: 1322506.70  Z: 5509748.95  Fom: 0.19   *
* dE:   0.00  dN:   0.00  dU:   0.00   *
************************************************************
********************Velocity*********************
VX:  -0.00  VY:  -0.03  VZ:  -0.01  Fom: 0.01   *
*************************************************

================================================================================
Processed epoch: 155
Number of Satellites      gpsl1: 7
Total number of satellites: 7
=========================== LSE solution ============================================

Navigation status: GOOD_FOR_NAV
********************Time***************************
* Signal   tow(s)        Bias(ms)    Drift(ms/s) *
* gpsl1  518127.5250    10.2989      0.00147        *
***************************************************
********************DOP******************
* GDOP: 2.23  PDOP: 2.04  HDOP: 1.73    *
* VDOP: 1.09  TDOP: 0.90                *
*****************************************
********************Position********************************
* X: 2893053.51  Y: 1322506.69  Z: 5509748.91  Fom: 0.20   *
* dE:   0.00  dN:   0.00  dU:   0.00   *
************************************************************
********************Velocity*********************
VX:   0.03  VY:   0.03  VZ:   0.04  Fom: 0.01   *
*************************************************

================================================================================
Processed epoch: 156
Number of Satellites      gpsl1: 7
Total number of satellites: 7
=========================== LSE solution ============================================

Navigation status: GOOD_FOR_NAV
********************Time***************************
* Signal   tow(s)        Bias(ms)    Drift(ms/s) *
* gpsl1  518127.6250    10.2987      0.00147        *
***************************************************
********************DOP******************
* GDOP: 2.23  PDOP: 2.04  HDOP: 1.73    *
* VDOP: 1.09  TDOP: 0.90                *
*****************************************
********************Position********************************
* X: 2893053.51  Y: 1322506.62  Z: 5509748.85  Fom: 0.19   *
* dE:   0.00  dN:   0.00  dU:   0.00   *
************************************************************
********************Velocity*********************
VX:   0.06  VY:   0.02  VZ:   0.09  Fom: 0.02   *
*************************************************

================================================================================
Processed epoch: 157
Number of Satellites      gpsl1: 7
Total number of satellites: 7
=========================== LSE solution ============================================

Navigation status: GOOD_FOR_NAV
********************Time***************************
* Signal   tow(s)        Bias(ms)    Drift(ms/s) *
* gpsl1  518127.7250    10.2986      0.00147        *
***************************************************
********************DOP******************
* GDOP: 2.23  PDOP: 2.04  HDOP: 1.73    *
* VDOP: 1.09  TDOP: 0.90                *
*****************************************
********************Position********************************
* X: 2893053.51  Y: 1322506.55  Z: 5509748.68  Fom: 0.20   *
* dE:   0.00  dN:   0.00  dU:   0.00   *
************************************************************
********************Velocity*********************
VX:   0.01  VY:  -0.02  VZ:  -0.02  Fom: 0.01   *
*************************************************

================================================================================
Processed epoch: 158
Number of Satellites      gpsl1: 7
Total number of satellites: 7
=========================== LSE solution ============================================

Navigation status: GOOD_FOR_NAV
********************Time***************************
* Signal   tow(s)        Bias(ms)    Drift(ms/s) *
* gpsl1  518127.8250    10.2984      0.00147        *
***************************************************
********************DOP******************
* GDOP: 2.23  PDOP: 2.04  HDOP: 1.73    *
* VDOP: 1.09  TDOP: 0.90                *
*****************************************
********************Position********************************
* X: 2893053.55  Y: 1322506.64  Z: 5509748.73  Fom: 0.21   *
* dE:   0.00  dN:   0.00  dU:   0.00   *
************************************************************
********************Velocity*********************
VX:  -0.01  VY:  -0.05  VZ:  -0.06  Fom: 0.02   *
*************************************************

================================================================================
Processed epoch: 159
Number of Satellites      gpsl1: 7
Total number of satellites: 7
=========================== LSE solution ============================================

Navigation status: GOOD_FOR_NAV
********************Time***************************
* Signal   tow(s)        Bias(ms)    Drift(ms/s) *
* gpsl1  518127.9250    10.2983      0.00147        *
***************************************************
********************DOP******************
* GDOP: 2.23  PDOP: 2.04  HDOP: 1.73    *
* VDOP: 1.09  TDOP: 0.90                *
*****************************************
********************Position********************************
* X: 2893053.55  Y: 1322506.67  Z: 5509748.66  Fom: 0.20   *
* dE:   0.00  dN:   0.00  dU:   0.00   *
************************************************************
********************Velocity*********************
VX:   0.03  VY:   0.00  VZ:   0.01  Fom: 0.01   *
*************************************************

================================================================================
Processed epoch: 160
Number of Satellites      gpsl1: 7
Total number of satellites: 7
=========================== LSE solution ============================================

Navigation status: GOOD_FOR_NAV
********************Time***************************
* Signal   tow(s)        Bias(ms)    Drift(ms/s) *
* gpsl1  518128.0250    10.2982      0.00147        *
***************************************************
********************DOP******************
* GDOP: 2.23  PDOP: 2.04  HDOP: 1.73    *
* VDOP: 1.09  TDOP: 0.90                *
*****************************************
********************Position********************************
* X: 2893053.57  Y: 1322506.74  Z: 5509748.80  Fom: 0.21   *
* dE:   0.00  dN:   0.00  dU:   0.00   *
************************************************************
********************Velocity*********************
VX:   0.04  VY:  -0.02  VZ:  -0.01  Fom: 0.02   *
*************************************************

================================================================================
Processed epoch: 161
Number of Satellites      gpsl1: 7
Total number of satellites: 7
=========================== LSE solution ============================================

Navigation status: GOOD_FOR_NAV
********************Time***************************
* Signal   tow(s)        Bias(ms)    Drift(ms/s) *
* gpsl1  518128.1250    10.2980      0.00147        *
***************************************************
********************DOP******************
* GDOP: 2.23  PDOP: 2.04  HDOP: 1.73    *
* VDOP: 1.09  TDOP: 0.90                *
*****************************************
********************Position********************************
* X: 2893053.55  Y: 1322506.81  Z: 5509748.83  Fom: 0.21   *
* dE:   0.00  dN:   0.00  dU:   0.00   *
************************************************************
********************Velocity*********************
VX:   0.05  VY:   0.00  VZ:   0.03  Fom: 0.01   *
*************************************************

================================================================================
Processed epoch: 162
Number of Satellites      gpsl1: 7
Total number of satellites: 7
=========================== LSE solution ============================================

Navigation status: GOOD_FOR_NAV
********************Time***************************
* Signal   tow(s)        Bias(ms)    Drift(ms/s) *
* gpsl1  518128.2250    10.2979      0.00147        *
***************************************************
********************DOP******************
* GDOP: 2.23  PDOP: 2.04  HDOP: 1.73    *
* VDOP: 1.09  TDOP: 0.90                *
*****************************************
********************Position********************************
* X: 2893053.54  Y: 1322506.81  Z: 5509748.77  Fom: 0.22   *
* dE:   0.00  dN:   0.00  dU:   0.00   *
************************************************************
********************Velocity*********************
VX:   0.01  VY:   0.01  VZ:   0.02  Fom: 0.01   *
*************************************************

================================================================================
Processed epoch: 163
Number of Satellites      gpsl1: 7
Total number of satellites: 7
=========================== LSE solution ============================================

Navigation status: GOOD_FOR_NAV
********************Time***************************
* Signal   tow(s)        Bias(ms)    Drift(ms/s) *
* gpsl1  518128.3250    10.2977      0.00147        *
***************************************************
********************DOP******************
* GDOP: 2.23  PDOP: 2.04  HDOP: 1.73    *
* VDOP: 1.09  TDOP: 0.90                *
*****************************************
********************Position********************************
* X: 2893053.56  Y: 1322506.75  Z: 5509748.74  Fom: 0.22   *
* dE:   0.00  dN:   0.00  dU:   0.00   *
************************************************************
********************Velocity*********************
VX:   0.05  VY:   0.00  VZ:   0.02  Fom: 0.01   *
*************************************************

================================================================================
Processed epoch: 164
Number of Satellites      gpsl1: 7
Total number of satellites: 7
=========================== LSE solution ============================================

Navigation status: GOOD_FOR_NAV
********************Time***************************
* Signal   tow(s)        Bias(ms)    Drift(ms/s) *
* gpsl1  518128.4250    10.2976      0.00147        *
***************************************************
********************DOP******************
* GDOP: 2.23  PDOP: 2.04  HDOP: 1.73    *
* VDOP: 1.09  TDOP: 0.90                *
*****************************************
********************Position********************************
* X: 2893053.56  Y: 1322506.77  Z: 5509748.74  Fom: 0.22   *
* dE:   0.00  dN:   0.00  dU:   0.00   *
************************************************************
********************Velocity*********************
VX:   0.02  VY:   0.01  VZ:   0.03  Fom: 0.01   *
*************************************************

================================================================================
Processed epoch: 165
Number of Satellites      gpsl1: 7
Total number of satellites: 7
=========================== LSE solution ============================================

Navigation status: GOOD_FOR_NAV
********************Time***************************
* Signal   tow(s)        Bias(ms)    Drift(ms/s) *
* gpsl1  518128.5250    10.2974      0.00147        *
***************************************************
********************DOP******************
* GDOP: 2.23  PDOP: 2.04  HDOP: 1.73    *
* VDOP: 1.09  TDOP: 0.90                *
*****************************************
********************Position********************************
* X: 2893053.57  Y: 1322506.77  Z: 5509748.74  Fom: 0.23   *
* dE:   0.00  dN:   0.00  dU:   0.00   *
************************************************************
********************Velocity*********************
VX:   0.04  VY:  -0.01  VZ:   0.01  Fom: 0.01   *
*************************************************

================================================================================
Processed epoch: 166
Number of Satellites      gpsl1: 7
Total number of satellites: 7
=========================== LSE solution ============================================

Navigation status: GOOD_FOR_NAV
********************Time***************************
* Signal   tow(s)        Bias(ms)    Drift(ms/s) *
* gpsl1  518128.6250    10.2973      0.00147        *
***************************************************
********************DOP******************
* GDOP: 2.23  PDOP: 2.04  HDOP: 1.73    *
* VDOP: 1.09  TDOP: 0.90                *
*****************************************
********************Position********************************
* X: 2893053.61  Y: 1322506.69  Z: 5509748.71  Fom: 0.23   *
* dE:   0.00  dN:   0.00  dU:   0.00   *
************************************************************
********************Velocity*********************
VX:  -0.01  VY:   0.03  VZ:   0.06  Fom: 0.02   *
*************************************************

================================================================================
Processed epoch: 167
Number of Satellites      gpsl1: 7
Total number of satellites: 7
=========================== LSE solution ============================================

Navigation status: GOOD_FOR_NAV
********************Time***************************
* Signal   tow(s)        Bias(ms)    Drift(ms/s) *
* gpsl1  518128.7250    10.2971      0.00147        *
***************************************************
********************DOP******************
* GDOP: 2.23  PDOP: 2.04  HDOP: 1.73    *
* VDOP: 1.09  TDOP: 0.90                *
*****************************************
********************Position********************************
* X: 2893053.60  Y: 1322506.68  Z: 5509748.69  Fom: 0.22   *
* dE:   0.00  dN:   0.00  dU:   0.00   *
************************************************************
********************Velocity*********************
VX:   0.03  VY:   0.03  VZ:   0.05  Fom: 0.01   *
*************************************************

================================================================================
Processed epoch: 168
Number of Satellites      gpsl1: 7
Total number of satellites: 7
=========================== LSE solution ============================================

Navigation status: GOOD_FOR_NAV
********************Time***************************
* Signal   tow(s)        Bias(ms)    Drift(ms/s) *
* gpsl1  518128.8250    10.2970      0.00147        *
***************************************************
********************DOP******************
* GDOP: 2.23  PDOP: 2.04  HDOP: 1.73    *
* VDOP: 1.09  TDOP: 0.90                *
*****************************************
********************Position********************************
* X: 2893053.59  Y: 1322506.68  Z: 5509748.64  Fom: 0.22   *
* dE:   0.00  dN:   0.00  dU:   0.00   *
************************************************************
********************Velocity*********************
VX:   0.03  VY:   0.02  VZ:   0.03  Fom: 0.01   *
*************************************************

================================================================================
Processed epoch: 169
Number of Satellites      gpsl1: 7
Total number of satellites: 7
=========================== LSE solution ============================================

Navigation status: GOOD_FOR_NAV
********************Time***************************
* Signal   tow(s)        Bias(ms)    Drift(ms/s) *
* gpsl1  518128.9250    10.2968      0.00147        *
***************************************************
********************DOP******************
* GDOP: 2.23  PDOP: 2.04  HDOP: 1.73    *
* VDOP: 1.09  TDOP: 0.90                *
*****************************************
********************Position********************************
* X: 2893053.57  Y: 1322506.68  Z: 5509748.53  Fom: 0.23   *
* dE:   0.00  dN:   0.00  dU:   0.00   *
************************************************************
********************Velocity*********************
VX:   0.00  VY:  -0.01  VZ:   0.04  Fom: 0.01   *
*************************************************

================================================================================
Processed epoch: 170
Number of Satellites      gpsl1: 7
Total number of satellites: 7
=========================== LSE solution ============================================

Navigation status: GOOD_FOR_NAV
********************Time***************************
* Signal   tow(s)        Bias(ms)    Drift(ms/s) *
* gpsl1  518129.0250    10.2967      0.00147        *
***************************************************
********************DOP******************
* GDOP: 2.23  PDOP: 2.04  HDOP: 1.73    *
* VDOP: 1.09  TDOP: 0.90                *
*****************************************
********************Position********************************
* X: 2893053.59  Y: 1322506.69  Z: 5509748.53  Fom: 0.23   *
* dE:   0.00  dN:   0.00  dU:   0.00   *
************************************************************
********************Velocity*********************
VX:  -0.00  VY:  -0.01  VZ:   0.02  Fom: 0.01   *
*************************************************

================================================================================
Processed epoch: 171
Number of Satellites      gpsl1: 7
Total number of satellites: 7
=========================== LSE solution ============================================

Navigation status: GOOD_FOR_NAV
********************Time***************************
* Signal   tow(s)        Bias(ms)    Drift(ms/s) *
* gpsl1  518129.1250    10.2965      0.00147        *
***************************************************
********************DOP******************
* GDOP: 2.23  PDOP: 2.04  HDOP: 1.73    *
* VDOP: 1.09  TDOP: 0.90                *
*****************************************
********************Position********************************
* X: 2893053.61  Y: 1322506.61  Z: 5509748.56  Fom: 0.23   *
* dE:   0.00  dN:   0.00  dU:   0.00   *
************************************************************
********************Velocity*********************
VX:   0.02  VY:   0.04  VZ:   0.07  Fom: 0.02   *
*************************************************

================================================================================
Processed epoch: 172
Number of Satellites      gpsl1: 7
Total number of satellites: 7
=========================== LSE solution ============================================

Navigation status: GOOD_FOR_NAV
********************Time***************************
* Signal   tow(s)        Bias(ms)    Drift(ms/s) *
* gpsl1  518129.2250    10.2964      0.00147        *
***************************************************
********************DOP******************
* GDOP: 2.23  PDOP: 2.04  HDOP: 1.73    *
* VDOP: 1.09  TDOP: 0.90                *
*****************************************
********************Position********************************
* X: 2893053.56  Y: 1322506.68  Z: 5509748.56  Fom: 0.24   *
* dE:   0.00  dN:   0.00  dU:   0.00   *
************************************************************
********************Velocity*********************
VX:   0.00  VY:   0.00  VZ:  -0.03  Fom: 0.01   *
*************************************************

================================================================================
Processed epoch: 173
Number of Satellites      gpsl1: 7
Total number of satellites: 7
=========================== LSE solution ============================================

Navigation status: GOOD_FOR_NAV
********************Time***************************
* Signal   tow(s)        Bias(ms)    Drift(ms/s) *
* gpsl1  518129.3250    10.2963      0.00147        *
***************************************************
********************DOP******************
* GDOP: 2.23  PDOP: 2.04  HDOP: 1.73    *
* VDOP: 1.09  TDOP: 0.90                *
*****************************************
********************Position********************************
* X: 2893053.59  Y: 1322506.68  Z: 5509748.70  Fom: 0.23   *
* dE:   0.00  dN:   0.00  dU:   0.00   *
************************************************************
********************Velocity*********************
VX:  -0.01  VY:   0.00  VZ:   0.05  Fom: 0.01   *
*************************************************

================================================================================
Processed epoch: 174
Number of Satellites      gpsl1: 7
Total number of satellites: 7
=========================== LSE solution ============================================

Navigation status: GOOD_FOR_NAV
********************Time***************************
* Signal   tow(s)        Bias(ms)    Drift(ms/s) *
* gpsl1  518129.4250    10.2961      0.00147        *
***************************************************
********************DOP******************
* GDOP: 2.23  PDOP: 2.04  HDOP: 1.73    *
* VDOP: 1.09  TDOP: 0.90                *
*****************************************
********************Position********************************
* X: 2893053.61  Y: 1322506.69  Z: 5509748.68  Fom: 0.24   *
* dE:   0.00  dN:   0.00  dU:   0.00   *
************************************************************
********************Velocity*********************
VX:  -0.01  VY:  -0.03  VZ:   0.03  Fom: 0.01   *
*************************************************

================================================================================
Processed epoch: 175
Number of Satellites      gpsl1: 7
Total number of satellites: 7
=========================== LSE solution ============================================

Navigation status: GOOD_FOR_NAV
********************Time***************************
* Signal   tow(s)        Bias(ms)    Drift(ms/s) *
* gpsl1  518129.5250    10.2960      0.00147        *
***************************************************
********************DOP******************
* GDOP: 2.23  PDOP: 2.04  HDOP: 1.73    *
* VDOP: 1.09  TDOP: 0.90                *
*****************************************
********************Position********************************
* X: 2893053.59  Y: 1322506.64  Z: 5509748.72  Fom: 0.24   *
* dE:   0.00  dN:   0.00  dU:   0.00   *
************************************************************
********************Velocity*********************
VX:  -0.00  VY:  -0.00  VZ:   0.01  Fom: 0.01   *
*************************************************

================================================================================
Processed epoch: 176
Number of Satellites      gpsl1: 7
Total number of satellites: 7
=========================== LSE solution ============================================

Navigation status: GOOD_FOR_NAV
********************Time***************************
* Signal   tow(s)        Bias(ms)    Drift(ms/s) *
* gpsl1  518129.6250    10.2958      0.00147        *
***************************************************
********************DOP******************
* GDOP: 2.23  PDOP: 2.04  HDOP: 1.73    *
* VDOP: 1.09  TDOP: 0.90                *
*****************************************
********************Position********************************
* X: 2893053.60  Y: 1322506.61  Z: 5509748.70  Fom: 0.22   *
* dE:   0.00  dN:   0.00  dU:   0.00   *
************************************************************
********************Velocity*********************
VX:   0.00  VY:  -0.00  VZ:   0.01  Fom: 0.00   *
*************************************************

================================================================================
Processed epoch: 177
Number of Satellites      gpsl1: 7
Total number of satellites: 7
=========================== LSE solution ============================================

Navigation status: GOOD_FOR_NAV
********************Time***************************
* Signal   tow(s)        Bias(ms)    Drift(ms/s) *
* gpsl1  518129.7250    10.2957      0.00147        *
***************************************************
********************DOP******************
* GDOP: 2.23  PDOP: 2.04  HDOP: 1.73    *
* VDOP: 1.09  TDOP: 0.90                *
*****************************************
********************Position********************************
* X: 2893053.61  Y: 1322506.55  Z: 5509748.60  Fom: 0.22   *
* dE:   0.00  dN:   0.00  dU:   0.00   *
************************************************************
********************Velocity*********************
VX:   0.01  VY:   0.04  VZ:   0.04  Fom: 0.01   *
*************************************************

================================================================================
Processed epoch: 178
Number of Satellites      gpsl1: 7
Total number of satellites: 7
=========================== LSE solution ============================================

Navigation status: GOOD_FOR_NAV
********************Time***************************
* Signal   tow(s)        Bias(ms)    Drift(ms/s) *
* gpsl1  518129.8250    10.2955      0.00147        *
***************************************************
********************DOP******************
* GDOP: 2.23  PDOP: 2.04  HDOP: 1.73    *
* VDOP: 1.09  TDOP: 0.90                *
*****************************************
********************Position********************************
* X: 2893053.59  Y: 1322506.54  Z: 5509748.64  Fom: 0.22   *
* dE:   0.00  dN:   0.00  dU:   0.00   *
************************************************************
********************Velocity*********************
VX:   0.00  VY:   0.00  VZ:   0.00  Fom: 0.00   *
*************************************************

================================================================================
Processed epoch: 179
Number of Satellites      gpsl1: 7
Total number of satellites: 7
=========================== LSE solution ============================================

Navigation status: GOOD_FOR_NAV
********************Time***************************
* Signal   tow(s)        Bias(ms)    Drift(ms/s) *
* gpsl1  518129.9250    10.2954      0.00147        *
***************************************************
********************DOP******************
* GDOP: 2.23  PDOP: 2.04  HDOP: 1.73    *
* VDOP: 1.09  TDOP: 0.90                *
*****************************************
********************Position********************************
* X: 2893053.61  Y: 1322506.51  Z: 5509748.62  Fom: 0.21   *
* dE:   0.00  dN:   0.00  dU:   0.00   *
************************************************************
********************Velocity*********************
VX:   0.00  VY:  -0.01  VZ:   0.02  Fom: 0.00   *
*************************************************

================================================================================
Processed epoch: 180
Number of Satellites      gpsl1: 7
Total number of satellites: 7
=========================== LSE solution ============================================

Navigation status: GOOD_FOR_NAV
********************Time***************************
* Signal   tow(s)        Bias(ms)    Drift(ms/s) *
* gpsl1  518130.0250    10.2952      0.00147        *
***************************************************
********************DOP******************
* GDOP: 2.23  PDOP: 2.04  HDOP: 1.73    *
* VDOP: 1.09  TDOP: 0.90                *
*****************************************
********************Position********************************
* X: 2893053.57  Y: 1322506.51  Z: 5509748.61  Fom: 0.21   *
* dE:   0.00  dN:   0.00  dU:   0.00   *
************************************************************
********************Velocity*********************
VX:   0.01  VY:  -0.01  VZ:   0.04  Fom: 0.01   *
*************************************************

================================================================================
Processed epoch: 181
Number of Satellites      gpsl1: 7
Total number of satellites: 7
=========================== LSE solution ============================================

Navigation status: GOOD_FOR_NAV
********************Time***************************
* Signal   tow(s)        Bias(ms)    Drift(ms/s) *
* gpsl1  518130.1250    10.2951      0.00147        *
***************************************************
********************DOP******************
* GDOP: 2.23  PDOP: 2.04  HDOP: 1.73    *
* VDOP: 1.09  TDOP: 0.90                *
*****************************************
********************Position********************************
* X: 2893053.57  Y: 1322506.55  Z: 5509748.57  Fom: 0.21   *
* dE:   0.00  dN:   0.00  dU:   0.00   *
************************************************************
********************Velocity*********************
VX:  -0.01  VY:  -0.01  VZ:  -0.01  Fom: 0.01   *
*************************************************

================================================================================
Processed epoch: 182
Number of Satellites      gpsl1: 7
Total number of satellites: 7
=========================== LSE solution ============================================

Navigation status: GOOD_FOR_NAV
********************Time***************************
* Signal   tow(s)        Bias(ms)    Drift(ms/s) *
* gpsl1  518130.2250    10.2949      0.00147        *
***************************************************
********************DOP******************
* GDOP: 2.23  PDOP: 2.04  HDOP: 1.73    *
* VDOP: 1.09  TDOP: 0.90                *
*****************************************
********************Position********************************
* X: 2893053.56  Y: 1322506.59  Z: 5509748.62  Fom: 0.21   *
* dE:   0.00  dN:   0.00  dU:   0.00   *
************************************************************
********************Velocity*********************
VX:  -0.01  VY:   0.00  VZ:   0.02  Fom: 0.01   *
*************************************************

================================================================================
Processed epoch: 183
Number of Satellites      gpsl1: 7
Total number of satellites: 7
=========================== LSE solution ============================================

Navigation status: GOOD_FOR_NAV
********************Time***************************
* Signal   tow(s)        Bias(ms)    Drift(ms/s) *
* gpsl1  518130.3250    10.2948      0.00147        *
***************************************************
********************DOP******************
* GDOP: 2.23  PDOP: 2.04  HDOP: 1.73    *
* VDOP: 1.09  TDOP: 0.90                *
*****************************************
********************Position********************************
* X: 2893053.50  Y: 1322506.59  Z: 5509748.59  Fom: 0.20   *
* dE:   0.00  dN:   0.00  dU:   0.00   *
************************************************************
********************Velocity*********************
VX:   0.01  VY:   0.03  VZ:   0.02  Fom: 0.01   *
*************************************************

================================================================================
Processed epoch: 184
Number of Satellites      gpsl1: 7
Total number of satellites: 7
=========================== LSE solution ============================================

Navigation status: GOOD_FOR_NAV
********************Time***************************
* Signal   tow(s)        Bias(ms)    Drift(ms/s) *
* gpsl1  518130.4250    10.2946      0.00147        *
***************************************************
********************DOP******************
* GDOP: 2.23  PDOP: 2.04  HDOP: 1.73    *
* VDOP: 1.09  TDOP: 0.90                *
*****************************************
********************Position********************************
* X: 2893053.47  Y: 1322506.63  Z: 5509748.61  Fom: 0.19   *
* dE:   0.00  dN:   0.00  dU:   0.00   *
************************************************************
********************Velocity*********************
VX:  -0.01  VY:   0.01  VZ:   0.02  Fom: 0.01   *
*************************************************

================================================================================
Processed epoch: 185
Number of Satellites      gpsl1: 7
Total number of satellites: 7
=========================== LSE solution ============================================

Navigation status: GOOD_FOR_NAV
********************Time***************************
* Signal   tow(s)        Bias(ms)    Drift(ms/s) *
* gpsl1  518130.5250    10.2945      0.00147        *
***************************************************
********************DOP******************
* GDOP: 2.23  PDOP: 2.04  HDOP: 1.73    *
* VDOP: 1.09  TDOP: 0.90                *
*****************************************
********************Position********************************
* X: 2893053.45  Y: 1322506.63  Z: 5509748.64  Fom: 0.19   *
* dE:   0.00  dN:   0.00  dU:   0.00   *
************************************************************
********************Velocity*********************
VX:   0.04  VY:   0.02  VZ:   0.04  Fom: 0.01   *
*************************************************

================================================================================
Processed epoch: 186
Number of Satellites      gpsl1: 7
Total number of satellites: 7
=========================== LSE solution ============================================

Navigation status: GOOD_FOR_NAV
********************Time***************************
* Signal   tow(s)        Bias(ms)    Drift(ms/s) *
* gpsl1  518130.6250    10.2944      0.00147        *
***************************************************
********************DOP******************
* GDOP: 2.23  PDOP: 2.04  HDOP: 1.73    *
* VDOP: 1.09  TDOP: 0.90                *
*****************************************
********************Position********************************
* X: 2893053.38  Y: 1322506.60  Z: 5509748.52  Fom: 0.19   *
* dE:   0.00  dN:   0.00  dU:   0.00   *
************************************************************
********************Velocity*********************
VX:   0.00  VY:  -0.02  VZ:  -0.05  Fom: 0.01   *
*************************************************

================================================================================
Processed epoch: 187
Number of Satellites      gpsl1: 7
Total number of satellites: 7
=========================== LSE solution ============================================

Navigation status: GOOD_FOR_NAV
********************Time***************************
* Signal   tow(s)        Bias(ms)    Drift(ms/s) *
* gpsl1  518130.7250    10.2942      0.00147        *
***************************************************
********************DOP******************
* GDOP: 2.23  PDOP: 2.04  HDOP: 1.73    *
* VDOP: 1.09  TDOP: 0.90                *
*****************************************
********************Position********************************
* X: 2893053.36  Y: 1322506.56  Z: 5509748.44  Fom: 0.19   *
* dE:   0.00  dN:   0.00  dU:   0.00   *
************************************************************
********************Velocity*********************
VX:   0.07  VY:   0.01  VZ:   0.05  Fom: 0.02   *
*************************************************

================================================================================
Processed epoch: 188
Number of Satellites      gpsl1: 7
Total number of satellites: 7
=========================== LSE solution ============================================

Navigation status: GOOD_FOR_NAV
********************Time***************************
* Signal   tow(s)        Bias(ms)    Drift(ms/s) *
* gpsl1  518130.8250    10.2941      0.00147        *
***************************************************
********************DOP******************
* GDOP: 2.23  PDOP: 2.04  HDOP: 1.73    *
* VDOP: 1.09  TDOP: 0.90                *
*****************************************
********************Position********************************
* X: 2893053.40  Y: 1322506.55  Z: 5509748.45  Fom: 0.19   *
* dE:   0.00  dN:   0.00  dU:   0.00   *
************************************************************
********************Velocity*********************
VX:   0.01  VY:   0.01  VZ:   0.03  Fom: 0.01   *
*************************************************

================================================================================
Processed epoch: 189
Number of Satellites      gpsl1: 7
Total number of satellites: 7
=========================== LSE solution ============================================

Navigation status: GOOD_FOR_NAV
********************Time***************************
* Signal   tow(s)        Bias(ms)    Drift(ms/s) *
* gpsl1  518130.9250    10.2939      0.00147        *
***************************************************
********************DOP******************
* GDOP: 2.23  PDOP: 2.04  HDOP: 1.73    *
* VDOP: 1.09  TDOP: 0.90                *
*****************************************
********************Position********************************
* X: 2893053.42  Y: 1322506.54  Z: 5509748.51  Fom: 0.18   *
* dE:   0.00  dN:   0.00  dU:   0.00   *
************************************************************
********************Velocity*********************
VX:   0.01  VY:   0.01  VZ:   0.02  Fom: 0.01   *
*************************************************

================================================================================
Processed epoch: 190
Number of Satellites      gpsl1: 7
Total number of satellites: 7
=========================== LSE solution ============================================

Navigation status: GOOD_FOR_NAV
********************Time***************************
* Signal   tow(s)        Bias(ms)    Drift(ms/s) *
* gpsl1  518131.0250    10.2938      0.00147        *
***************************************************
********************DOP******************
* GDOP: 2.23  PDOP: 2.04  HDOP: 1.73    *
* VDOP: 1.09  TDOP: 0.90                *
*****************************************
********************Position********************************
* X: 2893053.48  Y: 1322506.51  Z: 5509748.51  Fom: 0.18   *
* dE:   0.00  dN:   0.00  dU:   0.00   *
************************************************************
********************Velocity*********************
VX:  -0.01  VY:   0.01  VZ:   0.05  Fom: 0.01   *
*************************************************

================================================================================
Processed epoch: 191
Number of Satellites      gpsl1: 7
Total number of satellites: 7
=========================== LSE solution ============================================

Navigation status: GOOD_FOR_NAV
********************Time***************************
* Signal   tow(s)        Bias(ms)    Drift(ms/s) *
* gpsl1  518131.1250    10.2936      0.00147        *
***************************************************
********************DOP******************
* GDOP: 2.23  PDOP: 2.04  HDOP: 1.73    *
* VDOP: 1.09  TDOP: 0.90                *
*****************************************
********************Position********************************
* X: 2893053.47  Y: 1322506.54  Z: 5509748.53  Fom: 0.19   *
* dE:   0.00  dN:   0.00  dU:   0.00   *
************************************************************
********************Velocity*********************
VX:   0.04  VY:  -0.00  VZ:  -0.02  Fom: 0.01   *
*************************************************

================================================================================
Processed epoch: 192
Number of Satellites      gpsl1: 7
Total number of satellites: 7
=========================== LSE solution ============================================

Navigation status: GOOD_FOR_NAV
********************Time***************************
* Signal   tow(s)        Bias(ms)    Drift(ms/s) *
* gpsl1  518131.2250    10.2935      0.00147        *
***************************************************
********************DOP******************
* GDOP: 2.23  PDOP: 2.04  HDOP: 1.73    *
* VDOP: 1.09  TDOP: 0.90                *
*****************************************
********************Position********************************
* X: 2893053.42  Y: 1322506.55  Z: 5509748.58  Fom: 0.19   *
* dE:   0.00  dN:   0.00  dU:   0.00   *
************************************************************
********************Velocity*********************
VX:  -0.00  VY:   0.01  VZ:   0.04  Fom: 0.01   *
*************************************************

================================================================================
Processed epoch: 193
Number of Satellites      gpsl1: 7
Total number of satellites: 7
=========================== LSE solution ============================================

Navigation status: GOOD_FOR_NAV
********************Time***************************
* Signal   tow(s)        Bias(ms)    Drift(ms/s) *
* gpsl1  518131.3250    10.2933      0.00147        *
***************************************************
********************DOP******************
* GDOP: 2.23  PDOP: 2.04  HDOP: 1.73    *
* VDOP: 1.09  TDOP: 0.90                *
*****************************************
********************Position********************************
* X: 2893053.43  Y: 1322506.54  Z: 5509748.56  Fom: 0.18   *
* dE:   0.00  dN:   0.00  dU:   0.00   *
************************************************************
********************Velocity*********************
VX:   0.01  VY:  -0.00  VZ:   0.01  Fom: 0.00   *
*************************************************

================================================================================
Processed epoch: 194
Number of Satellites      gpsl1: 7
Total number of satellites: 7
=========================== LSE solution ============================================

Navigation status: GOOD_FOR_NAV
********************Time***************************
* Signal   tow(s)        Bias(ms)    Drift(ms/s) *
* gpsl1  518131.4250    10.2932      0.00147        *
***************************************************
********************DOP******************
* GDOP: 2.23  PDOP: 2.04  HDOP: 1.73    *
* VDOP: 1.09  TDOP: 0.90                *
*****************************************
********************Position********************************
* X: 2893053.46  Y: 1322506.54  Z: 5509748.41  Fom: 0.18   *
* dE:   0.00  dN:   0.00  dU:   0.00   *
************************************************************
********************Velocity*********************
VX:   0.02  VY:   0.02  VZ:  -0.05  Fom: 0.01   *
*************************************************

================================================================================
Processed epoch: 195
Number of Satellites      gpsl1: 7
Total number of satellites: 7
=========================== LSE solution ============================================

Navigation status: GOOD_FOR_NAV
********************Time***************************
* Signal   tow(s)        Bias(ms)    Drift(ms/s) *
* gpsl1  518131.5250    10.2930      0.00147        *
***************************************************
********************DOP******************
* GDOP: 2.23  PDOP: 2.04  HDOP: 1.73    *
* VDOP: 1.09  TDOP: 0.90                *
*****************************************
********************Position********************************
* X: 2893053.42  Y: 1322506.51  Z: 5509748.28  Fom: 0.20   *
* dE:   0.00  dN:   0.00  dU:   0.00   *
************************************************************
********************Velocity*********************
VX:   0.02  VY:   0.02  VZ:   0.04  Fom: 0.01   *
*************************************************

================================================================================
Processed epoch: 196
Number of Satellites      gpsl1: 7
Total number of satellites: 7
=========================== LSE solution ============================================

Navigation status: GOOD_FOR_NAV
********************Time***************************
* Signal   tow(s)        Bias(ms)    Drift(ms/s) *
* gpsl1  518131.6250    10.2929      0.00147        *
***************************************************
********************DOP******************
* GDOP: 2.23  PDOP: 2.04  HDOP: 1.73    *
* VDOP: 1.09  TDOP: 0.90                *
*****************************************
********************Position********************************
* X: 2893053.38  Y: 1322506.50  Z: 5509748.25  Fom: 0.20   *
* dE:   0.00  dN:   0.00  dU:   0.00   *
************************************************************
********************Velocity*********************
VX:  -0.01  VY:  -0.03  VZ:  -0.05  Fom: 0.01   *
*************************************************

================================================================================
Processed epoch: 197
Number of Satellites      gpsl1: 7
Total number of satellites: 7
=========================== LSE solution ============================================

Navigation status: GOOD_FOR_NAV
********************Time***************************
* Signal   tow(s)        Bias(ms)    Drift(ms/s) *
* gpsl1  518131.7250    10.2927      0.00147        *
***************************************************
********************DOP******************
* GDOP: 2.23  PDOP: 2.04  HDOP: 1.73    *
* VDOP: 1.09  TDOP: 0.90                *
*****************************************
********************Position********************************
* X: 2893053.36  Y: 1322506.50  Z: 5509748.22  Fom: 0.21   *
* dE:   0.00  dN:   0.00  dU:   0.00   *
************************************************************
********************Velocity*********************
VX:   0.02  VY:   0.02  VZ:  -0.00  Fom: 0.01   *
*************************************************

================================================================================
Processed epoch: 198
Number of Satellites      gpsl1: 7
Total number of satellites: 7
=========================== LSE solution ============================================

Navigation status: GOOD_FOR_NAV
********************Time***************************
* Signal   tow(s)        Bias(ms)    Drift(ms/s) *
* gpsl1  518131.8250    10.2926      0.00147        *
***************************************************
********************DOP******************
* GDOP: 2.23  PDOP: 2.04  HDOP: 1.73    *
* VDOP: 1.09  TDOP: 0.90                *
*****************************************
********************Position********************************
* X: 2893053.37  Y: 1322506.55  Z: 5509748.25  Fom: 0.21   *
* dE:   0.00  dN:   0.00  dU:   0.00   *
************************************************************
********************Velocity*********************
VX:  -0.00  VY:   0.00  VZ:  -0.01  Fom: 0.00   *
*************************************************

================================================================================
Processed epoch: 199
Number of Satellites      gpsl1: 7
Total number of satellites: 7
=========================== LSE solution ============================================

Navigation status: GOOD_FOR_NAV
********************Time***************************
* Signal   tow(s)        Bias(ms)    Drift(ms/s) *
* gpsl1  518131.9250    10.2925      0.00147        *
***************************************************
********************DOP******************
* GDOP: 2.23  PDOP: 2.04  HDOP: 1.73    *
* VDOP: 1.09  TDOP: 0.90                *
*****************************************
********************Position********************************
* X: 2893053.38  Y: 1322506.59  Z: 5509748.23  Fom: 0.20   *
* dE:   0.00  dN:   0.00  dU:   0.00   *
************************************************************
********************Velocity*********************
VX:   0.01  VY:   0.01  VZ:   0.05  Fom: 0.01   *
*************************************************

================================================================================
Processed epoch: 200
Number of Satellites      gpsl1: 7
Total number of satellites: 7
=========================== LSE solution ============================================

Navigation status: GOOD_FOR_NAV
********************Time***************************
* Signal   tow(s)        Bias(ms)    Drift(ms/s) *
* gpsl1  518132.0250    10.2923      0.00147        *
***************************************************
********************DOP******************
* GDOP: 2.23  PDOP: 2.04  HDOP: 1.73    *
* VDOP: 1.09  TDOP: 0.90                *
*****************************************
********************Position********************************
* X: 2893053.41  Y: 1322506.56  Z: 5509748.39  Fom: 0.19   *
* dE:   0.00  dN:   0.00  dU:   0.00   *
************************************************************
********************Velocity*********************
VX:  -0.01  VY:  -0.01  VZ:   0.00  Fom: 0.01   *
*************************************************

================================================================================
Processed epoch: 201
Number of Satellites      gpsl1: 7
Total number of satellites: 7
=========================== LSE solution ============================================

Navigation status: GOOD_FOR_NAV
********************Time***************************
* Signal   tow(s)        Bias(ms)    Drift(ms/s) *
* gpsl1  518132.1250    10.2922      0.00147        *
***************************************************
********************DOP******************
* GDOP: 2.23  PDOP: 2.04  HDOP: 1.73    *
* VDOP: 1.09  TDOP: 0.90                *
*****************************************
********************Position********************************
* X: 2893053.39  Y: 1322506.56  Z: 5509748.27  Fom: 0.21   *
* dE:   0.00  dN:   0.00  dU:   0.00   *
************************************************************
********************Velocity*********************
VX:  -0.00  VY:  -0.01  VZ:   0.04  Fom: 0.01   *
*************************************************

================================================================================
Processed epoch: 202
Number of Satellites      gpsl1: 7
Total number of satellites: 7
=========================== LSE solution ============================================

Navigation status: GOOD_FOR_NAV
********************Time***************************
* Signal   tow(s)        Bias(ms)    Drift(ms/s) *
* gpsl1  518132.2250    10.2920      0.00147        *
***************************************************
********************DOP******************
* GDOP: 2.23  PDOP: 2.04  HDOP: 1.73    *
* VDOP: 1.09  TDOP: 0.90                *
*****************************************
********************Position********************************
* X: 2893053.39  Y: 1322506.58  Z: 5509748.31  Fom: 0.21   *
* dE:   0.00  dN:   0.00  dU:   0.00   *
************************************************************
********************Velocity*********************
VX:  -0.00  VY:  -0.03  VZ:  -0.03  Fom: 0.01   *
*************************************************

================================================================================
Processed epoch: 203
Number of Satellites      gpsl1: 7
Total number of satellites: 7
=========================== LSE solution ============================================

Navigation status: GOOD_FOR_NAV
********************Time***************************
* Signal   tow(s)        Bias(ms)    Drift(ms/s) *
* gpsl1  518132.3250    10.2919      0.00147        *
***************************************************
********************DOP******************
* GDOP: 2.23  PDOP: 2.04  HDOP: 1.73    *
* VDOP: 1.08  TDOP: 0.90                *
*****************************************
********************Position********************************
* X: 2893053.41  Y: 1322506.53  Z: 5509748.30  Fom: 0.19   *
* dE:   0.00  dN:   0.00  dU:   0.00   *
************************************************************
********************Velocity*********************
VX:  -0.01  VY:   0.00  VZ:   0.03  Fom: 0.01   *
*************************************************

================================================================================
Processed epoch: 204
Number of Satellites      gpsl1: 7
Total number of satellites: 7
=========================== LSE solution ============================================

Navigation status: GOOD_FOR_NAV
********************Time***************************
* Signal   tow(s)        Bias(ms)    Drift(ms/s) *
* gpsl1  518132.4250    10.2917      0.00147        *
***************************************************
********************DOP******************
* GDOP: 2.23  PDOP: 2.04  HDOP: 1.73    *
* VDOP: 1.08  TDOP: 0.90                *
*****************************************
********************Position********************************
* X: 2893053.38  Y: 1322506.51  Z: 5509748.33  Fom: 0.20   *
* dE:   0.00  dN:   0.00  dU:   0.00   *
************************************************************
********************Velocity*********************
VX:   0.00  VY:   0.01  VZ:   0.01  Fom: 0.01   *
*************************************************

================================================================================
Processed epoch: 205
Number of Satellites      gpsl1: 7
Total number of satellites: 7
=========================== LSE solution ============================================

Navigation status: GOOD_FOR_NAV
********************Time***************************
* Signal   tow(s)        Bias(ms)    Drift(ms/s) *
* gpsl1  518132.5250    10.2916      0.00147        *
***************************************************
********************DOP******************
* GDOP: 2.23  PDOP: 2.04  HDOP: 1.73    *
* VDOP: 1.08  TDOP: 0.90                *
*****************************************
********************Position********************************
* X: 2893053.34  Y: 1322506.55  Z: 5509748.35  Fom: 0.19   *
* dE:   0.00  dN:   0.00  dU:   0.00   *
************************************************************
********************Velocity*********************
VX:   0.02  VY:   0.02  VZ:   0.07  Fom: 0.01   *
*************************************************

================================================================================
Processed epoch: 206
Number of Satellites      gpsl1: 7
Total number of satellites: 7
=========================== LSE solution ============================================

Navigation status: GOOD_FOR_NAV
********************Time***************************
* Signal   tow(s)        Bias(ms)    Drift(ms/s) *
* gpsl1  518132.6250    10.2914      0.00147        *
***************************************************
********************DOP******************
* GDOP: 2.23  PDOP: 2.04  HDOP: 1.73    *
* VDOP: 1.08  TDOP: 0.90                *
*****************************************
********************Position********************************
* X: 2893053.35  Y: 1322506.53  Z: 5509748.41  Fom: 0.19   *
* dE:   0.00  dN:   0.00  dU:   0.00   *
************************************************************
********************Velocity*********************
VX:   0.04  VY:   0.01  VZ:   0.09  Fom: 0.02   *
*************************************************

================================================================================
Processed epoch: 207
Number of Satellites      gpsl1: 7
Total number of satellites: 7
=========================== LSE solution ============================================

Navigation status: GOOD_FOR_NAV
********************Time***************************
* Signal   tow(s)        Bias(ms)    Drift(ms/s) *
* gpsl1  518132.7250    10.2913      0.00147        *
***************************************************
********************DOP******************
* GDOP: 2.23  PDOP: 2.04  HDOP: 1.73    *
* VDOP: 1.08  TDOP: 0.90                *
*****************************************
********************Position********************************
* X: 2893053.37  Y: 1322506.53  Z: 5509748.24  Fom: 0.19   *
* dE:   0.00  dN:   0.00  dU:   0.00   *
************************************************************
********************Velocity*********************
VX:   0.03  VY:  -0.02  VZ:   0.03  Fom: 0.01   *
*************************************************

================================================================================
Processed epoch: 208
Number of Satellites      gpsl1: 7
Total number of satellites: 7
=========================== LSE solution ============================================

Navigation status: GOOD_FOR_NAV
********************Time***************************
* Signal   tow(s)        Bias(ms)    Drift(ms/s) *
* gpsl1  518132.8250    10.2911      0.00147        *
***************************************************
********************DOP******************
* GDOP: 2.23  PDOP: 2.04  HDOP: 1.73    *
* VDOP: 1.08  TDOP: 0.90                *
*****************************************
********************Position********************************
* X: 2893053.34  Y: 1322506.51  Z: 5509748.25  Fom: 0.19   *
* dE:   0.00  dN:   0.00  dU:   0.00   *
************************************************************
********************Velocity*********************
VX:   0.02  VY:   0.02  VZ:  -0.01  Fom: 0.01   *
*************************************************

================================================================================
Processed epoch: 209
Number of Satellites      gpsl1: 7
Total number of satellites: 7
=========================== LSE solution ============================================

Navigation status: GOOD_FOR_NAV
********************Time***************************
* Signal   tow(s)        Bias(ms)    Drift(ms/s) *
* gpsl1  518132.9250    10.2910      0.00147        *
***************************************************
********************DOP******************
* GDOP: 2.23  PDOP: 2.04  HDOP: 1.73    *
* VDOP: 1.08  TDOP: 0.90                *
*****************************************
********************Position********************************
* X: 2893053.40  Y: 1322506.51  Z: 5509748.27  Fom: 0.20   *
* dE:   0.00  dN:   0.00  dU:   0.00   *
************************************************************
********************Velocity*********************
VX:   0.01  VY:   0.05  VZ:   0.01  Fom: 0.01   *
*************************************************

================================================================================
Processed epoch: 210
Number of Satellites      gpsl1: 7
Total number of satellites: 7
=========================== LSE solution ============================================

Navigation status: GOOD_FOR_NAV
********************Time***************************
* Signal   tow(s)        Bias(ms)    Drift(ms/s) *
* gpsl1  518133.0250    10.2908      0.00147        *
***************************************************
********************DOP******************
* GDOP: 2.23  PDOP: 2.04  HDOP: 1.73    *
* VDOP: 1.08  TDOP: 0.90                *
*****************************************
********************Position********************************
* X: 2893053.40  Y: 1322506.50  Z: 5509748.35  Fom: 0.21   *
* dE:   0.00  dN:   0.00  dU:   0.00   *
************************************************************
********************Velocity*********************
VX:  -0.01  VY:  -0.03  VZ:  -0.06  Fom: 0.02   *
*************************************************

================================================================================
Processed epoch: 211
Number of Satellites      gpsl1: 7
Total number of satellites: 7
=========================== LSE solution ============================================

Navigation status: GOOD_FOR_NAV
********************Time***************************
* Signal   tow(s)        Bias(ms)    Drift(ms/s) *
* gpsl1  518133.1250    10.2907      0.00147        *
***************************************************
********************DOP******************
* GDOP: 2.23  PDOP: 2.04  HDOP: 1.73    *
* VDOP: 1.08  TDOP: 0.90                *
*****************************************
********************Position********************************
* X: 2893053.40  Y: 1322506.50  Z: 5509748.36  Fom: 0.21   *
* dE:   0.00  dN:   0.00  dU:   0.00   *
************************************************************
********************Velocity*********************
VX:  -0.02  VY:  -0.00  VZ:   0.00  Fom: 0.01   *
*************************************************

================================================================================
Processed epoch: 212
Number of Satellites      gpsl1: 7
Total number of satellites: 7
=========================== LSE solution ============================================

Navigation status: GOOD_FOR_NAV
********************Time***************************
* Signal   tow(s)        Bias(ms)    Drift(ms/s) *
* gpsl1  518133.2250    10.2906      0.00147        *
***************************************************
********************DOP******************
* GDOP: 2.23  PDOP: 2.04  HDOP: 1.73    *
* VDOP: 1.08  TDOP: 0.90                *
*****************************************
********************Position********************************
* X: 2893053.40  Y: 1322506.52  Z: 5509748.39  Fom: 0.20   *
* dE:   0.00  dN:   0.00  dU:   0.00   *
************************************************************
********************Velocity*********************
VX:  -0.02  VY:   0.01  VZ:   0.01  Fom: 0.01   *
*************************************************

================================================================================
Processed epoch: 213
Number of Satellites      gpsl1: 7
Total number of satellites: 7
=========================== LSE solution ============================================

Navigation status: GOOD_FOR_NAV
********************Time***************************
* Signal   tow(s)        Bias(ms)    Drift(ms/s) *
* gpsl1  518133.3250    10.2904      0.00147        *
***************************************************
********************DOP******************
* GDOP: 2.23  PDOP: 2.04  HDOP: 1.73    *
* VDOP: 1.08  TDOP: 0.90                *
*****************************************
********************Position********************************
* X: 2893053.43  Y: 1322506.55  Z: 5509748.39  Fom: 0.20   *
* dE:   0.00  dN:   0.00  dU:   0.00   *
************************************************************
********************Velocity*********************
VX:   0.02  VY:   0.02  VZ:   0.01  Fom: 0.01   *
*************************************************

================================================================================
Processed epoch: 214
Number of Satellites      gpsl1: 7
Total number of satellites: 7
=========================== LSE solution ============================================

Navigation status: GOOD_FOR_NAV
********************Time***************************
* Signal   tow(s)        Bias(ms)    Drift(ms/s) *
* gpsl1  518133.4250    10.2903      0.00147        *
***************************************************
********************DOP******************
* GDOP: 2.23  PDOP: 2.04  HDOP: 1.73    *
* VDOP: 1.08  TDOP: 0.90                *
*****************************************
********************Position********************************
* X: 2893053.41  Y: 1322506.55  Z: 5509748.39  Fom: 0.19   *
* dE:   0.00  dN:   0.00  dU:   0.00   *
************************************************************
********************Velocity*********************
VX:   0.02  VY:  -0.01  VZ:  -0.05  Fom: 0.01   *
*************************************************

================================================================================
Processed epoch: 215
Number of Satellites      gpsl1: 7
Total number of satellites: 7
=========================== LSE solution ============================================

Navigation status: GOOD_FOR_NAV
********************Time***************************
* Signal   tow(s)        Bias(ms)    Drift(ms/s) *
* gpsl1  518133.5250    10.2901      0.00147        *
***************************************************
********************DOP******************
* GDOP: 2.23  PDOP: 2.04  HDOP: 1.73    *
* VDOP: 1.08  TDOP: 0.90                *
*****************************************
********************Position********************************
* X: 2893053.45  Y: 1322506.54  Z: 5509748.48  Fom: 0.19   *
* dE:   0.00  dN:   0.00  dU:   0.00   *
************************************************************
********************Velocity*********************
VX:   0.01  VY:   0.01  VZ:  -0.06  Fom: 0.01   *
*************************************************

================================================================================
Processed epoch: 216
Number of Satellites      gpsl1: 7
Total number of satellites: 7
=========================== LSE solution ============================================

Navigation status: GOOD_FOR_NAV
********************Time***************************
* Signal   tow(s)        Bias(ms)    Drift(ms/s) *
* gpsl1  518133.6250    10.2900      0.00147        *
***************************************************
********************DOP******************
* GDOP: 2.23  PDOP: 2.04  HDOP: 1.73    *
* VDOP: 1.08  TDOP: 0.90                *
*****************************************
********************Position********************************
* X: 2893053.43  Y: 1322506.48  Z: 5509748.31  Fom: 0.20   *
* dE:   0.00  dN:   0.00  dU:   0.00   *
************************************************************
********************Velocity*********************
VX:   0.00  VY:  -0.01  VZ:  -0.02  Fom: 0.01   *
*************************************************

================================================================================
Processed epoch: 217
Number of Satellites      gpsl1: 7
Total number of satellites: 7
=========================== LSE solution ============================================

Navigation status: GOOD_FOR_NAV
********************Time***************************
* Signal   tow(s)        Bias(ms)    Drift(ms/s) *
* gpsl1  518133.7250    10.2898      0.00147        *
***************************************************
********************DOP******************
* GDOP: 2.23  PDOP: 2.04  HDOP: 1.73    *
* VDOP: 1.08  TDOP: 0.90                *
*****************************************
********************Position********************************
* X: 2893053.40  Y: 1322506.49  Z: 5509748.27  Fom: 0.18   *
* dE:   0.00  dN:   0.00  dU:   0.00   *
************************************************************
********************Velocity*********************
VX:  -0.00  VY:  -0.01  VZ:  -0.02  Fom: 0.01   *
*************************************************

================================================================================
Processed epoch: 218
Number of Satellites      gpsl1: 7
Total number of satellites: 7
=========================== LSE solution ============================================

Navigation status: GOOD_FOR_NAV
********************Time***************************
* Signal   tow(s)        Bias(ms)    Drift(ms/s) *
* gpsl1  518133.8250    10.2897      0.00147        *
***************************************************
********************DOP******************
* GDOP: 2.23  PDOP: 2.04  HDOP: 1.73    *
* VDOP: 1.08  TDOP: 0.90                *
*****************************************
********************Position********************************
* X: 2893053.42  Y: 1322506.47  Z: 5509748.22  Fom: 0.20   *
* dE:   0.00  dN:   0.00  dU:   0.00   *
************************************************************
********************Velocity*********************
VX:  -0.00  VY:   0.03  VZ:   0.01  Fom: 0.01   *
*************************************************

================================================================================
Processed epoch: 219
Number of Satellites      gpsl1: 7
Total number of satellites: 7
=========================== LSE solution ============================================

Navigation status: GOOD_FOR_NAV
********************Time***************************
* Signal   tow(s)        Bias(ms)    Drift(ms/s) *
* gpsl1  518133.9250    10.2895      0.00147        *
***************************************************
********************DOP******************
* GDOP: 2.23  PDOP: 2.04  HDOP: 1.73    *
* VDOP: 1.08  TDOP: 0.90                *
*****************************************
********************Position********************************
* X: 2893053.41  Y: 1322506.47  Z: 5509748.26  Fom: 0.20   *
* dE:   0.00  dN:   0.00  dU:   0.00   *
************************************************************
********************Velocity*********************
VX:   0.00  VY:   0.00  VZ:   0.00  Fom: 0.00   *
*************************************************

================================================================================
Processed epoch: 220
Number of Satellites      gpsl1: 7
Total number of satellites: 7
=========================== LSE solution ============================================

Navigation status: GOOD_FOR_NAV
********************Time***************************
* Signal   tow(s)        Bias(ms)    Drift(ms/s) *
* gpsl1  518134.0250    10.2894      0.00147        *
***************************************************
********************DOP******************
* GDOP: 2.23  PDOP: 2.04  HDOP: 1.73    *
* VDOP: 1.08  TDOP: 0.90                *
*****************************************
********************Position********************************
* X: 2893053.47  Y: 1322506.48  Z: 5509748.26  Fom: 0.20   *
* dE:   0.00  dN:   0.00  dU:   0.00   *
************************************************************
********************Velocity*********************
VX:  -0.00  VY:  -0.00  VZ:   0.05  Fom: 0.01   *
*************************************************

================================================================================
Processed epoch: 221
Number of Satellites      gpsl1: 7
Total number of satellites: 7
=========================== LSE solution ============================================

Navigation status: GOOD_FOR_NAV
********************Time***************************
* Signal   tow(s)        Bias(ms)    Drift(ms/s) *
* gpsl1  518134.1250    10.2892      0.00147        *
***************************************************
********************DOP******************
* GDOP: 2.23  PDOP: 2.04  HDOP: 1.73    *
* VDOP: 1.08  TDOP: 0.90                *
*****************************************
********************Position********************************
* X: 2893053.48  Y: 1322506.49  Z: 5509748.33  Fom: 0.19   *
* dE:   0.00  dN:   0.00  dU:   0.00   *
************************************************************
********************Velocity*********************
VX:   0.02  VY:   0.02  VZ:   0.05  Fom: 0.01   *
*************************************************

================================================================================
Processed epoch: 222
Number of Satellites      gpsl1: 7
Total number of satellites: 7
=========================== LSE solution ============================================

Navigation status: GOOD_FOR_NAV
********************Time***************************
* Signal   tow(s)        Bias(ms)    Drift(ms/s) *
* gpsl1  518134.2250    10.2891      0.00147        *
***************************************************
********************DOP******************
* GDOP: 2.23  PDOP: 2.04  HDOP: 1.73    *
* VDOP: 1.08  TDOP: 0.90                *
*****************************************
********************Position********************************
* X: 2893053.46  Y: 1322506.48  Z: 5509748.28  Fom: 0.19   *
* dE:   0.00  dN:   0.00  dU:   0.00   *
************************************************************
********************Velocity*********************
VX:  -0.01  VY:  -0.03  VZ:  -0.05  Fom: 0.01   *
*************************************************

================================================================================
Processed epoch: 223
Number of Satellites      gpsl1: 7
Total number of satellites: 7
=========================== LSE solution ============================================

Navigation status: GOOD_FOR_NAV
********************Time***************************
* Signal   tow(s)        Bias(ms)    Drift(ms/s) *
* gpsl1  518134.3250    10.2889      0.00147        *
***************************************************
********************DOP******************
* GDOP: 2.23  PDOP: 2.04  HDOP: 1.73    *
* VDOP: 1.08  TDOP: 0.90                *
*****************************************
********************Position********************************
* X: 2893053.48  Y: 1322506.54  Z: 5509748.37  Fom: 0.20   *
* dE:   0.00  dN:   0.00  dU:   0.00   *
************************************************************
********************Velocity*********************
VX:   0.02  VY:   0.01  VZ:   0.02  Fom: 0.01   *
*************************************************

================================================================================
Processed epoch: 224
Number of Satellites      gpsl1: 7
Total number of satellites: 7
=========================== LSE solution ============================================

Navigation status: GOOD_FOR_NAV
********************Time***************************
* Signal   tow(s)        Bias(ms)    Drift(ms/s) *
* gpsl1  518134.4250    10.2888      0.00147        *
***************************************************
********************DOP******************
* GDOP: 2.23  PDOP: 2.04  HDOP: 1.73    *
* VDOP: 1.08  TDOP: 0.90                *
*****************************************
********************Position********************************
* X: 2893053.47  Y: 1322506.58  Z: 5509748.36  Fom: 0.20   *
* dE:   0.00  dN:   0.00  dU:   0.00   *
************************************************************
********************Velocity*********************
VX:   0.00  VY:   0.01  VZ:  -0.01  Fom: 0.01   *
*************************************************

================================================================================
Processed epoch: 225
Number of Satellites      gpsl1: 7
Total number of satellites: 7
=========================== LSE solution ============================================

Navigation status: GOOD_FOR_NAV
********************Time***************************
* Signal   tow(s)        Bias(ms)    Drift(ms/s) *
* gpsl1  518134.5250    10.2887      0.00147        *
***************************************************
********************DOP******************
* GDOP: 2.23  PDOP: 2.04  HDOP: 1.73    *
* VDOP: 1.08  TDOP: 0.90                *
*****************************************
********************Position********************************
* X: 2893053.47  Y: 1322506.64  Z: 5509748.52  Fom: 0.18   *
* dE:   0.00  dN:   0.00  dU:   0.00   *
************************************************************
********************Velocity*********************
VX:  -0.00  VY:  -0.01  VZ:   0.04  Fom: 0.01   *
*************************************************

================================================================================
Processed epoch: 226
Number of Satellites      gpsl1: 7
Total number of satellites: 7
=========================== LSE solution ============================================

Navigation status: GOOD_FOR_NAV
********************Time***************************
* Signal   tow(s)        Bias(ms)    Drift(ms/s) *
* gpsl1  518134.6250    10.2885      0.00147        *
***************************************************
********************DOP******************
* GDOP: 2.23  PDOP: 2.04  HDOP: 1.73    *
* VDOP: 1.08  TDOP: 0.90                *
*****************************************
********************Position********************************
* X: 2893053.48  Y: 1322506.59  Z: 5509748.53  Fom: 0.17   *
* dE:   0.00  dN:   0.00  dU:   0.00   *
************************************************************
********************Velocity*********************
VX:  -0.03  VY:  -0.03  VZ:  -0.02  Fom: 0.02   *
*************************************************

================================================================================
Processed epoch: 227
Number of Satellites      gpsl1: 7
Total number of satellites: 7
=========================== LSE solution ============================================

Navigation status: GOOD_FOR_NAV
********************Time***************************
* Signal   tow(s)        Bias(ms)    Drift(ms/s) *
* gpsl1  518134.7250    10.2884      0.00147        *
***************************************************
********************DOP******************
* GDOP: 2.23  PDOP: 2.04  HDOP: 1.73    *
* VDOP: 1.08  TDOP: 0.90                *
*****************************************
********************Position********************************
* X: 2893053.50  Y: 1322506.67  Z: 5509748.65  Fom: 0.17   *
* dE:   0.00  dN:   0.00  dU:   0.00   *
************************************************************
********************Velocity*********************
VX:   0.04  VY:   0.03  VZ:   0.04  Fom: 0.01   *
*************************************************

================================================================================
Processed epoch: 228
Number of Satellites      gpsl1: 7
Total number of satellites: 7
=========================== LSE solution ============================================

Navigation status: GOOD_FOR_NAV
********************Time***************************
* Signal   tow(s)        Bias(ms)    Drift(ms/s) *
* gpsl1  518134.8250    10.2882      0.00147        *
***************************************************
********************DOP******************
* GDOP: 2.23  PDOP: 2.04  HDOP: 1.73    *
* VDOP: 1.08  TDOP: 0.90                *
*****************************************
********************Position********************************
* X: 2893053.50  Y: 1322506.66  Z: 5509748.68  Fom: 0.18   *
* dE:   0.00  dN:   0.00  dU:   0.00   *
************************************************************
********************Velocity*********************
VX:  -0.00  VY:   0.03  VZ:   0.03  Fom: 0.01   *
*************************************************

================================================================================
Processed epoch: 229
Number of Satellites      gpsl1: 7
Total number of satellites: 7
=========================== LSE solution ============================================

Navigation status: GOOD_FOR_NAV
********************Time***************************
* Signal   tow(s)        Bias(ms)    Drift(ms/s) *
* gpsl1  518134.9250    10.2881      0.00147        *
***************************************************
********************DOP******************
* GDOP: 2.23  PDOP: 2.04  HDOP: 1.73    *
* VDOP: 1.08  TDOP: 0.90                *
*****************************************
********************Position********************************
* X: 2893053.47  Y: 1322506.70  Z: 5509748.68  Fom: 0.19   *
* dE:   0.00  dN:   0.00  dU:   0.00   *
************************************************************
********************Velocity*********************
VX:   0.02  VY:   0.00  VZ:   0.07  Fom: 0.01   *
*************************************************

================================================================================
Processed epoch: 230
Number of Satellites      gpsl1: 7
Total number of satellites: 7
=========================== LSE solution ============================================

Navigation status: GOOD_FOR_NAV
********************Time***************************
* Signal   tow(s)        Bias(ms)    Drift(ms/s) *
* gpsl1  518135.0250    10.2879      0.00147        *
***************************************************
********************DOP******************
* GDOP: 2.23  PDOP: 2.04  HDOP: 1.73    *
* VDOP: 1.08  TDOP: 0.90                *
*****************************************
********************Position********************************
* X: 2893053.46  Y: 1322506.70  Z: 5509748.68  Fom: 0.19   *
* dE:   0.00  dN:   0.00  dU:   0.00   *
************************************************************
********************Velocity*********************
VX:   0.01  VY:   0.01  VZ:   0.02  Fom: 0.01   *
*************************************************

================================================================================
Processed epoch: 231
Number of Satellites      gpsl1: 7
Total number of satellites: 7
=========================== LSE solution ============================================

Navigation status: GOOD_FOR_NAV
********************Time***************************
* Signal   tow(s)        Bias(ms)    Drift(ms/s) *
* gpsl1  518135.1250    10.2878      0.00147        *
***************************************************
********************DOP******************
* GDOP: 2.23  PDOP: 2.04  HDOP: 1.73    *
* VDOP: 1.08  TDOP: 0.90                *
*****************************************
********************Position********************************
* X: 2893053.46  Y: 1322506.69  Z: 5509748.67  Fom: 0.19   *
* dE:   0.00  dN:   0.00  dU:   0.00   *
************************************************************
********************Velocity*********************
VX:   0.00  VY:   0.00  VZ:   0.05  Fom: 0.01   *
*************************************************

================================================================================
Processed epoch: 232
Number of Satellites      gpsl1: 7
Total number of satellites: 7
=========================== LSE solution ============================================

Navigation status: GOOD_FOR_NAV
********************Time***************************
* Signal   tow(s)        Bias(ms)    Drift(ms/s) *
* gpsl1  518135.2250    10.2876      0.00147        *
***************************************************
********************DOP******************
* GDOP: 2.23  PDOP: 2.04  HDOP: 1.73    *
* VDOP: 1.08  TDOP: 0.90                *
*****************************************
********************Position********************************
* X: 2893053.46  Y: 1322506.73  Z: 5509748.79  Fom: 0.20   *
* dE:   0.00  dN:   0.00  dU:   0.00   *
************************************************************
********************Velocity*********************
VX:   0.01  VY:   0.01  VZ:   0.01  Fom: 0.00   *
*************************************************

================================================================================
Processed epoch: 233
Number of Satellites      gpsl1: 7
Total number of satellites: 7
=========================== LSE solution ============================================

Navigation status: GOOD_FOR_NAV
********************Time***************************
* Signal   tow(s)        Bias(ms)    Drift(ms/s) *
* gpsl1  518135.3250    10.2875      0.00147        *
***************************************************
********************DOP******************
* GDOP: 2.23  PDOP: 2.04  HDOP: 1.73    *
* VDOP: 1.08  TDOP: 0.90                *
*****************************************
********************Position********************************
* X: 2893053.47  Y: 1322506.74  Z: 5509748.92  Fom: 0.19   *
* dE:   0.00  dN:   0.00  dU:   0.00   *
************************************************************
********************Velocity*********************
VX:  -0.01  VY:  -0.01  VZ:   0.01  Fom: 0.01   *
*************************************************

================================================================================
Processed epoch: 234
Number of Satellites      gpsl1: 7
Total number of satellites: 7
=========================== LSE solution ============================================

Navigation status: GOOD_FOR_NAV
********************Time***************************
* Signal   tow(s)        Bias(ms)    Drift(ms/s) *
* gpsl1  518135.4250    10.2873      0.00147        *
***************************************************
********************DOP******************
* GDOP: 2.23  PDOP: 2.04  HDOP: 1.73    *
* VDOP: 1.08  TDOP: 0.90                *
*****************************************
********************Position********************************
* X: 2893053.52  Y: 1322506.74  Z: 5509748.79  Fom: 0.19   *
* dE:   0.00  dN:   0.00  dU:   0.00   *
************************************************************
********************Velocity*********************
VX:  -0.01  VY:  -0.02  VZ:  -0.05  Fom: 0.01   *
*************************************************

================================================================================
Processed epoch: 235
Number of Satellites      gpsl1: 7
Total number of satellites: 7
=========================== LSE solution ============================================

Navigation status: GOOD_FOR_NAV
********************Time***************************
* Signal   tow(s)        Bias(ms)    Drift(ms/s) *
* gpsl1  518135.5250    10.2872      0.00147        *
***************************************************
********************DOP******************
* GDOP: 2.23  PDOP: 2.04  HDOP: 1.73    *
* VDOP: 1.08  TDOP: 0.90                *
*****************************************
********************Position********************************
* X: 2893053.53  Y: 1322506.71  Z: 5509748.82  Fom: 0.21   *
* dE:   0.00  dN:   0.00  dU:   0.00   *
************************************************************
********************Velocity*********************
VX:   0.03  VY:   0.04  VZ:  -0.02  Fom: 0.02   *
*************************************************

================================================================================
Processed epoch: 236
Number of Satellites      gpsl1: 7
Total number of satellites: 7
=========================== LSE solution ============================================

Navigation status: GOOD_FOR_NAV
********************Time***************************
* Signal   tow(s)        Bias(ms)    Drift(ms/s) *
* gpsl1  518135.6250    10.2870      0.00147        *
***************************************************
********************DOP******************
* GDOP: 2.23  PDOP: 2.04  HDOP: 1.73    *
* VDOP: 1.08  TDOP: 0.90                *
*****************************************
********************Position********************************
* X: 2893053.57  Y: 1322506.70  Z: 5509748.94  Fom: 0.20   *
* dE:   0.00  dN:   0.00  dU:   0.00   *
************************************************************
********************Velocity*********************
VX:   0.02  VY:   0.01  VZ:  -0.00  Fom: 0.01   *
*************************************************

================================================================================
Processed epoch: 237
Number of Satellites      gpsl1: 7
Total number of satellites: 7
=========================== LSE solution ============================================

Navigation status: GOOD_FOR_NAV
********************Time***************************
* Signal   tow(s)        Bias(ms)    Drift(ms/s) *
* gpsl1  518135.7250    10.2869      0.00147        *
***************************************************
********************DOP******************
* GDOP: 2.23  PDOP: 2.04  HDOP: 1.73    *
* VDOP: 1.08  TDOP: 0.90                *
*****************************************
********************Position********************************
* X: 2893053.54  Y: 1322506.77  Z: 5509749.02  Fom: 0.20   *
* dE:   0.00  dN:   0.00  dU:   0.00   *
************************************************************
********************Velocity*********************
VX:   0.01  VY:  -0.02  VZ:  -0.01  Fom: 0.01   *
*************************************************

================================================================================
Processed epoch: 238
Number of Satellites      gpsl1: 7
Total number of satellites: 7
=========================== LSE solution ============================================

Navigation status: GOOD_FOR_NAV
********************Time***************************
* Signal   tow(s)        Bias(ms)    Drift(ms/s) *
* gpsl1  518135.8250    10.2868      0.00147        *
***************************************************
********************DOP******************
* GDOP: 2.23  PDOP: 2.04  HDOP: 1.73    *
* VDOP: 1.08  TDOP: 0.90                *
*****************************************
********************Position********************************
* X: 2893053.57  Y: 1322506.76  Z: 5509749.01  Fom: 0.20   *
* dE:   0.00  dN:   0.00  dU:   0.00   *
************************************************************
********************Velocity*********************
VX:   0.02  VY:   0.02  VZ:   0.08  Fom: 0.02   *
*************************************************

================================================================================
Processed epoch: 239
Number of Satellites      gpsl1: 7
Total number of satellites: 7
=========================== LSE solution ============================================

Navigation status: GOOD_FOR_NAV
********************Time***************************
* Signal   tow(s)        Bias(ms)    Drift(ms/s) *
* gpsl1  518135.9250    10.2866      0.00147        *
***************************************************
********************DOP******************
* GDOP: 2.23  PDOP: 2.04  HDOP: 1.73    *
* VDOP: 1.08  TDOP: 0.90                *
*****************************************
********************Position********************************
* X: 2893053.57  Y: 1322506.81  Z: 5509748.97  Fom: 0.21   *
* dE:   0.00  dN:   0.00  dU:   0.00   *
************************************************************
********************Velocity*********************
VX:   0.02  VY:   0.01  VZ:  -0.01  Fom: 0.01   *
*************************************************

================================================================================
Processed epoch: 240
Number of Satellites      gpsl1: 7
Total number of satellites: 7
=========================== LSE solution ============================================

Navigation status: GOOD_FOR_NAV
********************Time***************************
* Signal   tow(s)        Bias(ms)    Drift(ms/s) *
* gpsl1  518136.0250    10.2865      0.00147        *
***************************************************
********************DOP******************
* GDOP: 2.23  PDOP: 2.04  HDOP: 1.73    *
* VDOP: 1.08  TDOP: 0.90                *
*****************************************
********************Position********************************
* X: 2893053.61  Y: 1322506.86  Z: 5509748.99  Fom: 0.20   *
* dE:   0.00  dN:   0.00  dU:   0.00   *
************************************************************
********************Velocity*********************
VX:   0.02  VY:  -0.01  VZ:   0.02  Fom: 0.01   *
*************************************************

================================================================================
Processed epoch: 241
Number of Satellites      gpsl1: 7
Total number of satellites: 7
=========================== LSE solution ============================================

Navigation status: GOOD_FOR_NAV
********************Time***************************
* Signal   tow(s)        Bias(ms)    Drift(ms/s) *
* gpsl1  518136.1250    10.2863      0.00147        *
***************************************************
********************DOP******************
* GDOP: 2.23  PDOP: 2.04  HDOP: 1.73    *
* VDOP: 1.08  TDOP: 0.90                *
*****************************************
********************Position********************************
* X: 2893053.60  Y: 1322506.76  Z: 5509748.80  Fom: 0.20   *
* dE:   0.00  dN:   0.00  dU:   0.00   *
************************************************************
********************Velocity*********************
VX:  -0.00  VY:  -0.00  VZ:   0.04  Fom: 0.01   *
*************************************************

================================================================================
Processed epoch: 242
Number of Satellites      gpsl1: 7
Total number of satellites: 7
=========================== LSE solution ============================================

Navigation status: GOOD_FOR_NAV
********************Time***************************
* Signal   tow(s)        Bias(ms)    Drift(ms/s) *
* gpsl1  518136.2250    10.2862      0.00147        *
***************************************************
********************DOP******************
* GDOP: 2.23  PDOP: 2.04  HDOP: 1.73    *
* VDOP: 1.08  TDOP: 0.90                *
*****************************************
********************Position********************************
* X: 2893053.60  Y: 1322506.71  Z: 5509748.75  Fom: 0.20   *
* dE:   0.00  dN:   0.00  dU:   0.00   *
************************************************************
********************Velocity*********************
VX:   0.01  VY:   0.01  VZ:   0.02  Fom: 0.01   *
*************************************************

================================================================================
Processed epoch: 243
Number of Satellites      gpsl1: 7
Total number of satellites: 7
=========================== LSE solution ============================================

Navigation status: GOOD_FOR_NAV
********************Time***************************
* Signal   tow(s)        Bias(ms)    Drift(ms/s) *
* gpsl1  518136.3250    10.2860      0.00147        *
***************************************************
********************DOP******************
* GDOP: 2.23  PDOP: 2.04  HDOP: 1.73    *
* VDOP: 1.08  TDOP: 0.90                *
*****************************************
********************Position********************************
* X: 2893053.55  Y: 1322506.66  Z: 5509748.77  Fom: 0.20   *
* dE:   0.00  dN:   0.00  dU:   0.00   *
************************************************************
********************Velocity*********************
VX:   0.01  VY:  -0.03  VZ:   0.03  Fom: 0.01   *
*************************************************

================================================================================
Processed epoch: 244
Number of Satellites      gpsl1: 7
Total number of satellites: 7
=========================== LSE solution ============================================

Navigation status: GOOD_FOR_NAV
********************Time***************************
* Signal   tow(s)        Bias(ms)    Drift(ms/s) *
* gpsl1  518136.4250    10.2859      0.00147        *
***************************************************
********************DOP******************
* GDOP: 2.23  PDOP: 2.04  HDOP: 1.73    *
* VDOP: 1.08  TDOP: 0.90                *
*****************************************
********************Position********************************
* X: 2893053.51  Y: 1322506.68  Z: 5509748.76  Fom: 0.19   *
* dE:   0.00  dN:   0.00  dU:   0.00   *
************************************************************
********************Velocity*********************
VX:   0.05  VY:   0.04  VZ:   0.06  Fom: 0.02   *
*************************************************

================================================================================
Processed epoch: 245
Number of Satellites      gpsl1: 7
Total number of satellites: 7
=========================== LSE solution ============================================

Navigation status: GOOD_FOR_NAV
********************Time***************************
* Signal   tow(s)        Bias(ms)    Drift(ms/s) *
* gpsl1  518136.5250    10.2857      0.00147        *
***************************************************
********************DOP******************
* GDOP: 2.23  PDOP: 2.04  HDOP: 1.73    *
* VDOP: 1.08  TDOP: 0.90                *
*****************************************
********************Position********************************
* X: 2893053.55  Y: 1322506.68  Z: 5509748.82  Fom: 0.18   *
* dE:   0.00  dN:   0.00  dU:   0.00   *
************************************************************
********************Velocity*********************
VX:  -0.00  VY:  -0.01  VZ:   0.02  Fom: 0.01   *
*************************************************

================================================================================
Processed epoch: 246
Number of Satellites      gpsl1: 7
Total number of satellites: 7
=========================== LSE solution ============================================

Navigation status: GOOD_FOR_NAV
********************Time***************************
* Signal   tow(s)        Bias(ms)    Drift(ms/s) *
* gpsl1  518136.6250    10.2856      0.00147        *
***************************************************
********************DOP******************
* GDOP: 2.23  PDOP: 2.04  HDOP: 1.73    *
* VDOP: 1.08  TDOP: 0.90                *
*****************************************
********************Position********************************
* X: 2893053.57  Y: 1322506.69  Z: 5509748.80  Fom: 0.18   *
* dE:   0.00  dN:   0.00  dU:   0.00   *
************************************************************
********************Velocity*********************
VX:  -0.03  VY:  -0.04  VZ:  -0.04  Fom: 0.01   *
*************************************************

================================================================================
Processed epoch: 247
Number of Satellites      gpsl1: 7
Total number of satellites: 7
=========================== LSE solution ============================================

Navigation status: GOOD_FOR_NAV
********************Time***************************
* Signal   tow(s)        Bias(ms)    Drift(ms/s) *
* gpsl1  518136.7250    10.2854      0.00147        *
***************************************************
********************DOP******************
* GDOP: 2.23  PDOP: 2.04  HDOP: 1.73    *
* VDOP: 1.08  TDOP: 0.90                *
*****************************************
********************Position********************************
* X: 2893053.61  Y: 1322506.68  Z: 5509748.75  Fom: 0.19   *
* dE:   0.00  dN:   0.00  dU:   0.00   *
************************************************************
********************Velocity*********************
VX:  -0.00  VY:  -0.00  VZ:   0.05  Fom: 0.01   *
*************************************************

================================================================================
Processed epoch: 248
Number of Satellites      gpsl1: 7
Total number of satellites: 7
=========================== LSE solution ============================================

Navigation status: GOOD_FOR_NAV
********************Time***************************
* Signal   tow(s)        Bias(ms)    Drift(ms/s) *
* gpsl1  518136.8250    10.2853      0.00147        *
***************************************************
********************DOP******************
* GDOP: 2.23  PDOP: 2.04  HDOP: 1.73    *
* VDOP: 1.08  TDOP: 0.90                *
*****************************************
********************Position********************************
* X: 2893053.62  Y: 1322506.72  Z: 5509748.77  Fom: 0.20   *
* dE:   0.00  dN:   0.00  dU:   0.00   *
************************************************************
********************Velocity*********************
VX:   0.01  VY:   0.00  VZ:   0.03  Fom: 0.01   *
*************************************************

================================================================================
Processed epoch: 249
Number of Satellites      gpsl1: 7
Total number of satellites: 7
=========================== LSE solution ============================================

Navigation status: GOOD_FOR_NAV
********************Time***************************
* Signal   tow(s)        Bias(ms)    Drift(ms/s) *
* gpsl1  518136.9250    10.2851      0.00147        *
***************************************************
********************DOP******************
* GDOP: 2.23  PDOP: 2.04  HDOP: 1.73    *
* VDOP: 1.08  TDOP: 0.90                *
*****************************************
********************Position********************************
* X: 2893053.68  Y: 1322506.79  Z: 5509748.88  Fom: 0.21   *
* dE:   0.00  dN:   0.00  dU:   0.00   *
************************************************************
********************Velocity*********************
VX:   0.02  VY:  -0.00  VZ:   0.06  Fom: 0.01   *
*************************************************

================================================================================
Processed epoch: 250
Number of Satellites      gpsl1: 7
Total number of satellites: 7
=========================== LSE solution ============================================

Navigation status: GOOD_FOR_NAV
********************Time***************************
* Signal   tow(s)        Bias(ms)    Drift(ms/s) *
* gpsl1  518137.0250    10.2850      0.00147        *
***************************************************
********************DOP******************
* GDOP: 2.23  PDOP: 2.04  HDOP: 1.73    *
* VDOP: 1.08  TDOP: 0.90                *
*****************************************
********************Position********************************
* X: 2893053.67  Y: 1322506.75  Z: 5509748.90  Fom: 0.19   *
* dE:   0.00  dN:   0.00  dU:   0.00   *
************************************************************
********************Velocity*********************
VX:  -0.01  VY:   0.02  VZ:   0.05  Fom: 0.02   *
*************************************************

================================================================================
Processed epoch: 251
Number of Satellites      gpsl1: 7
Total number of satellites: 7
=========================== LSE solution ============================================

Navigation status: GOOD_FOR_NAV
********************Time***************************
* Signal   tow(s)        Bias(ms)    Drift(ms/s) *
* gpsl1  518137.1250    10.2849      0.00147        *
***************************************************
********************DOP******************
* GDOP: 2.23  PDOP: 2.04  HDOP: 1.73    *
* VDOP: 1.08  TDOP: 0.90                *
*****************************************
********************Position********************************
* X: 2893053.64  Y: 1322506.69  Z: 5509748.96  Fom: 0.20   *
* dE:   0.00  dN:   0.00  dU:   0.00   *
************************************************************
********************Velocity*********************
VX:   0.04  VY:   0.03  VZ:   0.03  Fom: 0.01   *
*************************************************

================================================================================
Processed epoch: 252
Number of Satellites      gpsl1: 7
Total number of satellites: 7
=========================== LSE solution ============================================

Navigation status: GOOD_FOR_NAV
********************Time***************************
* Signal   tow(s)        Bias(ms)    Drift(ms/s) *
* gpsl1  518137.2250    10.2847      0.00147        *
***************************************************
********************DOP******************
* GDOP: 2.23  PDOP: 2.04  HDOP: 1.73    *
* VDOP: 1.08  TDOP: 0.90                *
*****************************************
********************Position********************************
* X: 2893053.66  Y: 1322506.69  Z: 5509749.01  Fom: 0.19   *
* dE:   0.00  dN:   0.00  dU:   0.00   *
************************************************************
********************Velocity*********************
VX:   0.04  VY:   0.03  VZ:   0.03  Fom: 0.01   *
*************************************************

================================================================================
Processed epoch: 253
Number of Satellites      gpsl1: 7
Total number of satellites: 7
=========================== LSE solution ============================================

Navigation status: GOOD_FOR_NAV
********************Time***************************
* Signal   tow(s)        Bias(ms)    Drift(ms/s) *
* gpsl1  518137.3250    10.2846      0.00147        *
***************************************************
********************DOP******************
* GDOP: 2.23  PDOP: 2.04  HDOP: 1.73    *
* VDOP: 1.08  TDOP: 0.90                *
*****************************************
********************Position********************************
* X: 2893053.65  Y: 1322506.71  Z: 5509749.02  Fom: 0.18   *
* dE:   0.00  dN:   0.00  dU:   0.00   *
************************************************************
********************Velocity*********************
VX:   0.02  VY:   0.03  VZ:   0.02  Fom: 0.01   *
*************************************************

================================================================================
Processed epoch: 254
Number of Satellites      gpsl1: 7
Total number of satellites: 7
=========================== LSE solution ============================================

Navigation status: GOOD_FOR_NAV
********************Time***************************
* Signal   tow(s)        Bias(ms)    Drift(ms/s) *
* gpsl1  518137.4250    10.2844      0.00147        *
***************************************************
********************DOP******************
* GDOP: 2.23  PDOP: 2.04  HDOP: 1.73    *
* VDOP: 1.08  TDOP: 0.90                *
*****************************************
********************Position********************************
* X: 2893053.71  Y: 1322506.72  Z: 5509749.07  Fom: 0.19   *
* dE:   0.00  dN:   0.00  dU:   0.00   *
************************************************************
********************Velocity*********************
VX:   0.02  VY:   0.00  VZ:   0.04  Fom: 0.01   *
*************************************************

================================================================================
Processed epoch: 255
Number of Satellites      gpsl1: 7
Total number of satellites: 7
=========================== LSE solution ============================================

Navigation status: GOOD_FOR_NAV
********************Time***************************
* Signal   tow(s)        Bias(ms)    Drift(ms/s) *
* gpsl1  518137.5250    10.2843      0.00147        *
***************************************************
********************DOP******************
* GDOP: 2.23  PDOP: 2.04  HDOP: 1.73    *
* VDOP: 1.08  TDOP: 0.90                *
*****************************************
********************Position********************************
* X: 2893053.65  Y: 1322506.69  Z: 5509748.99  Fom: 0.19   *
* dE:   0.00  dN:   0.00  dU:   0.00   *
************************************************************
********************Velocity*********************
VX:   0.02  VY:   0.00  VZ:  -0.00  Fom: 0.00   *
*************************************************

================================================================================
Processed epoch: 256
Number of Satellites      gpsl1: 7
Total number of satellites: 7
=========================== LSE solution ============================================

Navigation status: GOOD_FOR_NAV
********************Time***************************
* Signal   tow(s)        Bias(ms)    Drift(ms/s) *
* gpsl1  518137.6250    10.2841      0.00147        *
***************************************************
********************DOP******************
* GDOP: 2.23  PDOP: 2.04  HDOP: 1.73    *
* VDOP: 1.08  TDOP: 0.90                *
*****************************************
********************Position********************************
* X: 2893053.70  Y: 1322506.70  Z: 5509749.04  Fom: 0.21   *
* dE:   0.00  dN:   0.00  dU:   0.00   *
************************************************************
********************Velocity*********************
VX:   0.01  VY:  -0.00  VZ:  -0.01  Fom: 0.01   *
*************************************************

================================================================================
Processed epoch: 257
Number of Satellites      gpsl1: 7
Total number of satellites: 7
=========================== LSE solution ============================================

Navigation status: GOOD_FOR_NAV
********************Time***************************
* Signal   tow(s)        Bias(ms)    Drift(ms/s) *
* gpsl1  518137.7250    10.2840      0.00147        *
***************************************************
********************DOP******************
* GDOP: 2.23  PDOP: 2.04  HDOP: 1.73    *
* VDOP: 1.08  TDOP: 0.90                *
*****************************************
********************Position********************************
* X: 2893053.65  Y: 1322506.67  Z: 5509749.01  Fom: 0.20   *
* dE:   0.00  dN:   0.00  dU:   0.00   *
************************************************************
********************Velocity*********************
VX:   0.01  VY:  -0.01  VZ:   0.04  Fom: 0.01   *
*************************************************

================================================================================
Processed epoch: 258
Number of Satellites      gpsl1: 7
Total number of satellites: 7
=========================== LSE solution ============================================

Navigation status: GOOD_FOR_NAV
********************Time***************************
* Signal   tow(s)        Bias(ms)    Drift(ms/s) *
* gpsl1  518137.8250    10.2838      0.00147        *
***************************************************
********************DOP******************
* GDOP: 2.23  PDOP: 2.04  HDOP: 1.73    *
* VDOP: 1.08  TDOP: 0.90                *
*****************************************
********************Position********************************
* X: 2893053.66  Y: 1322506.68  Z: 5509749.04  Fom: 0.20   *
* dE:   0.00  dN:   0.00  dU:   0.00   *
************************************************************
********************Velocity*********************
VX:  -0.00  VY:  -0.02  VZ:  -0.04  Fom: 0.01   *
*************************************************

================================================================================
Processed epoch: 259
Number of Satellites      gpsl1: 7
Total number of satellites: 7
=========================== LSE solution ============================================

Navigation status: GOOD_FOR_NAV
********************Time***************************
* Signal   tow(s)        Bias(ms)    Drift(ms/s) *
* gpsl1  518137.9250    10.2837      0.00147        *
***************************************************
********************DOP******************
* GDOP: 2.23  PDOP: 2.04  HDOP: 1.73    *
* VDOP: 1.08  TDOP: 0.90                *
*****************************************
********************Position********************************
* X: 2893053.68  Y: 1322506.65  Z: 5509749.04  Fom: 0.20   *
* dE:   0.00  dN:   0.00  dU:   0.00   *
************************************************************
********************Velocity*********************
VX:   0.01  VY:  -0.01  VZ:   0.00  Fom: 0.01   *
*************************************************

================================================================================
Processed epoch: 260
Number of Satellites      gpsl1: 7
Total number of satellites: 7
=========================== LSE solution ============================================

Navigation status: GOOD_FOR_NAV
********************Time***************************
* Signal   tow(s)        Bias(ms)    Drift(ms/s) *
* gpsl1  518138.0250    10.2835      0.00147        *
***************************************************
********************DOP******************
* GDOP: 2.23  PDOP: 2.04  HDOP: 1.73    *
* VDOP: 1.08  TDOP: 0.90                *
*****************************************
********************Position********************************
* X: 2893053.61  Y: 1322506.62  Z: 5509748.95  Fom: 0.18   *
* dE:   0.00  dN:   0.00  dU:   0.00   *
************************************************************
********************Velocity*********************
VX:  -0.00  VY:   0.04  VZ:   0.04  Fom: 0.01   *
*************************************************

================================================================================
Processed epoch: 261
Number of Satellites      gpsl1: 7
Total number of satellites: 7
=========================== LSE solution ============================================

Navigation status: GOOD_FOR_NAV
********************Time***************************
* Signal   tow(s)        Bias(ms)    Drift(ms/s) *
* gpsl1  518138.1250    10.2834      0.00147        *
***************************************************
********************DOP******************
* GDOP: 2.23  PDOP: 2.04  HDOP: 1.73    *
* VDOP: 1.08  TDOP: 0.90                *
*****************************************
********************Position********************************
* X: 2893053.54  Y: 1322506.64  Z: 5509748.83  Fom: 0.18   *
* dE:   0.00  dN:   0.00  dU:   0.00   *
************************************************************
********************Velocity*********************
VX:   0.00  VY:   0.02  VZ:  -0.02  Fom: 0.01   *
*************************************************

================================================================================
Processed epoch: 262
Number of Satellites      gpsl1: 7
Total number of satellites: 7
=========================== LSE solution ============================================

Navigation status: GOOD_FOR_NAV
********************Time***************************
* Signal   tow(s)        Bias(ms)    Drift(ms/s) *
* gpsl1  518138.2250    10.2833      0.00147        *
***************************************************
********************DOP******************
* GDOP: 2.23  PDOP: 2.04  HDOP: 1.73    *
* VDOP: 1.08  TDOP: 0.90                *
*****************************************
********************Position********************************
* X: 2893053.52  Y: 1322506.63  Z: 5509748.79  Fom: 0.18   *
* dE:   0.00  dN:   0.00  dU:   0.00   *
************************************************************
********************Velocity*********************
VX:   0.02  VY:  -0.01  VZ:  -0.01  Fom: 0.01   *
*************************************************

================================================================================
Processed epoch: 263
Number of Satellites      gpsl1: 7
Total number of satellites: 7
=========================== LSE solution ============================================

Navigation status: GOOD_FOR_NAV
********************Time***************************
* Signal   tow(s)        Bias(ms)    Drift(ms/s) *
* gpsl1  518138.3250    10.2831      0.00147        *
***************************************************
********************DOP******************
* GDOP: 2.23  PDOP: 2.04  HDOP: 1.73    *
* VDOP: 1.08  TDOP: 0.90                *
*****************************************
********************Position********************************
* X: 2893053.52  Y: 1322506.57  Z: 5509748.74  Fom: 0.20   *
* dE:   0.00  dN:   0.00  dU:   0.00   *
************************************************************
********************Velocity*********************
VX:   0.02  VY:   0.02  VZ:   0.05  Fom: 0.01   *
*************************************************

================================================================================
Processed epoch: 264
Number of Satellites      gpsl1: 7
Total number of satellites: 7
=========================== LSE solution ============================================

Navigation status: GOOD_FOR_NAV
********************Time***************************
* Signal   tow(s)        Bias(ms)    Drift(ms/s) *
* gpsl1  518138.4250    10.2830      0.00147        *
***************************************************
********************DOP******************
* GDOP: 2.23  PDOP: 2.04  HDOP: 1.73    *
* VDOP: 1.08  TDOP: 0.90                *
*****************************************
********************Position********************************
* X: 2893053.53  Y: 1322506.56  Z: 5509748.72  Fom: 0.19   *
* dE:   0.00  dN:   0.00  dU:   0.00   *
************************************************************
********************Velocity*********************
VX:  -0.02  VY:  -0.01  VZ:  -0.00  Fom: 0.01   *
*************************************************

================================================================================
Processed epoch: 265
Number of Satellites      gpsl1: 7
Total number of satellites: 7
=========================== LSE solution ============================================

Navigation status: GOOD_FOR_NAV
********************Time***************************
* Signal   tow(s)        Bias(ms)    Drift(ms/s) *
* gpsl1  518138.5250    10.2828      0.00147        *
***************************************************
********************DOP******************
* GDOP: 2.23  PDOP: 2.04  HDOP: 1.73    *
* VDOP: 1.08  TDOP: 0.90                *
*****************************************
********************Position********************************
* X: 2893053.59  Y: 1322506.58  Z: 5509748.81  Fom: 0.20   *
* dE:   0.00  dN:   0.00  dU:   0.00   *
************************************************************
********************Velocity*********************
VX:  -0.01  VY:  -0.00  VZ:   0.03  Fom: 0.01   *
*************************************************

================================================================================
Processed epoch: 266
Number of Satellites      gpsl1: 7
Total number of satellites: 7
=========================== LSE solution ============================================

Navigation status: GOOD_FOR_NAV
********************Time***************************
* Signal   tow(s)        Bias(ms)    Drift(ms/s) *
* gpsl1  518138.6250    10.2827      0.00147        *
***************************************************
********************DOP******************
* GDOP: 2.23  PDOP: 2.04  HDOP: 1.73    *
* VDOP: 1.08  TDOP: 0.90                *
*****************************************
********************Position********************************
* X: 2893053.57  Y: 1322506.58  Z: 5509748.79  Fom: 0.20   *
* dE:   0.00  dN:   0.00  dU:   0.00   *
************************************************************
********************Velocity*********************
VX:  -0.01  VY:  -0.01  VZ:  -0.01  Fom: 0.01   *
*************************************************

================================================================================
Processed epoch: 267
Number of Satellites      gpsl1: 7
Total number of satellites: 7
=========================== LSE solution ============================================

Navigation status: GOOD_FOR_NAV
********************Time***************************
* Signal   tow(s)        Bias(ms)    Drift(ms/s) *
* gpsl1  518138.7250    10.2825      0.00147        *
***************************************************
********************DOP******************
* GDOP: 2.23  PDOP: 2.04  HDOP: 1.72    *
* VDOP: 1.08  TDOP: 0.90                *
*****************************************
********************Position********************************
* X: 2893053.57  Y: 1322506.56  Z: 5509748.67  Fom: 0.21   *
* dE:   0.00  dN:   0.00  dU:   0.00   *
************************************************************
********************Velocity*********************
VX:   0.02  VY:   0.03  VZ:   0.07  Fom: 0.01   *
*************************************************

================================================================================
Processed epoch: 268
Number of Satellites      gpsl1: 7
Total number of satellites: 7
=========================== LSE solution ============================================

Navigation status: GOOD_FOR_NAV
********************Time***************************
* Signal   tow(s)        Bias(ms)    Drift(ms/s) *
* gpsl1  518138.8250    10.2824      0.00147        *
***************************************************
********************DOP******************
* GDOP: 2.23  PDOP: 2.04  HDOP: 1.72    *
* VDOP: 1.08  TDOP: 0.90                *
*****************************************
********************Position********************************
* X: 2893053.59  Y: 1322506.59  Z: 5509748.80  Fom: 0.20   *
* dE:   0.00  dN:   0.00  dU:   0.00   *
************************************************************
********************Velocity*********************
VX:  -0.03  VY:  -0.03  VZ:  -0.01  Fom: 0.02   *
*************************************************

================================================================================
Processed epoch: 269
Number of Satellites      gpsl1: 7
Total number of satellites: 7
=========================== LSE solution ============================================

Navigation status: GOOD_FOR_NAV
********************Time***************************
* Signal   tow(s)        Bias(ms)    Drift(ms/s) *
* gpsl1  518138.9250    10.2822      0.00147        *
***************************************************
********************DOP******************
* GDOP: 2.23  PDOP: 2.04  HDOP: 1.72    *
* VDOP: 1.08  TDOP: 0.90                *
*****************************************
********************Position********************************
* X: 2893053.57  Y: 1322506.57  Z: 5509748.74  Fom: 0.21   *
* dE:   0.00  dN:   0.00  dU:   0.00   *
************************************************************
********************Velocity*********************
VX:   0.03  VY:   0.03  VZ:   0.04  Fom: 0.01   *
*************************************************

================================================================================
Processed epoch: 270
Number of Satellites      gpsl1: 7
Total number of satellites: 7
=========================== LSE solution ============================================

Navigation status: GOOD_FOR_NAV
********************Time***************************
* Signal   tow(s)        Bias(ms)    Drift(ms/s) *
* gpsl1  518139.0250    10.2821      0.00147        *
***************************************************
********************DOP******************
* GDOP: 2.23  PDOP: 2.04  HDOP: 1.72    *
* VDOP: 1.08  TDOP: 0.90                *
*****************************************
********************Position********************************
* X: 2893053.55  Y: 1322506.51  Z: 5509748.63  Fom: 0.21   *
* dE:   0.00  dN:   0.00  dU:   0.00   *
************************************************************
********************Velocity*********************
VX:   0.01  VY:  -0.03  VZ:   0.02  Fom: 0.01   *
*************************************************

================================================================================
Processed epoch: 271
Number of Satellites      gpsl1: 7
Total number of satellites: 7
=========================== LSE solution ============================================

Navigation status: GOOD_FOR_NAV
********************Time***************************
* Signal   tow(s)        Bias(ms)    Drift(ms/s) *
* gpsl1  518139.1250    10.2819      0.00147        *
***************************************************
********************DOP******************
* GDOP: 2.23  PDOP: 2.04  HDOP: 1.72    *
* VDOP: 1.08  TDOP: 0.90                *
*****************************************
********************Position********************************
* X: 2893053.59  Y: 1322506.54  Z: 5509748.69  Fom: 0.24   *
* dE:   0.00  dN:   0.00  dU:   0.00   *
************************************************************
********************Velocity*********************
VX:   0.04  VY:   0.01  VZ:   0.02  Fom: 0.01   *
*************************************************

================================================================================
Processed epoch: 272
Number of Satellites      gpsl1: 7
Total number of satellites: 7
=========================== LSE solution ============================================

Navigation status: GOOD_FOR_NAV
********************Time***************************
* Signal   tow(s)        Bias(ms)    Drift(ms/s) *
* gpsl1  518139.2250    10.2818      0.00147        *
***************************************************
********************DOP******************
* GDOP: 2.23  PDOP: 2.04  HDOP: 1.72    *
* VDOP: 1.08  TDOP: 0.90                *
*****************************************
********************Position********************************
* X: 2893053.54  Y: 1322506.51  Z: 5509748.58  Fom: 0.24   *
* dE:   0.00  dN:   0.00  dU:   0.00   *
************************************************************
********************Velocity*********************
VX:  -0.01  VY:  -0.02  VZ:  -0.02  Fom: 0.01   *
*************************************************

================================================================================
Processed epoch: 273
Number of Satellites      gpsl1: 7
Total number of satellites: 7
=========================== LSE solution ============================================

Navigation status: GOOD_FOR_NAV
********************Time***************************
* Signal   tow(s)        Bias(ms)    Drift(ms/s) *
* gpsl1  518139.3250    10.2816      0.00147        *
***************************************************
********************DOP******************
* GDOP: 2.23  PDOP: 2.04  HDOP: 1.72    *
* VDOP: 1.08  TDOP: 0.90                *
*****************************************
********************Position********************************
* X: 2893053.49  Y: 1322506.46  Z: 5509748.55  Fom: 0.23   *
* dE:   0.00  dN:   0.00  dU:   0.00   *
************************************************************
********************Velocity*********************
VX:  -0.00  VY:  -0.00  VZ:  -0.01  Fom: 0.00   *
*************************************************

================================================================================
Processed epoch: 274
Number of Satellites      gpsl1: 7
Total number of satellites: 7
=========================== LSE solution ============================================

Navigation status: GOOD_FOR_NAV
********************Time***************************
* Signal   tow(s)        Bias(ms)    Drift(ms/s) *
* gpsl1  518139.4250    10.2815      0.00147        *
***************************************************
********************DOP******************
* GDOP: 2.23  PDOP: 2.04  HDOP: 1.72    *
* VDOP: 1.08  TDOP: 0.90                *
*****************************************
********************Position********************************
* X: 2893053.46  Y: 1322506.47  Z: 5509748.52  Fom: 0.22   *
* dE:   0.00  dN:   0.00  dU:   0.00   *
************************************************************
********************Velocity*********************
VX:   0.02  VY:   0.00  VZ:  -0.00  Fom: 0.01   *
*************************************************

================================================================================
Processed epoch: 275
Number of Satellites      gpsl1: 7
Total number of satellites: 7
=========================== LSE solution ============================================

Navigation status: GOOD_FOR_NAV
********************Time***************************
* Signal   tow(s)        Bias(ms)    Drift(ms/s) *
* gpsl1  518139.5250    10.2814      0.00147        *
***************************************************
********************DOP******************
* GDOP: 2.23  PDOP: 2.04  HDOP: 1.72    *
* VDOP: 1.08  TDOP: 0.90                *
*****************************************
********************Position********************************
* X: 2893053.42  Y: 1322506.45  Z: 5509748.46  Fom: 0.22   *
* dE:   0.00  dN:   0.00  dU:   0.00   *
************************************************************
********************Velocity*********************
VX:   0.04  VY:  -0.00  VZ:   0.02  Fom: 0.01   *
*************************************************

================================================================================
Processed epoch: 276
Number of Satellites      gpsl1: 7
Total number of satellites: 7
=========================== LSE solution ============================================

Navigation status: GOOD_FOR_NAV
********************Time***************************
* Signal   tow(s)        Bias(ms)    Drift(ms/s) *
* gpsl1  518139.6250    10.2812      0.00147        *
***************************************************
********************DOP******************
* GDOP: 2.23  PDOP: 2.04  HDOP: 1.72    *
* VDOP: 1.08  TDOP: 0.90                *
*****************************************
********************Position********************************
* X: 2893053.46  Y: 1322506.49  Z: 5509748.57  Fom: 0.23   *
* dE:   0.00  dN:   0.00  dU:   0.00   *
************************************************************
********************Velocity*********************
VX:   0.01  VY:  -0.01  VZ:   0.01  Fom: 0.01   *
*************************************************

================================================================================
Processed epoch: 277
Number of Satellites      gpsl1: 7
Total number of satellites: 7
=========================== LSE solution ============================================

Navigation status: GOOD_FOR_NAV
********************Time***************************
* Signal   tow(s)        Bias(ms)    Drift(ms/s) *
* gpsl1  518139.7250    10.2811      0.00147        *
***************************************************
********************DOP******************
* GDOP: 2.23  PDOP: 2.04  HDOP: 1.72    *
* VDOP: 1.08  TDOP: 0.90                *
*****************************************
********************Position********************************
* X: 2893053.47  Y: 1322506.49  Z: 5509748.65  Fom: 0.22   *
* dE:   0.00  dN:   0.00  dU:   0.00   *
************************************************************
********************Velocity*********************
VX:   0.01  VY:   0.00  VZ:   0.00  Fom: 0.00   *
*************************************************

================================================================================
Processed epoch: 278
Number of Satellites      gpsl1: 7
Total number of satellites: 7
=========================== LSE solution ============================================

Navigation status: GOOD_FOR_NAV
********************Time***************************
* Signal   tow(s)        Bias(ms)    Drift(ms/s) *
* gpsl1  518139.8250    10.2809      0.00147        *
***************************************************
********************DOP******************
* GDOP: 2.23  PDOP: 2.04  HDOP: 1.72    *
* VDOP: 1.08  TDOP: 0.90                *
*****************************************
********************Position********************************
* X: 2893053.46  Y: 1322506.54  Z: 5509748.62  Fom: 0.21   *
* dE:   0.00  dN:   0.00  dU:   0.00   *
************************************************************
********************Velocity*********************
VX:   0.00  VY:   0.01  VZ:   0.01  Fom: 0.01   *
*************************************************

================================================================================
Processed epoch: 279
Number of Satellites      gpsl1: 7
Total number of satellites: 7
=========================== LSE solution ============================================

Navigation status: GOOD_FOR_NAV
********************Time***************************
* Signal   tow(s)        Bias(ms)    Drift(ms/s) *
* gpsl1  518139.9250    10.2808      0.00147        *
***************************************************
********************DOP******************
* GDOP: 2.23  PDOP: 2.04  HDOP: 1.72    *
* VDOP: 1.08  TDOP: 0.90                *
*****************************************
********************Position********************************
* X: 2893053.44  Y: 1322506.52  Z: 5509748.64  Fom: 0.20   *
* dE:   0.00  dN:   0.00  dU:   0.00   *
************************************************************
********************Velocity*********************
VX:   0.04  VY:   0.02  VZ:   0.07  Fom: 0.02   *
*************************************************

================================================================================
Processed epoch: 280
Number of Satellites      gpsl1: 7
Total number of satellites: 7
=========================== LSE solution ============================================

Navigation status: GOOD_FOR_NAV
********************Time***************************
* Signal   tow(s)        Bias(ms)    Drift(ms/s) *
* gpsl1  518140.0250    10.2806      0.00147        *
***************************************************
********************DOP******************
* GDOP: 2.23  PDOP: 2.04  HDOP: 1.72    *
* VDOP: 1.08  TDOP: 0.90                *
*****************************************
********************Position********************************
* X: 2893053.46  Y: 1322506.50  Z: 5509748.65  Fom: 0.21   *
* dE:   0.00  dN:   0.00  dU:   0.00   *
************************************************************
********************Velocity*********************
VX:   0.02  VY:  -0.00  VZ:   0.03  Fom: 0.01   *
*************************************************

================================================================================
Processed epoch: 281
Number of Satellites      gpsl1: 7
Total number of satellites: 7
=========================== LSE solution ============================================

Navigation status: GOOD_FOR_NAV
********************Time***************************
* Signal   tow(s)        Bias(ms)    Drift(ms/s) *
* gpsl1  518140.1250    10.2805      0.00147        *
***************************************************
********************DOP******************
* GDOP: 2.23  PDOP: 2.04  HDOP: 1.72    *
* VDOP: 1.08  TDOP: 0.90                *
*****************************************
********************Position********************************
* X: 2893053.45  Y: 1322506.55  Z: 5509748.64  Fom: 0.22   *
* dE:   0.00  dN:   0.00  dU:   0.00   *
************************************************************
********************Velocity*********************
VX:   0.01  VY:   0.02  VZ:   0.05  Fom: 0.01   *
*************************************************

================================================================================
Processed epoch: 282
Number of Satellites      gpsl1: 7
Total number of satellites: 7
=========================== LSE solution ============================================

Navigation status: GOOD_FOR_NAV
********************Time***************************
* Signal   tow(s)        Bias(ms)    Drift(ms/s) *
* gpsl1  518140.2250    10.2803      0.00147        *
***************************************************
********************DOP******************
* GDOP: 2.23  PDOP: 2.04  HDOP: 1.72    *
* VDOP: 1.08  TDOP: 0.90                *
*****************************************
********************Position********************************
* X: 2893053.46  Y: 1322506.55  Z: 5509748.64  Fom: 0.23   *
* dE:   0.00  dN:   0.00  dU:   0.00   *
************************************************************
********************Velocity*********************
VX:  -0.02  VY:  -0.03  VZ:  -0.06  Fom: 0.02   *
*************************************************

================================================================================
Processed epoch: 283
Number of Satellites      gpsl1: 7
Total number of satellites: 7
=========================== LSE solution ============================================

Navigation status: GOOD_FOR_NAV
********************Time***************************
* Signal   tow(s)        Bias(ms)    Drift(ms/s) *
* gpsl1  518140.3250    10.2802      0.00147        *
***************************************************
********************DOP******************
* GDOP: 2.23  PDOP: 2.04  HDOP: 1.72    *
* VDOP: 1.08  TDOP: 0.90                *
*****************************************
********************Position********************************
* X: 2893053.43  Y: 1322506.56  Z: 5509748.69  Fom: 0.21   *
* dE:   0.00  dN:   0.00  dU:   0.00   *
************************************************************
********************Velocity*********************
VX:   0.02  VY:   0.02  VZ:   0.03  Fom: 0.01   *
*************************************************

================================================================================
Processed epoch: 284
Number of Satellites      gpsl1: 7
Total number of satellites: 7
=========================== LSE solution ============================================

Navigation status: GOOD_FOR_NAV
********************Time***************************
* Signal   tow(s)        Bias(ms)    Drift(ms/s) *
* gpsl1  518140.4250    10.2800      0.00147        *
***************************************************
********************DOP******************
* GDOP: 2.23  PDOP: 2.04  HDOP: 1.72    *
* VDOP: 1.08  TDOP: 0.90                *
*****************************************
********************Position********************************
* X: 2893053.43  Y: 1322506.54  Z: 5509748.55  Fom: 0.22   *
* dE:   0.00  dN:   0.00  dU:   0.00   *
************************************************************
********************Velocity*********************
VX:   0.00  VY:  -0.00  VZ:  -0.02  Fom: 0.01   *
*************************************************

================================================================================
Processed epoch: 285
Number of Satellites      gpsl1: 7
Total number of satellites: 7
=========================== LSE solution ============================================

Navigation status: GOOD_FOR_NAV
********************Time***************************
* Signal   tow(s)        Bias(ms)    Drift(ms/s) *
* gpsl1  518140.5250    10.2799      0.00147        *
***************************************************
********************DOP******************
* GDOP: 2.23  PDOP: 2.04  HDOP: 1.72    *
* VDOP: 1.08  TDOP: 0.90                *
*****************************************
********************Position********************************
* X: 2893053.41  Y: 1322506.58  Z: 5509748.62  Fom: 0.20   *
* dE:   0.00  dN:   0.00  dU:   0.00   *
************************************************************
********************Velocity*********************
VX:  -0.01  VY:   0.02  VZ:  -0.02  Fom: 0.01   *
*************************************************

================================================================================
Processed epoch: 286
Number of Satellites      gpsl1: 7
Total number of satellites: 7
=========================== LSE solution ============================================

Navigation status: GOOD_FOR_NAV
********************Time***************************
* Signal   tow(s)        Bias(ms)    Drift(ms/s) *
* gpsl1  518140.6250    10.2797      0.00147        *
***************************************************
********************DOP******************
* GDOP: 2.23  PDOP: 2.04  HDOP: 1.72    *
* VDOP: 1.08  TDOP: 0.90                *
*****************************************
********************Position********************************
* X: 2893053.39  Y: 1322506.62  Z: 5509748.60  Fom: 0.22   *
* dE:   0.00  dN:   0.00  dU:   0.00   *
************************************************************
********************Velocity*********************
VX:   0.01  VY:   0.01  VZ:   0.02  Fom: 0.01   *
*************************************************

================================================================================
Processed epoch: 287
Number of Satellites      gpsl1: 7
Total number of satellites: 7
=========================== LSE solution ============================================

Navigation status: GOOD_FOR_NAV
********************Time***************************
* Signal   tow(s)        Bias(ms)    Drift(ms/s) *
* gpsl1  518140.7250    10.2796      0.00147        *
***************************************************
********************DOP******************
* GDOP: 2.23  PDOP: 2.04  HDOP: 1.72    *
* VDOP: 1.08  TDOP: 0.90                *
*****************************************
********************Position********************************
* X: 2893053.41  Y: 1322506.51  Z: 5509748.48  Fom: 0.23   *
* dE:   0.00  dN:   0.00  dU:   0.00   *
************************************************************
********************Velocity*********************
VX:   0.03  VY:   0.03  VZ:   0.06  Fom: 0.01   *
*************************************************

================================================================================
Processed epoch: 288
Number of Satellites      gpsl1: 7
Total number of satellites: 7
=========================== LSE solution ============================================

Navigation status: GOOD_FOR_NAV
********************Time***************************
* Signal   tow(s)        Bias(ms)    Drift(ms/s) *
* gpsl1  518140.8250    10.2795      0.00147        *
***************************************************
********************DOP******************
* GDOP: 2.23  PDOP: 2.04  HDOP: 1.72    *
* VDOP: 1.08  TDOP: 0.90                *
*****************************************
********************Position********************************
* X: 2893053.40  Y: 1322506.48  Z: 5509748.48  Fom: 0.23   *
* dE:   0.00  dN:   0.00  dU:   0.00   *
************************************************************
********************Velocity*********************
VX:  -0.00  VY:  -0.01  VZ:  -0.02  Fom: 0.01   *
*************************************************

================================================================================
Processed epoch: 289
Number of Satellites      gpsl1: 7
Total number of satellites: 7
=========================== LSE solution ============================================

Navigation status: GOOD_FOR_NAV
********************Time***************************
* Signal   tow(s)        Bias(ms)    Drift(ms/s) *
* gpsl1  518140.9250    10.2793      0.00147        *
***************************************************
********************DOP******************
* GDOP: 2.23  PDOP: 2.04  HDOP: 1.72    *
* VDOP: 1.08  TDOP: 0.90                *
*****************************************
********************Position********************************
* X: 2893053.41  Y: 1322506.54  Z: 5509748.50  Fom: 0.23   *
* dE:   0.00  dN:   0.00  dU:   0.00   *
************************************************************
********************Velocity*********************
VX:   0.02  VY:   0.01  VZ:   0.03  Fom: 0.01   *
*************************************************

================================================================================
Processed epoch: 290
Number of Satellites      gpsl1: 7
Total number of satellites: 7
=========================== LSE solution ============================================

Navigation status: GOOD_FOR_NAV
********************Time***************************
* Signal   tow(s)        Bias(ms)    Drift(ms/s) *
* gpsl1  518141.0250    10.2792      0.00147        *
***************************************************
********************DOP******************
* GDOP: 2.23  PDOP: 2.04  HDOP: 1.72    *
* VDOP: 1.08  TDOP: 0.90                *
*****************************************
********************Position********************************
* X: 2893053.41  Y: 1322506.55  Z: 5509748.47  Fom: 0.23   *
* dE:   0.00  dN:   0.00  dU:   0.00   *
************************************************************
********************Velocity*********************
VX:  -0.02  VY:   0.01  VZ:   0.05  Fom: 0.02   *
*************************************************

================================================================================
Processed epoch: 291
Number of Satellites      gpsl1: 7
Total number of satellites: 7
=========================== LSE solution ============================================

Navigation status: GOOD_FOR_NAV
********************Time***************************
* Signal   tow(s)        Bias(ms)    Drift(ms/s) *
* gpsl1  518141.1250    10.2790      0.00147        *
***************************************************
********************DOP******************
* GDOP: 2.23  PDOP: 2.04  HDOP: 1.72    *
* VDOP: 1.08  TDOP: 0.90                *
*****************************************
********************Position********************************
* X: 2893053.45  Y: 1322506.53  Z: 5509748.52  Fom: 0.24   *
* dE:   0.00  dN:   0.00  dU:   0.00   *
************************************************************
********************Velocity*********************
VX:   0.06  VY:   0.03  VZ:   0.09  Fom: 0.02   *
*************************************************

================================================================================
Processed epoch: 292
Number of Satellites      gpsl1: 7
Total number of satellites: 7
=========================== LSE solution ============================================

Navigation status: GOOD_FOR_NAV
********************Time***************************
* Signal   tow(s)        Bias(ms)    Drift(ms/s) *
* gpsl1  518141.2250    10.2789      0.00147        *
***************************************************
********************DOP******************
* GDOP: 2.23  PDOP: 2.04  HDOP: 1.72    *
* VDOP: 1.08  TDOP: 0.90                *
*****************************************
********************Position********************************
* X: 2893053.44  Y: 1322506.57  Z: 5509748.53  Fom: 0.23   *
* dE:   0.00  dN:   0.00  dU:   0.00   *
************************************************************
********************Velocity*********************
VX:  -0.00  VY:  -0.00  VZ:   0.03  Fom: 0.01   *
*************************************************

================================================================================
Processed epoch: 293
Number of Satellites      gpsl1: 7
Total number of satellites: 7
=========================== LSE solution ============================================

Navigation status: GOOD_FOR_NAV
********************Time***************************
* Signal   tow(s)        Bias(ms)    Drift(ms/s) *
* gpsl1  518141.3250    10.2787      0.00147        *
***************************************************
********************DOP******************
* GDOP: 2.23  PDOP: 2.04  HDOP: 1.72    *
* VDOP: 1.08  TDOP: 0.90                *
*****************************************
********************Position********************************
* X: 2893053.49  Y: 1322506.55  Z: 5509748.48  Fom: 0.24   *
* dE:   0.00  dN:   0.00  dU:   0.00   *
************************************************************
********************Velocity*********************
VX:   0.02  VY:  -0.00  VZ:   0.04  Fom: 0.01   *
*************************************************

================================================================================
Processed epoch: 294
Number of Satellites      gpsl1: 7
Total number of satellites: 7
=========================== LSE solution ============================================

Navigation status: GOOD_FOR_NAV
********************Time***************************
* Signal   tow(s)        Bias(ms)    Drift(ms/s) *
* gpsl1  518141.4250    10.2786      0.00147        *
***************************************************
********************DOP******************
* GDOP: 2.23  PDOP: 2.04  HDOP: 1.72    *
* VDOP: 1.08  TDOP: 0.90                *
*****************************************
********************Position********************************
* X: 2893053.46  Y: 1322506.57  Z: 5509748.44  Fom: 0.24   *
* dE:   0.00  dN:   0.00  dU:   0.00   *
************************************************************
********************Velocity*********************
VX:  -0.00  VY:   0.01  VZ:  -0.01  Fom: 0.01   *
*************************************************

================================================================================
Processed epoch: 295
Number of Satellites      gpsl1: 7
Total number of satellites: 7
=========================== LSE solution ============================================

Navigation status: GOOD_FOR_NAV
********************Time***************************
* Signal   tow(s)        Bias(ms)    Drift(ms/s) *
* gpsl1  518141.5250    10.2784      0.00147        *
***************************************************
********************DOP******************
* GDOP: 2.23  PDOP: 2.04  HDOP: 1.72    *
* VDOP: 1.08  TDOP: 0.90                *
*****************************************
********************Position********************************
* X: 2893053.47  Y: 1322506.59  Z: 5509748.49  Fom: 0.24   *
* dE:   0.00  dN:   0.00  dU:   0.00   *
************************************************************
********************Velocity*********************
VX:   0.03  VY:  -0.00  VZ:  -0.01  Fom: 0.01   *
*************************************************

================================================================================
Processed epoch: 296
Number of Satellites      gpsl1: 7
Total number of satellites: 7
=========================== LSE solution ============================================

Navigation status: GOOD_FOR_NAV
********************Time***************************
* Signal   tow(s)        Bias(ms)    Drift(ms/s) *
* gpsl1  518141.6250    10.2783      0.00147        *
***************************************************
********************DOP******************
* GDOP: 2.22  PDOP: 2.03  HDOP: 1.72    *
* VDOP: 1.08  TDOP: 0.90                *
*****************************************
********************Position********************************
* X: 2893053.49  Y: 1322506.64  Z: 5509748.53  Fom: 0.25   *
* dE:   0.00  dN:   0.00  dU:   0.00   *
************************************************************
********************Velocity*********************
VX:  -0.00  VY:  -0.02  VZ:  -0.02  Fom: 0.01   *
*************************************************

================================================================================
Processed epoch: 297
Number of Satellites      gpsl1: 7
Total number of satellites: 7
=========================== LSE solution ============================================

Navigation status: GOOD_FOR_NAV
********************Time***************************
* Signal   tow(s)        Bias(ms)    Drift(ms/s) *
* gpsl1  518141.7250    10.2781      0.00147        *
***************************************************
********************DOP******************
* GDOP: 2.22  PDOP: 2.03  HDOP: 1.72    *
* VDOP: 1.08  TDOP: 0.90                *
*****************************************
********************Position********************************
* X: 2893053.48  Y: 1322506.57  Z: 5509748.48  Fom: 0.24   *
* dE:   0.00  dN:   0.00  dU:   0.00   *
************************************************************
********************Velocity*********************
VX:   0.03  VY:  -0.01  VZ:   0.01  Fom: 0.02   *
*************************************************

================================================================================
Processed epoch: 298
Number of Satellites      gpsl1: 7
Total number of satellites: 7
=========================== LSE solution ============================================

Navigation status: GOOD_FOR_NAV
********************Time***************************
* Signal   tow(s)        Bias(ms)    Drift(ms/s) *
* gpsl1  518141.8250    10.2780      0.00147        *
***************************************************
********************DOP******************
* GDOP: 2.22  PDOP: 2.03  HDOP: 1.72    *
* VDOP: 1.08  TDOP: 0.90                *
*****************************************
********************Position********************************
* X: 2893053.47  Y: 1322506.65  Z: 5509748.60  Fom: 0.24   *
* dE:   0.00  dN:   0.00  dU:   0.00   *
************************************************************
********************Velocity*********************
VX:   0.01  VY:   0.03  VZ:   0.04  Fom: 0.01   *
*************************************************

================================================================================
Processed epoch: 299
Number of Satellites      gpsl1: 7
Total number of satellites: 7
=========================== LSE solution ============================================

Navigation status: GOOD_FOR_NAV
********************Time***************************
* Signal   tow(s)        Bias(ms)    Drift(ms/s) *
* gpsl1  518141.9250    10.2778      0.00147        *
***************************************************
********************DOP******************
* GDOP: 2.22  PDOP: 2.03  HDOP: 1.72    *
* VDOP: 1.08  TDOP: 0.90                *
*****************************************
********************Position********************************
* X: 2893053.48  Y: 1322506.67  Z: 5509748.68  Fom: 0.23   *
* dE:   0.00  dN:   0.00  dU:   0.00   *
************************************************************
********************Velocity*********************
VX:  -0.02  VY:  -0.02  VZ:  -0.02  Fom: 0.01   *
*************************************************

================================================================================
Processed epoch: 300
Number of Satellites      gpsl1: 7
Total number of satellites: 7
=========================== LSE solution ============================================

Navigation status: GOOD_FOR_NAV
********************Time***************************
* Signal   tow(s)        Bias(ms)    Drift(ms/s) *
* gpsl1  518142.0250    10.2777      0.00147        *
***************************************************
********************DOP******************
* GDOP: 2.22  PDOP: 2.03  HDOP: 1.72    *
* VDOP: 1.08  TDOP: 0.90                *
*****************************************
********************Position********************************
* X: 2893053.49  Y: 1322506.60  Z: 5509748.62  Fom: 0.23   *
* dE:   0.00  dN:   0.00  dU:   0.00   *
************************************************************
********************Velocity*********************
VX:   0.01  VY:   0.01  VZ:   0.03  Fom: 0.01   *
*************************************************

================================================================================
Processed epoch: 301
Number of Satellites      gpsl1: 7
Total number of satellites: 7
=========================== LSE solution ============================================

Navigation status: GOOD_FOR_NAV
********************Time***************************
* Signal   tow(s)        Bias(ms)    Drift(ms/s) *
* gpsl1  518142.1250    10.2776      0.00147        *
***************************************************
********************DOP******************
* GDOP: 2.22  PDOP: 2.03  HDOP: 1.72    *
* VDOP: 1.08  TDOP: 0.90                *
*****************************************
********************Position********************************
* X: 2893053.52  Y: 1322506.53  Z: 5509748.56  Fom: 0.23   *
* dE:   0.00  dN:   0.00  dU:   0.00   *
************************************************************
********************Velocity*********************
VX:  -0.00  VY:  -0.01  VZ:  -0.02  Fom: 0.00   *
*************************************************

================================================================================
Processed epoch: 302
Number of Satellites      gpsl1: 7
Total number of satellites: 7
=========================== LSE solution ============================================

Navigation status: GOOD_FOR_NAV
********************Time***************************
* Signal   tow(s)        Bias(ms)    Drift(ms/s) *
* gpsl1  518142.2250    10.2774      0.00147        *
***************************************************
********************DOP******************
* GDOP: 2.22  PDOP: 2.03  HDOP: 1.72    *
* VDOP: 1.08  TDOP: 0.90                *
*****************************************
********************Position********************************
* X: 2893053.47  Y: 1322506.48  Z: 5509748.61  Fom: 0.22   *
* dE:   0.00  dN:   0.00  dU:   0.00   *
************************************************************
********************Velocity*********************
VX:   0.02  VY:   0.03  VZ:   0.10  Fom: 0.02   *
*************************************************

================================================================================
Processed epoch: 303
Number of Satellites      gpsl1: 7
Total number of satellites: 7
=========================== LSE solution ============================================

Navigation status: GOOD_FOR_NAV
********************Time***************************
* Signal   tow(s)        Bias(ms)    Drift(ms/s) *
* gpsl1  518142.3250    10.2773      0.00147        *
***************************************************
********************DOP******************
* GDOP: 2.22  PDOP: 2.03  HDOP: 1.72    *
* VDOP: 1.08  TDOP: 0.90                *
*****************************************
********************Position********************************
* X: 2893053.49  Y: 1322506.52  Z: 5509748.67  Fom: 0.21   *
* dE:   0.00  dN:   0.00  dU:   0.00   *
************************************************************
********************Velocity*********************
VX:   0.02  VY:   0.02  VZ:  -0.00  Fom: 0.01   *
*************************************************

================================================================================
Processed epoch: 304
Number of Satellites      gpsl1: 7
Total number of satellites: 7
=========================== LSE solution ============================================

Navigation status: GOOD_FOR_NAV
********************Time***************************
* Signal   tow(s)        Bias(ms)    Drift(ms/s) *
* gpsl1  518142.4250    10.2771      0.00147        *
***************************************************
********************DOP******************
* GDOP: 2.22  PDOP: 2.03  HDOP: 1.72    *
* VDOP: 1.08  TDOP: 0.90                *
*****************************************
********************Position********************************
* X: 2893053.43  Y: 1322506.54  Z: 5509748.68  Fom: 0.20   *
* dE:   0.00  dN:   0.00  dU:   0.00   *
************************************************************
********************Velocity*********************
VX:   0.01  VY:   0.02  VZ:  -0.00  Fom: 0.01   *
*************************************************

================================================================================
Processed epoch: 305
Number of Satellites      gpsl1: 7
Total number of satellites: 7
=========================== LSE solution ============================================

Navigation status: GOOD_FOR_NAV
********************Time***************************
* Signal   tow(s)        Bias(ms)    Drift(ms/s) *
* gpsl1  518142.5250    10.2770      0.00147        *
***************************************************
********************DOP******************
* GDOP: 2.22  PDOP: 2.03  HDOP: 1.72    *
* VDOP: 1.08  TDOP: 0.90                *
*****************************************
********************Position********************************
* X: 2893053.47  Y: 1322506.54  Z: 5509748.74  Fom: 0.19   *
* dE:   0.00  dN:   0.00  dU:   0.00   *
************************************************************
********************Velocity*********************
VX:   0.01  VY:   0.01  VZ:   0.04  Fom: 0.01   *
*************************************************

================================================================================
Processed epoch: 306
Number of Satellites      gpsl1: 7
Total number of satellites: 7
=========================== LSE solution ============================================

Navigation status: GOOD_FOR_NAV
********************Time***************************
* Signal   tow(s)        Bias(ms)    Drift(ms/s) *
* gpsl1  518142.6250    10.2768      0.00147        *
***************************************************
********************DOP******************
* GDOP: 2.22  PDOP: 2.03  HDOP: 1.72    *
* VDOP: 1.08  TDOP: 0.90                *
*****************************************
********************Position********************************
* X: 2893053.49  Y: 1322506.54  Z: 5509748.72  Fom: 0.20   *
* dE:   0.00  dN:   0.00  dU:   0.00   *
************************************************************
********************Velocity*********************
VX:   0.02  VY:   0.03  VZ:   0.06  Fom: 0.01   *
*************************************************

================================================================================
Processed epoch: 307
Number of Satellites      gpsl1: 7
Total number of satellites: 7
=========================== LSE solution ============================================

Navigation status: GOOD_FOR_NAV
********************Time***************************
* Signal   tow(s)        Bias(ms)    Drift(ms/s) *
* gpsl1  518142.7250    10.2767      0.00147        *
***************************************************
********************DOP******************
* GDOP: 2.22  PDOP: 2.03  HDOP: 1.72    *
* VDOP: 1.08  TDOP: 0.90                *
*****************************************
********************Position********************************
* X: 2893053.54  Y: 1322506.53  Z: 5509748.69  Fom: 0.21   *
* dE:   0.00  dN:   0.00  dU:   0.00   *
************************************************************
********************Velocity*********************
VX:   0.03  VY:   0.01  VZ:  -0.00  Fom: 0.01   *
*************************************************

================================================================================
Processed epoch: 308
Number of Satellites      gpsl1: 7
Total number of satellites: 7
=========================== LSE solution ============================================

Navigation status: GOOD_FOR_NAV
********************Time***************************
* Signal   tow(s)        Bias(ms)    Drift(ms/s) *
* gpsl1  518142.8250    10.2765      0.00147        *
***************************************************
********************DOP******************
* GDOP: 2.22  PDOP: 2.03  HDOP: 1.72    *
* VDOP: 1.08  TDOP: 0.90                *
*****************************************
********************Position********************************
* X: 2893053.51  Y: 1322506.54  Z: 5509748.66  Fom: 0.20   *
* dE:   0.00  dN:   0.00  dU:   0.00   *
************************************************************
********************Velocity*********************
VX:  -0.01  VY:  -0.00  VZ:   0.04  Fom: 0.01   *
*************************************************

================================================================================
Processed epoch: 309
Number of Satellites      gpsl1: 7
Total number of satellites: 7
=========================== LSE solution ============================================

Navigation status: GOOD_FOR_NAV
********************Time***************************
* Signal   tow(s)        Bias(ms)    Drift(ms/s) *
* gpsl1  518142.9250    10.2764      0.00147        *
***************************************************
********************DOP******************
* GDOP: 2.22  PDOP: 2.03  HDOP: 1.72    *
* VDOP: 1.08  TDOP: 0.90                *
*****************************************
********************Position********************************
* X: 2893053.52  Y: 1322506.47  Z: 5509748.70  Fom: 0.19   *
* dE:   0.00  dN:   0.00  dU:   0.00   *
************************************************************
********************Velocity*********************
VX:   0.00  VY:  -0.00  VZ:  -0.01  Fom: 0.00   *
*************************************************

================================================================================
Processed epoch: 310
Number of Satellites      gpsl1: 7
Total number of satellites: 7
=========================== LSE solution ============================================

Navigation status: GOOD_FOR_NAV
********************Time***************************
* Signal   tow(s)        Bias(ms)    Drift(ms/s) *
* gpsl1  518143.0250    10.2762      0.00147        *
***************************************************
********************DOP******************
* GDOP: 2.22  PDOP: 2.03  HDOP: 1.72    *
* VDOP: 1.08  TDOP: 0.90                *
*****************************************
********************Position********************************
* X: 2893053.52  Y: 1322506.52  Z: 5509748.73  Fom: 0.19   *
* dE:   0.00  dN:   0.00  dU:   0.00   *
************************************************************
********************Velocity*********************
VX:   0.05  VY:   0.03  VZ:   0.04  Fom: 0.02   *
*************************************************

================================================================================
Processed epoch: 311
Number of Satellites      gpsl1: 7
Total number of satellites: 7
=========================== LSE solution ============================================

Navigation status: GOOD_FOR_NAV
********************Time***************************
* Signal   tow(s)        Bias(ms)    Drift(ms/s) *
* gpsl1  518143.1250    10.2761      0.00147        *
***************************************************
********************DOP******************
* GDOP: 2.22  PDOP: 2.03  HDOP: 1.72    *
* VDOP: 1.08  TDOP: 0.90                *
*****************************************
********************Position********************************
* X: 2893053.49  Y: 1322506.55  Z: 5509748.69  Fom: 0.19   *
* dE:   0.00  dN:   0.00  dU:   0.00   *
************************************************************
********************Velocity*********************
VX:   0.01  VY:  -0.01  VZ:   0.02  Fom: 0.01   *
*************************************************

================================================================================
Processed epoch: 312
Number of Satellites      gpsl1: 7
Total number of satellites: 7
=========================== LSE solution ============================================

Navigation status: GOOD_FOR_NAV
********************Time***************************
* Signal   tow(s)        Bias(ms)    Drift(ms/s) *
* gpsl1  518143.2250    10.2759      0.00147        *
***************************************************
********************DOP******************
* GDOP: 2.22  PDOP: 2.03  HDOP: 1.72    *
* VDOP: 1.08  TDOP: 0.90                *
*****************************************
********************Position********************************
* X: 2893053.47  Y: 1322506.57  Z: 5509748.60  Fom: 0.18   *
* dE:   0.00  dN:   0.00  dU:   0.00   *
************************************************************
********************Velocity*********************
VX:  -0.00  VY:   0.02  VZ:   0.00  Fom: 0.01   *
*************************************************

================================================================================
Processed epoch: 313
Number of Satellites      gpsl1: 7
Total number of satellites: 7
=========================== LSE solution ============================================

Navigation status: GOOD_FOR_NAV
********************Time***************************
* Signal   tow(s)        Bias(ms)    Drift(ms/s) *
* gpsl1  518143.3250    10.2758      0.00147        *
***************************************************
********************DOP******************
* GDOP: 2.22  PDOP: 2.03  HDOP: 1.72    *
* VDOP: 1.08  TDOP: 0.90                *
*****************************************
********************Position********************************
* X: 2893053.45  Y: 1322506.61  Z: 5509748.65  Fom: 0.18   *
* dE:   0.00  dN:   0.00  dU:   0.00   *
************************************************************
********************Velocity*********************
VX:   0.02  VY:  -0.01  VZ:   0.02  Fom: 0.01   *
*************************************************

================================================================================
Processed epoch: 314
Number of Satellites      gpsl1: 7
Total number of satellites: 7
=========================== LSE solution ============================================

Navigation status: GOOD_FOR_NAV
********************Time***************************
* Signal   tow(s)        Bias(ms)    Drift(ms/s) *
* gpsl1  518143.4250    10.2757      0.00147        *
***************************************************
********************DOP******************
* GDOP: 2.22  PDOP: 2.03  HDOP: 1.72    *
* VDOP: 1.08  TDOP: 0.90                *
*****************************************
********************Position********************************
* X: 2893053.47  Y: 1322506.57  Z: 5509748.62  Fom: 0.19   *
* dE:   0.00  dN:   0.00  dU:   0.00   *
************************************************************
********************Velocity*********************
VX:  -0.02  VY:   0.01  VZ:   0.04  Fom: 0.01   *
*************************************************

================================================================================
Processed epoch: 315
Number of Satellites      gpsl1: 7
Total number of satellites: 7
=========================== LSE solution ============================================

Navigation status: GOOD_FOR_NAV
********************Time***************************
* Signal   tow(s)        Bias(ms)    Drift(ms/s) *
* gpsl1  518143.5250    10.2755      0.00147        *
***************************************************
********************DOP******************
* GDOP: 2.22  PDOP: 2.03  HDOP: 1.72    *
* VDOP: 1.08  TDOP: 0.90                *
*****************************************
********************Position********************************
* X: 2893053.50  Y: 1322506.60  Z: 5509748.62  Fom: 0.19   *
* dE:   0.00  dN:   0.00  dU:   0.00   *
************************************************************
********************Velocity*********************
VX:  -0.04  VY:  -0.03  VZ:  -0.04  Fom: 0.02   *
*************************************************

================================================================================
Processed epoch: 316
Number of Satellites      gpsl1: 7
Total number of satellites: 7
=========================== LSE solution ============================================

Navigation status: GOOD_FOR_NAV
********************Time***************************
* Signal   tow(s)        Bias(ms)    Drift(ms/s) *
* gpsl1  518143.6250    10.2754      0.00147        *
***************************************************
********************DOP******************
* GDOP: 2.22  PDOP: 2.03  HDOP: 1.72    *
* VDOP: 1.08  TDOP: 0.90                *
*****************************************
********************Position********************************
* X: 2893053.49  Y: 1322506.57  Z: 5509748.61  Fom: 0.18   *
* dE:   0.00  dN:   0.00  dU:   0.00   *
************************************************************
********************Velocity*********************
VX:  -0.00  VY:   0.01  VZ:   0.01  Fom: 0.01   *
*************************************************

================================================================================
Processed epoch: 317
Number of Satellites      gpsl1: 7
Total number of satellites: 7
=========================== LSE solution ============================================

Navigation status: GOOD_FOR_NAV
********************Time***************************
* Signal   tow(s)        Bias(ms)    Drift(ms/s) *
* gpsl1  518143.7250    10.2752      0.00147        *
***************************************************
********************DOP******************
* GDOP: 2.22  PDOP: 2.03  HDOP: 1.72    *
* VDOP: 1.08  TDOP: 0.90                *
*****************************************
********************Position********************************
* X: 2893053.50  Y: 1322506.52  Z: 5509748.60  Fom: 0.19   *
* dE:   0.00  dN:   0.00  dU:   0.00   *
************************************************************
********************Velocity*********************
VX:   0.01  VY:   0.05  VZ:   0.07  Fom: 0.02   *
*************************************************

================================================================================
Processed epoch: 318
Number of Satellites      gpsl1: 7
Total number of satellites: 7
=========================== LSE solution ============================================

Navigation status: GOOD_FOR_NAV
********************Time***************************
* Signal   tow(s)        Bias(ms)    Drift(ms/s) *
* gpsl1  518143.8250    10.2751      0.00147        *
***************************************************
********************DOP******************
* GDOP: 2.22  PDOP: 2.03  HDOP: 1.72    *
* VDOP: 1.08  TDOP: 0.90                *
*****************************************
********************Position********************************
* X: 2893053.50  Y: 1322506.47  Z: 5509748.60  Fom: 0.18   *
* dE:   0.00  dN:   0.00  dU:   0.00   *
************************************************************
********************Velocity*********************
VX:  -0.02  VY:  -0.02  VZ:   0.02  Fom: 0.01   *
*************************************************

================================================================================
Processed epoch: 319
Number of Satellites      gpsl1: 7
Total number of satellites: 7
=========================== LSE solution ============================================

Navigation status: GOOD_FOR_NAV
********************Time***************************
* Signal   tow(s)        Bias(ms)    Drift(ms/s) *
* gpsl1  518143.9250    10.2749      0.00147        *
***************************************************
********************DOP******************
* GDOP: 2.22  PDOP: 2.03  HDOP: 1.72    *
* VDOP: 1.08  TDOP: 0.90                *
*****************************************
********************Position********************************
* X: 2893053.53  Y: 1322506.47  Z: 5509748.62  Fom: 0.18   *
* dE:   0.00  dN:   0.00  dU:   0.00   *
************************************************************
********************Velocity*********************
VX:  -0.02  VY:   0.01  VZ:   0.00  Fom: 0.01   *
*************************************************

================================================================================
Processed epoch: 320
Number of Satellites      gpsl1: 7
Total number of satellites: 7
=========================== LSE solution ============================================

Navigation status: GOOD_FOR_NAV
********************Time***************************
* Signal   tow(s)        Bias(ms)    Drift(ms/s) *
* gpsl1  518144.0250    10.2748      0.00147        *
***************************************************
********************DOP******************
* GDOP: 2.22  PDOP: 2.03  HDOP: 1.72    *
* VDOP: 1.08  TDOP: 0.90                *
*****************************************
********************Position********************************
* X: 2893053.49  Y: 1322506.50  Z: 5509748.64  Fom: 0.18   *
* dE:   0.00  dN:   0.00  dU:   0.00   *
************************************************************
********************Velocity*********************
VX:   0.00  VY:  -0.00  VZ:   0.00  Fom: 0.00   *
*************************************************

================================================================================
Processed epoch: 321
Number of Satellites      gpsl1: 7
Total number of satellites: 7
=========================== LSE solution ============================================

Navigation status: GOOD_FOR_NAV
********************Time***************************
* Signal   tow(s)        Bias(ms)    Drift(ms/s) *
* gpsl1  518144.1250    10.2746      0.00147        *
***************************************************
********************DOP******************
* GDOP: 2.22  PDOP: 2.03  HDOP: 1.72    *
* VDOP: 1.08  TDOP: 0.90                *
*****************************************
********************Position********************************
* X: 2893053.45  Y: 1322506.47  Z: 5509748.58  Fom: 0.18   *
* dE:   0.00  dN:   0.00  dU:   0.00   *
************************************************************
********************Velocity*********************
VX:   0.04  VY:   0.01  VZ:   0.02  Fom: 0.01   *
*************************************************

================================================================================
Processed epoch: 322
Number of Satellites      gpsl1: 7
Total number of satellites: 7
=========================== LSE solution ============================================

Navigation status: GOOD_FOR_NAV
********************Time***************************
* Signal   tow(s)        Bias(ms)    Drift(ms/s) *
* gpsl1  518144.2250    10.2745      0.00147        *
***************************************************
********************DOP******************
* GDOP: 2.22  PDOP: 2.03  HDOP: 1.72    *
* VDOP: 1.08  TDOP: 0.90                *
*****************************************
********************Position********************************
* X: 2893053.46  Y: 1322506.50  Z: 5509748.61  Fom: 0.16   *
* dE:   0.00  dN:   0.00  dU:   0.00   *
************************************************************
********************Velocity*********************
VX:  -0.01  VY:   0.02  VZ:   0.01  Fom: 0.01   *
*************************************************

================================================================================
Processed epoch: 323
Number of Satellites      gpsl1: 7
Total number of satellites: 7
=========================== LSE solution ============================================

Navigation status: GOOD_FOR_NAV
********************Time***************************
* Signal   tow(s)        Bias(ms)    Drift(ms/s) *
* gpsl1  518144.3250    10.2743      0.00147        *
***************************************************
********************DOP******************
* GDOP: 2.22  PDOP: 2.03  HDOP: 1.72    *
* VDOP: 1.08  TDOP: 0.90                *
*****************************************
********************Position********************************
* X: 2893053.44  Y: 1322506.48  Z: 5509748.57  Fom: 0.17   *
* dE:   0.00  dN:   0.00  dU:   0.00   *
************************************************************
********************Velocity*********************
VX:   0.01  VY:   0.01  VZ:   0.05  Fom: 0.01   *
*************************************************

================================================================================
Processed epoch: 324
Number of Satellites      gpsl1: 7
Total number of satellites: 7
=========================== LSE solution ============================================

Navigation status: GOOD_FOR_NAV
********************Time***************************
* Signal   tow(s)        Bias(ms)    Drift(ms/s) *
* gpsl1  518144.4250    10.2742      0.00147        *
***************************************************
********************DOP******************
* GDOP: 2.22  PDOP: 2.03  HDOP: 1.72    *
* VDOP: 1.08  TDOP: 0.90                *
*****************************************
********************Position********************************
* X: 2893053.45  Y: 1322506.47  Z: 5509748.59  Fom: 0.17   *
* dE:   0.00  dN:   0.00  dU:   0.00   *
************************************************************
********************Velocity*********************
VX:   0.04  VY:   0.02  VZ:   0.03  Fom: 0.01   *
*************************************************

================================================================================
Processed epoch: 325
Number of Satellites      gpsl1: 7
Total number of satellites: 7
=========================== LSE solution ============================================

Navigation status: GOOD_FOR_NAV
********************Time***************************
* Signal   tow(s)        Bias(ms)    Drift(ms/s) *
* gpsl1  518144.5249    10.2740      0.00147        *
***************************************************
********************DOP******************
* GDOP: 2.22  PDOP: 2.03  HDOP: 1.72    *
* VDOP: 1.08  TDOP: 0.90                *
*****************************************
********************Position********************************
* X: 2893053.50  Y: 1322506.40  Z: 5509748.65  Fom: 0.18   *
* dE:   0.00  dN:   0.00  dU:   0.00   *
************************************************************
********************Velocity*********************
VX:   0.00  VY:   0.02  VZ:   0.02  Fom: 0.01   *
*************************************************

================================================================================
Processed epoch: 326
Number of Satellites      gpsl1: 7
Total number of satellites: 7
=========================== LSE solution ============================================

Navigation status: GOOD_FOR_NAV
********************Time***************************
* Signal   tow(s)        Bias(ms)    Drift(ms/s) *
* gpsl1  518144.6249    10.2739      0.00147        *
***************************************************
********************DOP******************
* GDOP: 2.22  PDOP: 2.03  HDOP: 1.72    *
* VDOP: 1.08  TDOP: 0.90                *
*****************************************
********************Position********************************
* X: 2893053.49  Y: 1322506.38  Z: 5509748.58  Fom: 0.19   *
* dE:   0.00  dN:   0.00  dU:   0.00   *
************************************************************
********************Velocity*********************
VX:   0.00  VY:   0.00  VZ:   0.03  Fom: 0.01   *
*************************************************

================================================================================
Processed epoch: 327
Number of Satellites      gpsl1: 7
Total number of satellites: 7
=========================== LSE solution ============================================

Navigation status: GOOD_FOR_NAV
********************Time***************************
* Signal   tow(s)        Bias(ms)    Drift(ms/s) *
* gpsl1  518144.7249    10.2738      0.00147        *
***************************************************
********************DOP******************
* GDOP: 2.22  PDOP: 2.03  HDOP: 1.72    *
* VDOP: 1.08  TDOP: 0.90                *
*****************************************
********************Position********************************
* X: 2893053.48  Y: 1322506.44  Z: 5509748.57  Fom: 0.20   *
* dE:   0.00  dN:   0.00  dU:   0.00   *
************************************************************
********************Velocity*********************
VX:   0.01  VY:   0.01  VZ:   0.03  Fom: 0.01   *
*************************************************

================================================================================
Processed epoch: 328
Number of Satellites      gpsl1: 7
Total number of satellites: 7
=========================== LSE solution ============================================

Navigation status: GOOD_FOR_NAV
********************Time***************************
* Signal   tow(s)        Bias(ms)    Drift(ms/s) *
* gpsl1  518144.8249    10.2736      0.00147        *
***************************************************
********************DOP******************
* GDOP: 2.22  PDOP: 2.03  HDOP: 1.72    *
* VDOP: 1.08  TDOP: 0.90                *
*****************************************
********************Position********************************
* X: 2893053.45  Y: 1322506.41  Z: 5509748.59  Fom: 0.19   *
* dE:   0.00  dN:   0.00  dU:   0.00   *
************************************************************
********************Velocity*********************
VX:   0.01  VY:  -0.00  VZ:   0.01  Fom: 0.00   *
*************************************************

================================================================================
Processed epoch: 329
Number of Satellites      gpsl1: 7
Total number of satellites: 7
=========================== LSE solution ============================================

Navigation status: GOOD_FOR_NAV
********************Time***************************
* Signal   tow(s)        Bias(ms)    Drift(ms/s) *
* gpsl1  518144.9249    10.2735      0.00147        *
***************************************************
********************DOP******************
* GDOP: 2.22  PDOP: 2.03  HDOP: 1.72    *
* VDOP: 1.08  TDOP: 0.90                *
*****************************************
********************Position********************************
* X: 2893053.44  Y: 1322506.46  Z: 5509748.55  Fom: 0.20   *
* dE:   0.00  dN:   0.00  dU:   0.00   *
************************************************************
********************Velocity*********************
VX:  -0.00  VY:   0.02  VZ:   0.02  Fom: 0.01   *
*************************************************

================================================================================
Processed epoch: 330
Number of Satellites      gpsl1: 7
Total number of satellites: 7
=========================== LSE solution ============================================

Navigation status: GOOD_FOR_NAV
********************Time***************************
* Signal   tow(s)        Bias(ms)    Drift(ms/s) *
* gpsl1  518145.0249    10.2733      0.00147        *
***************************************************
********************DOP******************
* GDOP: 2.22  PDOP: 2.03  HDOP: 1.72    *
* VDOP: 1.08  TDOP: 0.90                *
*****************************************
********************Position********************************
* X: 2893053.42  Y: 1322506.47  Z: 5509748.55  Fom: 0.19   *
* dE:   0.00  dN:   0.00  dU:   0.00   *
************************************************************
********************Velocity*********************
VX:   0.04  VY:   0.01  VZ:   0.02  Fom: 0.01   *
*************************************************

================================================================================
Processed epoch: 331
Number of Satellites      gpsl1: 7
Total number of satellites: 7
=========================== LSE solution ============================================

Navigation status: GOOD_FOR_NAV
********************Time***************************
* Signal   tow(s)        Bias(ms)    Drift(ms/s) *
* gpsl1  518145.1249    10.2732      0.00147        *
***************************************************
********************DOP******************
* GDOP: 2.22  PDOP: 2.03  HDOP: 1.72    *
* VDOP: 1.08  TDOP: 0.90                *
*****************************************
********************Position********************************
* X: 2893053.39  Y: 1322506.48  Z: 5509748.52  Fom: 0.19   *
* dE:   0.00  dN:   0.00  dU:   0.00   *
************************************************************
********************Velocity*********************
VX:   0.03  VY:   0.03  VZ:   0.07  Fom: 0.02   *
*************************************************

================================================================================
Processed epoch: 332
Number of Satellites      gpsl1: 7
Total number of satellites: 7
=========================== LSE solution ============================================

Navigation status: GOOD_FOR_NAV
********************Time***************************
* Signal   tow(s)        Bias(ms)    Drift(ms/s) *
* gpsl1  518145.2249    10.2730      0.00147        *
***************************************************
********************DOP******************
* GDOP: 2.22  PDOP: 2.03  HDOP: 1.72    *
* VDOP: 1.08  TDOP: 0.90                *
*****************************************
********************Position********************************
* X: 2893053.40  Y: 1322506.51  Z: 5509748.60  Fom: 0.20   *
* dE:   0.00  dN:   0.00  dU:   0.00   *
************************************************************
********************Velocity*********************
VX:   0.01  VY:  -0.01  VZ:   0.01  Fom: 0.01   *
*************************************************

================================================================================
Processed epoch: 333
Number of Satellites      gpsl1: 7
Total number of satellites: 7
=========================== LSE solution ============================================

Navigation status: GOOD_FOR_NAV
********************Time***************************
* Signal   tow(s)        Bias(ms)    Drift(ms/s) *
* gpsl1  518145.3249    10.2729      0.00147        *
***************************************************
********************DOP******************
* GDOP: 2.22  PDOP: 2.03  HDOP: 1.72    *
* VDOP: 1.08  TDOP: 0.90                *
*****************************************
********************Position********************************
* X: 2893053.36  Y: 1322506.51  Z: 5509748.50  Fom: 0.19   *
* dE:   0.00  dN:   0.00  dU:   0.00   *
************************************************************
********************Velocity*********************
VX:  -0.01  VY:   0.01  VZ:   0.01  Fom: 0.01   *
*************************************************

================================================================================
Processed epoch: 334
Number of Satellites      gpsl1: 7
Total number of satellites: 7
=========================== LSE solution ============================================

Navigation status: GOOD_FOR_NAV
********************Time***************************
* Signal   tow(s)        Bias(ms)    Drift(ms/s) *
* gpsl1  518145.4249    10.2727      0.00147        *
***************************************************
********************DOP******************
* GDOP: 2.22  PDOP: 2.03  HDOP: 1.72    *
* VDOP: 1.08  TDOP: 0.90                *
*****************************************
********************Position********************************
* X: 2893053.40  Y: 1322506.54  Z: 5509748.46  Fom: 0.20   *
* dE:   0.00  dN:   0.00  dU:   0.00   *
************************************************************
********************Velocity*********************
VX:   0.02  VY:   0.01  VZ:   0.01  Fom: 0.01   *
*************************************************

================================================================================
Processed epoch: 335
Number of Satellites      gpsl1: 7
Total number of satellites: 7
=========================== LSE solution ============================================

Navigation status: GOOD_FOR_NAV
********************Time***************************
* Signal   tow(s)        Bias(ms)    Drift(ms/s) *
* gpsl1  518145.5249    10.2726      0.00147        *
***************************************************
********************DOP******************
* GDOP: 2.22  PDOP: 2.03  HDOP: 1.72    *
* VDOP: 1.08  TDOP: 0.90                *
*****************************************
********************Position********************************
* X: 2893053.40  Y: 1322506.57  Z: 5509748.50  Fom: 0.20   *
* dE:   0.00  dN:   0.00  dU:   0.00   *
************************************************************
********************Velocity*********************
VX:   0.02  VY:   0.05  VZ:   0.07  Fom: 0.02   *
*************************************************

================================================================================
Processed epoch: 336
Number of Satellites      gpsl1: 7
Total number of satellites: 7
=========================== LSE solution ============================================

Navigation status: GOOD_FOR_NAV
********************Time***************************
* Signal   tow(s)        Bias(ms)    Drift(ms/s) *
* gpsl1  518145.6249    10.2724      0.00147        *
***************************************************
********************DOP******************
* GDOP: 2.22  PDOP: 2.03  HDOP: 1.72    *
* VDOP: 1.08  TDOP: 0.90                *
*****************************************
********************Position********************************
* X: 2893053.45  Y: 1322506.62  Z: 5509748.53  Fom: 0.22   *
* dE:   0.00  dN:   0.00  dU:   0.00   *
************************************************************
********************Velocity*********************
VX:   0.01  VY:  -0.00  VZ:   0.02  Fom: 0.01   *
*************************************************

================================================================================
Processed epoch: 337
Number of Satellites      gpsl1: 7
Total number of satellites: 7
=========================== LSE solution ============================================

Navigation status: GOOD_FOR_NAV
********************Time***************************
* Signal   tow(s)        Bias(ms)    Drift(ms/s) *
* gpsl1  518145.7249    10.2723      0.00147        *
***************************************************
********************DOP******************
* GDOP: 2.22  PDOP: 2.03  HDOP: 1.72    *
* VDOP: 1.08  TDOP: 0.90                *
*****************************************
********************Position********************************
* X: 2893053.41  Y: 1322506.67  Z: 5509748.59  Fom: 0.20   *
* dE:   0.00  dN:   0.00  dU:   0.00   *
************************************************************
********************Velocity*********************
VX:  -0.00  VY:   0.01  VZ:   0.01  Fom: 0.00   *
*************************************************

================================================================================
Processed epoch: 338
Number of Satellites      gpsl1: 7
Total number of satellites: 7
=========================== LSE solution ============================================

Navigation status: GOOD_FOR_NAV
********************Time***************************
* Signal   tow(s)        Bias(ms)    Drift(ms/s) *
* gpsl1  518145.8249    10.2721      0.00147        *
***************************************************
********************DOP******************
* GDOP: 2.22  PDOP: 2.03  HDOP: 1.72    *
* VDOP: 1.08  TDOP: 0.90                *
*****************************************
********************Position********************************
* X: 2893053.45  Y: 1322506.66  Z: 5509748.67  Fom: 0.20   *
* dE:   0.00  dN:   0.00  dU:   0.00   *
************************************************************
********************Velocity*********************
VX:   0.02  VY:   0.00  VZ:   0.04  Fom: 0.01   *
*************************************************

================================================================================
Processed epoch: 339
Number of Satellites      gpsl1: 7
Total number of satellites: 7
=========================== LSE solution ============================================

Navigation status: GOOD_FOR_NAV
********************Time***************************
* Signal   tow(s)        Bias(ms)    Drift(ms/s) *
* gpsl1  518145.9249    10.2720      0.00147        *
***************************************************
********************DOP******************
* GDOP: 2.22  PDOP: 2.03  HDOP: 1.72    *
* VDOP: 1.08  TDOP: 0.90                *
*****************************************
********************Position********************************
* X: 2893053.41  Y: 1322506.62  Z: 5509748.63  Fom: 0.20   *
* dE:   0.00  dN:   0.00  dU:   0.00   *
************************************************************
********************Velocity*********************
VX:   0.01  VY:  -0.01  VZ:   0.02  Fom: 0.01   *
*************************************************

================================================================================
Processed epoch: 340
Number of Satellites      gpsl1: 7
Total number of satellites: 7
=========================== LSE solution ============================================

Navigation status: GOOD_FOR_NAV
********************Time***************************
* Signal   tow(s)        Bias(ms)    Drift(ms/s) *
* gpsl1  518146.0249    10.2719      0.00147        *
***************************************************
********************DOP******************
* GDOP: 2.22  PDOP: 2.03  HDOP: 1.72    *
* VDOP: 1.08  TDOP: 0.90                *
*****************************************
********************Position********************************
* X: 2893053.42  Y: 1322506.57  Z: 5509748.61  Fom: 0.20   *
* dE:   0.00  dN:   0.00  dU:   0.00   *
************************************************************
********************Velocity*********************
VX:   0.01  VY:  -0.01  VZ:  -0.01  Fom: 0.01   *
*************************************************

================================================================================
Processed epoch: 341
Number of Satellites      gpsl1: 7
Total number of satellites: 7
=========================== LSE solution ============================================

Navigation status: GOOD_FOR_NAV
********************Time***************************
* Signal   tow(s)        Bias(ms)    Drift(ms/s) *
* gpsl1  518146.1249    10.2717      0.00147        *
***************************************************
********************DOP******************
* GDOP: 2.22  PDOP: 2.03  HDOP: 1.72    *
* VDOP: 1.08  TDOP: 0.90                *
*****************************************
********************Position********************************
* X: 2893053.44  Y: 1322506.58  Z: 5509748.69  Fom: 0.19   *
* dE:   0.00  dN:   0.00  dU:   0.00   *
************************************************************
********************Velocity*********************
VX:  -0.01  VY:   0.03  VZ:   0.03  Fom: 0.01   *
*************************************************

================================================================================
Processed epoch: 342
Number of Satellites      gpsl1: 7
Total number of satellites: 7
=========================== LSE solution ============================================

Navigation status: GOOD_FOR_NAV
********************Time***************************
* Signal   tow(s)        Bias(ms)    Drift(ms/s) *
* gpsl1  518146.2249    10.2716      0.00147        *
***************************************************
********************DOP******************
* GDOP: 2.22  PDOP: 2.03  HDOP: 1.72    *
* VDOP: 1.08  TDOP: 0.90                *
*****************************************
********************Position********************************
* X: 2893053.44  Y: 1322506.53  Z: 5509748.68  Fom: 0.19   *
* dE:   0.00  dN:   0.00  dU:   0.00   *
************************************************************
********************Velocity*********************
VX:   0.03  VY:   0.01  VZ:   0.05  Fom: 0.01   *
*************************************************

================================================================================
Processed epoch: 343
Number of Satellites      gpsl1: 7
Total number of satellites: 7
=========================== LSE solution ============================================

Navigation status: GOOD_FOR_NAV
********************Time***************************
* Signal   tow(s)        Bias(ms)    Drift(ms/s) *
* gpsl1  518146.3249    10.2714      0.00147        *
***************************************************
********************DOP******************
* GDOP: 2.22  PDOP: 2.03  HDOP: 1.72    *
* VDOP: 1.08  TDOP: 0.90                *
*****************************************
********************Position********************************
* X: 2893053.47  Y: 1322506.54  Z: 5509748.61  Fom: 0.19   *
* dE:   0.00  dN:   0.00  dU:   0.00   *
************************************************************
********************Velocity*********************
VX:   0.01  VY:   0.01  VZ:   0.07  Fom: 0.01   *
*************************************************

================================================================================
Processed epoch: 344
Number of Satellites      gpsl1: 7
Total number of satellites: 7
=========================== LSE solution ============================================

Navigation status: GOOD_FOR_NAV
********************Time***************************
* Signal   tow(s)        Bias(ms)    Drift(ms/s) *
* gpsl1  518146.4249    10.2713      0.00147        *
***************************************************
********************DOP******************
* GDOP: 2.22  PDOP: 2.03  HDOP: 1.72    *
* VDOP: 1.08  TDOP: 0.90                *
*****************************************
********************Position********************************
* X: 2893053.48  Y: 1322506.60  Z: 5509748.72  Fom: 0.19   *
* dE:   0.00  dN:   0.00  dU:   0.00   *
************************************************************
********************Velocity*********************
VX:   0.02  VY:  -0.00  VZ:   0.03  Fom: 0.01   *
*************************************************

================================================================================
Processed epoch: 345
Number of Satellites      gpsl1: 7
Total number of satellites: 7
=========================== LSE solution ============================================

Navigation status: GOOD_FOR_NAV
********************Time***************************
* Signal   tow(s)        Bias(ms)    Drift(ms/s) *
* gpsl1  518146.5249    10.2711      0.00147        *
***************************************************
********************DOP******************
* GDOP: 2.22  PDOP: 2.03  HDOP: 1.72    *
* VDOP: 1.08  TDOP: 0.90                *
*****************************************
********************Position********************************
* X: 2893053.48  Y: 1322506.61  Z: 5509748.79  Fom: 0.19   *
* dE:   0.00  dN:   0.00  dU:   0.00   *
************************************************************
********************Velocity*********************
VX:   0.01  VY:  -0.00  VZ:   0.04  Fom: 0.01   *
*************************************************

================================================================================
Processed epoch: 346
Number of Satellites      gpsl1: 7
Total number of satellites: 7
=========================== LSE solution ============================================

Navigation status: GOOD_FOR_NAV
********************Time***************************
* Signal   tow(s)        Bias(ms)    Drift(ms/s) *
* gpsl1  518146.6249    10.2710      0.00147        *
***************************************************
********************DOP******************
* GDOP: 2.22  PDOP: 2.03  HDOP: 1.72    *
* VDOP: 1.08  TDOP: 0.90                *
*****************************************
********************Position********************************
* X: 2893053.52  Y: 1322506.59  Z: 5509748.72  Fom: 0.20   *
* dE:   0.00  dN:   0.00  dU:   0.00   *
************************************************************
********************Velocity*********************
VX:   0.03  VY:   0.00  VZ:   0.04  Fom: 0.01   *
*************************************************

================================================================================
Processed epoch: 347
Number of Satellites      gpsl1: 7
Total number of satellites: 7
=========================== LSE solution ============================================

Navigation status: GOOD_FOR_NAV
********************Time***************************
* Signal   tow(s)        Bias(ms)    Drift(ms/s) *
* gpsl1  518146.7249    10.2708      0.00147        *
***************************************************
********************DOP******************
* GDOP: 2.22  PDOP: 2.03  HDOP: 1.72    *
* VDOP: 1.08  TDOP: 0.90                *
*****************************************
********************Position********************************
* X: 2893053.50  Y: 1322506.63  Z: 5509748.70  Fom: 0.20   *
* dE:   0.00  dN:   0.00  dU:   0.00   *
************************************************************
********************Velocity*********************
VX:  -0.01  VY:  -0.00  VZ:   0.04  Fom: 0.01   *
*************************************************

================================================================================
Processed epoch: 348
Number of Satellites      gpsl1: 7
Total number of satellites: 7
=========================== LSE solution ============================================

Navigation status: GOOD_FOR_NAV
********************Time***************************
* Signal   tow(s)        Bias(ms)    Drift(ms/s) *
* gpsl1  518146.8249    10.2707      0.00147        *
***************************************************
********************DOP******************
* GDOP: 2.22  PDOP: 2.03  HDOP: 1.72    *
* VDOP: 1.08  TDOP: 0.90                *
*****************************************
********************Position********************************
* X: 2893053.47  Y: 1322506.58  Z: 5509748.69  Fom: 0.19   *
* dE:   0.00  dN:   0.00  dU:   0.00   *
************************************************************
********************Velocity*********************
VX:   0.01  VY:   0.02  VZ:   0.00  Fom: 0.01   *
*************************************************

================================================================================
Processed epoch: 349
Number of Satellites      gpsl1: 7
Total number of satellites: 7
=========================== LSE solution ============================================

Navigation status: GOOD_FOR_NAV
********************Time***************************
* Signal   tow(s)        Bias(ms)    Drift(ms/s) *
* gpsl1  518146.9249    10.2705      0.00147        *
***************************************************
********************DOP******************
* GDOP: 2.22  PDOP: 2.03  HDOP: 1.72    *
* VDOP: 1.08  TDOP: 0.90                *
*****************************************
********************Position********************************
* X: 2893053.52  Y: 1322506.52  Z: 5509748.69  Fom: 0.20   *
* dE:   0.00  dN:   0.00  dU:   0.00   *
************************************************************
********************Velocity*********************
VX:   0.01  VY:  -0.00  VZ:   0.05  Fom: 0.01   *
*************************************************

================================================================================
Processed epoch: 350
Number of Satellites      gpsl1: 7
Total number of satellites: 7
=========================== LSE solution ============================================

Navigation status: GOOD_FOR_NAV
********************Time***************************
* Signal   tow(s)        Bias(ms)    Drift(ms/s) *
* gpsl1  518147.0249    10.2704      0.00147        *
***************************************************
********************DOP******************
* GDOP: 2.22  PDOP: 2.03  HDOP: 1.72    *
* VDOP: 1.08  TDOP: 0.90                *
*****************************************
********************Position********************************
* X: 2893053.48  Y: 1322506.54  Z: 5509748.71  Fom: 0.20   *
* dE:   0.00  dN:   0.00  dU:   0.00   *
************************************************************
********************Velocity*********************
VX:   0.00  VY:   0.00  VZ:   0.01  Fom: 0.00   *
*************************************************

================================================================================
Processed epoch: 351
Number of Satellites      gpsl1: 7
Total number of satellites: 7
=========================== LSE solution ============================================

Navigation status: GOOD_FOR_NAV
********************Time***************************
* Signal   tow(s)        Bias(ms)    Drift(ms/s) *
* gpsl1  518147.1249    10.2702      0.00147        *
***************************************************
********************DOP******************
* GDOP: 2.22  PDOP: 2.03  HDOP: 1.72    *
* VDOP: 1.08  TDOP: 0.90                *
*****************************************
********************Position********************************
* X: 2893053.45  Y: 1322506.56  Z: 5509748.73  Fom: 0.20   *
* dE:   0.00  dN:   0.00  dU:   0.00   *
************************************************************
********************Velocity*********************
VX:   0.03  VY:   0.01  VZ:   0.02  Fom: 0.01   *
*************************************************

================================================================================
Processed epoch: 352
Number of Satellites      gpsl1: 7
Total number of satellites: 7
=========================== LSE solution ============================================

Navigation status: GOOD_FOR_NAV
********************Time***************************
* Signal   tow(s)        Bias(ms)    Drift(ms/s) *
* gpsl1  518147.2249    10.2701      0.00147        *
***************************************************
********************DOP******************
* GDOP: 2.22  PDOP: 2.03  HDOP: 1.72    *
* VDOP: 1.08  TDOP: 0.90                *
*****************************************
********************Position********************************
* X: 2893053.44  Y: 1322506.55  Z: 5509748.65  Fom: 0.19   *
* dE:   0.00  dN:   0.00  dU:   0.00   *
************************************************************
********************Velocity*********************
VX:   0.03  VY:   0.01  VZ:   0.05  Fom: 0.01   *
*************************************************

================================================================================
Processed epoch: 353
Number of Satellites      gpsl1: 7
Total number of satellites: 7
=========================== LSE solution ============================================

Navigation status: GOOD_FOR_NAV
********************Time***************************
* Signal   tow(s)        Bias(ms)    Drift(ms/s) *
* gpsl1  518147.3249    10.2700      0.00147        *
***************************************************
********************DOP******************
* GDOP: 2.22  PDOP: 2.03  HDOP: 1.72    *
* VDOP: 1.08  TDOP: 0.90                *
*****************************************
********************Position********************************
* X: 2893053.45  Y: 1322506.52  Z: 5509748.66  Fom: 0.18   *
* dE:   0.00  dN:   0.00  dU:   0.00   *
************************************************************
********************Velocity*********************
VX:   0.02  VY:  -0.03  VZ:  -0.01  Fom: 0.01   *
*************************************************

================================================================================
Processed epoch: 354
Number of Satellites      gpsl1: 7
Total number of satellites: 7
=========================== LSE solution ============================================

Navigation status: GOOD_FOR_NAV
********************Time***************************
* Signal   tow(s)        Bias(ms)    Drift(ms/s) *
* gpsl1  518147.4249    10.2698      0.00147        *
***************************************************
********************DOP******************
* GDOP: 2.22  PDOP: 2.03  HDOP: 1.72    *
* VDOP: 1.08  TDOP: 0.90                *
*****************************************
********************Position********************************
* X: 2893053.44  Y: 1322506.50  Z: 5509748.67  Fom: 0.19   *
* dE:   0.00  dN:   0.00  dU:   0.00   *
************************************************************
********************Velocity*********************
VX:   0.02  VY:   0.02  VZ:   0.03  Fom: 0.01   *
*************************************************

================================================================================
Processed epoch: 355
Number of Satellites      gpsl1: 7
Total number of satellites: 7
=========================== LSE solution ============================================

Navigation status: GOOD_FOR_NAV
********************Time***************************
* Signal   tow(s)        Bias(ms)    Drift(ms/s) *
* gpsl1  518147.5249    10.2697      0.00147        *
***************************************************
********************DOP******************
* GDOP: 2.22  PDOP: 2.03  HDOP: 1.72    *
* VDOP: 1.08  TDOP: 0.90                *
*****************************************
********************Position********************************
* X: 2893053.46  Y: 1322506.48  Z: 5509748.66  Fom: 0.18   *
* dE:   0.00  dN:   0.00  dU:   0.00   *
************************************************************
********************Velocity*********************
VX:   0.00  VY:  -0.00  VZ:   0.02  Fom: 0.01   *
*************************************************

================================================================================
Processed epoch: 356
Number of Satellites      gpsl1: 7
Total number of satellites: 7
=========================== LSE solution ============================================

Navigation status: GOOD_FOR_NAV
********************Time***************************
* Signal   tow(s)        Bias(ms)    Drift(ms/s) *
* gpsl1  518147.6249    10.2695      0.00147        *
***************************************************
********************DOP******************
* GDOP: 2.22  PDOP: 2.03  HDOP: 1.72    *
* VDOP: 1.08  TDOP: 0.90                *
*****************************************
********************Position********************************
* X: 2893053.47  Y: 1322506.50  Z: 5509748.66  Fom: 0.18   *
* dE:   0.00  dN:   0.00  dU:   0.00   *
************************************************************
********************Velocity*********************
VX:   0.02  VY:  -0.00  VZ:   0.01  Fom: 0.01   *
*************************************************

================================================================================
Processed epoch: 357
Number of Satellites      gpsl1: 7
Total number of satellites: 7
=========================== LSE solution ============================================

Navigation status: GOOD_FOR_NAV
********************Time***************************
* Signal   tow(s)        Bias(ms)    Drift(ms/s) *
* gpsl1  518147.7249    10.2694      0.00147        *
***************************************************
********************DOP******************
* GDOP: 2.22  PDOP: 2.03  HDOP: 1.72    *
* VDOP: 1.08  TDOP: 0.90                *
*****************************************
********************Position********************************
* X: 2893053.46  Y: 1322506.43  Z: 5509748.63  Fom: 0.18   *
* dE:   0.00  dN:   0.00  dU:   0.00   *
************************************************************
********************Velocity*********************
VX:   0.01  VY:   0.02  VZ:  -0.01  Fom: 0.01   *
*************************************************

================================================================================
Processed epoch: 358
Number of Satellites      gpsl1: 7
Total number of satellites: 7
=========================== LSE solution ============================================

Navigation status: GOOD_FOR_NAV
********************Time***************************
* Signal   tow(s)        Bias(ms)    Drift(ms/s) *
* gpsl1  518147.8249    10.2692      0.00147        *
***************************************************
********************DOP******************
* GDOP: 2.22  PDOP: 2.03  HDOP: 1.72    *
* VDOP: 1.08  TDOP: 0.90                *
*****************************************
********************Position********************************
* X: 2893053.50  Y: 1322506.44  Z: 5509748.78  Fom: 0.19   *
* dE:   0.00  dN:   0.00  dU:   0.00   *
************************************************************
********************Velocity*********************
VX:   0.04  VY:   0.03  VZ:   0.09  Fom: 0.02   *
*************************************************

================================================================================
Processed epoch: 359
Number of Satellites      gpsl1: 7
Total number of satellites: 7
=========================== LSE solution ============================================

Navigation status: GOOD_FOR_NAV
********************Time***************************
* Signal   tow(s)        Bias(ms)    Drift(ms/s) *
* gpsl1  518147.9249    10.2691      0.00147        *
***************************************************
********************DOP******************
* GDOP: 2.22  PDOP: 2.03  HDOP: 1.72    *
* VDOP: 1.08  TDOP: 0.90                *
*****************************************
********************Position********************************
* X: 2893053.49  Y: 1322506.52  Z: 5509748.78  Fom: 0.18   *
* dE:   0.00  dN:   0.00  dU:   0.00   *
************************************************************
********************Velocity*********************
VX:   0.02  VY:  -0.01  VZ:  -0.03  Fom: 0.01   *
*************************************************

================================================================================
Processed epoch: 360
Number of Satellites      gpsl1: 7
Total number of satellites: 7
=========================== LSE solution ============================================

Navigation status: GOOD_FOR_NAV
********************Time***************************
* Signal   tow(s)        Bias(ms)    Drift(ms/s) *
* gpsl1  518148.0249    10.2689      0.00147        *
***************************************************
********************DOP******************
* GDOP: 2.22  PDOP: 2.03  HDOP: 1.72    *
* VDOP: 1.08  TDOP: 0.90                *
*****************************************
********************Position********************************
* X: 2893053.49  Y: 1322506.53  Z: 5509748.84  Fom: 0.18   *
* dE:   0.00  dN:   0.00  dU:   0.00   *
************************************************************
********************Velocity*********************
VX:  -0.01  VY:   0.01  VZ:  -0.02  Fom: 0.01   *
*************************************************

================================================================================
Processed epoch: 361
Number of Satellites      gpsl1: 7
Total number of satellites: 7
=========================== LSE solution ============================================

Navigation status: GOOD_FOR_NAV
********************Time***************************
* Signal   tow(s)        Bias(ms)    Drift(ms/s) *
* gpsl1  518148.1249    10.2688      0.00147        *
***************************************************
********************DOP******************
* GDOP: 2.22  PDOP: 2.03  HDOP: 1.72    *
* VDOP: 1.08  TDOP: 0.90                *
*****************************************
********************Position********************************
* X: 2893053.46  Y: 1322506.49  Z: 5509748.90  Fom: 0.18   *
* dE:   0.00  dN:   0.00  dU:   0.00   *
************************************************************
********************Velocity*********************
VX:   0.00  VY:   0.02  VZ:  -0.03  Fom: 0.01   *
*************************************************

================================================================================
Processed epoch: 362
Number of Satellites      gpsl1: 7
Total number of satellites: 7
=========================== LSE solution ============================================

Navigation status: GOOD_FOR_NAV
********************Time***************************
* Signal   tow(s)        Bias(ms)    Drift(ms/s) *
* gpsl1  518148.2249    10.2686      0.00147        *
***************************************************
********************DOP******************
* GDOP: 2.22  PDOP: 2.03  HDOP: 1.72    *
* VDOP: 1.08  TDOP: 0.90                *
*****************************************
********************Position********************************
* X: 2893053.44  Y: 1322506.44  Z: 5509748.85  Fom: 0.18   *
* dE:   0.00  dN:   0.00  dU:   0.00   *
************************************************************
********************Velocity*********************
VX:  -0.01  VY:  -0.03  VZ:   0.03  Fom: 0.02   *
*************************************************

================================================================================
Processed epoch: 363
Number of Satellites      gpsl1: 7
Total number of satellites: 7
=========================== LSE solution ============================================

Navigation status: GOOD_FOR_NAV
********************Time***************************
* Signal   tow(s)        Bias(ms)    Drift(ms/s) *
* gpsl1  518148.3249    10.2685      0.00147        *
***************************************************
********************DOP******************
* GDOP: 2.22  PDOP: 2.03  HDOP: 1.72    *
* VDOP: 1.08  TDOP: 0.90                *
*****************************************
********************Position********************************
* X: 2893053.45  Y: 1322506.42  Z: 5509748.85  Fom: 0.18   *
* dE:   0.00  dN:   0.00  dU:   0.00   *
************************************************************
********************Velocity*********************
VX:   0.05  VY:   0.05  VZ:   0.03  Fom: 0.02   *
*************************************************

================================================================================
Processed epoch: 364
Number of Satellites      gpsl1: 7
Total number of satellites: 7
=========================== LSE solution ============================================

Navigation status: GOOD_FOR_NAV
********************Time***************************
* Signal   tow(s)        Bias(ms)    Drift(ms/s) *
* gpsl1  518148.4249    10.2684      0.00147        *
***************************************************
********************DOP******************
* GDOP: 2.22  PDOP: 2.03  HDOP: 1.72    *
* VDOP: 1.08  TDOP: 0.90                *
*****************************************
********************Position********************************
* X: 2893053.44  Y: 1322506.41  Z: 5509748.83  Fom: 0.18   *
* dE:   0.00  dN:   0.00  dU:   0.00   *
************************************************************
********************Velocity*********************
VX:   0.00  VY:   0.01  VZ:   0.03  Fom: 0.01   *
*************************************************

================================================================================
Processed epoch: 365
Number of Satellites      gpsl1: 7
Total number of satellites: 7
=========================== LSE solution ============================================

Navigation status: GOOD_FOR_NAV
********************Time***************************
* Signal   tow(s)        Bias(ms)    Drift(ms/s) *
* gpsl1  518148.5249    10.2682      0.00147        *
***************************************************
********************DOP******************
* GDOP: 2.22  PDOP: 2.03  HDOP: 1.72    *
* VDOP: 1.08  TDOP: 0.90                *
*****************************************
********************Position********************************
* X: 2893053.41  Y: 1322506.40  Z: 5509748.86  Fom: 0.19   *
* dE:   0.00  dN:   0.00  dU:   0.00   *
************************************************************
********************Velocity*********************
VX:   0.03  VY:  -0.00  VZ:   0.01  Fom: 0.01   *
*************************************************

================================================================================
Processed epoch: 366
Number of Satellites      gpsl1: 7
Total number of satellites: 7
=========================== LSE solution ============================================

Navigation status: GOOD_FOR_NAV
********************Time***************************
* Signal   tow(s)        Bias(ms)    Drift(ms/s) *
* gpsl1  518148.6249    10.2681      0.00147        *
***************************************************
********************DOP******************
* GDOP: 2.22  PDOP: 2.03  HDOP: 1.72    *
* VDOP: 1.08  TDOP: 0.90                *
*****************************************
********************Position********************************
* X: 2893053.38  Y: 1322506.46  Z: 5509748.88  Fom: 0.19   *
* dE:   0.00  dN:   0.00  dU:   0.00   *
************************************************************
********************Velocity*********************
VX:   0.00  VY:   0.00  VZ:  -0.01  Fom: 0.01   *
*************************************************

================================================================================
Processed epoch: 367
Number of Satellites      gpsl1: 7
Total number of satellites: 7
=========================== LSE solution ============================================

Navigation status: GOOD_FOR_NAV
********************Time***************************
* Signal   tow(s)        Bias(ms)    Drift(ms/s) *
* gpsl1  518148.7249    10.2679      0.00147        *
***************************************************
********************DOP******************
* GDOP: 2.22  PDOP: 2.03  HDOP: 1.72    *
* VDOP: 1.08  TDOP: 0.90                *
*****************************************
********************Position********************************
* X: 2893053.36  Y: 1322506.44  Z: 5509748.72  Fom: 0.18   *
* dE:   0.00  dN:   0.00  dU:   0.00   *
************************************************************
********************Velocity*********************
VX:   0.01  VY:  -0.01  VZ:  -0.01  Fom: 0.01   *
*************************************************

================================================================================
Processed epoch: 368
Number of Satellites      gpsl1: 7
Total number of satellites: 7
=========================== LSE solution ============================================

Navigation status: GOOD_FOR_NAV
********************Time***************************
* Signal   tow(s)        Bias(ms)    Drift(ms/s) *
* gpsl1  518148.8249    10.2678      0.00147        *
***************************************************
********************DOP******************
* GDOP: 2.22  PDOP: 2.03  HDOP: 1.72    *
* VDOP: 1.08  TDOP: 0.90                *
*****************************************
********************Position********************************
* X: 2893053.41  Y: 1322506.47  Z: 5509748.79  Fom: 0.18   *
* dE:   0.00  dN:   0.00  dU:   0.00   *
************************************************************
********************Velocity*********************
VX:   0.00  VY:  -0.01  VZ:   0.02  Fom: 0.01   *
*************************************************
warning: struct: converting a classdef object into a struct overrides the access restrictions defined for properties. All properties are returned, including private and protected ones.
warning: called from
    gsrx at line 175 column 5
    /opt/fgi-gsrx-runtime/scripts/run_ut_dfmc_window.m at line 37 column 3

warning: struct: converting a classdef object into a struct overrides the access restrictions defined for properties. All properties are returned, including private and protected ones.
warning: called from
    gsrx at line 175 column 5
    /opt/fgi-gsrx-runtime/scripts/run_ut_dfmc_window.m at line 37 column 3

warning: struct: converting a classdef object into a struct overrides the access restrictions defined for properties. All properties are returned, including private and protected ones.
warning: called from
    gsrx at line 175 column 5
    /opt/fgi-gsrx-runtime/scripts/run_ut_dfmc_window.m at line 37 column 3

warning: struct: converting a classdef object into a struct overrides the access restrictions defined for properties. All properties are returned, including private and protected ones.
warning: called from
    gsrx at line 175 column 5
    /opt/fgi-gsrx-runtime/scripts/run_ut_dfmc_window.m at line 37 column 3

