"source_hint","target_hint","declared_phase","matched_text","recommended_decision","boundary_required","runtime_allowed_now","emits_act","emits_decision","notes"
"RSSI_SECURITY","security/rssi/modules/","F03_RSSI_RGPD","FILE_PLAN_ALL 134 RSSI_SECURITY OBSIDIA_RSSI_SECURITY_PRESENTATION_PACK_V1/docs/modules/RSSI_018_RISQUE_AGENT_BYPASS.md security/rssi/modules/ RSSI_018_RISQUE_AGENT_BYPASS.md md P3_DOCS_EVIDENCE F03 0 0 0 0 1  NOT_FOUND_LOCAL DUPLICATE_SAFE","COGNITIVE_REVIEW_REQUIRED","COGNITIVE_REINTEGRATION_ADVISORY_ONLY","false","false","false","F07 audit/spec only; candidate for ContextPacket or PeripheralSignalPacket, never ACT"
"RSSI_SECURITY","security/rssi/security_cases/","F03_RSSI_RGPD","FILE_PLAN_ALL 167 RSSI_SECURITY OBSIDIA_RSSI_SECURITY_PRESENTATION_PACK_V1/docs/security_cases/CASE_002_AGENT_BYPASS_ATTEMPT.md security/rssi/security_cases/ CASE_002_AGENT_BYPASS_ATTEMPT.md md P3_DOCS_EVIDENCE F03 0 0 0 0 1  NOT_FOUND_LOCA","COGNITIVE_REVIEW_REQUIRED","COGNITIVE_REINTEGRATION_ADVISORY_ONLY","false","false","false","F07 audit/spec only; candidate for ContextPacket or PeripheralSignalPacket, never ACT"
"COGNITIVE_REINTEGRATION","docs/cognition/","F07_COGNITIVE","FILE_PLAN_ALL 210 COGNITIVE_REINTEGRATION 11_AUTHORITY_MODEL.md docs/cognition/ 11_AUTHORITY_MODEL.md md P1_CONTRACTS F07 0 0 0 0 1  NOT_FOUND_LOCAL DUPLICATE_SAFE CLEAN LOW KX108_ONLY; COGNITIVE_SIGNAL_ONLY; ADVISORY_ONLY; NO_ACT; NO_VERDI","INTEGRATE_TO_COGNITIVE_ADVISORY_SPEC_CANDIDATE","COGNITIVE_REINTEGRATION_ADVISORY_ONLY","false","false","false","F07 audit/spec only; candidate for ContextPacket or PeripheralSignalPacket, never ACT"
"COGNITIVE_REINTEGRATION","audit/proof/cognition/","F07_COGNITIVE","FILE_PLAN_ALL 211 COGNITIVE_REINTEGRATION proof/52_PROOF_ARTIFACTS.md audit/proof/cognition/ 52_PROOF_ARTIFACTS.md md P2_COGNITION_CONTRACTS F07 0 0 0 0 1  NOT_FOUND_LOCAL DUPLICATE_SAFE CLEAN LOW KX108_ONLY; COGNITIVE_SIGNAL_ONLY; ADVISORY","INTEGRATE_TO_COGNITIVE_ADVISORY_SPEC_CANDIDATE","COGNITIVE_REINTEGRATION_ADVISORY_ONLY","false","false","false","F07 audit/spec only; candidate for ContextPacket or PeripheralSignalPacket, never ACT"
"COGNITIVE_REINTEGRATION","tests/cognition/","F07_COGNITIVE","FILE_PLAN_ALL 212 COGNITIVE_REINTEGRATION tests/51_TEST_MATRIX.md tests/cognition/ 51_TEST_MATRIX.md md P2_COGNITION_CONTRACTS F07 0 0 0 0 1  NOT_FOUND_LOCAL DUPLICATE_SAFE CLEAN LOW KX108_ONLY; COGNITIVE_SIGNAL_ONLY; ADVISORY_ONLY; NO_ACT;","INTEGRATE_TO_COGNITIVE_ADVISORY_SPEC_CANDIDATE","COGNITIVE_REINTEGRATION_ADVISORY_ONLY","false","false","false","F07 audit/spec only; candidate for ContextPacket or PeripheralSignalPacket, never ACT"
"COGNITIVE_REINTEGRATION","packages/shared/packets/cognition/","BLOCKED","FILE_PLAN_ALL 213 COGNITIVE_REINTEGRATION packets/50_receipts_packet.yaml packages/shared/packets/cognition/ 50_receipts_packet.yaml yaml P1_CONTRACTS F07 0 0 0 0 1  NOT_FOUND_LOCAL DUPLICATE_SAFE CLEAN HIGH KX108_ONLY; COGNITIVE_SIGNAL_ONL","INTEGRATE_TO_COGNITIVE_ADVISORY_SPEC_CANDIDATE","COGNITIVE_REINTEGRATION_ADVISORY_ONLY","false","false","false","F07 audit/spec only; candidate for ContextPacket or PeripheralSignalPacket, never ACT"
"COGNITIVE_REINTEGRATION","packages/shared/packets/cognition/","BLOCKED","FILE_PLAN_ALL 214 COGNITIVE_REINTEGRATION packets/47_memory_packet.yaml packages/shared/packets/cognition/ 47_memory_packet.yaml yaml P1_CONTRACTS F07 0 0 0 0 1  NOT_FOUND_LOCAL DUPLICATE_SAFE CLEAN HIGH KX108_ONLY; COGNITIVE_SIGNAL_ONLY; A","INTEGRATE_TO_COGNITIVE_ADVISORY_SPEC_CANDIDATE","COGNITIVE_REINTEGRATION_ADVISORY_ONLY","false","false","false","F07 audit/spec only; candidate for ContextPacket or PeripheralSignalPacket, never ACT"
"COGNITIVE_REINTEGRATION","packages/shared/packets/cognition/","BLOCKED","FILE_PLAN_ALL 215 COGNITIVE_REINTEGRATION packets/49_world_action_candidate_packet.yaml packages/shared/packets/cognition/ 49_world_action_candidate_packet.yaml yaml P1_CONTRACTS F07 0 0 0 0 1  NOT_FOUND_LOCAL DUPLICATE_SAFE CLEAN HIGH KX10","INTEGRATE_TO_COGNITIVE_ADVISORY_SPEC_CANDIDATE","COGNITIVE_REINTEGRATION_ADVISORY_ONLY","false","false","false","F07 audit/spec only; candidate for ContextPacket or PeripheralSignalPacket, never ACT"
"COGNITIVE_REINTEGRATION","packages/shared/packets/cognition/","BLOCKED","FILE_PLAN_ALL 216 COGNITIVE_REINTEGRATION packets/46_input_context_packet.yaml packages/shared/packets/cognition/ 46_input_context_packet.yaml yaml P1_CONTRACTS F07 0 0 0 0 1  NOT_FOUND_LOCAL DUPLICATE_SAFE CLEAN HIGH KX108_ONLY; COGNITIVE_","INTEGRATE_TO_COGNITIVE_ADVISORY_SPEC_CANDIDATE","COGNITIVE_REINTEGRATION_ADVISORY_ONLY","false","false","false","F07 audit/spec only; candidate for ContextPacket or PeripheralSignalPacket, never ACT"
"COGNITIVE_REINTEGRATION","packages/shared/packets/cognition/","BLOCKED","FILE_PLAN_ALL 217 COGNITIVE_REINTEGRATION packets/48_output_intent_packet.yaml packages/shared/packets/cognition/ 48_output_intent_packet.yaml yaml P1_CONTRACTS F07 0 0 0 0 1  NOT_FOUND_LOCAL DUPLICATE_SAFE CLEAN HIGH KX108_ONLY; COGNITIVE_","INTEGRATE_TO_COGNITIVE_ADVISORY_SPEC_CANDIDATE","COGNITIVE_REINTEGRATION_ADVISORY_ONLY","false","false","false","F07 audit/spec only; candidate for ContextPacket or PeripheralSignalPacket, never ACT"
"COGNITIVE_REINTEGRATION","cognition/component_specs/","F07_COGNITIVE","FILE_PLAN_ALL 218 COGNITIVE_REINTEGRATION component_specs/C122_tactile_data_parser.yaml cognition/component_specs/ C122_tactile_data_parser.yaml yaml P3_COGNITION_SPECS F07 0 0 0 0 1  NOT_FOUND_LOCAL DUPLICATE_SAFE CLEAN LOW KX108_ONLY; COG","INTEGRATE_TO_COGNITIVE_ADVISORY_SPEC_CANDIDATE","COGNITIVE_REINTEGRATION_ADVISORY_ONLY","false","false","false","F07 audit/spec only; candidate for ContextPacket or PeripheralSignalPacket, never ACT"
"COGNITIVE_REINTEGRATION","cognition/component_specs/","F07_COGNITIVE","FILE_PLAN_ALL 219 COGNITIVE_REINTEGRATION component_specs/C408_ObsidiaTactik_card_game.yaml cognition/component_specs/ C408_ObsidiaTactik_card_game.yaml yaml P3_COGNITION_SPECS F07 0 0 0 0 1  NOT_FOUND_LOCAL DUPLICATE_SAFE CLEAN LOW KX108_O","INTEGRATE_TO_COGNITIVE_ADVISORY_SPEC_CANDIDATE","COGNITIVE_REINTEGRATION_ADVISORY_ONLY","false","false","false","F07 audit/spec only; candidate for ContextPacket or PeripheralSignalPacket, never ACT"
"COGNITIVE_REINTEGRATION","cognition/component_specs/","F07_COGNITIVE","FILE_PLAN_ALL 220 COGNITIVE_REINTEGRATION component_specs/C013_reasoning_selector.yaml cognition/component_specs/ C013_reasoning_selector.yaml yaml P3_COGNITION_SPECS F07 0 0 0 0 1  NOT_FOUND_LOCAL DUPLICATE_SAFE CLEAN LOW KX108_ONLY; COGNI","INTEGRATE_TO_COGNITIVE_ADVISORY_SPEC_CANDIDATE","COGNITIVE_REINTEGRATION_ADVISORY_ONLY","false","false","false","F07 audit/spec only; candidate for ContextPacket or PeripheralSignalPacket, never ACT"
"COGNITIVE_REINTEGRATION","cognition/component_specs/","F07_COGNITIVE","FILE_PLAN_ALL 221 COGNITIVE_REINTEGRATION component_specs/C418_external_context_packet.yaml cognition/component_specs/ C418_external_context_packet.yaml yaml P3_COGNITION_SPECS F07 0 0 0 0 1  NOT_FOUND_LOCAL DUPLICATE_SAFE CLEAN LOW KX108_O","INTEGRATE_TO_COGNITIVE_ADVISORY_SPEC_CANDIDATE","COGNITIVE_REINTEGRATION_ADVISORY_ONLY","false","false","false","F07 audit/spec only; candidate for ContextPacket or PeripheralSignalPacket, never ACT"
"COGNITIVE_REINTEGRATION","cognition/component_specs/","F07_COGNITIVE","FILE_PLAN_ALL 222 COGNITIVE_REINTEGRATION component_specs/C109_subjective_reconstruction_module.yaml cognition/component_specs/ C109_subjective_reconstruction_module.yaml yaml P3_COGNITION_SPECS F07 0 0 0 0 1  NOT_FOUND_LOCAL DUPLICATE_SAFE","INTEGRATE_TO_COGNITIVE_ADVISORY_SPEC_CANDIDATE","COGNITIVE_REINTEGRATION_ADVISORY_ONLY","false","false","false","F07 audit/spec only; candidate for ContextPacket or PeripheralSignalPacket, never ACT"
"COGNITIVE_REINTEGRATION","cognition/component_specs/","F07_COGNITIVE","FILE_PLAN_ALL 223 COGNITIVE_REINTEGRATION component_specs/C306_self_reflective_state_signal.yaml cognition/component_specs/ C306_self_reflective_state_signal.yaml yaml P3_COGNITION_SPECS F07 0 0 0 0 1  NOT_FOUND_LOCAL DUPLICATE_SAFE CLEAN L","INTEGRATE_TO_COGNITIVE_ADVISORY_SPEC_CANDIDATE","COGNITIVE_REINTEGRATION_ADVISORY_ONLY","false","false","false","F07 audit/spec only; candidate for ContextPacket or PeripheralSignalPacket, never ACT"
"COGNITIVE_REINTEGRATION","cognition/component_specs/","F07_COGNITIVE","FILE_PLAN_ALL 224 COGNITIVE_REINTEGRATION component_specs/C432_publication_action_candidate.yaml cognition/component_specs/ C432_publication_action_candidate.yaml yaml P3_COGNITION_SPECS F07 0 0 0 0 1  NOT_FOUND_LOCAL DUPLICATE_SAFE CLEAN L","INTEGRATE_TO_COGNITIVE_ADVISORY_SPEC_CANDIDATE","COGNITIVE_REINTEGRATION_ADVISORY_ONLY","false","false","false","F07 audit/spec only; candidate for ContextPacket or PeripheralSignalPacket, never ACT"
"COGNITIVE_REINTEGRATION","cognition/component_specs/","F07_COGNITIVE","FILE_PLAN_ALL 225 COGNITIVE_REINTEGRATION component_specs/C032_dialogic_reasoning_mode.yaml cognition/component_specs/ C032_dialogic_reasoning_mode.yaml yaml P3_COGNITION_SPECS F07 0 0 0 0 1  NOT_FOUND_LOCAL DUPLICATE_SAFE CLEAN LOW KX108_O","INTEGRATE_TO_COGNITIVE_ADVISORY_SPEC_CANDIDATE","COGNITIVE_REINTEGRATION_ADVISORY_ONLY","false","false","false","F07 audit/spec only; candidate for ContextPacket or PeripheralSignalPacket, never ACT"
"COGNITIVE_REINTEGRATION","cognition/component_specs/","F07_COGNITIVE","FILE_PLAN_ALL 226 COGNITIVE_REINTEGRATION component_specs/C412_ClioPass_like_permission_layer.yaml cognition/component_specs/ C412_ClioPass_like_permission_layer.yaml yaml P3_COGNITION_SPECS F07 0 0 0 0 1  NOT_FOUND_LOCAL DUPLICATE_SAFE CLE","INTEGRATE_TO_COGNITIVE_ADVISORY_SPEC_CANDIDATE","COGNITIVE_REINTEGRATION_ADVISORY_ONLY","false","false","false","F07 audit/spec only; candidate for ContextPacket or PeripheralSignalPacket, never ACT"
"COGNITIVE_REINTEGRATION","cognition/component_specs/","F07_COGNITIVE","FILE_PLAN_ALL 227 COGNITIVE_REINTEGRATION component_specs/C239_memory_resonance_index.yaml cognition/component_specs/ C239_memory_resonance_index.yaml yaml P3_COGNITION_SPECS F07 0 0 0 0 1  NOT_FOUND_LOCAL DUPLICATE_SAFE CLEAN LOW KX108_ONL","INTEGRATE_TO_COGNITIVE_ADVISORY_SPEC_CANDIDATE","COGNITIVE_REINTEGRATION_ADVISORY_ONLY","false","false","false","F07 audit/spec only; candidate for ContextPacket or PeripheralSignalPacket, never ACT"
"COGNITIVE_REINTEGRATION","cognition/component_specs/","F07_COGNITIVE","FILE_PLAN_ALL 228 COGNITIVE_REINTEGRATION component_specs/C098_agent_silence.yaml cognition/component_specs/ C098_agent_silence.yaml yaml P3_COGNITION_SPECS F07 0 0 0 0 1  NOT_FOUND_LOCAL DUPLICATE_SAFE CLEAN LOW KX108_ONLY; COGNITIVE_SIGNA","INTEGRATE_TO_COGNITIVE_ADVISORY_SPEC_CANDIDATE","COGNITIVE_REINTEGRATION_ADVISORY_ONLY","false","false","false","F07 audit/spec only; candidate for ContextPacket or PeripheralSignalPacket, never ACT"
"COGNITIVE_REINTEGRATION","cognition/component_specs/","F07_COGNITIVE","FILE_PLAN_ALL 229 COGNITIVE_REINTEGRATION component_specs/C391_paradigm_switch_engine.yaml cognition/component_specs/ C391_paradigm_switch_engine.yaml yaml P3_COGNITION_SPECS F07 0 0 0 0 1  NOT_FOUND_LOCAL DUPLICATE_SAFE CLEAN LOW KX108_ONL","INTEGRATE_TO_COGNITIVE_ADVISORY_SPEC_CANDIDATE","COGNITIVE_REINTEGRATION_ADVISORY_ONLY","false","false","false","F07 audit/spec only; candidate for ContextPacket or PeripheralSignalPacket, never ACT"
"COGNITIVE_REINTEGRATION","cognition/component_specs/","F07_COGNITIVE","FILE_PLAN_ALL 230 COGNITIVE_REINTEGRATION component_specs/C016_cross_reasoning_router.yaml cognition/component_specs/ C016_cross_reasoning_router.yaml yaml P3_COGNITION_SPECS F07 0 0 0 0 1  NOT_FOUND_LOCAL DUPLICATE_SAFE CLEAN LOW KX108_ONL","INTEGRATE_TO_COGNITIVE_ADVISORY_SPEC_CANDIDATE","COGNITIVE_REINTEGRATION_ADVISORY_ONLY","false","false","false","F07 audit/spec only; candidate for ContextPacket or PeripheralSignalPacket, never ACT"
"COGNITIVE_REINTEGRATION","cognition/component_specs/","F07_COGNITIVE","FILE_PLAN_ALL 231 COGNITIVE_REINTEGRATION component_specs/C135_temporal_contextual_trigger_engine.yaml cognition/component_specs/ C135_temporal_contextual_trigger_engine.yaml yaml P3_COGNITION_SPECS F07 0 0 0 0 1  NOT_FOUND_LOCAL DUPLICATE_","INTEGRATE_TO_COGNITIVE_ADVISORY_SPEC_CANDIDATE","COGNITIVE_REINTEGRATION_ADVISORY_ONLY","false","false","false","F07 audit/spec only; candidate for ContextPacket or PeripheralSignalPacket, never ACT"
"COGNITIVE_REINTEGRATION","cognition/component_specs/","F07_COGNITIVE","FILE_PLAN_ALL 232 COGNITIVE_REINTEGRATION component_specs/C191_style_poetic.yaml cognition/component_specs/ C191_style_poetic.yaml yaml P3_COGNITION_SPECS F07 0 0 0 0 1  NOT_FOUND_LOCAL DUPLICATE_SAFE CLEAN LOW KX108_ONLY; COGNITIVE_SIGNAL_","INTEGRATE_TO_COGNITIVE_ADVISORY_SPEC_CANDIDATE","COGNITIVE_REINTEGRATION_ADVISORY_ONLY","false","false","false","F07 audit/spec only; candidate for ContextPacket or PeripheralSignalPacket, never ACT"
"COGNITIVE_REINTEGRATION","cognition/component_specs/","F07_COGNITIVE","FILE_PLAN_ALL 233 COGNITIVE_REINTEGRATION component_specs/C078_spectres_symboliques.yaml cognition/component_specs/ C078_spectres_symboliques.yaml yaml P3_COGNITION_SPECS F07 0 0 0 0 1  NOT_FOUND_LOCAL DUPLICATE_SAFE CLEAN LOW KX108_ONLY; C","INTEGRATE_TO_COGNITIVE_ADVISORY_SPEC_CANDIDATE","COGNITIVE_REINTEGRATION_ADVISORY_ONLY","false","false","false","F07 audit/spec only; candidate for ContextPacket or PeripheralSignalPacket, never ACT"
"COGNITIVE_REINTEGRATION","cognition/component_specs/","F07_COGNITIVE","FILE_PLAN_ALL 234 COGNITIVE_REINTEGRATION component_specs/C050_ephemeral_agents.yaml cognition/component_specs/ C050_ephemeral_agents.yaml yaml P3_COGNITION_SPECS F07 0 0 0 0 1  NOT_FOUND_LOCAL DUPLICATE_SAFE CLEAN LOW KX108_ONLY; COGNITIVE","INTEGRATE_TO_COGNITIVE_ADVISORY_SPEC_CANDIDATE","COGNITIVE_REINTEGRATION_ADVISORY_ONLY","false","false","false","F07 audit/spec only; candidate for ContextPacket or PeripheralSignalPacket, never ACT"
"COGNITIVE_REINTEGRATION","cognition/component_specs/","F07_COGNITIVE","FILE_PLAN_ALL 235 COGNITIVE_REINTEGRATION component_specs/C044_spawn_despawn_engine.yaml cognition/component_specs/ C044_spawn_despawn_engine.yaml yaml P3_COGNITION_SPECS F07 0 0 0 0 1  NOT_FOUND_LOCAL DUPLICATE_SAFE CLEAN LOW KX108_ONLY; C","INTEGRATE_TO_COGNITIVE_ADVISORY_SPEC_CANDIDATE","COGNITIVE_REINTEGRATION_ADVISORY_ONLY","false","false","false","F07 audit/spec only; candidate for ContextPacket or PeripheralSignalPacket, never ACT"
"COGNITIVE_REINTEGRATION","cognition/component_specs/","F07_COGNITIVE","FILE_PLAN_ALL 236 COGNITIVE_REINTEGRATION component_specs/C270_feedback_integration_node.yaml cognition/component_specs/ C270_feedback_integration_node.yaml yaml P3_COGNITION_SPECS F07 0 0 0 0 1  NOT_FOUND_LOCAL DUPLICATE_SAFE CLEAN LOW KX1","INTEGRATE_TO_COGNITIVE_ADVISORY_SPEC_CANDIDATE","COGNITIVE_REINTEGRATION_ADVISORY_ONLY","false","false","false","F07 audit/spec only; candidate for ContextPacket or PeripheralSignalPacket, never ACT"
"COGNITIVE_REINTEGRATION","cognition/component_specs/","F07_COGNITIVE","FILE_PLAN_ALL 237 COGNITIVE_REINTEGRATION component_specs/C351_contextual_cleaner_microagent.yaml cognition/component_specs/ C351_contextual_cleaner_microagent.yaml yaml P3_COGNITION_SPECS F07 0 0 0 0 1  NOT_FOUND_LOCAL DUPLICATE_SAFE CLEAN","INTEGRATE_TO_COGNITIVE_ADVISORY_SPEC_CANDIDATE","COGNITIVE_REINTEGRATION_ADVISORY_ONLY","false","false","false","F07 audit/spec only; candidate for ContextPacket or PeripheralSignalPacket, never ACT"
"COGNITIVE_REINTEGRATION","cognition/component_specs/","F07_COGNITIVE","FILE_PLAN_ALL 238 COGNITIVE_REINTEGRATION component_specs/C443_proof_surface_registry.yaml cognition/component_specs/ C443_proof_surface_registry.yaml yaml P3_COGNITION_SPECS F07 0 0 0 0 1  NOT_FOUND_LOCAL DUPLICATE_SAFE CLEAN LOW KX108_ONL","INTEGRATE_TO_COGNITIVE_ADVISORY_SPEC_CANDIDATE","COGNITIVE_REINTEGRATION_ADVISORY_ONLY","false","false","false","F07 audit/spec only; candidate for ContextPacket or PeripheralSignalPacket, never ACT"
"COGNITIVE_REINTEGRATION","cognition/component_specs/","F07_COGNITIVE","FILE_PLAN_ALL 239 COGNITIVE_REINTEGRATION component_specs/C076_agent_socratique.yaml cognition/component_specs/ C076_agent_socratique.yaml yaml P3_COGNITION_SPECS F07 0 0 0 0 1  NOT_FOUND_LOCAL DUPLICATE_SAFE CLEAN LOW KX108_ONLY; COGNITIVE","INTEGRATE_TO_COGNITIVE_ADVISORY_SPEC_CANDIDATE","COGNITIVE_REINTEGRATION_ADVISORY_ONLY","false","false","false","F07 audit/spec only; candidate for ContextPacket or PeripheralSignalPacket, never ACT"
"COGNITIVE_REINTEGRATION","cognition/component_specs/","F07_COGNITIVE","FILE_PLAN_ALL 240 COGNITIVE_REINTEGRATION component_specs/C075_detecteur_disruption.yaml cognition/component_specs/ C075_detecteur_disruption.yaml yaml P3_COGNITION_SPECS F07 0 0 0 0 1  NOT_FOUND_LOCAL DUPLICATE_SAFE CLEAN LOW KX108_ONLY; C","INTEGRATE_TO_COGNITIVE_ADVISORY_SPEC_CANDIDATE","COGNITIVE_REINTEGRATION_ADVISORY_ONLY","false","false","false","F07 audit/spec only; candidate for ContextPacket or PeripheralSignalPacket, never ACT"
"COGNITIVE_REINTEGRATION","cognition/component_specs/","F07_COGNITIVE","FILE_PLAN_ALL 241 COGNITIVE_REINTEGRATION component_specs/C024_intuitive_reasoning.yaml cognition/component_specs/ C024_intuitive_reasoning.yaml yaml P3_COGNITION_SPECS F07 0 0 0 0 1  NOT_FOUND_LOCAL DUPLICATE_SAFE CLEAN LOW KX108_ONLY; COG","INTEGRATE_TO_COGNITIVE_ADVISORY_SPEC_CANDIDATE","COGNITIVE_REINTEGRATION_ADVISORY_ONLY","false","false","false","F07 audit/spec only; candidate for ContextPacket or PeripheralSignalPacket, never ACT"
"COGNITIVE_REINTEGRATION","cognition/component_specs/","F07_COGNITIVE","FILE_PLAN_ALL 242 COGNITIVE_REINTEGRATION component_specs/C265_N3_sense_symbolic_integration_node.yaml cognition/component_specs/ C265_N3_sense_symbolic_integration_node.yaml yaml P3_COGNITION_SPECS F07 0 0 0 0 1  NOT_FOUND_LOCAL DUPLICATE_","INTEGRATE_TO_COGNITIVE_ADVISORY_SPEC_CANDIDATE","COGNITIVE_REINTEGRATION_ADVISORY_ONLY","false","false","false","F07 audit/spec only; candidate for ContextPacket or PeripheralSignalPacket, never ACT"
"COGNITIVE_REINTEGRATION","cognition/component_specs/","F07_COGNITIVE","FILE_PLAN_ALL 243 COGNITIVE_REINTEGRATION component_specs/C108_empathy_projection_module.yaml cognition/component_specs/ C108_empathy_projection_module.yaml yaml P3_COGNITION_SPECS F07 0 0 0 0 1  NOT_FOUND_LOCAL DUPLICATE_SAFE CLEAN LOW KX1","INTEGRATE_TO_COGNITIVE_ADVISORY_SPEC_CANDIDATE","COGNITIVE_REINTEGRATION_ADVISORY_ONLY","false","false","false","F07 audit/spec only; candidate for ContextPacket or PeripheralSignalPacket, never ACT"
"COGNITIVE_REINTEGRATION","cognition/component_specs/","F07_COGNITIVE","FILE_PLAN_ALL 244 COGNITIVE_REINTEGRATION component_specs/C411_ObsidiaLoop_mentorship_reverse.yaml cognition/component_specs/ C411_ObsidiaLoop_mentorship_reverse.yaml yaml P3_COGNITION_SPECS F07 0 0 0 0 1  NOT_FOUND_LOCAL DUPLICATE_SAFE CLE","INTEGRATE_TO_COGNITIVE_ADVISORY_SPEC_CANDIDATE","COGNITIVE_REINTEGRATION_ADVISORY_ONLY","false","false","false","F07 audit/spec only; candidate for ContextPacket or PeripheralSignalPacket, never ACT"
"COGNITIVE_REINTEGRATION","cognition/component_specs/","F07_COGNITIVE","FILE_PLAN_ALL 245 COGNITIVE_REINTEGRATION component_specs/C339_activated_node_view.yaml cognition/component_specs/ C339_activated_node_view.yaml yaml P3_COGNITION_SPECS F07 0 0 0 0 1  NOT_FOUND_LOCAL DUPLICATE_SAFE CLEAN LOW KX108_ONLY; COG","INTEGRATE_TO_COGNITIVE_ADVISORY_SPEC_CANDIDATE","COGNITIVE_REINTEGRATION_ADVISORY_ONLY","false","false","false","F07 audit/spec only; candidate for ContextPacket or PeripheralSignalPacket, never ACT"
"COGNITIVE_REINTEGRATION","cognition/component_specs/","F07_COGNITIVE","FILE_PLAN_ALL 246 COGNITIVE_REINTEGRATION component_specs/C069_reformulateur.yaml cognition/component_specs/ C069_reformulateur.yaml yaml P3_COGNITION_SPECS F07 0 0 0 0 1  NOT_FOUND_LOCAL DUPLICATE_SAFE CLEAN LOW KX108_ONLY; COGNITIVE_SIGNA","INTEGRATE_TO_COGNITIVE_ADVISORY_SPEC_CANDIDATE","COGNITIVE_REINTEGRATION_ADVISORY_ONLY","false","false","false","F07 audit/spec only; candidate for ContextPacket or PeripheralSignalPacket, never ACT"
"COGNITIVE_REINTEGRATION","cognition/component_specs/","F07_COGNITIVE","FILE_PLAN_ALL 247 COGNITIVE_REINTEGRATION component_specs/C430_script_action_candidate.yaml cognition/component_specs/ C430_script_action_candidate.yaml yaml P3_COGNITION_SPECS F07 0 0 0 0 1  NOT_FOUND_LOCAL DUPLICATE_SAFE CLEAN LOW KX108_O","INTEGRATE_TO_COGNITIVE_ADVISORY_SPEC_CANDIDATE","COGNITIVE_REINTEGRATION_ADVISORY_ONLY","false","false","false","F07 audit/spec only; candidate for ContextPacket or PeripheralSignalPacket, never ACT"
"COGNITIVE_REINTEGRATION","cognition/component_specs/","F07_COGNITIVE","FILE_PLAN_ALL 248 COGNITIVE_REINTEGRATION component_specs/C010_implementation_priority_registry.yaml cognition/component_specs/ C010_implementation_priority_registry.yaml yaml P3_COGNITION_SPECS F07 0 0 0 0 1  NOT_FOUND_LOCAL DUPLICATE_SAFE","INTEGRATE_TO_COGNITIVE_ADVISORY_SPEC_CANDIDATE","COGNITIVE_REINTEGRATION_ADVISORY_ONLY","false","false","false","F07 audit/spec only; candidate for ContextPacket or PeripheralSignalPacket, never ACT"
"COGNITIVE_REINTEGRATION","cognition/component_specs/","F07_COGNITIVE","FILE_PLAN_ALL 249 COGNITIVE_REINTEGRATION component_specs/C165_output_route_selector.yaml cognition/component_specs/ C165_output_route_selector.yaml yaml P3_COGNITION_SPECS F07 0 0 0 0 1  NOT_FOUND_LOCAL DUPLICATE_SAFE CLEAN LOW KX108_ONLY;","INTEGRATE_TO_COGNITIVE_ADVISORY_SPEC_CANDIDATE","COGNITIVE_REINTEGRATION_ADVISORY_ONLY","false","false","false","F07 audit/spec only; candidate for ContextPacket or PeripheralSignalPacket, never ACT"
"COGNITIVE_REINTEGRATION","cognition/component_specs/","F07_COGNITIVE","FILE_PLAN_ALL 250 COGNITIVE_REINTEGRATION component_specs/C125_dormant_portal_registry.yaml cognition/component_specs/ C125_dormant_portal_registry.yaml yaml P3_COGNITION_SPECS F07 0 0 0 0 1  NOT_FOUND_LOCAL DUPLICATE_SAFE CLEAN LOW KX108_O","INTEGRATE_TO_COGNITIVE_ADVISORY_SPEC_CANDIDATE","COGNITIVE_REINTEGRATION_ADVISORY_ONLY","false","false","false","F07 audit/spec only; candidate for ContextPacket or PeripheralSignalPacket, never ACT"
"COGNITIVE_REINTEGRATION","cognition/component_specs/","F07_COGNITIVE","FILE_PLAN_ALL 251 COGNITIVE_REINTEGRATION component_specs/C376_B11_output_crystal_module.yaml cognition/component_specs/ C376_B11_output_crystal_module.yaml yaml P3_COGNITION_SPECS F07 0 0 0 0 1  NOT_FOUND_LOCAL DUPLICATE_SAFE CLEAN LOW KX1","INTEGRATE_TO_COGNITIVE_ADVISORY_SPEC_CANDIDATE","COGNITIVE_REINTEGRATION_ADVISORY_ONLY","false","false","false","F07 audit/spec only; candidate for ContextPacket or PeripheralSignalPacket, never ACT"
"COGNITIVE_REINTEGRATION","cognition/component_specs/","F07_COGNITIVE","FILE_PLAN_ALL 252 COGNITIVE_REINTEGRATION component_specs/C058_agent_activation_trace.yaml cognition/component_specs/ C058_agent_activation_trace.yaml yaml P3_COGNITION_SPECS F07 0 0 0 0 1  NOT_FOUND_LOCAL DUPLICATE_SAFE CLEAN LOW KX108_ONL","INTEGRATE_TO_COGNITIVE_ADVISORY_SPEC_CANDIDATE","COGNITIVE_REINTEGRATION_ADVISORY_ONLY","false","false","false","F07 audit/spec only; candidate for ContextPacket or PeripheralSignalPacket, never ACT"
"COGNITIVE_REINTEGRATION","cognition/component_specs/","F07_COGNITIVE","FILE_PLAN_ALL 253 COGNITIVE_REINTEGRATION component_specs/C092_transition_ere.yaml cognition/component_specs/ C092_transition_ere.yaml yaml P3_COGNITION_SPECS F07 0 0 0 0 1  NOT_FOUND_LOCAL DUPLICATE_SAFE CLEAN LOW KX108_ONLY; COGNITIVE_SIG","INTEGRATE_TO_COGNITIVE_ADVISORY_SPEC_CANDIDATE","COGNITIVE_REINTEGRATION_ADVISORY_ONLY","false","false","false","F07 audit/spec only; candidate for ContextPacket or PeripheralSignalPacket, never ACT"
"COGNITIVE_REINTEGRATION","cognition/component_specs/","F07_COGNITIVE","FILE_PLAN_ALL 254 COGNITIVE_REINTEGRATION component_specs/C350_shazam_cognitif.yaml cognition/component_specs/ C350_shazam_cognitif.yaml yaml P3_COGNITION_SPECS F07 0 0 0 0 1  NOT_FOUND_LOCAL DUPLICATE_SAFE CLEAN LOW KX108_ONLY; COGNITIVE_S","INTEGRATE_TO_COGNITIVE_ADVISORY_SPEC_CANDIDATE","COGNITIVE_REINTEGRATION_ADVISORY_ONLY","false","false","false","F07 audit/spec only; candidate for ContextPacket or PeripheralSignalPacket, never ACT"
"COGNITIVE_REINTEGRATION","cognition/component_specs/","F07_COGNITIVE","FILE_PLAN_ALL 255 COGNITIVE_REINTEGRATION component_specs/C150_silence_loop.yaml cognition/component_specs/ C150_silence_loop.yaml yaml P3_COGNITION_SPECS F07 0 0 0 0 1  NOT_FOUND_LOCAL DUPLICATE_SAFE CLEAN LOW KX108_ONLY; COGNITIVE_SIGNAL_","INTEGRATE_TO_COGNITIVE_ADVISORY_SPEC_CANDIDATE","COGNITIVE_REINTEGRATION_ADVISORY_ONLY","false","false","false","F07 audit/spec only; candidate for ContextPacket or PeripheralSignalPacket, never ACT"
"COGNITIVE_REINTEGRATION","cognition/component_specs/","F07_COGNITIVE","FILE_PLAN_ALL 256 COGNITIVE_REINTEGRATION component_specs/C216_law_evaluation_engine.yaml cognition/component_specs/ C216_law_evaluation_engine.yaml yaml P3_COGNITION_SPECS F07 0 0 0 0 1  NOT_FOUND_LOCAL DUPLICATE_SAFE CLEAN LOW KX108_ONLY;","INTEGRATE_TO_COGNITIVE_ADVISORY_SPEC_CANDIDATE","COGNITIVE_REINTEGRATION_ADVISORY_ONLY","false","false","false","F07 audit/spec only; candidate for ContextPacket or PeripheralSignalPacket, never ACT"
"COGNITIVE_REINTEGRATION","cognition/component_specs/","F07_COGNITIVE","FILE_PLAN_ALL 257 COGNITIVE_REINTEGRATION component_specs/C207_active_inhibition_controller.yaml cognition/component_specs/ C207_active_inhibition_controller.yaml yaml P3_COGNITION_SPECS F07 0 0 0 0 1  NOT_FOUND_LOCAL DUPLICATE_SAFE CLEAN L","INTEGRATE_TO_COGNITIVE_ADVISORY_SPEC_CANDIDATE","COGNITIVE_REINTEGRATION_ADVISORY_ONLY","false","false","false","F07 audit/spec only; candidate for ContextPacket or PeripheralSignalPacket, never ACT"
"COGNITIVE_REINTEGRATION","cognition/component_specs/","F07_COGNITIVE","FILE_PLAN_ALL 258 COGNITIVE_REINTEGRATION component_specs/C291_agent_mutation_candidate.yaml cognition/component_specs/ C291_agent_mutation_candidate.yaml yaml P3_COGNITION_SPECS F07 0 0 0 0 1  NOT_FOUND_LOCAL DUPLICATE_SAFE CLEAN LOW KX108","INTEGRATE_TO_COGNITIVE_ADVISORY_SPEC_CANDIDATE","COGNITIVE_REINTEGRATION_ADVISORY_ONLY","false","false","false","F07 audit/spec only; candidate for ContextPacket or PeripheralSignalPacket, never ACT"
"COGNITIVE_REINTEGRATION","cognition/component_specs/","F07_COGNITIVE","FILE_PLAN_ALL 259 COGNITIVE_REINTEGRATION component_specs/C427_protected_consequence_logger.yaml cognition/component_specs/ C427_protected_consequence_logger.yaml yaml P3_COGNITION_SPECS F07 0 0 0 0 1  NOT_FOUND_LOCAL DUPLICATE_SAFE CLEAN L","INTEGRATE_TO_COGNITIVE_ADVISORY_SPEC_CANDIDATE","COGNITIVE_REINTEGRATION_ADVISORY_ONLY","false","false","false","F07 audit/spec only; candidate for ContextPacket or PeripheralSignalPacket, never ACT"
"COGNITIVE_REINTEGRATION","cognition/component_specs/","F07_COGNITIVE","FILE_PLAN_ALL 260 COGNITIVE_REINTEGRATION component_specs/C014_reasoning_execution_trace.yaml cognition/component_specs/ C014_reasoning_execution_trace.yaml yaml P3_COGNITION_SPECS F07 0 0 0 0 1  NOT_FOUND_LOCAL DUPLICATE_SAFE CLEAN LOW KX1","INTEGRATE_TO_COGNITIVE_ADVISORY_SPEC_CANDIDATE","COGNITIVE_REINTEGRATION_ADVISORY_ONLY","false","false","false","F07 audit/spec only; candidate for ContextPacket or PeripheralSignalPacket, never ACT"
"COGNITIVE_REINTEGRATION","cognition/component_specs/","F07_COGNITIVE","FILE_PLAN_ALL 261 COGNITIVE_REINTEGRATION component_specs/C139_portal_to_memory_activation.yaml cognition/component_specs/ C139_portal_to_memory_activation.yaml yaml P3_COGNITION_SPECS F07 0 0 0 0 1  NOT_FOUND_LOCAL DUPLICATE_SAFE CLEAN LOW","INTEGRATE_TO_COGNITIVE_ADVISORY_SPEC_CANDIDATE","COGNITIVE_REINTEGRATION_ADVISORY_ONLY","false","false","false","F07 audit/spec only; candidate for ContextPacket or PeripheralSignalPacket, never ACT"
"COGNITIVE_REINTEGRATION","cognition/component_specs/","F07_COGNITIVE","FILE_PLAN_ALL 262 COGNITIVE_REINTEGRATION component_specs/C420_risk_signal_emitter.yaml cognition/component_specs/ C420_risk_signal_emitter.yaml yaml P3_COGNITION_SPECS F07 0 0 0 0 1  NOT_FOUND_LOCAL DUPLICATE_SAFE CLEAN LOW KX108_ONLY; COG","INTEGRATE_TO_COGNITIVE_ADVISORY_SPEC_CANDIDATE","COGNITIVE_REINTEGRATION_ADVISORY_ONLY","false","false","false","F07 audit/spec only; candidate for ContextPacket or PeripheralSignalPacket, never ACT"
"COGNITIVE_REINTEGRATION","cognition/component_specs/","F07_COGNITIVE","FILE_PLAN_ALL 263 COGNITIVE_REINTEGRATION component_specs/C017_logical_structured_reasoning.yaml cognition/component_specs/ C017_logical_structured_reasoning.yaml yaml P3_COGNITION_SPECS F07 0 0 0 0 1  NOT_FOUND_LOCAL DUPLICATE_SAFE CLEAN L","INTEGRATE_TO_COGNITIVE_ADVISORY_SPEC_CANDIDATE","COGNITIVE_REINTEGRATION_ADVISORY_ONLY","false","false","false","F07 audit/spec only; candidate for ContextPacket or PeripheralSignalPacket, never ACT"
"COGNITIVE_REINTEGRATION","cognition/component_specs/","F07_COGNITIVE","FILE_PLAN_ALL 264 COGNITIVE_REINTEGRATION component_specs/C203_cognitive_reduction_engine.yaml cognition/component_specs/ C203_cognitive_reduction_engine.yaml yaml P3_COGNITION_SPECS F07 0 0 0 0 1  NOT_FOUND_LOCAL DUPLICATE_SAFE CLEAN LOW K","INTEGRATE_TO_COGNITIVE_ADVISORY_SPEC_CANDIDATE","COGNITIVE_REINTEGRATION_ADVISORY_ONLY","false","false","false","F07 audit/spec only; candidate for ContextPacket or PeripheralSignalPacket, never ACT"
"COGNITIVE_REINTEGRATION","cognition/component_specs/","F07_COGNITIVE","FILE_PLAN_ALL 265 COGNITIVE_REINTEGRATION component_specs/C458_visible_proof_surface.yaml cognition/component_specs/ C458_visible_proof_surface.yaml yaml P3_COGNITION_SPECS F07 0 0 0 0 1  NOT_FOUND_LOCAL DUPLICATE_SAFE CLEAN LOW KX108_ONLY;","INTEGRATE_TO_COGNITIVE_ADVISORY_SPEC_CANDIDATE","COGNITIVE_REINTEGRATION_ADVISORY_ONLY","false","false","false","F07 audit/spec only; candidate for ContextPacket or PeripheralSignalPacket, never ACT"
"COGNITIVE_REINTEGRATION","cognition/component_specs/","F07_COGNITIVE","FILE_PLAN_ALL 266 COGNITIVE_REINTEGRATION component_specs/C034_emotional_reasoning_mode.yaml cognition/component_specs/ C034_emotional_reasoning_mode.yaml yaml P3_COGNITION_SPECS F07 0 0 0 0 1  NOT_FOUND_LOCAL DUPLICATE_SAFE CLEAN LOW KX108","INTEGRATE_TO_COGNITIVE_ADVISORY_SPEC_CANDIDATE","COGNITIVE_REINTEGRATION_ADVISORY_ONLY","false","false","false","F07 audit/spec only; candidate for ContextPacket or PeripheralSignalPacket, never ACT"
"COGNITIVE_REINTEGRATION","cognition/component_specs/","F07_COGNITIVE","FILE_PLAN_ALL 267 COGNITIVE_REINTEGRATION component_specs/C033_visionary_reasoning_mode.yaml cognition/component_specs/ C033_visionary_reasoning_mode.yaml yaml P3_COGNITION_SPECS F07 0 0 0 0 1  NOT_FOUND_LOCAL DUPLICATE_SAFE CLEAN LOW KX108","INTEGRATE_TO_COGNITIVE_ADVISORY_SPEC_CANDIDATE","COGNITIVE_REINTEGRATION_ADVISORY_ONLY","false","false","false","F07 audit/spec only; candidate for ContextPacket or PeripheralSignalPacket, never ACT"
"COGNITIVE_REINTEGRATION","cognition/component_specs/","F07_COGNITIVE","FILE_PLAN_ALL 268 COGNITIVE_REINTEGRATION component_specs/C132_emotional_key_detector.yaml cognition/component_specs/ C132_emotional_key_detector.yaml yaml P3_COGNITION_SPECS F07 0 0 0 0 1  NOT_FOUND_LOCAL DUPLICATE_SAFE CLEAN LOW KX108_ONL","INTEGRATE_TO_COGNITIVE_ADVISORY_SPEC_CANDIDATE","COGNITIVE_REINTEGRATION_ADVISORY_ONLY","false","false","false","F07 audit/spec only; candidate for ContextPacket or PeripheralSignalPacket, never ACT"
"COGNITIVE_REINTEGRATION","cognition/component_specs/","F07_COGNITIVE","FILE_PLAN_ALL 269 COGNITIVE_REINTEGRATION component_specs/C047_agent_collaboration_router.yaml cognition/component_specs/ C047_agent_collaboration_router.yaml yaml P3_COGNITION_SPECS F07 0 0 0 0 1  NOT_FOUND_LOCAL DUPLICATE_SAFE CLEAN LOW K","INTEGRATE_TO_COGNITIVE_ADVISORY_SPEC_CANDIDATE","COGNITIVE_REINTEGRATION_ADVISORY_ONLY","false","false","false","F07 audit/spec only; candidate for ContextPacket or PeripheralSignalPacket, never ACT"
"COGNITIVE_REINTEGRATION","cognition/component_specs/","F07_COGNITIVE","FILE_PLAN_ALL 270 COGNITIVE_REINTEGRATION component_specs/C200_OBAN_anti_regression_guard.yaml cognition/component_specs/ C200_OBAN_anti_regression_guard.yaml yaml P3_COGNITION_SPECS F07 0 0 0 0 1  NOT_FOUND_LOCAL DUPLICATE_SAFE CLEAN LOW K","INTEGRATE_TO_COGNITIVE_ADVISORY_SPEC_CANDIDATE","COGNITIVE_REINTEGRATION_ADVISORY_ONLY","false","false","false","F07 audit/spec only; candidate for ContextPacket or PeripheralSignalPacket, never ACT"
"COGNITIVE_REINTEGRATION","cognition/component_specs/","F07_COGNITIVE","FILE_PLAN_ALL 271 COGNITIVE_REINTEGRATION component_specs/C259_rough_input_to_structure_adapter.yaml cognition/component_specs/ C259_rough_input_to_structure_adapter.yaml yaml P3_COGNITION_SPECS F07 0 0 0 0 1  NOT_FOUND_LOCAL DUPLICATE_SAFE","INTEGRATE_TO_COGNITIVE_ADVISORY_SPEC_CANDIDATE","COGNITIVE_REINTEGRATION_ADVISORY_ONLY","false","false","false","F07 audit/spec only; candidate for ContextPacket or PeripheralSignalPacket, never ACT"
"COGNITIVE_REINTEGRATION","cognition/component_specs/","F07_COGNITIVE","FILE_PLAN_ALL 272 COGNITIVE_REINTEGRATION component_specs/C082_economie_marche_agent.yaml cognition/component_specs/ C082_economie_marche_agent.yaml yaml P3_COGNITION_SPECS F07 0 0 0 0 1  NOT_FOUND_LOCAL DUPLICATE_SAFE CLEAN LOW KX108_ONLY;","INTEGRATE_TO_COGNITIVE_ADVISORY_SPEC_CANDIDATE","COGNITIVE_REINTEGRATION_ADVISORY_ONLY","false","false","false","F07 audit/spec only; candidate for ContextPacket or PeripheralSignalPacket, never ACT"
"COGNITIVE_REINTEGRATION","cognition/component_specs/","F07_COGNITIVE","FILE_PLAN_ALL 273 COGNITIVE_REINTEGRATION component_specs/C196_style_symbolic.yaml cognition/component_specs/ C196_style_symbolic.yaml yaml P3_COGNITION_SPECS F07 0 0 0 0 1  NOT_FOUND_LOCAL DUPLICATE_SAFE CLEAN LOW KX108_ONLY; COGNITIVE_SIG","INTEGRATE_TO_COGNITIVE_ADVISORY_SPEC_CANDIDATE","COGNITIVE_REINTEGRATION_ADVISORY_ONLY","false","false","false","F07 audit/spec only; candidate for ContextPacket or PeripheralSignalPacket, never ACT"
"COGNITIVE_REINTEGRATION","cognition/component_specs/","F07_COGNITIVE","FILE_PLAN_ALL 274 COGNITIVE_REINTEGRATION component_specs/C448_temporal_context_header.yaml cognition/component_specs/ C448_temporal_context_header.yaml yaml P3_COGNITION_SPECS F07 0 0 0 0 1  NOT_FOUND_LOCAL DUPLICATE_SAFE CLEAN LOW KX108_O","INTEGRATE_TO_COGNITIVE_ADVISORY_SPEC_CANDIDATE","COGNITIVE_REINTEGRATION_ADVISORY_ONLY","false","false","false","F07 audit/spec only; candidate for ContextPacket or PeripheralSignalPacket, never ACT"
"COGNITIVE_REINTEGRATION","cognition/component_specs/","F07_COGNITIVE","FILE_PLAN_ALL 275 COGNITIVE_REINTEGRATION component_specs/C386_fractal_version_mode.yaml cognition/component_specs/ C386_fractal_version_mode.yaml yaml P3_COGNITION_SPECS F07 0 0 0 0 1  NOT_FOUND_LOCAL DUPLICATE_SAFE CLEAN LOW KX108_ONLY; C","INTEGRATE_TO_COGNITIVE_ADVISORY_SPEC_CANDIDATE","COGNITIVE_REINTEGRATION_ADVISORY_ONLY","false","false","false","F07 audit/spec only; candidate for ContextPacket or PeripheralSignalPacket, never ACT"
"COGNITIVE_REINTEGRATION","cognition/component_specs/","F07_COGNITIVE","FILE_PLAN_ALL 276 COGNITIVE_REINTEGRATION component_specs/C313_decision_word_quarantine.yaml cognition/component_specs/ C313_decision_word_quarantine.yaml yaml P3_COGNITION_SPECS F07 0 0 0 0 1  NOT_FOUND_LOCAL DUPLICATE_SAFE CLEAN LOW KX108","KEEP_QUARANTINE","COGNITIVE_REINTEGRATION_ADVISORY_ONLY","false","false","false","F07 audit/spec only; candidate for ContextPacket or PeripheralSignalPacket, never ACT"
"COGNITIVE_REINTEGRATION","cognition/component_specs/","F07_COGNITIVE","FILE_PLAN_ALL 277 COGNITIVE_REINTEGRATION component_specs/C390_symbolic_reflexive_block.yaml cognition/component_specs/ C390_symbolic_reflexive_block.yaml yaml P3_COGNITION_SPECS F07 0 0 0 0 1  NOT_FOUND_LOCAL DUPLICATE_SAFE CLEAN LOW KX108","INTEGRATE_TO_COGNITIVE_ADVISORY_SPEC_CANDIDATE","COGNITIVE_REINTEGRATION_ADVISORY_ONLY","false","false","false","F07 audit/spec only; candidate for ContextPacket or PeripheralSignalPacket, never ACT"
"COGNITIVE_REINTEGRATION","cognition/component_specs/","F07_COGNITIVE","FILE_PLAN_ALL 278 COGNITIVE_REINTEGRATION component_specs/C121_voice_language_parser.yaml cognition/component_specs/ C121_voice_language_parser.yaml yaml P3_COGNITION_SPECS F07 0 0 0 0 1  NOT_FOUND_LOCAL DUPLICATE_SAFE CLEAN LOW KX108_ONLY;","INTEGRATE_TO_COGNITIVE_ADVISORY_SPEC_CANDIDATE","COGNITIVE_REINTEGRATION_ADVISORY_ONLY","false","false","false","F07 audit/spec only; candidate for ContextPacket or PeripheralSignalPacket, never ACT"
"COGNITIVE_REINTEGRATION","cognition/component_specs/","F07_COGNITIVE","FILE_PLAN_ALL 279 COGNITIVE_REINTEGRATION component_specs/C301_awareness_level_signal.yaml cognition/component_specs/ C301_awareness_level_signal.yaml yaml P3_COGNITION_SPECS F07 0 0 0 0 1  NOT_FOUND_LOCAL DUPLICATE_SAFE CLEAN LOW KX108_ONL","INTEGRATE_TO_COGNITIVE_ADVISORY_SPEC_CANDIDATE","COGNITIVE_REINTEGRATION_ADVISORY_ONLY","false","false","false","F07 audit/spec only; candidate for ContextPacket or PeripheralSignalPacket, never ACT"
"COGNITIVE_REINTEGRATION","cognition/component_specs/","F07_COGNITIVE","FILE_PLAN_ALL 280 COGNITIVE_REINTEGRATION component_specs/C113_sensory_memory_buffer.yaml cognition/component_specs/ C113_sensory_memory_buffer.yaml yaml P3_COGNITION_SPECS F07 0 0 0 0 1  NOT_FOUND_LOCAL DUPLICATE_SAFE CLEAN LOW KX108_ONLY;","INTEGRATE_TO_COGNITIVE_ADVISORY_SPEC_CANDIDATE","COGNITIVE_REINTEGRATION_ADVISORY_ONLY","false","false","false","F07 audit/spec only; candidate for ContextPacket or PeripheralSignalPacket, never ACT"
"COGNITIVE_REINTEGRATION","cognition/component_specs/","F07_COGNITIVE","FILE_PLAN_ALL 281 COGNITIVE_REINTEGRATION component_specs/C413_child_education_game_universe.yaml cognition/component_specs/ C413_child_education_game_universe.yaml yaml P3_COGNITION_SPECS F07 0 0 0 0 1  NOT_FOUND_LOCAL DUPLICATE_SAFE CLEAN","INTEGRATE_TO_COGNITIVE_ADVISORY_SPEC_CANDIDATE","COGNITIVE_REINTEGRATION_ADVISORY_ONLY","false","false","false","F07 audit/spec only; candidate for ContextPacket or PeripheralSignalPacket, never ACT"
"COGNITIVE_REINTEGRATION","cognition/component_specs/","F07_COGNITIVE","FILE_PLAN_ALL 282 COGNITIVE_REINTEGRATION component_specs/C102_sensory_symbolic_packet.yaml cognition/component_specs/ C102_sensory_symbolic_packet.yaml yaml P3_COGNITION_SPECS F07 0 0 0 0 1  NOT_FOUND_LOCAL DUPLICATE_SAFE CLEAN LOW KX108_O","INTEGRATE_TO_COGNITIVE_ADVISORY_SPEC_CANDIDATE","COGNITIVE_REINTEGRATION_ADVISORY_ONLY","false","false","false","F07 audit/spec only; candidate for ContextPacket or PeripheralSignalPacket, never ACT"
"COGNITIVE_REINTEGRATION","cognition/component_specs/","F07_COGNITIVE","FILE_PLAN_ALL 283 COGNITIVE_REINTEGRATION component_specs/C096_agent_doute_total_validation_blocker.yaml cognition/component_specs/ C096_agent_doute_total_validation_blocker.yaml yaml P3_COGNITION_SPECS F07 0 0 0 0 1  NOT_FOUND_LOCAL DUPLIC","INTEGRATE_TO_COGNITIVE_ADVISORY_SPEC_CANDIDATE","COGNITIVE_REINTEGRATION_ADVISORY_ONLY","false","false","false","F07 audit/spec only; candidate for ContextPacket or PeripheralSignalPacket, never ACT"
"COGNITIVE_REINTEGRATION","cognition/component_specs/","F07_COGNITIVE","FILE_PLAN_ALL 284 COGNITIVE_REINTEGRATION component_specs/C166_world_action_candidate_builder.yaml cognition/component_specs/ C166_world_action_candidate_builder.yaml yaml P3_COGNITION_SPECS F07 0 0 0 0 1  NOT_FOUND_LOCAL DUPLICATE_SAFE CLE","INTEGRATE_TO_COGNITIVE_ADVISORY_SPEC_CANDIDATE","COGNITIVE_REINTEGRATION_ADVISORY_ONLY","false","false","false","F07 audit/spec only; candidate for ContextPacket or PeripheralSignalPacket, never ACT"
"COGNITIVE_REINTEGRATION","cognition/component_specs/","F07_COGNITIVE","FILE_PLAN_ALL 285 COGNITIVE_REINTEGRATION component_specs/C267_reasoning_sensation_switch_node.yaml cognition/component_specs/ C267_reasoning_sensation_switch_node.yaml yaml P3_COGNITION_SPECS F07 0 0 0 0 1  NOT_FOUND_LOCAL DUPLICATE_SAFE C","INTEGRATE_TO_COGNITIVE_ADVISORY_SPEC_CANDIDATE","COGNITIVE_REINTEGRATION_ADVISORY_ONLY","false","false","false","F07 audit/spec only; candidate for ContextPacket or PeripheralSignalPacket, never ACT"
"COGNITIVE_REINTEGRATION","cognition/component_specs/","F07_COGNITIVE","FILE_PLAN_ALL 286 COGNITIVE_REINTEGRATION component_specs/C012_reasoning_trigger_classifier.yaml cognition/component_specs/ C012_reasoning_trigger_classifier.yaml yaml P3_COGNITION_SPECS F07 0 0 0 0 1  NOT_FOUND_LOCAL DUPLICATE_SAFE CLEAN L","INTEGRATE_TO_COGNITIVE_ADVISORY_SPEC_CANDIDATE","COGNITIVE_REINTEGRATION_ADVISORY_ONLY","false","false","false","F07 audit/spec only; candidate for ContextPacket or PeripheralSignalPacket, never ACT"
"COGNITIVE_REINTEGRATION","cognition/component_specs/","F07_COGNITIVE","FILE_PLAN_ALL 287 COGNITIVE_REINTEGRATION component_specs/C375_light_output_crystal.yaml cognition/component_specs/ C375_light_output_crystal.yaml yaml P3_COGNITION_SPECS F07 0 0 0 0 1  NOT_FOUND_LOCAL DUPLICATE_SAFE CLEAN LOW KX108_ONLY; C","INTEGRATE_TO_COGNITIVE_ADVISORY_SPEC_CANDIDATE","COGNITIVE_REINTEGRATION_ADVISORY_ONLY","false","false","false","F07 audit/spec only; candidate for ContextPacket or PeripheralSignalPacket, never ACT"
"COGNITIVE_REINTEGRATION","cognition/component_specs/","F07_COGNITIVE","FILE_PLAN_ALL 288 COGNITIVE_REINTEGRATION component_specs/C299_consciousness_layer_registry.yaml cognition/component_specs/ C299_consciousness_layer_registry.yaml yaml P3_COGNITION_SPECS F07 0 0 0 0 1  NOT_FOUND_LOCAL DUPLICATE_SAFE CLEAN L","INTEGRATE_TO_COGNITIVE_ADVISORY_SPEC_CANDIDATE","COGNITIVE_REINTEGRATION_ADVISORY_ONLY","false","false","false","F07 audit/spec only; candidate for ContextPacket or PeripheralSignalPacket, never ACT"
"COGNITIVE_REINTEGRATION","cognition/component_specs/","F07_COGNITIVE","FILE_PLAN_ALL 289 COGNITIVE_REINTEGRATION component_specs/C043_agent_lifecycle_manager.yaml cognition/component_specs/ C043_agent_lifecycle_manager.yaml yaml P3_COGNITION_SPECS F07 0 0 0 0 1  NOT_FOUND_LOCAL DUPLICATE_SAFE CLEAN LOW KX108_O","INTEGRATE_TO_COGNITIVE_ADVISORY_SPEC_CANDIDATE","COGNITIVE_REINTEGRATION_ADVISORY_ONLY","false","false","false","F07 audit/spec only; candidate for ContextPacket or PeripheralSignalPacket, never ACT"
"COGNITIVE_REINTEGRATION","cognition/component_specs/","F07_COGNITIVE","FILE_PLAN_ALL 290 COGNITIVE_REINTEGRATION component_specs/C223_coherence_law.yaml cognition/component_specs/ C223_coherence_law.yaml yaml P3_COGNITION_SPECS F07 0 0 0 0 1  NOT_FOUND_LOCAL DUPLICATE_SAFE CLEAN LOW KX108_ONLY; COGNITIVE_SIGNA","INTEGRATE_TO_COGNITIVE_ADVISORY_SPEC_CANDIDATE","COGNITIVE_REINTEGRATION_ADVISORY_ONLY","false","false","false","F07 audit/spec only; candidate for ContextPacket or PeripheralSignalPacket, never ACT"
"COGNITIVE_REINTEGRATION","cognition/component_specs/","F07_COGNITIVE","FILE_PLAN_ALL 291 COGNITIVE_REINTEGRATION component_specs/C252_human_correction_trace.yaml cognition/component_specs/ C252_human_correction_trace.yaml yaml P3_COGNITION_SPECS F07 0 0 0 0 1  NOT_FOUND_LOCAL DUPLICATE_SAFE CLEAN LOW KX108_ONL","INTEGRATE_TO_COGNITIVE_ADVISORY_SPEC_CANDIDATE","COGNITIVE_REINTEGRATION_ADVISORY_ONLY","false","false","false","F07 audit/spec only; candidate for ContextPacket or PeripheralSignalPacket, never ACT"
"COGNITIVE_REINTEGRATION","cognition/component_specs/","F07_COGNITIVE","FILE_PLAN_ALL 292 COGNITIVE_REINTEGRATION component_specs/C248_memory_update_candidate.yaml cognition/component_specs/ C248_memory_update_candidate.yaml yaml P3_COGNITION_SPECS F07 0 0 0 0 1  NOT_FOUND_LOCAL DUPLICATE_SAFE CLEAN LOW KX108_O","INTEGRATE_TO_COGNITIVE_ADVISORY_SPEC_CANDIDATE","COGNITIVE_REINTEGRATION_ADVISORY_ONLY","false","false","false","F07 audit/spec only; candidate for ContextPacket or PeripheralSignalPacket, never ACT"
"COGNITIVE_REINTEGRATION","cognition/component_specs/","F07_COGNITIVE","FILE_PLAN_ALL 293 COGNITIVE_REINTEGRATION component_specs/C022_contextual_reasoning.yaml cognition/component_specs/ C022_contextual_reasoning.yaml yaml P3_COGNITION_SPECS F07 0 0 0 0 1  NOT_FOUND_LOCAL DUPLICATE_SAFE CLEAN LOW KX108_ONLY; C","INTEGRATE_TO_COGNITIVE_ADVISORY_SPEC_CANDIDATE","COGNITIVE_REINTEGRATION_ADVISORY_ONLY","false","false","false","F07 audit/spec only; candidate for ContextPacket or PeripheralSignalPacket, never ACT"
"COGNITIVE_REINTEGRATION","cognition/component_specs/","F07_COGNITIVE","FILE_PLAN_ALL 294 COGNITIVE_REINTEGRATION component_specs/C117_audio_language_channel.yaml cognition/component_specs/ C117_audio_language_channel.yaml yaml P3_COGNITION_SPECS F07 0 0 0 0 1  NOT_FOUND_LOCAL DUPLICATE_SAFE CLEAN LOW KX108_ONL","INTEGRATE_TO_COGNITIVE_ADVISORY_SPEC_CANDIDATE","COGNITIVE_REINTEGRATION_ADVISORY_ONLY","false","false","false","F07 audit/spec only; candidate for ContextPacket or PeripheralSignalPacket, never ACT"
"COGNITIVE_REINTEGRATION","cognition/component_specs/","F07_COGNITIVE","FILE_PLAN_ALL 295 COGNITIVE_REINTEGRATION component_specs/C254_flou_semantic_zone.yaml cognition/component_specs/ C254_flou_semantic_zone.yaml yaml P3_COGNITION_SPECS F07 0 0 0 0 1  NOT_FOUND_LOCAL DUPLICATE_SAFE CLEAN LOW KX108_ONLY; COGNI","INTEGRATE_TO_COGNITIVE_ADVISORY_SPEC_CANDIDATE","COGNITIVE_REINTEGRATION_ADVISORY_ONLY","false","false","false","F07 audit/spec only; candidate for ContextPacket or PeripheralSignalPacket, never ACT"
"COGNITIVE_REINTEGRATION","cognition/component_specs/","F07_COGNITIVE","FILE_PLAN_ALL 296 COGNITIVE_REINTEGRATION component_specs/C035_fractal_systemic_reasoning_mode.yaml cognition/component_specs/ C035_fractal_systemic_reasoning_mode.yaml yaml P3_COGNITION_SPECS F07 0 0 0 0 1  NOT_FOUND_LOCAL DUPLICATE_SAFE C","INTEGRATE_TO_COGNITIVE_ADVISORY_SPEC_CANDIDATE","COGNITIVE_REINTEGRATION_ADVISORY_ONLY","false","false","false","F07 audit/spec only; candidate for ContextPacket or PeripheralSignalPacket, never ACT"
"COGNITIVE_REINTEGRATION","cognition/component_specs/","F07_COGNITIVE","FILE_PLAN_ALL 297 COGNITIVE_REINTEGRATION component_specs/C406_public_micro_tests.yaml cognition/component_specs/ C406_public_micro_tests.yaml yaml P3_COGNITION_SPECS F07 0 0 0 0 1  NOT_FOUND_LOCAL DUPLICATE_SAFE CLEAN LOW KX108_ONLY; COGNI","INTEGRATE_TO_COGNITIVE_ADVISORY_SPEC_CANDIDATE","COGNITIVE_REINTEGRATION_ADVISORY_ONLY","false","false","false","F07 audit/spec only; candidate for ContextPacket or PeripheralSignalPacket, never ACT"
"COGNITIVE_REINTEGRATION","cognition/component_specs/","F07_COGNITIVE","FILE_PLAN_ALL 298 COGNITIVE_REINTEGRATION component_specs/C337_reasoning_path_visualizer.yaml cognition/component_specs/ C337_reasoning_path_visualizer.yaml yaml P3_COGNITION_SPECS F07 0 0 0 0 1  NOT_FOUND_LOCAL DUPLICATE_SAFE CLEAN LOW KX1","INTEGRATE_TO_COGNITIVE_ADVISORY_SPEC_CANDIDATE","COGNITIVE_REINTEGRATION_ADVISORY_ONLY","false","false","false","F07 audit/spec only; candidate for ContextPacket or PeripheralSignalPacket, never ACT"
"COGNITIVE_REINTEGRATION","cognition/component_specs/","F07_COGNITIVE","FILE_PLAN_ALL 299 COGNITIVE_REINTEGRATION component_specs/C303_meta_space_access_candidate.yaml cognition/component_specs/ C303_meta_space_access_candidate.yaml yaml P3_COGNITION_SPECS F07 0 0 0 0 1  NOT_FOUND_LOCAL DUPLICATE_SAFE CLEAN LOW","INTEGRATE_TO_COGNITIVE_ADVISORY_SPEC_CANDIDATE","COGNITIVE_REINTEGRATION_ADVISORY_ONLY","false","false","false","F07 audit/spec only; candidate for ContextPacket or PeripheralSignalPacket, never ACT"
"COGNITIVE_REINTEGRATION","cognition/component_specs/","F07_COGNITIVE","FILE_PLAN_ALL 300 COGNITIVE_REINTEGRATION component_specs/C204_silent_filtering_engine.yaml cognition/component_specs/ C204_silent_filtering_engine.yaml yaml P3_COGNITION_SPECS F07 0 0 0 0 1  NOT_FOUND_LOCAL DUPLICATE_SAFE CLEAN LOW KX108_O","INTEGRATE_TO_COGNITIVE_ADVISORY_SPEC_CANDIDATE","COGNITIVE_REINTEGRATION_ADVISORY_ONLY","false","false","false","F07 audit/spec only; candidate for ContextPacket or PeripheralSignalPacket, never ACT"
"COGNITIVE_REINTEGRATION","cognition/component_specs/","F07_COGNITIVE","FILE_PLAN_ALL 301 COGNITIVE_REINTEGRATION component_specs/C416_world_signal_ingestor.yaml cognition/component_specs/ C416_world_signal_ingestor.yaml yaml P3_COGNITION_SPECS F07 0 0 0 0 1  NOT_FOUND_LOCAL DUPLICATE_SAFE CLEAN LOW KX108_ONLY;","INTEGRATE_TO_COGNITIVE_ADVISORY_SPEC_CANDIDATE","COGNITIVE_REINTEGRATION_ADVISORY_ONLY","false","false","false","F07 audit/spec only; candidate for ContextPacket or PeripheralSignalPacket, never ACT"
"COGNITIVE_REINTEGRATION","cognition/component_specs/","F07_COGNITIVE","FILE_PLAN_ALL 302 COGNITIVE_REINTEGRATION component_specs/C395_version_comparison_trace.yaml cognition/component_specs/ C395_version_comparison_trace.yaml yaml P3_COGNITION_SPECS F07 0 0 0 0 1  NOT_FOUND_LOCAL DUPLICATE_SAFE CLEAN LOW KX108","INTEGRATE_TO_COGNITIVE_ADVISORY_SPEC_CANDIDATE","COGNITIVE_REINTEGRATION_ADVISORY_ONLY","false","false","false","F07 audit/spec only; candidate for ContextPacket or PeripheralSignalPacket, never ACT"
"COGNITIVE_REINTEGRATION","cognition/component_specs/","F07_COGNITIVE","FILE_PLAN_ALL 303 COGNITIVE_REINTEGRATION component_specs/C091_synthese_symbolique.yaml cognition/component_specs/ C091_synthese_symbolique.yaml yaml P3_COGNITION_SPECS F07 0 0 0 0 1  NOT_FOUND_LOCAL DUPLICATE_SAFE CLEAN LOW KX108_ONLY; COG","INTEGRATE_TO_COGNITIVE_ADVISORY_SPEC_CANDIDATE","COGNITIVE_REINTEGRATION_ADVISORY_ONLY","false","false","false","F07 audit/spec only; candidate for ContextPacket or PeripheralSignalPacket, never ACT"
"COGNITIVE_REINTEGRATION","cognition/component_specs/","F07_COGNITIVE","FILE_PLAN_ALL 304 COGNITIVE_REINTEGRATION component_specs/C387_lymphatic_version_mode.yaml cognition/component_specs/ C387_lymphatic_version_mode.yaml yaml P3_COGNITION_SPECS F07 0 0 0 0 1  NOT_FOUND_LOCAL DUPLICATE_SAFE CLEAN LOW KX108_ONL","INTEGRATE_TO_COGNITIVE_ADVISORY_SPEC_CANDIDATE","COGNITIVE_REINTEGRATION_ADVISORY_ONLY","false","false","false","F07 audit/spec only; candidate for ContextPacket or PeripheralSignalPacket, never ACT"
"COGNITIVE_REINTEGRATION","cognition/component_specs/","F07_COGNITIVE","FILE_PLAN_ALL 305 COGNITIVE_REINTEGRATION component_specs/C111_input_to_cortex_adapter.yaml cognition/component_specs/ C111_input_to_cortex_adapter.yaml yaml P3_COGNITION_SPECS F07 0 0 0 0 1  NOT_FOUND_LOCAL DUPLICATE_SAFE CLEAN LOW KX108_O","INTEGRATE_TO_COGNITIVE_ADVISORY_SPEC_CANDIDATE","COGNITIVE_REINTEGRATION_ADVISORY_ONLY","false","false","false","F07 audit/spec only; candidate for ContextPacket or PeripheralSignalPacket, never ACT"
"COGNITIVE_REINTEGRATION","cognition/component_specs/","F07_COGNITIVE","FILE_PLAN_ALL 306 COGNITIVE_REINTEGRATION component_specs/C040_reasoning_conflict_router.yaml cognition/component_specs/ C040_reasoning_conflict_router.yaml yaml P3_COGNITION_SPECS F07 0 0 0 0 1  NOT_FOUND_LOCAL DUPLICATE_SAFE CLEAN LOW KX1","INTEGRATE_TO_COGNITIVE_ADVISORY_SPEC_CANDIDATE","COGNITIVE_REINTEGRATION_ADVISORY_ONLY","false","false","false","F07 audit/spec only; candidate for ContextPacket or PeripheralSignalPacket, never ACT"
"COGNITIVE_REINTEGRATION","cognition/component_specs/","F07_COGNITIVE","FILE_PLAN_ALL 307 COGNITIVE_REINTEGRATION component_specs/C394_theoretical_81_versions_registry.yaml cognition/component_specs/ C394_theoretical_81_versions_registry.yaml yaml P3_COGNITION_SPECS F07 0 0 0 0 1  NOT_FOUND_LOCAL DUPLICATE_SAFE","INTEGRATE_TO_COGNITIVE_ADVISORY_SPEC_CANDIDATE","COGNITIVE_REINTEGRATION_ADVISORY_ONLY","false","false","false","F07 audit/spec only; candidate for ContextPacket or PeripheralSignalPacket, never ACT"
"COGNITIVE_REINTEGRATION","cognition/component_specs/","F07_COGNITIVE","FILE_PLAN_ALL 308 COGNITIVE_REINTEGRATION component_specs/C336_symbolic_mismatch_report.yaml cognition/component_specs/ C336_symbolic_mismatch_report.yaml yaml P3_COGNITION_SPECS F07 0 0 0 0 1  NOT_FOUND_LOCAL DUPLICATE_SAFE CLEAN LOW KX108","INTEGRATE_TO_COGNITIVE_ADVISORY_SPEC_CANDIDATE","COGNITIVE_REINTEGRATION_ADVISORY_ONLY","false","false","false","F07 audit/spec only; candidate for ContextPacket or PeripheralSignalPacket, never ACT"
"COGNITIVE_REINTEGRATION","cognition/component_specs/","F07_COGNITIVE","FILE_PLAN_ALL 309 COGNITIVE_REINTEGRATION component_specs/C396_AutoForge_core.yaml cognition/component_specs/ C396_AutoForge_core.yaml yaml P3_COGNITION_SPECS F07 0 0 0 0 1  NOT_FOUND_LOCAL DUPLICATE_SAFE CLEAN LOW KX108_ONLY; COGNITIVE_SIG","INTEGRATE_TO_COGNITIVE_ADVISORY_SPEC_CANDIDATE","COGNITIVE_REINTEGRATION_ADVISORY_ONLY","false","false","false","F07 audit/spec only; candidate for ContextPacket or PeripheralSignalPacket, never ACT"
"COGNITIVE_REINTEGRATION","cognition/component_specs/","F07_COGNITIVE","FILE_PLAN_ALL 310 COGNITIVE_REINTEGRATION component_specs/C271_cognitive_intensity_node.yaml cognition/component_specs/ C271_cognitive_intensity_node.yaml yaml P3_COGNITION_SPECS F07 0 0 0 0 1  NOT_FOUND_LOCAL DUPLICATE_SAFE CLEAN LOW KX108","INTEGRATE_TO_COGNITIVE_ADVISORY_SPEC_CANDIDATE","COGNITIVE_REINTEGRATION_ADVISORY_ONLY","false","false","false","F07 audit/spec only; candidate for ContextPacket or PeripheralSignalPacket, never ACT"
"COGNITIVE_REINTEGRATION","cognition/component_specs/","F07_COGNITIVE","FILE_PLAN_ALL 311 COGNITIVE_REINTEGRATION component_specs/C352_symbolic_reducer_microagent.yaml cognition/component_specs/ C352_symbolic_reducer_microagent.yaml yaml P3_COGNITION_SPECS F07 0 0 0 0 1  NOT_FOUND_LOCAL DUPLICATE_SAFE CLEAN LOW","INTEGRATE_TO_COGNITIVE_ADVISORY_SPEC_CANDIDATE","COGNITIVE_REINTEGRATION_ADVISORY_ONLY","false","false","false","F07 audit/spec only; candidate for ContextPacket or PeripheralSignalPacket, never ACT"
"COGNITIVE_REINTEGRATION","cognition/component_specs/","F07_COGNITIVE","FILE_PLAN_ALL 312 COGNITIVE_REINTEGRATION component_specs/C137_memory_dormant_zone.yaml cognition/component_specs/ C137_memory_dormant_zone.yaml yaml P3_COGNITION_SPECS F07 0 0 0 0 1  NOT_FOUND_LOCAL DUPLICATE_SAFE CLEAN LOW KX108_ONLY; COG","INTEGRATE_TO_COGNITIVE_ADVISORY_SPEC_CANDIDATE","COGNITIVE_REINTEGRATION_ADVISORY_ONLY","false","false","false","F07 audit/spec only; candidate for ContextPacket or PeripheralSignalPacket, never ACT"
"COGNITIVE_REINTEGRATION","cognition/component_specs/","F07_COGNITIVE","FILE_PLAN_ALL 313 COGNITIVE_REINTEGRATION component_specs/C262_compression_language_registry.yaml cognition/component_specs/ C262_compression_language_registry.yaml yaml P3_COGNITION_SPECS F07 0 0 0 0 1  NOT_FOUND_LOCAL DUPLICATE_SAFE CLEAN","INTEGRATE_TO_COGNITIVE_ADVISORY_SPEC_CANDIDATE","COGNITIVE_REINTEGRATION_ADVISORY_ONLY","false","false","false","F07 audit/spec only; candidate for ContextPacket or PeripheralSignalPacket, never ACT"
"COGNITIVE_REINTEGRATION","cognition/component_specs/","F07_COGNITIVE","FILE_PLAN_ALL 314 COGNITIVE_REINTEGRATION component_specs/C309_alignment_filter_stack.yaml cognition/component_specs/ C309_alignment_filter_stack.yaml yaml P3_COGNITION_SPECS F07 0 0 0 0 1  NOT_FOUND_LOCAL DUPLICATE_SAFE CLEAN LOW KX108_ONL","INTEGRATE_TO_COGNITIVE_ADVISORY_SPEC_CANDIDATE","COGNITIVE_REINTEGRATION_ADVISORY_ONLY","false","false","false","F07 audit/spec only; candidate for ContextPacket or PeripheralSignalPacket, never ACT"
"COGNITIVE_REINTEGRATION","cognition/component_specs/","F07_COGNITIVE","FILE_PLAN_ALL 315 COGNITIVE_REINTEGRATION component_specs/C410_Fractalite_world_mindmap.yaml cognition/component_specs/ C410_Fractalite_world_mindmap.yaml yaml P3_COGNITION_SPECS F07 0 0 0 0 1  NOT_FOUND_LOCAL DUPLICATE_SAFE CLEAN LOW KX108","INTEGRATE_TO_COGNITIVE_ADVISORY_SPEC_CANDIDATE","COGNITIVE_REINTEGRATION_ADVISORY_ONLY","false","false","false","F07 audit/spec only; candidate for ContextPacket or PeripheralSignalPacket, never ACT"
"COGNITIVE_REINTEGRATION","cognition/component_specs/","F07_COGNITIVE","FILE_PLAN_ALL 316 COGNITIVE_REINTEGRATION component_specs/C310_drift_risk_score.yaml cognition/component_specs/ C310_drift_risk_score.yaml yaml P3_COGNITION_SPECS F07 0 0 0 0 1  NOT_FOUND_LOCAL DUPLICATE_SAFE CLEAN LOW KX108_ONLY; COGNITIVE","INTEGRATE_TO_COGNITIVE_ADVISORY_SPEC_CANDIDATE","COGNITIVE_REINTEGRATION_ADVISORY_ONLY","false","false","false","F07 audit/spec only; candidate for ContextPacket or PeripheralSignalPacket, never ACT"
"COGNITIVE_REINTEGRATION","cognition/component_specs/","F07_COGNITIVE","FILE_PLAN_ALL 317 COGNITIVE_REINTEGRATION component_specs/C444_intent_receipt_schema.yaml cognition/component_specs/ C444_intent_receipt_schema.yaml yaml P3_COGNITION_SPECS F07 0 0 0 0 1  NOT_FOUND_LOCAL DUPLICATE_SAFE CLEAN LOW KX108_ONLY;","INTEGRATE_TO_COGNITIVE_ADVISORY_SPEC_CANDIDATE","COGNITIVE_REINTEGRATION_ADVISORY_ONLY","false","false","false","F07 audit/spec only; candidate for ContextPacket or PeripheralSignalPacket, never ACT"
"COGNITIVE_REINTEGRATION","cognition/component_specs/","F07_COGNITIVE","FILE_PLAN_ALL 318 COGNITIVE_REINTEGRATION component_specs/C435_agent_authority_contract.yaml cognition/component_specs/ C435_agent_authority_contract.yaml yaml P1_CONTRACTS F07 0 0 0 0 1  NOT_FOUND_LOCAL DUPLICATE_SAFE CLEAN LOW KX108_ONLY;","INTEGRATE_TO_COGNITIVE_ADVISORY_SPEC_CANDIDATE","COGNITIVE_REINTEGRATION_ADVISORY_ONLY","false","false","false","F07 audit/spec only; candidate for ContextPacket or PeripheralSignalPacket, never ACT"
"COGNITIVE_REINTEGRATION","cognition/component_specs/","F07_COGNITIVE","FILE_PLAN_ALL 319 COGNITIVE_REINTEGRATION component_specs/C130_visual_key_detector.yaml cognition/component_specs/ C130_visual_key_detector.yaml yaml P3_COGNITION_SPECS F07 0 0 0 0 1  NOT_FOUND_LOCAL DUPLICATE_SAFE CLEAN LOW KX108_ONLY; COG","INTEGRATE_TO_COGNITIVE_ADVISORY_SPEC_CANDIDATE","COGNITIVE_REINTEGRATION_ADVISORY_ONLY","false","false","false","F07 audit/spec only; candidate for ContextPacket or PeripheralSignalPacket, never ACT"
"COGNITIVE_REINTEGRATION","cognition/component_specs/","F07_COGNITIVE","FILE_PLAN_ALL 320 COGNITIVE_REINTEGRATION component_specs/C348_micro_agent_spawn_policy.yaml cognition/component_specs/ C348_micro_agent_spawn_policy.yaml yaml P3_COGNITION_SPECS F07 0 0 0 0 1  NOT_FOUND_LOCAL DUPLICATE_SAFE CLEAN LOW KX108","INTEGRATE_TO_COGNITIVE_ADVISORY_SPEC_CANDIDATE","COGNITIVE_REINTEGRATION_ADVISORY_ONLY","false","false","false","F07 audit/spec only; candidate for ContextPacket or PeripheralSignalPacket, never ACT"
"COGNITIVE_REINTEGRATION","cognition/component_specs/","F07_COGNITIVE","FILE_PLAN_ALL 321 COGNITIVE_REINTEGRATION component_specs/C429_webhook_action_candidate.yaml cognition/component_specs/ C429_webhook_action_candidate.yaml yaml P3_COGNITION_SPECS F07 0 0 0 0 1  NOT_FOUND_LOCAL DUPLICATE_SAFE CLEAN LOW KX108","INTEGRATE_TO_COGNITIVE_ADVISORY_SPEC_CANDIDATE","COGNITIVE_REINTEGRATION_ADVISORY_ONLY","false","false","false","F07 audit/spec only; candidate for ContextPacket or PeripheralSignalPacket, never ACT"
"COGNITIVE_REINTEGRATION","cognition/component_specs/","F07_COGNITIVE","FILE_PLAN_ALL 322 COGNITIVE_REINTEGRATION component_specs/C063_gardien_ethique.yaml cognition/component_specs/ C063_gardien_ethique.yaml yaml P3_COGNITION_SPECS F07 0 0 0 0 1  NOT_FOUND_LOCAL DUPLICATE_SAFE CLEAN LOW KX108_ONLY; COGNITIVE_S","INTEGRATE_TO_COGNITIVE_ADVISORY_SPEC_CANDIDATE","COGNITIVE_REINTEGRATION_ADVISORY_ONLY","false","false","false","F07 audit/spec only; candidate for ContextPacket or PeripheralSignalPacket, never ACT"
"COGNITIVE_REINTEGRATION","cognition/component_specs/","F07_COGNITIVE","FILE_PLAN_ALL 323 COGNITIVE_REINTEGRATION component_specs/C178_style_form_selector.yaml cognition/component_specs/ C178_style_form_selector.yaml yaml P3_COGNITION_SPECS F07 0 0 0 0 1  NOT_FOUND_LOCAL DUPLICATE_SAFE CLEAN LOW KX108_ONLY; COG","INTEGRATE_TO_COGNITIVE_ADVISORY_SPEC_CANDIDATE","COGNITIVE_REINTEGRATION_ADVISORY_ONLY","false","false","false","F07 audit/spec only; candidate for ContextPacket or PeripheralSignalPacket, never ACT"
"COGNITIVE_REINTEGRATION","cognition/component_specs/","F07_COGNITIVE","FILE_PLAN_ALL 324 COGNITIVE_REINTEGRATION component_specs/C364_ERA_workspace.yaml cognition/component_specs/ C364_ERA_workspace.yaml yaml P3_COGNITION_SPECS F07 0 0 0 0 1  NOT_FOUND_LOCAL DUPLICATE_SAFE CLEAN LOW KX108_ONLY; COGNITIVE_SIGNA","INTEGRATE_TO_COGNITIVE_ADVISORY_SPEC_CANDIDATE","COGNITIVE_REINTEGRATION_ADVISORY_ONLY","false","false","false","F07 audit/spec only; candidate for ContextPacket or PeripheralSignalPacket, never ACT"
"COGNITIVE_REINTEGRATION","cognition/component_specs/","F07_COGNITIVE","FILE_PLAN_ALL 325 COGNITIVE_REINTEGRATION component_specs/C228_memory_silence_law.yaml cognition/component_specs/ C228_memory_silence_law.yaml yaml P3_COGNITION_SPECS F07 0 0 0 0 1  NOT_FOUND_LOCAL DUPLICATE_SAFE CLEAN LOW KX108_ONLY; COGNI","INTEGRATE_TO_COGNITIVE_ADVISORY_SPEC_CANDIDATE","COGNITIVE_REINTEGRATION_ADVISORY_ONLY","false","false","false","F07 audit/spec only; candidate for ContextPacket or PeripheralSignalPacket, never ACT"
"COGNITIVE_REINTEGRATION","cognition/component_specs/","F07_COGNITIVE","FILE_PLAN_ALL 326 COGNITIVE_REINTEGRATION component_specs/C451_signature_status.yaml cognition/component_specs/ C451_signature_status.yaml yaml P3_COGNITION_SPECS F07 0 0 0 0 1  NOT_FOUND_LOCAL DUPLICATE_SAFE CLEAN LOW KX108_ONLY; COGNITIVE","INTEGRATE_TO_COGNITIVE_ADVISORY_SPEC_CANDIDATE","COGNITIVE_REINTEGRATION_ADVISORY_ONLY","false","false","false","F07 audit/spec only; candidate for ContextPacket or PeripheralSignalPacket, never ACT"
"COGNITIVE_REINTEGRATION","cognition/component_specs/","F07_COGNITIVE","FILE_PLAN_ALL 327 COGNITIVE_REINTEGRATION component_specs/C077_souffle_rimbaldien.yaml cognition/component_specs/ C077_souffle_rimbaldien.yaml yaml P3_COGNITION_SPECS F07 0 0 0 0 1  NOT_FOUND_LOCAL DUPLICATE_SAFE CLEAN LOW KX108_ONLY; COGNI","INTEGRATE_TO_COGNITIVE_ADVISORY_SPEC_CANDIDATE","COGNITIVE_REINTEGRATION_ADVISORY_ONLY","false","false","false","F07 audit/spec only; candidate for ContextPacket or PeripheralSignalPacket, never ACT"
"COGNITIVE_REINTEGRATION","cognition/component_specs/","F07_COGNITIVE","FILE_PLAN_ALL 328 COGNITIVE_REINTEGRATION component_specs/C389_dynamic_brain_switch.yaml cognition/component_specs/ C389_dynamic_brain_switch.yaml yaml P3_COGNITION_SPECS F07 0 0 0 0 1  NOT_FOUND_LOCAL DUPLICATE_SAFE CLEAN LOW KX108_ONLY; C","INTEGRATE_TO_COGNITIVE_ADVISORY_SPEC_CANDIDATE","COGNITIVE_REINTEGRATION_ADVISORY_ONLY","false","false","false","F07 audit/spec only; candidate for ContextPacket or PeripheralSignalPacket, never ACT"
"COGNITIVE_REINTEGRATION","cognition/component_specs/","F07_COGNITIVE","FILE_PLAN_ALL 329 COGNITIVE_REINTEGRATION component_specs/C407_ForgeMasked_roleplay.yaml cognition/component_specs/ C407_ForgeMasked_roleplay.yaml yaml P3_COGNITION_SPECS F07 0 0 0 0 1  NOT_FOUND_LOCAL DUPLICATE_SAFE CLEAN LOW KX108_ONLY; C","INTEGRATE_TO_COGNITIVE_ADVISORY_SPEC_CANDIDATE","COGNITIVE_REINTEGRATION_ADVISORY_ONLY","false","false","false","F07 audit/spec only; candidate for ContextPacket or PeripheralSignalPacket, never ACT"
"COGNITIVE_REINTEGRATION","cognition/component_specs/","F07_COGNITIVE","FILE_PLAN_ALL 330 COGNITIVE_REINTEGRATION component_specs/C026_reasoning_neutralization_rules.yaml cognition/component_specs/ C026_reasoning_neutralization_rules.yaml yaml P3_COGNITION_SPECS F07 0 0 0 0 1  NOT_FOUND_LOCAL DUPLICATE_SAFE CLE","INTEGRATE_TO_COGNITIVE_ADVISORY_SPEC_CANDIDATE","COGNITIVE_REINTEGRATION_ADVISORY_ONLY","false","false","false","F07 audit/spec only; candidate for ContextPacket or PeripheralSignalPacket, never ACT"
"COGNITIVE_REINTEGRATION","cognition/component_specs/","F07_COGNITIVE","FILE_PLAN_ALL 331 COGNITIVE_REINTEGRATION component_specs/C208_fractal_echo_feedback.yaml cognition/component_specs/ C208_fractal_echo_feedback.yaml yaml P3_COGNITION_SPECS F07 0 0 0 0 1  NOT_FOUND_LOCAL DUPLICATE_SAFE CLEAN LOW KX108_ONLY;","INTEGRATE_TO_COGNITIVE_ADVISORY_SPEC_CANDIDATE","COGNITIVE_REINTEGRATION_ADVISORY_ONLY","false","false","false","F07 audit/spec only; candidate for ContextPacket or PeripheralSignalPacket, never ACT"
"COGNITIVE_REINTEGRATION","cognition/component_specs/","F07_COGNITIVE","FILE_PLAN_ALL 332 COGNITIVE_REINTEGRATION component_specs/C206_retargeting_engine.yaml cognition/component_specs/ C206_retargeting_engine.yaml yaml P3_COGNITION_SPECS F07 0 0 0 0 1  NOT_FOUND_LOCAL DUPLICATE_SAFE CLEAN LOW KX108_ONLY; COGNI","INTEGRATE_TO_COGNITIVE_ADVISORY_SPEC_CANDIDATE","COGNITIVE_REINTEGRATION_ADVISORY_ONLY","false","false","false","F07 audit/spec only; candidate for ContextPacket or PeripheralSignalPacket, never ACT"
"COGNITIVE_REINTEGRATION","cognition/component_specs/","F07_COGNITIVE","FILE_PLAN_ALL 333 COGNITIVE_REINTEGRATION component_specs/C168_output_transcoding_engine.yaml cognition/component_specs/ C168_output_transcoding_engine.yaml yaml P3_COGNITION_SPECS F07 0 0 0 0 1  NOT_FOUND_LOCAL DUPLICATE_SAFE CLEAN LOW KX1","INTEGRATE_TO_COGNITIVE_ADVISORY_SPEC_CANDIDATE","COGNITIVE_REINTEGRATION_ADVISORY_ONLY","false","false","false","F07 audit/spec only; candidate for ContextPacket or PeripheralSignalPacket, never ACT"
"COGNITIVE_REINTEGRATION","cognition/component_specs/","F07_COGNITIVE","FILE_PLAN_ALL 334 COGNITIVE_REINTEGRATION component_specs/C335_cognitive_debug_panel.yaml cognition/component_specs/ C335_cognitive_debug_panel.yaml yaml P3_COGNITION_SPECS F07 0 0 0 0 1  NOT_FOUND_LOCAL DUPLICATE_SAFE CLEAN LOW KX108_ONLY;","INTEGRATE_TO_COGNITIVE_ADVISORY_SPEC_CANDIDATE","COGNITIVE_REINTEGRATION_ADVISORY_ONLY","false","false","false","F07 audit/spec only; candidate for ContextPacket or PeripheralSignalPacket, never ACT"
"COGNITIVE_REINTEGRATION","cognition/component_specs/","F07_COGNITIVE","FILE_PLAN_ALL 335 COGNITIVE_REINTEGRATION component_specs/C431_device_action_candidate.yaml cognition/component_specs/ C431_device_action_candidate.yaml yaml P3_COGNITION_SPECS F07 0 0 0 0 1  NOT_FOUND_LOCAL DUPLICATE_SAFE CLEAN LOW KX108_O","INTEGRATE_TO_COGNITIVE_ADVISORY_SPEC_CANDIDATE","COGNITIVE_REINTEGRATION_ADVISORY_ONLY","false","false","false","F07 audit/spec only; candidate for ContextPacket or PeripheralSignalPacket, never ACT"
"COGNITIVE_REINTEGRATION","cognition/component_specs/","F07_COGNITIVE","FILE_PLAN_ALL 336 COGNITIVE_REINTEGRATION component_specs/C201_PROTOS_logical_memory_structuring_protocol.yaml cognition/component_specs/ C201_PROTOS_logical_memory_structuring_protocol.yaml yaml P3_COGNITION_SPECS F07 0 0 0 0 1  NOT_FOUND_","INTEGRATE_TO_COGNITIVE_ADVISORY_SPEC_CANDIDATE","COGNITIVE_REINTEGRATION_ADVISORY_ONLY","false","false","false","F07 audit/spec only; candidate for ContextPacket or PeripheralSignalPacket, never ACT"
"COGNITIVE_REINTEGRATION","cognition/component_specs/","F07_COGNITIVE","FILE_PLAN_ALL 337 COGNITIVE_REINTEGRATION component_specs/C020_critical_socratic_reasoning.yaml cognition/component_specs/ C020_critical_socratic_reasoning.yaml yaml P3_COGNITION_SPECS F07 0 0 0 0 1  NOT_FOUND_LOCAL DUPLICATE_SAFE CLEAN LOW","INTEGRATE_TO_COGNITIVE_ADVISORY_SPEC_CANDIDATE","COGNITIVE_REINTEGRATION_ADVISORY_ONLY","false","false","false","F07 audit/spec only; candidate for ContextPacket or PeripheralSignalPacket, never ACT"
"COGNITIVE_REINTEGRATION","cognition/component_specs/","F07_COGNITIVE","FILE_PLAN_ALL 338 COGNITIVE_REINTEGRATION component_specs/C195_style_warning.yaml cognition/component_specs/ C195_style_warning.yaml yaml P3_COGNITION_SPECS F07 0 0 0 0 1  NOT_FOUND_LOCAL DUPLICATE_SAFE CLEAN LOW KX108_ONLY; COGNITIVE_SIGNA","INTEGRATE_TO_COGNITIVE_ADVISORY_SPEC_CANDIDATE","COGNITIVE_REINTEGRATION_ADVISORY_ONLY","false","false","false","F07 audit/spec only; candidate for ContextPacket or PeripheralSignalPacket, never ACT"
"COGNITIVE_REINTEGRATION","cognition/component_specs/","F07_COGNITIVE","FILE_PLAN_ALL 339 COGNITIVE_REINTEGRATION component_specs/C159_memory_experiential_bridge.yaml cognition/component_specs/ C159_memory_experiential_bridge.yaml yaml P3_COGNITION_SPECS F07 0 0 0 0 1  NOT_FOUND_LOCAL DUPLICATE_SAFE CLEAN LOW K","INTEGRATE_TO_COGNITIVE_ADVISORY_SPEC_CANDIDATE","COGNITIVE_REINTEGRATION_ADVISORY_ONLY","false","false","false","F07 audit/spec only; candidate for ContextPacket or PeripheralSignalPacket, never ACT"
"COGNITIVE_REINTEGRATION","cognition/component_specs/","F07_COGNITIVE","FILE_PLAN_ALL 340 COGNITIVE_REINTEGRATION component_specs/C281_cognitive_edge_registry.yaml cognition/component_specs/ C281_cognitive_edge_registry.yaml yaml P3_COGNITION_SPECS F07 0 0 0 0 1  NOT_FOUND_LOCAL DUPLICATE_SAFE CLEAN LOW KX108_O","INTEGRATE_TO_COGNITIVE_ADVISORY_SPEC_CANDIDATE","COGNITIVE_REINTEGRATION_ADVISORY_ONLY","false","false","false","F07 audit/spec only; candidate for ContextPacket or PeripheralSignalPacket, never ACT"
"COGNITIVE_REINTEGRATION","cognition/component_specs/","F07_COGNITIVE","FILE_PLAN_ALL 341 COGNITIVE_REINTEGRATION component_specs/C377_B12_fractal_memory_module.yaml cognition/component_specs/ C377_B12_fractal_memory_module.yaml yaml P3_COGNITION_SPECS F07 0 0 0 0 1  NOT_FOUND_LOCAL DUPLICATE_SAFE CLEAN LOW KX1","INTEGRATE_TO_COGNITIVE_ADVISORY_SPEC_CANDIDATE","COGNITIVE_REINTEGRATION_ADVISORY_ONLY","false","false","false","F07 audit/spec only; candidate for ContextPacket or PeripheralSignalPacket, never ACT"
"COGNITIVE_REINTEGRATION","cognition/component_specs/","F07_COGNITIVE","FILE_PLAN_ALL 342 COGNITIVE_REINTEGRATION component_specs/C189_strategic_narrative_filter.yaml cognition/component_specs/ C189_strategic_narrative_filter.yaml yaml P3_COGNITION_SPECS F07 0 0 0 0 1  NOT_FOUND_LOCAL DUPLICATE_SAFE CLEAN LOW K","INTEGRATE_TO_COGNITIVE_ADVISORY_SPEC_CANDIDATE","COGNITIVE_REINTEGRATION_ADVISORY_ONLY","false","false","false","F07 audit/spec only; candidate for ContextPacket or PeripheralSignalPacket, never ACT"
"COGNITIVE_REINTEGRATION","cognition/component_specs/","F07_COGNITIVE","FILE_PLAN_ALL 343 COGNITIVE_REINTEGRATION component_specs/C360_archetype_to_output_adapter.yaml cognition/component_specs/ C360_archetype_to_output_adapter.yaml yaml P3_COGNITION_SPECS F07 0 0 0 0 1  NOT_FOUND_LOCAL DUPLICATE_SAFE CLEAN LOW","INTEGRATE_TO_COGNITIVE_ADVISORY_SPEC_CANDIDATE","COGNITIVE_REINTEGRATION_ADVISORY_ONLY","false","false","false","F07 audit/spec only; candidate for ContextPacket or PeripheralSignalPacket, never ACT"
"COGNITIVE_REINTEGRATION","cognition/component_specs/","F07_COGNITIVE","FILE_PLAN_ALL 344 COGNITIVE_REINTEGRATION component_specs/C019_poetic_metaphorical_reasoning.yaml cognition/component_specs/ C019_poetic_metaphorical_reasoning.yaml yaml P3_COGNITION_SPECS F07 0 0 0 0 1  NOT_FOUND_LOCAL DUPLICATE_SAFE CLEAN","INTEGRATE_TO_COGNITIVE_ADVISORY_SPEC_CANDIDATE","COGNITIVE_REINTEGRATION_ADVISORY_ONLY","false","false","false","F07 audit/spec only; candidate for ContextPacket or PeripheralSignalPacket, never ACT"
"COGNITIVE_REINTEGRATION","cognition/component_specs/","F07_COGNITIVE","FILE_PLAN_ALL 345 COGNITIVE_REINTEGRATION component_specs/C065_inspecteurs.yaml cognition/component_specs/ C065_inspecteurs.yaml yaml P3_COGNITION_SPECS F07 0 0 0 0 1  NOT_FOUND_LOCAL DUPLICATE_SAFE CLEAN LOW KX108_ONLY; COGNITIVE_SIGNAL_ON","INTEGRATE_TO_COGNITIVE_ADVISORY_SPEC_CANDIDATE","COGNITIVE_REINTEGRATION_ADVISORY_ONLY","false","false","false","F07 audit/spec only; candidate for ContextPacket or PeripheralSignalPacket, never ACT"
"COGNITIVE_REINTEGRATION","cognition/component_specs/","F07_COGNITIVE","FILE_PLAN_ALL 346 COGNITIVE_REINTEGRATION component_specs/C213_ethical_calibration_signal.yaml cognition/component_specs/ C213_ethical_calibration_signal.yaml yaml P3_COGNITION_SPECS F07 0 0 0 0 1  NOT_FOUND_LOCAL DUPLICATE_SAFE CLEAN LOW K","INTEGRATE_TO_COGNITIVE_ADVISORY_SPEC_CANDIDATE","COGNITIVE_REINTEGRATION_ADVISORY_ONLY","false","false","false","F07 audit/spec only; candidate for ContextPacket or PeripheralSignalPacket, never ACT"
"COGNITIVE_REINTEGRATION","cognition/component_specs/","F07_COGNITIVE","FILE_PLAN_ALL 347 COGNITIVE_REINTEGRATION component_specs/C236_ambiguity_error_zone.yaml cognition/component_specs/ C236_ambiguity_error_zone.yaml yaml P3_COGNITION_SPECS F07 0 0 0 0 1  NOT_FOUND_LOCAL DUPLICATE_SAFE CLEAN LOW KX108_ONLY; C","INTEGRATE_TO_COGNITIVE_ADVISORY_SPEC_CANDIDATE","COGNITIVE_REINTEGRATION_ADVISORY_ONLY","false","false","false","F07 audit/spec only; candidate for ContextPacket or PeripheralSignalPacket, never ACT"
"COGNITIVE_REINTEGRATION","cognition/component_specs/","F07_COGNITIVE","FILE_PLAN_ALL 348 COGNITIVE_REINTEGRATION component_specs/C231_cognitive_memory_packet.yaml cognition/component_specs/ C231_cognitive_memory_packet.yaml yaml P3_COGNITION_SPECS F07 0 0 0 0 1  NOT_FOUND_LOCAL DUPLICATE_SAFE CLEAN LOW KX108_O","INTEGRATE_TO_COGNITIVE_ADVISORY_SPEC_CANDIDATE","COGNITIVE_REINTEGRATION_ADVISORY_ONLY","false","false","false","F07 audit/spec only; candidate for ContextPacket or PeripheralSignalPacket, never ACT"
"COGNITIVE_REINTEGRATION","cognition/component_specs/","F07_COGNITIVE","FILE_PLAN_ALL 349 COGNITIVE_REINTEGRATION component_specs/C070_simulateur_hypothese.yaml cognition/component_specs/ C070_simulateur_hypothese.yaml yaml P3_COGNITION_SPECS F07 0 0 0 0 1  NOT_FOUND_LOCAL DUPLICATE_SAFE CLEAN LOW KX108_ONLY; C","INTEGRATE_TO_COGNITIVE_ADVISORY_SPEC_CANDIDATE","COGNITIVE_REINTEGRATION_ADVISORY_ONLY","false","false","false","F07 audit/spec only; candidate for ContextPacket or PeripheralSignalPacket, never ACT"
"COGNITIVE_REINTEGRATION","cognition/component_specs/","F07_COGNITIVE","FILE_PLAN_ALL 350 COGNITIVE_REINTEGRATION component_specs/C067_coherence_globale.yaml cognition/component_specs/ C067_coherence_globale.yaml yaml P3_COGNITION_SPECS F07 0 0 0 0 1  NOT_FOUND_LOCAL DUPLICATE_SAFE CLEAN LOW KX108_ONLY; COGNITI","INTEGRATE_TO_COGNITIVE_ADVISORY_SPEC_CANDIDATE","COGNITIVE_REINTEGRATION_ADVISORY_ONLY","false","false","false","F07 audit/spec only; candidate for ContextPacket or PeripheralSignalPacket, never ACT"
"COGNITIVE_REINTEGRATION","cognition/component_specs/","F07_COGNITIVE","FILE_PLAN_ALL 351 COGNITIVE_REINTEGRATION component_specs/C241_living_memory_store.yaml cognition/component_specs/ C241_living_memory_store.yaml yaml P3_COGNITION_SPECS F07 0 0 0 0 1  NOT_FOUND_LOCAL DUPLICATE_SAFE CLEAN LOW KX108_ONLY; COG","INTEGRATE_TO_COGNITIVE_ADVISORY_SPEC_CANDIDATE","COGNITIVE_REINTEGRATION_ADVISORY_ONLY","false","false","false","F07 audit/spec only; candidate for ContextPacket or PeripheralSignalPacket, never ACT"
"COGNITIVE_REINTEGRATION","cognition/component_specs/","F07_COGNITIVE","FILE_PLAN_ALL 352 COGNITIVE_REINTEGRATION component_specs/C398_user_calibration_ladder.yaml cognition/component_specs/ C398_user_calibration_ladder.yaml yaml P3_COGNITION_SPECS F07 0 0 0 0 1  NOT_FOUND_LOCAL DUPLICATE_SAFE CLEAN LOW KX108_O","INTEGRATE_TO_COGNITIVE_ADVISORY_SPEC_CANDIDATE","COGNITIVE_REINTEGRATION_ADVISORY_ONLY","false","false","false","F07 audit/spec only; candidate for ContextPacket or PeripheralSignalPacket, never ACT"
"COGNITIVE_REINTEGRATION","cognition/component_specs/","F07_COGNITIVE","FILE_PLAN_ALL 353 COGNITIVE_REINTEGRATION component_specs/C008_source_doc_inventory.yaml cognition/component_specs/ C008_source_doc_inventory.yaml yaml P3_COGNITION_SPECS F07 0 0 0 0 1  NOT_FOUND_LOCAL DUPLICATE_SAFE CLEAN LOW KX108_ONLY; C","INTEGRATE_TO_COGNITIVE_ADVISORY_SPEC_CANDIDATE","COGNITIVE_REINTEGRATION_ADVISORY_ONLY","false","false","false","F07 audit/spec only; candidate for ContextPacket or PeripheralSignalPacket, never ACT"
"COGNITIVE_REINTEGRATION","cognition/component_specs/","F07_COGNITIVE","FILE_PLAN_ALL 354 COGNITIVE_REINTEGRATION component_specs/C372_minimal_agent_set.yaml cognition/component_specs/ C372_minimal_agent_set.yaml yaml P3_COGNITION_SPECS F07 0 0 0 0 1  NOT_FOUND_LOCAL DUPLICATE_SAFE CLEAN LOW KX108_ONLY; COGNITI","INTEGRATE_TO_COGNITIVE_ADVISORY_SPEC_CANDIDATE","COGNITIVE_REINTEGRATION_ADVISORY_ONLY","false","false","false","F07 audit/spec only; candidate for ContextPacket or PeripheralSignalPacket, never ACT"
"COGNITIVE_REINTEGRATION","cognition/component_specs/","F07_COGNITIVE","FILE_PLAN_ALL 355 COGNITIVE_REINTEGRATION component_specs/C229_symbolic_resonance_law.yaml cognition/component_specs/ C229_symbolic_resonance_law.yaml yaml P3_COGNITION_SPECS F07 0 0 0 0 1  NOT_FOUND_LOCAL DUPLICATE_SAFE CLEAN LOW KX108_ONL","INTEGRATE_TO_COGNITIVE_ADVISORY_SPEC_CANDIDATE","COGNITIVE_REINTEGRATION_ADVISORY_ONLY","false","false","false","F07 audit/spec only; candidate for ContextPacket or PeripheralSignalPacket, never ACT"
"COGNITIVE_REINTEGRATION","cognition/component_specs/","F07_COGNITIVE","FILE_PLAN_ALL 356 COGNITIVE_REINTEGRATION component_specs/C163_symbolic_adapter_layer.yaml cognition/component_specs/ C163_symbolic_adapter_layer.yaml yaml P3_COGNITION_SPECS F07 0 0 0 0 1  NOT_FOUND_LOCAL DUPLICATE_SAFE CLEAN LOW KX108_ONL","INTEGRATE_TO_COGNITIVE_ADVISORY_SPEC_CANDIDATE","COGNITIVE_REINTEGRATION_ADVISORY_ONLY","false","false","false","F07 audit/spec only; candidate for ContextPacket or PeripheralSignalPacket, never ACT"
"COGNITIVE_REINTEGRATION","cognition/component_specs/","F07_COGNITIVE","FILE_PLAN_ALL 357 COGNITIVE_REINTEGRATION component_specs/C190_style_direct.yaml cognition/component_specs/ C190_style_direct.yaml yaml P3_COGNITION_SPECS F07 0 0 0 0 1  NOT_FOUND_LOCAL DUPLICATE_SAFE CLEAN LOW KX108_ONLY; COGNITIVE_SIGNAL_","INTEGRATE_TO_COGNITIVE_ADVISORY_SPEC_CANDIDATE","COGNITIVE_REINTEGRATION_ADVISORY_ONLY","false","false","false","F07 audit/spec only; candidate for ContextPacket or PeripheralSignalPacket, never ACT"
"COGNITIVE_REINTEGRATION","cognition/component_specs/","F07_COGNITIVE","FILE_PLAN_ALL 358 COGNITIVE_REINTEGRATION component_specs/C292_agent_retirement_policy.yaml cognition/component_specs/ C292_agent_retirement_policy.yaml yaml P3_COGNITION_SPECS F07 0 0 0 0 1  NOT_FOUND_LOCAL DUPLICATE_SAFE CLEAN LOW KX108_O","INTEGRATE_TO_COGNITIVE_ADVISORY_SPEC_CANDIDATE","COGNITIVE_REINTEGRATION_ADVISORY_ONLY","false","false","false","F07 audit/spec only; candidate for ContextPacket or PeripheralSignalPacket, never ACT"
"COGNITIVE_REINTEGRATION","cognition/component_specs/","F07_COGNITIVE","FILE_PLAN_ALL 359 COGNITIVE_REINTEGRATION component_specs/C359_style_metamorphosis_engine.yaml cognition/component_specs/ C359_style_metamorphosis_engine.yaml yaml P3_COGNITION_SPECS F07 0 0 0 0 1  NOT_FOUND_LOCAL DUPLICATE_SAFE CLEAN LOW K","INTEGRATE_TO_COGNITIVE_ADVISORY_SPEC_CANDIDATE","COGNITIVE_REINTEGRATION_ADVISORY_ONLY","false","false","false","F07 audit/spec only; candidate for ContextPacket or PeripheralSignalPacket, never ACT"
"COGNITIVE_REINTEGRATION","cognition/component_specs/","F07_COGNITIVE","FILE_PLAN_ALL 360 COGNITIVE_REINTEGRATION component_specs/C414_mini_games_training_portal.yaml cognition/component_specs/ C414_mini_games_training_portal.yaml yaml P3_COGNITION_SPECS F07 0 0 0 0 1  NOT_FOUND_LOCAL DUPLICATE_SAFE CLEAN LOW K","INTEGRATE_TO_COGNITIVE_ADVISORY_SPEC_CANDIDATE","COGNITIVE_REINTEGRATION_ADVISORY_ONLY","false","false","false","F07 audit/spec only; candidate for ContextPacket or PeripheralSignalPacket, never ACT"
"COGNITIVE_REINTEGRATION","cognition/component_specs/","F07_COGNITIVE","FILE_PLAN_ALL 361 COGNITIVE_REINTEGRATION component_specs/C055_internal_internal_agents.yaml cognition/component_specs/ C055_internal_internal_agents.yaml yaml P3_COGNITION_SPECS F07 0 0 0 0 1  NOT_FOUND_LOCAL DUPLICATE_SAFE CLEAN LOW KX108","INTEGRATE_TO_COGNITIVE_ADVISORY_SPEC_CANDIDATE","COGNITIVE_REINTEGRATION_ADVISORY_ONLY","false","false","false","F07 audit/spec only; candidate for ContextPacket or PeripheralSignalPacket, never ACT"
"COGNITIVE_REINTEGRATION","cognition/component_specs/","F07_COGNITIVE","FILE_PLAN_ALL 362 COGNITIVE_REINTEGRATION component_specs/C049_resident_master_agents.yaml cognition/component_specs/ C049_resident_master_agents.yaml yaml P3_COGNITION_SPECS F07 0 0 0 0 1  NOT_FOUND_LOCAL DUPLICATE_SAFE CLEAN LOW KX108_ONL","INTEGRATE_TO_COGNITIVE_ADVISORY_SPEC_CANDIDATE","COGNITIVE_REINTEGRATION_ADVISORY_ONLY","false","false","false","F07 audit/spec only; candidate for ContextPacket or PeripheralSignalPacket, never ACT"
"COGNITIVE_REINTEGRATION","cognition/component_specs/","F07_COGNITIVE","FILE_PLAN_ALL 363 COGNITIVE_REINTEGRATION component_specs/C083_demographie_agent.yaml cognition/component_specs/ C083_demographie_agent.yaml yaml P3_COGNITION_SPECS F07 0 0 0 0 1  NOT_FOUND_LOCAL DUPLICATE_SAFE CLEAN LOW KX108_ONLY; COGNITI","INTEGRATE_TO_COGNITIVE_ADVISORY_SPEC_CANDIDATE","COGNITIVE_REINTEGRATION_ADVISORY_ONLY","false","false","false","F07 audit/spec only; candidate for ContextPacket or PeripheralSignalPacket, never ACT"
"COGNITIVE_REINTEGRATION","cognition/component_specs/","F07_COGNITIVE","FILE_PLAN_ALL 364 COGNITIVE_REINTEGRATION component_specs/C279_neural_topology_map.yaml cognition/component_specs/ C279_neural_topology_map.yaml yaml P3_COGNITION_SPECS F07 0 0 0 0 1  NOT_FOUND_LOCAL DUPLICATE_SAFE CLEAN LOW KX108_ONLY; COG","INTEGRATE_TO_COGNITIVE_ADVISORY_SPEC_CANDIDATE","COGNITIVE_REINTEGRATION_ADVISORY_ONLY","false","false","false","F07 audit/spec only; candidate for ContextPacket or PeripheralSignalPacket, never ACT"
"COGNITIVE_REINTEGRATION","cognition/component_specs/","F07_COGNITIVE","FILE_PLAN_ALL 365 COGNITIVE_REINTEGRATION component_specs/C320_user_architect_authority_profile.yaml cognition/component_specs/ C320_user_architect_authority_profile.yaml yaml P1_CONTRACTS F07 0 0 0 0 1  NOT_FOUND_LOCAL DUPLICATE_SAFE CLEAN","INTEGRATE_TO_COGNITIVE_ADVISORY_SPEC_CANDIDATE","COGNITIVE_REINTEGRATION_ADVISORY_ONLY","false","false","false","F07 audit/spec only; candidate for ContextPacket or PeripheralSignalPacket, never ACT"
"COGNITIVE_REINTEGRATION","cognition/component_specs/","F07_COGNITIVE","FILE_PLAN_ALL 366 COGNITIVE_REINTEGRATION component_specs/C114_external_signal_classifier.yaml cognition/component_specs/ C114_external_signal_classifier.yaml yaml P3_COGNITION_SPECS F07 0 0 0 0 1  NOT_FOUND_LOCAL DUPLICATE_SAFE CLEAN LOW K","INTEGRATE_TO_COGNITIVE_ADVISORY_SPEC_CANDIDATE","COGNITIVE_REINTEGRATION_ADVISORY_ONLY","false","false","false","F07 audit/spec only; candidate for ContextPacket or PeripheralSignalPacket, never ACT"
"COGNITIVE_REINTEGRATION","cognition/component_specs/","F07_COGNITIVE","FILE_PLAN_ALL 367 COGNITIVE_REINTEGRATION component_specs/C182_lexical_output_generator.yaml cognition/component_specs/ C182_lexical_output_generator.yaml yaml P3_COGNITION_SPECS F07 0 0 0 0 1  NOT_FOUND_LOCAL DUPLICATE_SAFE CLEAN LOW KX108","INTEGRATE_TO_COGNITIVE_ADVISORY_SPEC_CANDIDATE","COGNITIVE_REINTEGRATION_ADVISORY_ONLY","false","false","false","F07 audit/spec only; candidate for ContextPacket or PeripheralSignalPacket, never ACT"
"COGNITIVE_REINTEGRATION","cognition/component_specs/","F07_COGNITIVE","FILE_PLAN_ALL 368 COGNITIVE_REINTEGRATION component_specs/C426_effect_receipt_emitter.yaml cognition/component_specs/ C426_effect_receipt_emitter.yaml yaml P3_COGNITION_SPECS F07 0 0 0 0 1  NOT_FOUND_LOCAL DUPLICATE_SAFE CLEAN LOW KX108_ONL","INTEGRATE_TO_COGNITIVE_ADVISORY_SPEC_CANDIDATE","COGNITIVE_REINTEGRATION_ADVISORY_ONLY","false","false","false","F07 audit/spec only; candidate for ContextPacket or PeripheralSignalPacket, never ACT"
"COGNITIVE_REINTEGRATION","cognition/component_specs/","F07_COGNITIVE","FILE_PLAN_ALL 369 COGNITIVE_REINTEGRATION component_specs/C355_micro_agent_trace.yaml cognition/component_specs/ C355_micro_agent_trace.yaml yaml P3_COGNITION_SPECS F07 0 0 0 0 1  NOT_FOUND_LOCAL DUPLICATE_SAFE CLEAN LOW KX108_ONLY; COGNITI","INTEGRATE_TO_COGNITIVE_ADVISORY_SPEC_CANDIDATE","COGNITIVE_REINTEGRATION_ADVISORY_ONLY","false","false","false","F07 audit/spec only; candidate for ContextPacket or PeripheralSignalPacket, never ACT"
"COGNITIVE_REINTEGRATION","cognition/component_specs/","F07_COGNITIVE","FILE_PLAN_ALL 370 COGNITIVE_REINTEGRATION component_specs/C127_portal_activation_controller.yaml cognition/component_specs/ C127_portal_activation_controller.yaml yaml P3_COGNITION_SPECS F07 0 0 0 0 1  NOT_FOUND_LOCAL DUPLICATE_SAFE CLEAN L","INTEGRATE_TO_COGNITIVE_ADVISORY_SPEC_CANDIDATE","COGNITIVE_REINTEGRATION_ADVISORY_ONLY","false","false","false","F07 audit/spec only; candidate for ContextPacket or PeripheralSignalPacket, never ACT"
"COGNITIVE_REINTEGRATION","cognition/component_specs/","F07_COGNITIVE","FILE_PLAN_ALL 371 COGNITIVE_REINTEGRATION component_specs/C205_auto_reevaluation_engine.yaml cognition/component_specs/ C205_auto_reevaluation_engine.yaml yaml P3_COGNITION_SPECS F07 0 0 0 0 1  NOT_FOUND_LOCAL DUPLICATE_SAFE CLEAN LOW KX108","INTEGRATE_TO_COGNITIVE_ADVISORY_SPEC_CANDIDATE","COGNITIVE_REINTEGRATION_ADVISORY_ONLY","false","false","false","F07 audit/spec only; candidate for ContextPacket or PeripheralSignalPacket, never ACT"
"COGNITIVE_REINTEGRATION","cognition/component_specs/","F07_COGNITIVE","FILE_PLAN_ALL 372 COGNITIVE_REINTEGRATION component_specs/C437_forbidden_tokens_guard.yaml cognition/component_specs/ C437_forbidden_tokens_guard.yaml yaml P3_COGNITION_SPECS F07 0 0 0 0 1  NOT_FOUND_LOCAL DUPLICATE_SAFE CLEAN LOW KX108_ONL","INTEGRATE_TO_COGNITIVE_ADVISORY_SPEC_CANDIDATE","COGNITIVE_REINTEGRATION_ADVISORY_ONLY","false","false","false","F07 audit/spec only; candidate for ContextPacket or PeripheralSignalPacket, never ACT"
"COGNITIVE_REINTEGRATION","cognition/component_specs/","F07_COGNITIVE","FILE_PLAN_ALL 373 COGNITIVE_REINTEGRATION component_specs/C325_user_intent_parser.yaml cognition/component_specs/ C325_user_intent_parser.yaml yaml P3_COGNITION_SPECS F07 0 0 0 0 1  NOT_FOUND_LOCAL DUPLICATE_SAFE CLEAN LOW KX108_ONLY; COGNI","INTEGRATE_TO_COGNITIVE_ADVISORY_SPEC_CANDIDATE","COGNITIVE_REINTEGRATION_ADVISORY_ONLY","false","false","false","F07 audit/spec only; candidate for ContextPacket or PeripheralSignalPacket, never ACT"
"COGNITIVE_REINTEGRATION","cognition/component_specs/","F07_COGNITIVE","FILE_PLAN_ALL 374 COGNITIVE_REINTEGRATION component_specs/C183_prompt_output_adapter.yaml cognition/component_specs/ C183_prompt_output_adapter.yaml yaml P3_COGNITION_SPECS F07 0 0 0 0 1  NOT_FOUND_LOCAL DUPLICATE_SAFE CLEAN LOW KX108_ONLY;","INTEGRATE_TO_COGNITIVE_ADVISORY_SPEC_CANDIDATE","COGNITIVE_REINTEGRATION_ADVISORY_ONLY","false","false","false","F07 audit/spec only; candidate for ContextPacket or PeripheralSignalPacket, never ACT"
"COGNITIVE_REINTEGRATION","cognition/component_specs/","F07_COGNITIVE","FILE_PLAN_ALL 375 COGNITIVE_REINTEGRATION component_specs/C126_portal_trigger_matcher.yaml cognition/component_specs/ C126_portal_trigger_matcher.yaml yaml P3_COGNITION_SPECS F07 0 0 0 0 1  NOT_FOUND_LOCAL DUPLICATE_SAFE CLEAN LOW KX108_ONL","INTEGRATE_TO_COGNITIVE_ADVISORY_SPEC_CANDIDATE","COGNITIVE_REINTEGRATION_ADVISORY_ONLY","false","false","false","F07 audit/spec only; candidate for ContextPacket or PeripheralSignalPacket, never ACT"
"COGNITIVE_REINTEGRATION","cognition/component_specs/","F07_COGNITIVE","FILE_PLAN_ALL 376 COGNITIVE_REINTEGRATION component_specs/C210_reflective_symbolic_block.yaml cognition/component_specs/ C210_reflective_symbolic_block.yaml yaml P3_COGNITION_SPECS F07 0 0 0 0 1  NOT_FOUND_LOCAL DUPLICATE_SAFE CLEAN LOW KX1","INTEGRATE_TO_COGNITIVE_ADVISORY_SPEC_CANDIDATE","COGNITIVE_REINTEGRATION_ADVISORY_ONLY","false","false","false","F07 audit/spec only; candidate for ContextPacket or PeripheralSignalPacket, never ACT"
"COGNITIVE_REINTEGRATION","cognition/component_specs/","F07_COGNITIVE","FILE_PLAN_ALL 377 COGNITIVE_REINTEGRATION component_specs/C211_tokenized_diffusion_learning.yaml cognition/component_specs/ C211_tokenized_diffusion_learning.yaml yaml P3_COGNITION_SPECS F07 0 0 0 0 1  NOT_FOUND_LOCAL DUPLICATE_SAFE CLEAN L","INTEGRATE_TO_COGNITIVE_ADVISORY_SPEC_CANDIDATE","COGNITIVE_REINTEGRATION_ADVISORY_ONLY","false","false","false","F07 audit/spec only; candidate for ContextPacket or PeripheralSignalPacket, never ACT"
"COGNITIVE_REINTEGRATION","cognition/component_specs/","F07_COGNITIVE","FILE_PLAN_ALL 378 COGNITIVE_REINTEGRATION component_specs/C317_mission_alignment_check.yaml cognition/component_specs/ C317_mission_alignment_check.yaml yaml P3_COGNITION_SPECS F07 0 0 0 0 1  NOT_FOUND_LOCAL DUPLICATE_SAFE CLEAN LOW KX108_O","INTEGRATE_TO_COGNITIVE_ADVISORY_SPEC_CANDIDATE","COGNITIVE_REINTEGRATION_ADVISORY_ONLY","false","false","false","F07 audit/spec only; candidate for ContextPacket or PeripheralSignalPacket, never ACT"
"COGNITIVE_REINTEGRATION","cognition/component_specs/","F07_COGNITIVE","FILE_PLAN_ALL 379 COGNITIVE_REINTEGRATION component_specs/C120_image_symbol_parser.yaml cognition/component_specs/ C120_image_symbol_parser.yaml yaml P3_COGNITION_SPECS F07 0 0 0 0 1  NOT_FOUND_LOCAL DUPLICATE_SAFE CLEAN LOW KX108_ONLY; COG","INTEGRATE_TO_COGNITIVE_ADVISORY_SPEC_CANDIDATE","COGNITIVE_REINTEGRATION_ADVISORY_ONLY","false","false","false","F07 audit/spec only; candidate for ContextPacket or PeripheralSignalPacket, never ACT"
"COGNITIVE_REINTEGRATION","cognition/component_specs/","F07_COGNITIVE","FILE_PLAN_ALL 380 COGNITIVE_REINTEGRATION component_specs/C148_cognitive_arbitration_loop.yaml cognition/component_specs/ C148_cognitive_arbitration_loop.yaml yaml P3_COGNITION_SPECS F07 0 0 0 0 1  NOT_FOUND_LOCAL DUPLICATE_SAFE CLEAN LOW K","INTEGRATE_TO_COGNITIVE_ADVISORY_SPEC_CANDIDATE","COGNITIVE_REINTEGRATION_ADVISORY_ONLY","false","false","false","F07 audit/spec only; candidate for ContextPacket or PeripheralSignalPacket, never ACT"
"COGNITIVE_REINTEGRATION","cognition/component_specs/","F07_COGNITIVE","FILE_PLAN_ALL 381 COGNITIVE_REINTEGRATION component_specs/C185_audience_alignment_filter.yaml cognition/component_specs/ C185_audience_alignment_filter.yaml yaml P3_COGNITION_SPECS F07 0 0 0 0 1  NOT_FOUND_LOCAL DUPLICATE_SAFE CLEAN LOW KX1","INTEGRATE_TO_COGNITIVE_ADVISORY_SPEC_CANDIDATE","COGNITIVE_REINTEGRATION_ADVISORY_ONLY","false","false","false","F07 audit/spec only; candidate for ContextPacket or PeripheralSignalPacket, never ACT"
"COGNITIVE_REINTEGRATION","cognition/component_specs/","F07_COGNITIVE","FILE_PLAN_ALL 382 COGNITIVE_REINTEGRATION component_specs/C106_pattern_intuition_extractor.yaml cognition/component_specs/ C106_pattern_intuition_extractor.yaml yaml P3_COGNITION_SPECS F07 0 0 0 0 1  NOT_FOUND_LOCAL DUPLICATE_SAFE CLEAN LOW","INTEGRATE_TO_COGNITIVE_ADVISORY_SPEC_CANDIDATE","COGNITIVE_REINTEGRATION_ADVISORY_ONLY","false","false","false","F07 audit/spec only; candidate for ContextPacket or PeripheralSignalPacket, never ACT"
"COGNITIVE_REINTEGRATION","cognition/component_specs/","F07_COGNITIVE","FILE_PLAN_ALL 383 COGNITIVE_REINTEGRATION component_specs/C285_module_dependency_graph.yaml cognition/component_specs/ C285_module_dependency_graph.yaml yaml P3_COGNITION_SPECS F07 0 0 0 0 1  NOT_FOUND_LOCAL DUPLICATE_SAFE CLEAN LOW KX108_O","INTEGRATE_TO_COGNITIVE_ADVISORY_SPEC_CANDIDATE","COGNITIVE_REINTEGRATION_ADVISORY_ONLY","false","false","false","F07 audit/spec only; candidate for ContextPacket or PeripheralSignalPacket, never ACT"
"COGNITIVE_REINTEGRATION","cognition/component_specs/","F07_COGNITIVE","FILE_PLAN_ALL 384 COGNITIVE_REINTEGRATION component_specs/C094_agent_general_bimodular_brain.yaml cognition/component_specs/ C094_agent_general_bimodular_brain.yaml yaml P3_COGNITION_SPECS F07 0 0 0 0 1  NOT_FOUND_LOCAL DUPLICATE_SAFE CLEAN","INTEGRATE_TO_COGNITIVE_ADVISORY_SPEC_CANDIDATE","COGNITIVE_REINTEGRATION_ADVISORY_ONLY","false","false","false","F07 audit/spec only; candidate for ContextPacket or PeripheralSignalPacket, never ACT"
"COGNITIVE_REINTEGRATION","cognition/component_specs/","F07_COGNITIVE","FILE_PLAN_ALL 385 COGNITIVE_REINTEGRATION component_specs/C037_reasoning_saturation_detector.yaml cognition/component_specs/ C037_reasoning_saturation_detector.yaml yaml P3_COGNITION_SPECS F07 0 0 0 0 1  NOT_FOUND_LOCAL DUPLICATE_SAFE CLEAN","INTEGRATE_TO_COGNITIVE_ADVISORY_SPEC_CANDIDATE","COGNITIVE_REINTEGRATION_ADVISORY_ONLY","false","false","false","F07 audit/spec only; candidate for ContextPacket or PeripheralSignalPacket, never ACT"
"COGNITIVE_REINTEGRATION","cognition/component_specs/","F07_COGNITIVE","FILE_PLAN_ALL 386 COGNITIVE_REINTEGRATION component_specs/C363_symbolic_translation_layer.yaml cognition/component_specs/ C363_symbolic_translation_layer.yaml yaml P3_COGNITION_SPECS F07 0 0 0 0 1  NOT_FOUND_LOCAL DUPLICATE_SAFE CLEAN LOW K","INTEGRATE_TO_COGNITIVE_ADVISORY_SPEC_CANDIDATE","COGNITIVE_REINTEGRATION_ADVISORY_ONLY","false","false","false","F07 audit/spec only; candidate for ContextPacket or PeripheralSignalPacket, never ACT"
"COGNITIVE_REINTEGRATION","cognition/component_specs/","F07_COGNITIVE","FILE_PLAN_ALL 387 COGNITIVE_REINTEGRATION component_specs/C287_activation_heatmap.yaml cognition/component_specs/ C287_activation_heatmap.yaml yaml P3_COGNITION_SPECS F07 0 0 0 0 1  NOT_FOUND_LOCAL DUPLICATE_SAFE CLEAN LOW KX108_ONLY; COGNI","INTEGRATE_TO_COGNITIVE_ADVISORY_SPEC_CANDIDATE","COGNITIVE_REINTEGRATION_ADVISORY_ONLY","false","false","false","F07 audit/spec only; candidate for ContextPacket or PeripheralSignalPacket, never ACT"
"COGNITIVE_REINTEGRATION","cognition/component_specs/","F07_COGNITIVE","FILE_PLAN_ALL 388 COGNITIVE_REINTEGRATION component_specs/C179_verbal_structure_engine.yaml cognition/component_specs/ C179_verbal_structure_engine.yaml yaml P3_COGNITION_SPECS F07 0 0 0 0 1  NOT_FOUND_LOCAL DUPLICATE_SAFE CLEAN LOW KX108_O","INTEGRATE_TO_COGNITIVE_ADVISORY_SPEC_CANDIDATE","COGNITIVE_REINTEGRATION_ADVISORY_ONLY","false","false","false","F07 audit/spec only; candidate for ContextPacket or PeripheralSignalPacket, never ACT"
"COGNITIVE_REINTEGRATION","cognition/component_specs/","F07_COGNITIVE","FILE_PLAN_ALL 389 COGNITIVE_REINTEGRATION component_specs/C172_simulation_output_route.yaml cognition/component_specs/ C172_simulation_output_route.yaml yaml P3_COGNITION_SPECS F07 0 0 0 0 1  NOT_FOUND_LOCAL DUPLICATE_SAFE CLEAN LOW KX108_O","INTEGRATE_TO_COGNITIVE_ADVISORY_SPEC_CANDIDATE","COGNITIVE_REINTEGRATION_ADVISORY_ONLY","false","false","false","F07 audit/spec only; candidate for ContextPacket or PeripheralSignalPacket, never ACT"
"COGNITIVE_REINTEGRATION","cognition/component_specs/","F07_COGNITIVE","FILE_PLAN_ALL 390 COGNITIVE_REINTEGRATION component_specs/C453_executable_standing_status.yaml cognition/component_specs/ C453_executable_standing_status.yaml yaml P3_COGNITION_SPECS F07 0 0 0 0 1  NOT_FOUND_LOCAL DUPLICATE_SAFE CLEAN LOW K","INTEGRATE_TO_COGNITIVE_ADVISORY_SPEC_CANDIDATE","COGNITIVE_REINTEGRATION_ADVISORY_ONLY","false","false","false","F07 audit/spec only; candidate for ContextPacket or PeripheralSignalPacket, never ACT"
"COGNITIVE_REINTEGRATION","cognition/component_specs/","F07_COGNITIVE","FILE_PLAN_ALL 391 COGNITIVE_REINTEGRATION component_specs/C370_ERA_output_crystal_emitter.yaml cognition/component_specs/ C370_ERA_output_crystal_emitter.yaml yaml P3_COGNITION_SPECS F07 0 0 0 0 1  NOT_FOUND_LOCAL DUPLICATE_SAFE CLEAN LOW K","INTEGRATE_TO_COGNITIVE_ADVISORY_SPEC_CANDIDATE","COGNITIVE_REINTEGRATION_ADVISORY_ONLY","false","false","false","F07 audit/spec only; candidate for ContextPacket or PeripheralSignalPacket, never ACT"
"COGNITIVE_REINTEGRATION","cognition/component_specs/","F07_COGNITIVE","FILE_PLAN_ALL 392 COGNITIVE_REINTEGRATION component_specs/C110_symbolic_perception_router.yaml cognition/component_specs/ C110_symbolic_perception_router.yaml yaml P3_COGNITION_SPECS F07 0 0 0 0 1  NOT_FOUND_LOCAL DUPLICATE_SAFE CLEAN LOW K","INTEGRATE_TO_COGNITIVE_ADVISORY_SPEC_CANDIDATE","COGNITIVE_REINTEGRATION_ADVISORY_ONLY","false","false","false","F07 audit/spec only; candidate for ContextPacket or PeripheralSignalPacket, never ACT"
"COGNITIVE_REINTEGRATION","cognition/component_specs/","F07_COGNITIVE","FILE_PLAN_ALL 393 COGNITIVE_REINTEGRATION component_specs/C149_revision_loop.yaml cognition/component_specs/ C149_revision_loop.yaml yaml P3_COGNITION_SPECS F07 0 0 0 0 1  NOT_FOUND_LOCAL DUPLICATE_SAFE CLEAN LOW KX108_ONLY; COGNITIVE_SIGNA","INTEGRATE_TO_COGNITIVE_ADVISORY_SPEC_CANDIDATE","COGNITIVE_REINTEGRATION_ADVISORY_ONLY","false","false","false","F07 audit/spec only; candidate for ContextPacket or PeripheralSignalPacket, never ACT"
"COGNITIVE_REINTEGRATION","cognition/component_specs/","F07_COGNITIVE","FILE_PLAN_ALL 394 COGNITIVE_REINTEGRATION component_specs/C222_cognitive_filters_law.yaml cognition/component_specs/ C222_cognitive_filters_law.yaml yaml P3_COGNITION_SPECS F07 0 0 0 0 1  NOT_FOUND_LOCAL DUPLICATE_SAFE CLEAN LOW KX108_ONLY;","INTEGRATE_TO_COGNITIVE_ADVISORY_SPEC_CANDIDATE","COGNITIVE_REINTEGRATION_ADVISORY_ONLY","false","false","false","F07 audit/spec only; candidate for ContextPacket or PeripheralSignalPacket, never ACT"
"COGNITIVE_REINTEGRATION","cognition/component_specs/","F07_COGNITIVE","FILE_PLAN_ALL 395 COGNITIVE_REINTEGRATION component_specs/C071_detecteur_friction_dissonance.yaml cognition/component_specs/ C071_detecteur_friction_dissonance.yaml yaml P3_COGNITION_SPECS F07 0 0 0 0 1  NOT_FOUND_LOCAL DUPLICATE_SAFE CLEAN","INTEGRATE_TO_COGNITIVE_ADVISORY_SPEC_CANDIDATE","COGNITIVE_REINTEGRATION_ADVISORY_ONLY","false","false","false","F07 audit/spec only; candidate for ContextPacket or PeripheralSignalPacket, never ACT"
"COGNITIVE_REINTEGRATION","cognition/component_specs/","F07_COGNITIVE","FILE_PLAN_ALL 396 COGNITIVE_REINTEGRATION component_specs/C316_user_intent_alignment_check.yaml cognition/component_specs/ C316_user_intent_alignment_check.yaml yaml P3_COGNITION_SPECS F07 0 0 0 0 1  NOT_FOUND_LOCAL DUPLICATE_SAFE CLEAN LOW","INTEGRATE_TO_COGNITIVE_ADVISORY_SPEC_CANDIDATE","COGNITIVE_REINTEGRATION_ADVISORY_ONLY","false","false","false","F07 audit/spec only; candidate for ContextPacket or PeripheralSignalPacket, never ACT"
"COGNITIVE_REINTEGRATION","cognition/component_specs/","F07_COGNITIVE","FILE_PLAN_ALL 397 COGNITIVE_REINTEGRATION component_specs/C369_ERA_filter_weak_hypotheses.yaml cognition/component_specs/ C369_ERA_filter_weak_hypotheses.yaml yaml P3_COGNITION_SPECS F07 0 0 0 0 1  NOT_FOUND_LOCAL DUPLICATE_SAFE CLEAN LOW K","INTEGRATE_TO_COGNITIVE_ADVISORY_SPEC_CANDIDATE","COGNITIVE_REINTEGRATION_ADVISORY_ONLY","false","false","false","F07 audit/spec only; candidate for ContextPacket or PeripheralSignalPacket, never ACT"
"COGNITIVE_REINTEGRATION","cognition/component_specs/","F07_COGNITIVE","FILE_PLAN_ALL 398 COGNITIVE_REINTEGRATION component_specs/C171_user_output_route.yaml cognition/component_specs/ C171_user_output_route.yaml yaml P3_COGNITION_SPECS F07 0 0 0 0 1  NOT_FOUND_LOCAL DUPLICATE_SAFE CLEAN LOW KX108_ONLY; COGNITI","INTEGRATE_TO_COGNITIVE_ADVISORY_SPEC_CANDIDATE","COGNITIVE_REINTEGRATION_ADVISORY_ONLY","false","false","false","F07 audit/spec only; candidate for ContextPacket or PeripheralSignalPacket, never ACT"
"COGNITIVE_REINTEGRATION","cognition/component_specs/","F07_COGNITIVE","FILE_PLAN_ALL 399 COGNITIVE_REINTEGRATION component_specs/C371_cortexlight_runtime.yaml cognition/component_specs/ C371_cortexlight_runtime.yaml yaml P3_COGNITION_SPECS F07 0 0 0 0 1  NOT_FOUND_LOCAL DUPLICATE_SAFE CLEAN LOW KX108_ONLY; COG","INTEGRATE_TO_COGNITIVE_ADVISORY_SPEC_CANDIDATE","COGNITIVE_REINTEGRATION_ADVISORY_ONLY","false","false","false","F07 audit/spec only; candidate for ContextPacket or PeripheralSignalPacket, never ACT"
"COGNITIVE_REINTEGRATION","cognition/component_specs/","F07_COGNITIVE","FILE_PLAN_ALL 400 COGNITIVE_REINTEGRATION component_specs/C115_perception_trace.yaml cognition/component_specs/ C115_perception_trace.yaml yaml P3_COGNITION_SPECS F07 0 0 0 0 1  NOT_FOUND_LOCAL DUPLICATE_SAFE CLEAN LOW KX108_ONLY; COGNITIVE","INTEGRATE_TO_COGNITIVE_ADVISORY_SPEC_CANDIDATE","COGNITIVE_REINTEGRATION_ADVISORY_ONLY","false","false","false","F07 audit/spec only; candidate for ContextPacket or PeripheralSignalPacket, never ACT"
"COGNITIVE_REINTEGRATION","cognition/component_specs/","F07_COGNITIVE","FILE_PLAN_ALL 401 COGNITIVE_REINTEGRATION component_specs/C441_no_ACT_before_tau_guard.yaml cognition/component_specs/ C441_no_ACT_before_tau_guard.yaml yaml P3_COGNITION_SPECS F07 0 0 0 0 1  NOT_FOUND_LOCAL DUPLICATE_SAFE CLEAN LOW KX108_O","INTEGRATE_TO_COGNITIVE_ADVISORY_SPEC_CANDIDATE","COGNITIVE_REINTEGRATION_ADVISORY_ONLY","false","false","false","F07 audit/spec only; candidate for ContextPacket or PeripheralSignalPacket, never ACT"
"COGNITIVE_REINTEGRATION","cognition/component_specs/","F07_COGNITIVE","FILE_PLAN_ALL 402 COGNITIVE_REINTEGRATION component_specs/C446_replay_pointer.yaml cognition/component_specs/ C446_replay_pointer.yaml yaml P3_COGNITION_SPECS F07 0 0 0 0 1  NOT_FOUND_LOCAL DUPLICATE_SAFE CLEAN LOW KX108_ONLY; COGNITIVE_SIG","INTEGRATE_TO_COGNITIVE_ADVISORY_SPEC_CANDIDATE","COGNITIVE_REINTEGRATION_ADVISORY_ONLY","false","false","false","F07 audit/spec only; candidate for ContextPacket or PeripheralSignalPacket, never ACT"
"COGNITIVE_REINTEGRATION","cognition/component_specs/","F07_COGNITIVE","FILE_PLAN_ALL 403 COGNITIVE_REINTEGRATION component_specs/C319_architect_agent_interface.yaml cognition/component_specs/ C319_architect_agent_interface.yaml yaml P3_COGNITION_SPECS F07 0 0 0 0 1  NOT_FOUND_LOCAL DUPLICATE_SAFE CLEAN LOW KX1","INTEGRATE_TO_COGNITIVE_ADVISORY_SPEC_CANDIDATE","COGNITIVE_REINTEGRATION_ADVISORY_ONLY","false","false","false","F07 audit/spec only; candidate for ContextPacket or PeripheralSignalPacket, never ACT"
"COGNITIVE_REINTEGRATION","cognition/component_specs/","F07_COGNITIVE","FILE_PLAN_ALL 404 COGNITIVE_REINTEGRATION component_specs/C275_calibration_before_response.yaml cognition/component_specs/ C275_calibration_before_response.yaml yaml P3_COGNITION_SPECS F07 0 0 0 0 1  NOT_FOUND_LOCAL DUPLICATE_SAFE CLEAN LOW","INTEGRATE_TO_COGNITIVE_ADVISORY_SPEC_CANDIDATE","COGNITIVE_REINTEGRATION_ADVISORY_ONLY","false","false","false","F07 audit/spec only; candidate for ContextPacket or PeripheralSignalPacket, never ACT"
"COGNITIVE_REINTEGRATION","cognition/component_specs/","F07_COGNITIVE","FILE_PLAN_ALL 405 COGNITIVE_REINTEGRATION component_specs/C045_agent_capability_map.yaml cognition/component_specs/ C045_agent_capability_map.yaml yaml P3_COGNITION_SPECS F07 0 0 0 0 1  NOT_FOUND_LOCAL DUPLICATE_SAFE CLEAN LOW KX108_ONLY; C","INTEGRATE_TO_COGNITIVE_ADVISORY_SPEC_CANDIDATE","COGNITIVE_REINTEGRATION_ADVISORY_ONLY","false","false","false","F07 audit/spec only; candidate for ContextPacket or PeripheralSignalPacket, never ACT"
"COGNITIVE_REINTEGRATION","cognition/component_specs/","F07_COGNITIVE","FILE_PLAN_ALL 406 COGNITIVE_REINTEGRATION component_specs/C442_irreversibility_boundary.yaml cognition/component_specs/ C442_irreversibility_boundary.yaml yaml P1_CONTRACTS F07 0 0 0 0 1  NOT_FOUND_LOCAL DUPLICATE_SAFE CLEAN LOW KX108_ONLY;","INTEGRATE_TO_COGNITIVE_ADVISORY_SPEC_CANDIDATE","COGNITIVE_REINTEGRATION_ADVISORY_ONLY","false","false","false","F07 audit/spec only; candidate for ContextPacket or PeripheralSignalPacket, never ACT"
"COGNITIVE_REINTEGRATION","cognition/component_specs/","F07_COGNITIVE","FILE_PLAN_ALL 407 COGNITIVE_REINTEGRATION component_specs/C173_network_publication_candidate_route.yaml cognition/component_specs/ C173_network_publication_candidate_route.yaml yaml P3_COGNITION_SPECS F07 0 0 0 0 1  NOT_FOUND_LOCAL DUPLICAT","INTEGRATE_TO_COGNITIVE_ADVISORY_SPEC_CANDIDATE","COGNITIVE_REINTEGRATION_ADVISORY_ONLY","false","false","false","F07 audit/spec only; candidate for ContextPacket or PeripheralSignalPacket, never ACT"
"COGNITIVE_REINTEGRATION","cognition/component_specs/","F07_COGNITIVE","FILE_PLAN_ALL 408 COGNITIVE_REINTEGRATION component_specs/C417_domain_observation_agent.yaml cognition/component_specs/ C417_domain_observation_agent.yaml yaml P3_COGNITION_SPECS F07 0 0 0 0 1  NOT_FOUND_LOCAL DUPLICATE_SAFE CLEAN LOW KX108","INTEGRATE_TO_COGNITIVE_ADVISORY_SPEC_CANDIDATE","COGNITIVE_REINTEGRATION_ADVISORY_ONLY","false","false","false","F07 audit/spec only; candidate for ContextPacket or PeripheralSignalPacket, never ACT"
"COGNITIVE_REINTEGRATION","cognition/component_specs/","F07_COGNITIVE","FILE_PLAN_ALL 409 COGNITIVE_REINTEGRATION component_specs/C038_reasoning_impasse_detector.yaml cognition/component_specs/ C038_reasoning_impasse_detector.yaml yaml P3_COGNITION_SPECS F07 0 0 0 0 1  NOT_FOUND_LOCAL DUPLICATE_SAFE CLEAN LOW K","INTEGRATE_TO_COGNITIVE_ADVISORY_SPEC_CANDIDATE","COGNITIVE_REINTEGRATION_ADVISORY_ONLY","false","false","false","F07 audit/spec only; candidate for ContextPacket or PeripheralSignalPacket, never ACT"
"COGNITIVE_REINTEGRATION","cognition/component_specs/","F07_COGNITIVE","FILE_PLAN_ALL 410 COGNITIVE_REINTEGRATION component_specs/C128_portal_unlock_policy.yaml cognition/component_specs/ C128_portal_unlock_policy.yaml yaml P3_COGNITION_SPECS F07 0 0 0 0 1  NOT_FOUND_LOCAL DUPLICATE_SAFE CLEAN LOW KX108_ONLY; C","INTEGRATE_TO_COGNITIVE_ADVISORY_SPEC_CANDIDATE","COGNITIVE_REINTEGRATION_ADVISORY_ONLY","false","false","false","F07 audit/spec only; candidate for ContextPacket or PeripheralSignalPacket, never ACT"
"COGNITIVE_REINTEGRATION","cognition/component_specs/","F07_COGNITIVE","FILE_PLAN_ALL 411 COGNITIVE_REINTEGRATION component_specs/C156_recadrage_trigger.yaml cognition/component_specs/ C156_recadrage_trigger.yaml yaml P3_COGNITION_SPECS F07 0 0 0 0 1  NOT_FOUND_LOCAL DUPLICATE_SAFE CLEAN LOW KX108_ONLY; COGNITI","INTEGRATE_TO_COGNITIVE_ADVISORY_SPEC_CANDIDATE","COGNITIVE_REINTEGRATION_ADVISORY_ONLY","false","false","false","F07 audit/spec only; candidate for ContextPacket or PeripheralSignalPacket, never ACT"
"COGNITIVE_REINTEGRATION","cognition/component_specs/","F07_COGNITIVE","FILE_PLAN_ALL 412 COGNITIVE_REINTEGRATION component_specs/C090_terraformeur.yaml cognition/component_specs/ C090_terraformeur.yaml yaml P3_COGNITION_SPECS F07 0 0 0 0 1  NOT_FOUND_LOCAL DUPLICATE_SAFE CLEAN LOW KX108_ONLY; COGNITIVE_SIGNAL_","INTEGRATE_TO_COGNITIVE_ADVISORY_SPEC_CANDIDATE","COGNITIVE_REINTEGRATION_ADVISORY_ONLY","false","false","false","F07 audit/spec only; candidate for ContextPacket or PeripheralSignalPacket, never ACT"
"COGNITIVE_REINTEGRATION","cognition/component_specs/","F07_COGNITIVE","FILE_PLAN_ALL 413 COGNITIVE_REINTEGRATION component_specs/C162_output_filter_stack.yaml cognition/component_specs/ C162_output_filter_stack.yaml yaml P3_COGNITION_SPECS F07 0 0 0 0 1  NOT_FOUND_LOCAL DUPLICATE_SAFE CLEAN LOW KX108_ONLY; COG","INTEGRATE_TO_COGNITIVE_ADVISORY_SPEC_CANDIDATE","COGNITIVE_REINTEGRATION_ADVISORY_ONLY","false","false","false","F07 audit/spec only; candidate for ContextPacket or PeripheralSignalPacket, never ACT"
"COGNITIVE_REINTEGRATION","cognition/component_specs/","F07_COGNITIVE","FILE_PLAN_ALL 414 COGNITIVE_REINTEGRATION component_specs/C315_alignment_trace.yaml cognition/component_specs/ C315_alignment_trace.yaml yaml P3_COGNITION_SPECS F07 0 0 0 0 1  NOT_FOUND_LOCAL DUPLICATE_SAFE CLEAN LOW KX108_ONLY; COGNITIVE_S","INTEGRATE_TO_COGNITIVE_ADVISORY_SPEC_CANDIDATE","COGNITIVE_REINTEGRATION_ADVISORY_ONLY","false","false","false","F07 audit/spec only; candidate for ContextPacket or PeripheralSignalPacket, never ACT"
"COGNITIVE_REINTEGRATION","cognition/component_specs/","F07_COGNITIVE","FILE_PLAN_ALL 415 COGNITIVE_REINTEGRATION component_specs/C181_narrative_filter_stack.yaml cognition/component_specs/ C181_narrative_filter_stack.yaml yaml P3_COGNITION_SPECS F07 0 0 0 0 1  NOT_FOUND_LOCAL DUPLICATE_SAFE CLEAN LOW KX108_ONL","INTEGRATE_TO_COGNITIVE_ADVISORY_SPEC_CANDIDATE","COGNITIVE_REINTEGRATION_ADVISORY_ONLY","false","false","false","F07 audit/spec only; candidate for ContextPacket or PeripheralSignalPacket, never ACT"
"COGNITIVE_REINTEGRATION","cognition/component_specs/","F07_COGNITIVE","FILE_PLAN_ALL 416 COGNITIVE_REINTEGRATION component_specs/C384_diffusive_brain_mode.yaml cognition/component_specs/ C384_diffusive_brain_mode.yaml yaml P3_COGNITION_SPECS F07 0 0 0 0 1  NOT_FOUND_LOCAL DUPLICATE_SAFE CLEAN LOW KX108_ONLY; C","INTEGRATE_TO_COGNITIVE_ADVISORY_SPEC_CANDIDATE","COGNITIVE_REINTEGRATION_ADVISORY_ONLY","false","false","false","F07 audit/spec only; candidate for ContextPacket or PeripheralSignalPacket, never ACT"
"COGNITIVE_REINTEGRATION","cognition/component_specs/","F07_COGNITIVE","FILE_PLAN_ALL 417 COGNITIVE_REINTEGRATION component_specs/C157_pause_cognitive_controller.yaml cognition/component_specs/ C157_pause_cognitive_controller.yaml yaml P3_COGNITION_SPECS F07 0 0 0 0 1  NOT_FOUND_LOCAL DUPLICATE_SAFE CLEAN LOW K","INTEGRATE_TO_COGNITIVE_ADVISORY_SPEC_CANDIDATE","COGNITIVE_REINTEGRATION_ADVISORY_ONLY","false","false","false","F07 audit/spec only; candidate for ContextPacket or PeripheralSignalPacket, never ACT"
"COGNITIVE_REINTEGRATION","cognition/component_specs/","F07_COGNITIVE","FILE_PLAN_ALL 418 COGNITIVE_REINTEGRATION component_specs/C003_card_version_resolver.yaml cognition/component_specs/ C003_card_version_resolver.yaml yaml P3_COGNITION_SPECS F07 0 0 0 0 1  NOT_FOUND_LOCAL DUPLICATE_SAFE CLEAN LOW KX108_ONLY;","INTEGRATE_TO_COGNITIVE_ADVISORY_SPEC_CANDIDATE","COGNITIVE_REINTEGRATION_ADVISORY_ONLY","false","false","false","F07 audit/spec only; candidate for ContextPacket or PeripheralSignalPacket, never ACT"
"COGNITIVE_REINTEGRATION","cognition/component_specs/","F07_COGNITIVE","FILE_PLAN_ALL 419 COGNITIVE_REINTEGRATION component_specs/C004_tmap_conflict_detector.yaml cognition/component_specs/ C004_tmap_conflict_detector.yaml yaml P3_COGNITION_SPECS F07 0 0 0 0 1  NOT_FOUND_LOCAL DUPLICATE_SAFE CLEAN LOW KX108_ONL","INTEGRATE_TO_COGNITIVE_ADVISORY_SPEC_CANDIDATE","COGNITIVE_REINTEGRATION_ADVISORY_ONLY","false","false","false","F07 audit/spec only; candidate for ContextPacket or PeripheralSignalPacket, never ACT"
"COGNITIVE_REINTEGRATION","cognition/component_specs/","F07_COGNITIVE","FILE_PLAN_ALL 420 COGNITIVE_REINTEGRATION component_specs/C059_agent_context_packet.yaml cognition/component_specs/ C059_agent_context_packet.yaml yaml P3_COGNITION_SPECS F07 0 0 0 0 1  NOT_FOUND_LOCAL DUPLICATE_SAFE CLEAN LOW KX108_ONLY; C","INTEGRATE_TO_COGNITIVE_ADVISORY_SPEC_CANDIDATE","COGNITIVE_REINTEGRATION_ADVISORY_ONLY","false","false","false","F07 audit/spec only; candidate for ContextPacket or PeripheralSignalPacket, never ACT"
"COGNITIVE_REINTEGRATION","cognition/component_specs/","F07_COGNITIVE","FILE_PLAN_ALL 421 COGNITIVE_REINTEGRATION component_specs/C428_API_action_candidate.yaml cognition/component_specs/ C428_API_action_candidate.yaml yaml P3_COGNITION_SPECS F07 0 0 0 0 1  NOT_FOUND_LOCAL DUPLICATE_SAFE CLEAN LOW KX108_ONLY; C","INTEGRATE_TO_COGNITIVE_ADVISORY_SPEC_CANDIDATE","COGNITIVE_REINTEGRATION_ADVISORY_ONLY","false","false","false","F07 audit/spec only; candidate for ContextPacket or PeripheralSignalPacket, never ACT"
"COGNITIVE_REINTEGRATION","cognition/component_specs/","F07_COGNITIVE","FILE_PLAN_ALL 422 COGNITIVE_REINTEGRATION component_specs/C158_creative_emergence_signal.yaml cognition/component_specs/ C158_creative_emergence_signal.yaml yaml P3_COGNITION_SPECS F07 0 0 0 0 1  NOT_FOUND_LOCAL DUPLICATE_SAFE CLEAN LOW KX1","INTEGRATE_TO_COGNITIVE_ADVISORY_SPEC_CANDIDATE","COGNITIVE_REINTEGRATION_ADVISORY_ONLY","false","false","false","F07 audit/spec only; candidate for ContextPacket or PeripheralSignalPacket, never ACT"
"COGNITIVE_REINTEGRATION","cognition/component_specs/","F07_COGNITIVE","FILE_PLAN_ALL 423 COGNITIVE_REINTEGRATION component_specs/C282_node_activation_graph.yaml cognition/component_specs/ C282_node_activation_graph.yaml yaml P3_COGNITION_SPECS F07 0 0 0 0 1  NOT_FOUND_LOCAL DUPLICATE_SAFE CLEAN LOW KX108_ONLY;","INTEGRATE_TO_COGNITIVE_ADVISORY_SPEC_CANDIDATE","COGNITIVE_REINTEGRATION_ADVISORY_ONLY","false","false","false","F07 audit/spec only; candidate for ContextPacket or PeripheralSignalPacket, never ACT"
"COGNITIVE_REINTEGRATION","cognition/component_specs/","F07_COGNITIVE","FILE_PLAN_ALL 424 COGNITIVE_REINTEGRATION component_specs/C449_anti_replay_horizon.yaml cognition/component_specs/ C449_anti_replay_horizon.yaml yaml P3_COGNITION_SPECS F07 0 0 0 0 1  NOT_FOUND_LOCAL DUPLICATE_SAFE CLEAN LOW KX108_ONLY; COG","INTEGRATE_TO_COGNITIVE_ADVISORY_SPEC_CANDIDATE","COGNITIVE_REINTEGRATION_ADVISORY_ONLY","false","false","false","F07 audit/spec only; candidate for ContextPacket or PeripheralSignalPacket, never ACT"
"COGNITIVE_REINTEGRATION","cognition/component_specs/","F07_COGNITIVE","FILE_PLAN_ALL 425 COGNITIVE_REINTEGRATION component_specs/C385_quantum_brain_mode_research.yaml cognition/component_specs/ C385_quantum_brain_mode_research.yaml yaml P3_COGNITION_SPECS F07 0 0 0 0 1  NOT_FOUND_LOCAL DUPLICATE_SAFE CLEAN LOW","INTEGRATE_TO_COGNITIVE_ADVISORY_SPEC_CANDIDATE","COGNITIVE_REINTEGRATION_ADVISORY_ONLY","false","false","false","F07 audit/spec only; candidate for ContextPacket or PeripheralSignalPacket, never ACT"
"COGNITIVE_REINTEGRATION","cognition/component_specs/","F07_COGNITIVE","FILE_PLAN_ALL 426 COGNITIVE_REINTEGRATION component_specs/C073_nettoyeur.yaml cognition/component_specs/ C073_nettoyeur.yaml yaml P3_COGNITION_SPECS F07 0 0 0 0 1  NOT_FOUND_LOCAL DUPLICATE_SAFE CLEAN LOW KX108_ONLY; COGNITIVE_SIGNAL_ONLY; ","INTEGRATE_TO_COGNITIVE_ADVISORY_SPEC_CANDIDATE","COGNITIVE_REINTEGRATION_ADVISORY_ONLY","false","false","false","F07 audit/spec only; candidate for ContextPacket or PeripheralSignalPacket, never ACT"
"COGNITIVE_REINTEGRATION","cognition/component_specs/","F07_COGNITIVE","FILE_PLAN_ALL 427 COGNITIVE_REINTEGRATION component_specs/C134_contextual_key_detector.yaml cognition/component_specs/ C134_contextual_key_detector.yaml yaml P3_COGNITION_SPECS F07 0 0 0 0 1  NOT_FOUND_LOCAL DUPLICATE_SAFE CLEAN LOW KX108_O","INTEGRATE_TO_COGNITIVE_ADVISORY_SPEC_CANDIDATE","COGNITIVE_REINTEGRATION_ADVISORY_ONLY","false","false","false","F07 audit/spec only; candidate for ContextPacket or PeripheralSignalPacket, never ACT"
"COGNITIVE_REINTEGRATION","cognition/component_specs/","F07_COGNITIVE","FILE_PLAN_ALL 428 COGNITIVE_REINTEGRATION component_specs/C234_experiential_memory_store.yaml cognition/component_specs/ C234_experiential_memory_store.yaml yaml P3_COGNITION_SPECS F07 0 0 0 0 1  NOT_FOUND_LOCAL DUPLICATE_SAFE CLEAN LOW KX1","INTEGRATE_TO_COGNITIVE_ADVISORY_SPEC_CANDIDATE","COGNITIVE_REINTEGRATION_ADVISORY_ONLY","false","false","false","F07 audit/spec only; candidate for ContextPacket or PeripheralSignalPacket, never ACT"
"COGNITIVE_REINTEGRATION","cognition/component_specs/","F07_COGNITIVE","FILE_PLAN_ALL 429 COGNITIVE_REINTEGRATION component_specs/C086_langage_oral_agent.yaml cognition/component_specs/ C086_langage_oral_agent.yaml yaml P3_COGNITION_SPECS F07 0 0 0 0 1  NOT_FOUND_LOCAL DUPLICATE_SAFE CLEAN LOW KX108_ONLY; COGNI","INTEGRATE_TO_COGNITIVE_ADVISORY_SPEC_CANDIDATE","COGNITIVE_REINTEGRATION_ADVISORY_ONLY","false","false","false","F07 audit/spec only; candidate for ContextPacket or PeripheralSignalPacket, never ACT"
"COGNITIVE_REINTEGRATION","cognition/component_specs/","F07_COGNITIVE","FILE_PLAN_ALL 430 COGNITIVE_REINTEGRATION component_specs/C293_agent_merge_split_policy.yaml cognition/component_specs/ C293_agent_merge_split_policy.yaml yaml P3_COGNITION_SPECS F07 0 0 0 0 1  NOT_FOUND_LOCAL DUPLICATE_SAFE CLEAN LOW KX108","INTEGRATE_TO_COGNITIVE_ADVISORY_SPEC_CANDIDATE","COGNITIVE_REINTEGRATION_ADVISORY_ONLY","false","false","false","F07 audit/spec only; candidate for ContextPacket or PeripheralSignalPacket, never ACT"
"COGNITIVE_REINTEGRATION","cognition/component_specs/","F07_COGNITIVE","FILE_PLAN_ALL 431 COGNITIVE_REINTEGRATION component_specs/C294_agent_learning_trace.yaml cognition/component_specs/ C294_agent_learning_trace.yaml yaml P3_COGNITION_SPECS F07 0 0 0 0 1  NOT_FOUND_LOCAL DUPLICATE_SAFE CLEAN LOW KX108_ONLY; C","INTEGRATE_TO_COGNITIVE_ADVISORY_SPEC_CANDIDATE","COGNITIVE_REINTEGRATION_ADVISORY_ONLY","false","false","false","F07 audit/spec only; candidate for ContextPacket or PeripheralSignalPacket, never ACT"
"COGNITIVE_REINTEGRATION","cognition/component_specs/","F07_COGNITIVE","FILE_PLAN_ALL 432 COGNITIVE_REINTEGRATION component_specs/C084_science_tech_astronomie_agent.yaml cognition/component_specs/ C084_science_tech_astronomie_agent.yaml yaml P3_COGNITION_SPECS F07 0 0 0 0 1  NOT_FOUND_LOCAL DUPLICATE_SAFE CLEAN","INTEGRATE_TO_COGNITIVE_ADVISORY_SPEC_CANDIDATE","COGNITIVE_REINTEGRATION_ADVISORY_ONLY","false","false","false","F07 audit/spec only; candidate for ContextPacket or PeripheralSignalPacket, never ACT"
"COGNITIVE_REINTEGRATION","cognition/component_specs/","F07_COGNITIVE","FILE_PLAN_ALL 433 COGNITIVE_REINTEGRATION component_specs/C154_feedback_loop_connector.yaml cognition/component_specs/ C154_feedback_loop_connector.yaml yaml P3_COGNITION_SPECS F07 0 0 0 0 1  NOT_FOUND_LOCAL DUPLICATE_SAFE CLEAN LOW KX108_O","INTEGRATE_TO_COGNITIVE_ADVISORY_SPEC_CANDIDATE","COGNITIVE_REINTEGRATION_ADVISORY_ONLY","false","false","false","F07 audit/spec only; candidate for ContextPacket or PeripheralSignalPacket, never ACT"
"COGNITIVE_REINTEGRATION","cognition/component_specs/","F07_COGNITIVE","FILE_PLAN_ALL 434 COGNITIVE_REINTEGRATION component_specs/C297_agent_stability_score.yaml cognition/component_specs/ C297_agent_stability_score.yaml yaml P3_COGNITION_SPECS F07 0 0 0 0 1  NOT_FOUND_LOCAL DUPLICATE_SAFE CLEAN LOW KX108_ONLY;","INTEGRATE_TO_COGNITIVE_ADVISORY_SPEC_CANDIDATE","COGNITIVE_REINTEGRATION_ADVISORY_ONLY","false","false","false","F07 audit/spec only; candidate for ContextPacket or PeripheralSignalPacket, never ACT"
"COGNITIVE_REINTEGRATION","cognition/component_specs/","F07_COGNITIVE","FILE_PLAN_ALL 435 COGNITIVE_REINTEGRATION component_specs/C029_symbolic_reasoning_mode.yaml cognition/component_specs/ C029_symbolic_reasoning_mode.yaml yaml P3_COGNITION_SPECS F07 0 0 0 0 1  NOT_FOUND_LOCAL DUPLICATE_SAFE CLEAN LOW KX108_O","INTEGRATE_TO_COGNITIVE_ADVISORY_SPEC_CANDIDATE","COGNITIVE_REINTEGRATION_ADVISORY_ONLY","false","false","false","F07 audit/spec only; candidate for ContextPacket or PeripheralSignalPacket, never ACT"
"COGNITIVE_REINTEGRATION","cognition/component_specs/","F07_COGNITIVE","FILE_PLAN_ALL 436 COGNITIVE_REINTEGRATION component_specs/C031_critical_reasoning_mode.yaml cognition/component_specs/ C031_critical_reasoning_mode.yaml yaml P3_COGNITION_SPECS F07 0 0 0 0 1  NOT_FOUND_LOCAL DUPLICATE_SAFE CLEAN LOW KX108_O","INTEGRATE_TO_COGNITIVE_ADVISORY_SPEC_CANDIDATE","COGNITIVE_REINTEGRATION_ADVISORY_ONLY","false","false","false","F07 audit/spec only; candidate for ContextPacket or PeripheralSignalPacket, never ACT"
"COGNITIVE_REINTEGRATION","cognition/component_specs/","F07_COGNITIVE","FILE_PLAN_ALL 437 COGNITIVE_REINTEGRATION component_specs/C288_symbolic_network_overlay.yaml cognition/component_specs/ C288_symbolic_network_overlay.yaml yaml P3_COGNITION_SPECS F07 0 0 0 0 1  NOT_FOUND_LOCAL DUPLICATE_SAFE CLEAN LOW KX108","INTEGRATE_TO_COGNITIVE_ADVISORY_SPEC_CANDIDATE","COGNITIVE_REINTEGRATION_ADVISORY_ONLY","false","false","false","F07 audit/spec only; candidate for ContextPacket or PeripheralSignalPacket, never ACT"
"COGNITIVE_REINTEGRATION","cognition/component_specs/","F07_COGNITIVE","FILE_PLAN_ALL 438 COGNITIVE_REINTEGRATION component_specs/C307_integration_depth_score.yaml cognition/component_specs/ C307_integration_depth_score.yaml yaml P3_COGNITION_SPECS F07 0 0 0 0 1  NOT_FOUND_LOCAL DUPLICATE_SAFE CLEAN LOW KX108_O","INTEGRATE_TO_COGNITIVE_ADVISORY_SPEC_CANDIDATE","COGNITIVE_REINTEGRATION_ADVISORY_ONLY","false","false","false","F07 audit/spec only; candidate for ContextPacket or PeripheralSignalPacket, never ACT"
"COGNITIVE_REINTEGRATION","cognition/component_specs/","F07_COGNITIVE","FILE_PLAN_ALL 439 COGNITIVE_REINTEGRATION component_specs/C381_multi_brain_registry.yaml cognition/component_specs/ C381_multi_brain_registry.yaml yaml P3_COGNITION_SPECS F07 0 0 0 0 1  NOT_FOUND_LOCAL DUPLICATE_SAFE CLEAN LOW KX108_ONLY; C","INTEGRATE_TO_COGNITIVE_ADVISORY_SPEC_CANDIDATE","COGNITIVE_REINTEGRATION_ADVISORY_ONLY","false","false","false","F07 audit/spec only; candidate for ContextPacket or PeripheralSignalPacket, never ACT"
"COGNITIVE_REINTEGRATION","cognition/component_specs/","F07_COGNITIVE","FILE_PLAN_ALL 440 COGNITIVE_REINTEGRATION component_specs/C311_symbolic_ethics_check.yaml cognition/component_specs/ C311_symbolic_ethics_check.yaml yaml P3_COGNITION_SPECS F07 0 0 0 0 1  NOT_FOUND_LOCAL DUPLICATE_SAFE CLEAN LOW KX108_ONLY;","INTEGRATE_TO_COGNITIVE_ADVISORY_SPEC_CANDIDATE","COGNITIVE_REINTEGRATION_ADVISORY_ONLY","false","false","false","F07 audit/spec only; candidate for ContextPacket or PeripheralSignalPacket, never ACT"
"COGNITIVE_REINTEGRATION","cognition/component_specs/","F07_COGNITIVE","FILE_PLAN_ALL 441 COGNITIVE_REINTEGRATION component_specs/C332_human_machine_bridge_contract.yaml cognition/component_specs/ C332_human_machine_bridge_contract.yaml yaml P3_COGNITION_SPECS F07 0 0 0 0 1  NOT_FOUND_LOCAL DUPLICATE_SAFE CLEAN","INTEGRATE_TO_COGNITIVE_ADVISORY_SPEC_CANDIDATE","COGNITIVE_REINTEGRATION_ADVISORY_ONLY","false","false","false","F07 audit/spec only; candidate for ContextPacket or PeripheralSignalPacket, never ACT"
"COGNITIVE_REINTEGRATION","cognition/component_specs/","F07_COGNITIVE","FILE_PLAN_ALL 442 COGNITIVE_REINTEGRATION component_specs/C006_duplicate_card_resolver.yaml cognition/component_specs/ C006_duplicate_card_resolver.yaml yaml P3_COGNITION_SPECS F07 0 0 0 0 1  NOT_FOUND_LOCAL DUPLICATE_SAFE CLEAN LOW KX108_O","INTEGRATE_TO_COGNITIVE_ADVISORY_SPEC_CANDIDATE","COGNITIVE_REINTEGRATION_ADVISORY_ONLY","false","false","false","F07 audit/spec only; candidate for ContextPacket or PeripheralSignalPacket, never ACT"
"COGNITIVE_REINTEGRATION","cognition/component_specs/","F07_COGNITIVE","FILE_PLAN_ALL 443 COGNITIVE_REINTEGRATION component_specs/C089_traducteur_universel.yaml cognition/component_specs/ C089_traducteur_universel.yaml yaml P3_COGNITION_SPECS F07 0 0 0 0 1  NOT_FOUND_LOCAL DUPLICATE_SAFE CLEAN LOW KX108_ONLY; C","INTEGRATE_TO_COGNITIVE_ADVISORY_SPEC_CANDIDATE","COGNITIVE_REINTEGRATION_ADVISORY_ONLY","false","false","false","F07 audit/spec only; candidate for ContextPacket or PeripheralSignalPacket, never ACT"
"COGNITIVE_REINTEGRATION","cognition/component_specs/","F07_COGNITIVE","FILE_PLAN_ALL 444 COGNITIVE_REINTEGRATION component_specs/C256_human_flou_pattern_classifier.yaml cognition/component_specs/ C256_human_flou_pattern_classifier.yaml yaml P3_COGNITION_SPECS F07 0 0 0 0 1  NOT_FOUND_LOCAL DUPLICATE_SAFE CLEAN","INTEGRATE_TO_COGNITIVE_ADVISORY_SPEC_CANDIDATE","COGNITIVE_REINTEGRATION_ADVISORY_ONLY","false","false","false","F07 audit/spec only; candidate for ContextPacket or PeripheralSignalPacket, never ACT"
"COGNITIVE_REINTEGRATION","cognition/component_specs/","F07_COGNITIVE","FILE_PLAN_ALL 445 COGNITIVE_REINTEGRATION component_specs/C300_internal_integration_layer.yaml cognition/component_specs/ C300_internal_integration_layer.yaml yaml P3_COGNITION_SPECS F07 0 0 0 0 1  NOT_FOUND_LOCAL DUPLICATE_SAFE CLEAN LOW K","INTEGRATE_TO_COGNITIVE_ADVISORY_SPEC_CANDIDATE","COGNITIVE_REINTEGRATION_ADVISORY_ONLY","false","false","false","F07 audit/spec only; candidate for ContextPacket or PeripheralSignalPacket, never ACT"
"COGNITIVE_REINTEGRATION","cognition/component_specs/","F07_COGNITIVE","FILE_PLAN_ALL 446 COGNITIVE_REINTEGRATION component_specs/C255_orthographic_noise_interpreter.yaml cognition/component_specs/ C255_orthographic_noise_interpreter.yaml yaml P3_COGNITION_SPECS F07 0 0 0 0 1  NOT_FOUND_LOCAL DUPLICATE_SAFE CLE","INTEGRATE_TO_COGNITIVE_ADVISORY_SPEC_CANDIDATE","COGNITIVE_REINTEGRATION_ADVISORY_ONLY","false","false","false","F07 audit/spec only; candidate for ContextPacket or PeripheralSignalPacket, never ACT"
"COGNITIVE_REINTEGRATION","cognition/component_specs/","F07_COGNITIVE","FILE_PLAN_ALL 447 COGNITIVE_REINTEGRATION component_specs/C053_world_observation_agents.yaml cognition/component_specs/ C053_world_observation_agents.yaml yaml P3_COGNITION_SPECS F07 0 0 0 0 1  NOT_FOUND_LOCAL DUPLICATE_SAFE CLEAN LOW KX108","INTEGRATE_TO_COGNITIVE_ADVISORY_SPEC_CANDIDATE","COGNITIVE_REINTEGRATION_ADVISORY_ONLY","false","false","false","F07 audit/spec only; candidate for ContextPacket or PeripheralSignalPacket, never ACT"
"COGNITIVE_REINTEGRATION","cognition/component_specs/","F07_COGNITIVE","FILE_PLAN_ALL 448 COGNITIVE_REINTEGRATION component_specs/C140_portal_to_reasoning_mode_activation.yaml cognition/component_specs/ C140_portal_to_reasoning_mode_activation.yaml yaml P3_COGNITION_SPECS F07 0 0 0 0 1  NOT_FOUND_LOCAL DUPLICAT","INTEGRATE_TO_COGNITIVE_ADVISORY_SPEC_CANDIDATE","COGNITIVE_REINTEGRATION_ADVISORY_ONLY","false","false","false","F07 audit/spec only; candidate for ContextPacket or PeripheralSignalPacket, never ACT"
"COGNITIVE_REINTEGRATION","cognition/component_specs/","F07_COGNITIVE","FILE_PLAN_ALL 449 COGNITIVE_REINTEGRATION component_specs/C155_saturation_detector.yaml cognition/component_specs/ C155_saturation_detector.yaml yaml P3_COGNITION_SPECS F07 0 0 0 0 1  NOT_FOUND_LOCAL DUPLICATE_SAFE CLEAN LOW KX108_ONLY; COG","INTEGRATE_TO_COGNITIVE_ADVISORY_SPEC_CANDIDATE","COGNITIVE_REINTEGRATION_ADVISORY_ONLY","false","false","false","F07 audit/spec only; candidate for ContextPacket or PeripheralSignalPacket, never ACT"
"COGNITIVE_REINTEGRATION","cognition/component_specs/","F07_COGNITIVE","FILE_PLAN_ALL 450 COGNITIVE_REINTEGRATION component_specs/C403_calibration_badge_system.yaml cognition/component_specs/ C403_calibration_badge_system.yaml yaml P3_COGNITION_SPECS F07 0 0 0 0 1  NOT_FOUND_LOCAL DUPLICATE_SAFE CLEAN LOW KX108","INTEGRATE_TO_COGNITIVE_ADVISORY_SPEC_CANDIDATE","COGNITIVE_REINTEGRATION_ADVISORY_ONLY","false","false","false","F07 audit/spec only; candidate for ContextPacket or PeripheralSignalPacket, never ACT"
"COGNITIVE_REINTEGRATION","cognition/component_specs/","F07_COGNITIVE","FILE_PLAN_ALL 451 COGNITIVE_REINTEGRATION component_specs/C380_cognitive_paradigm_registry.yaml cognition/component_specs/ C380_cognitive_paradigm_registry.yaml yaml P3_COGNITION_SPECS F07 0 0 0 0 1  NOT_FOUND_LOCAL DUPLICATE_SAFE CLEAN LOW","INTEGRATE_TO_COGNITIVE_ADVISORY_SPEC_CANDIDATE","COGNITIVE_REINTEGRATION_ADVISORY_ONLY","false","false","false","F07 audit/spec only; candidate for ContextPacket or PeripheralSignalPacket, never ACT"
"COGNITIVE_REINTEGRATION","cognition/component_specs/","F07_COGNITIVE","FILE_PLAN_ALL 452 COGNITIVE_REINTEGRATION component_specs/C005_card_to_runtime_mapping.yaml cognition/component_specs/ C005_card_to_runtime_mapping.yaml yaml P3_COGNITION_SPECS F07 0 0 0 0 1  NOT_FOUND_LOCAL DUPLICATE_SAFE CLEAN LOW KX108_O","INTEGRATE_TO_COGNITIVE_ADVISORY_SPEC_CANDIDATE","COGNITIVE_REINTEGRATION_ADVISORY_ONLY","false","false","false","F07 audit/spec only; candidate for ContextPacket or PeripheralSignalPacket, never ACT"
"COGNITIVE_REINTEGRATION","cognition/component_specs/","F07_COGNITIVE","FILE_PLAN_ALL 453 COGNITIVE_REINTEGRATION component_specs/C052_symbolic_totem_agents.yaml cognition/component_specs/ C052_symbolic_totem_agents.yaml yaml P3_COGNITION_SPECS F07 0 0 0 0 1  NOT_FOUND_LOCAL DUPLICATE_SAFE CLEAN LOW KX108_ONLY;","INTEGRATE_TO_COGNITIVE_ADVISORY_SPEC_CANDIDATE","COGNITIVE_REINTEGRATION_ADVISORY_ONLY","false","false","false","F07 audit/spec only; candidate for ContextPacket or PeripheralSignalPacket, never ACT"
"COGNITIVE_REINTEGRATION","cognition/component_specs/","F07_COGNITIVE","FILE_PLAN_ALL 454 COGNITIVE_REINTEGRATION component_specs/C324_interaction_calibration_profile.yaml cognition/component_specs/ C324_interaction_calibration_profile.yaml yaml P3_COGNITION_SPECS F07 0 0 0 0 1  NOT_FOUND_LOCAL DUPLICATE_SAFE C","INTEGRATE_TO_COGNITIVE_ADVISORY_SPEC_CANDIDATE","COGNITIVE_REINTEGRATION_ADVISORY_ONLY","false","false","false","F07 audit/spec only; candidate for ContextPacket or PeripheralSignalPacket, never ACT"
"COGNITIVE_REINTEGRATION","cognition/component_specs/","F07_COGNITIVE","FILE_PLAN_ALL 455 COGNITIVE_REINTEGRATION component_specs/C220_ethical_drift_law.yaml cognition/component_specs/ C220_ethical_drift_law.yaml yaml P3_COGNITION_SPECS F07 0 0 0 0 1  NOT_FOUND_LOCAL DUPLICATE_SAFE CLEAN LOW KX108_ONLY; COGNITI","INTEGRATE_TO_COGNITIVE_ADVISORY_SPEC_CANDIDATE","COGNITIVE_REINTEGRATION_ADVISORY_ONLY","false","false","false","F07 audit/spec only; candidate for ContextPacket or PeripheralSignalPacket, never ACT"
"COGNITIVE_REINTEGRATION","cognition/component_specs/","F07_COGNITIVE","FILE_PLAN_ALL 456 COGNITIVE_REINTEGRATION component_specs/C145_observation_loop.yaml cognition/component_specs/ C145_observation_loop.yaml yaml P3_COGNITION_SPECS F07 0 0 0 0 1  NOT_FOUND_LOCAL DUPLICATE_SAFE CLEAN LOW KX108_ONLY; COGNITIVE","INTEGRATE_TO_COGNITIVE_ADVISORY_SPEC_CANDIDATE","COGNITIVE_REINTEGRATION_ADVISORY_ONLY","false","false","false","F07 audit/spec only; candidate for ContextPacket or PeripheralSignalPacket, never ACT"
"COGNITIVE_REINTEGRATION","cognition/component_specs/","F07_COGNITIVE","FILE_PLAN_ALL 457 COGNITIVE_REINTEGRATION component_specs/C250_graph_memory_adapter.yaml cognition/component_specs/ C250_graph_memory_adapter.yaml yaml P3_COGNITION_SPECS F07 0 0 0 0 1  NOT_FOUND_LOCAL DUPLICATE_SAFE CLEAN LOW KX108_ONLY; C","INTEGRATE_TO_COGNITIVE_ADVISORY_SPEC_CANDIDATE","COGNITIVE_REINTEGRATION_ADVISORY_ONLY","false","false","false","F07 audit/spec only; candidate for ContextPacket or PeripheralSignalPacket, never ACT"
"COGNITIVE_REINTEGRATION","cognition/component_specs/","F07_COGNITIVE","FILE_PLAN_ALL 458 COGNITIVE_REINTEGRATION component_specs/C257_error_pattern_calibration.yaml cognition/component_specs/ C257_error_pattern_calibration.yaml yaml P3_COGNITION_SPECS F07 0 0 0 0 1  NOT_FOUND_LOCAL DUPLICATE_SAFE CLEAN LOW KX1","INTEGRATE_TO_COGNITIVE_ADVISORY_SPEC_CANDIDATE","COGNITIVE_REINTEGRATION_ADVISORY_ONLY","false","false","false","F07 audit/spec only; candidate for ContextPacket or PeripheralSignalPacket, never ACT"
"COGNITIVE_REINTEGRATION","cognition/component_specs/","F07_COGNITIVE","FILE_PLAN_ALL 459 COGNITIVE_REINTEGRATION component_specs/C233_cognitive_path_trace.yaml cognition/component_specs/ C233_cognitive_path_trace.yaml yaml P3_COGNITION_SPECS F07 0 0 0 0 1  NOT_FOUND_LOCAL DUPLICATE_SAFE CLEAN LOW KX108_ONLY; C","INTEGRATE_TO_COGNITIVE_ADVISORY_SPEC_CANDIDATE","COGNITIVE_REINTEGRATION_ADVISORY_ONLY","false","false","false","F07 audit/spec only; candidate for ContextPacket or PeripheralSignalPacket, never ACT"
"COGNITIVE_REINTEGRATION","cognition/component_specs/","F07_COGNITIVE","FILE_PLAN_ALL 460 COGNITIVE_REINTEGRATION component_specs/C112_multi_perception_node.yaml cognition/component_specs/ C112_multi_perception_node.yaml yaml P3_COGNITION_SPECS F07 0 0 0 0 1  NOT_FOUND_LOCAL DUPLICATE_SAFE CLEAN LOW KX108_ONLY;","INTEGRATE_TO_COGNITIVE_ADVISORY_SPEC_CANDIDATE","COGNITIVE_REINTEGRATION_ADVISORY_ONLY","false","false","false","F07 audit/spec only; candidate for ContextPacket or PeripheralSignalPacket, never ACT"
"COGNITIVE_REINTEGRATION","cognition/component_specs/","F07_COGNITIVE","FILE_PLAN_ALL 461 COGNITIVE_REINTEGRATION component_specs/C142_meta_space_access_candidate.yaml cognition/component_specs/ C142_meta_space_access_candidate.yaml yaml P3_COGNITION_SPECS F07 0 0 0 0 1  NOT_FOUND_LOCAL DUPLICATE_SAFE CLEAN LOW","INTEGRATE_TO_COGNITIVE_ADVISORY_SPEC_CANDIDATE","COGNITIVE_REINTEGRATION_ADVISORY_ONLY","false","false","false","F07 audit/spec only; candidate for ContextPacket or PeripheralSignalPacket, never ACT"
"COGNITIVE_REINTEGRATION","cognition/component_specs/","F07_COGNITIVE","FILE_PLAN_ALL 462 COGNITIVE_REINTEGRATION component_specs/C251_error_as_calibration_ledger.yaml cognition/component_specs/ C251_error_as_calibration_ledger.yaml yaml P3_COGNITION_SPECS F07 0 0 0 0 1  NOT_FOUND_LOCAL DUPLICATE_SAFE CLEAN LOW","INTEGRATE_TO_COGNITIVE_ADVISORY_SPEC_CANDIDATE","COGNITIVE_REINTEGRATION_ADVISORY_ONLY","false","false","false","F07 audit/spec only; candidate for ContextPacket or PeripheralSignalPacket, never ACT"
"COGNITIVE_REINTEGRATION","cognition/component_specs/","F07_COGNITIVE","FILE_PLAN_ALL 463 COGNITIVE_REINTEGRATION component_specs/C440_HOLD_BLOCK_ACT_bridge.yaml cognition/component_specs/ C440_HOLD_BLOCK_ACT_bridge.yaml yaml P3_COGNITION_SPECS F07 0 0 0 0 1  NOT_FOUND_LOCAL DUPLICATE_SAFE CLEAN LOW KX108_ONLY;","INTEGRATE_TO_COGNITIVE_ADVISORY_SPEC_CANDIDATE","COGNITIVE_REINTEGRATION_ADVISORY_ONLY","false","false","false","F07 audit/spec only; candidate for ContextPacket or PeripheralSignalPacket, never ACT"
"COGNITIVE_REINTEGRATION","cognition/component_specs/","F07_COGNITIVE","FILE_PLAN_ALL 464 COGNITIVE_REINTEGRATION component_specs/C434_context_signal_contract.yaml cognition/component_specs/ C434_context_signal_contract.yaml yaml P3_COGNITION_SPECS F07 0 0 0 0 1  NOT_FOUND_LOCAL DUPLICATE_SAFE CLEAN LOW KX108_O","INTEGRATE_TO_COGNITIVE_ADVISORY_SPEC_CANDIDATE","COGNITIVE_REINTEGRATION_ADVISORY_ONLY","false","false","false","F07 audit/spec only; candidate for ContextPacket or PeripheralSignalPacket, never ACT"
"COGNITIVE_REINTEGRATION","cognition/component_specs/","F07_COGNITIVE","FILE_PLAN_ALL 465 COGNITIVE_REINTEGRATION component_specs/C283_graph_navigation_debug_view.yaml cognition/component_specs/ C283_graph_navigation_debug_view.yaml yaml P3_COGNITION_SPECS F07 0 0 0 0 1  NOT_FOUND_LOCAL DUPLICATE_SAFE CLEAN LOW","INTEGRATE_TO_COGNITIVE_ADVISORY_SPEC_CANDIDATE","COGNITIVE_REINTEGRATION_ADVISORY_ONLY","false","false","false","F07 audit/spec only; candidate for ContextPacket or PeripheralSignalPacket, never ACT"
"COGNITIVE_REINTEGRATION","cognition/component_specs/","F07_COGNITIVE","FILE_PLAN_ALL 466 COGNITIVE_REINTEGRATION component_specs/C422_action_risk_classifier.yaml cognition/component_specs/ C422_action_risk_classifier.yaml yaml P3_COGNITION_SPECS F07 0 0 0 0 1  NOT_FOUND_LOCAL DUPLICATE_SAFE CLEAN LOW KX108_ONL","INTEGRATE_TO_COGNITIVE_ADVISORY_SPEC_CANDIDATE","COGNITIVE_REINTEGRATION_ADVISORY_ONLY","false","false","false","F07 audit/spec only; candidate for ContextPacket or PeripheralSignalPacket, never ACT"
"COGNITIVE_REINTEGRATION","cognition/component_specs/","F07_COGNITIVE","FILE_PLAN_ALL 467 COGNITIVE_REINTEGRATION component_specs/C133_narrative_key_detector.yaml cognition/component_specs/ C133_narrative_key_detector.yaml yaml P3_COGNITION_SPECS F07 0 0 0 0 1  NOT_FOUND_LOCAL DUPLICATE_SAFE CLEAN LOW KX108_ONL","INTEGRATE_TO_COGNITIVE_ADVISORY_SPEC_CANDIDATE","COGNITIVE_REINTEGRATION_ADVISORY_ONLY","false","false","false","F07 audit/spec only; candidate for ContextPacket or PeripheralSignalPacket, never ACT"
"COGNITIVE_REINTEGRATION","cognition/component_specs/","F07_COGNITIVE","FILE_PLAN_ALL 468 COGNITIVE_REINTEGRATION component_specs/C457_OS3_evidence_packet.yaml cognition/component_specs/ C457_OS3_evidence_packet.yaml yaml P3_COGNITION_SPECS F07 0 0 0 0 1  NOT_FOUND_LOCAL DUPLICATE_SAFE CLEAN LOW KX108_ONLY; COG","INTEGRATE_TO_COGNITIVE_ADVISORY_SPEC_CANDIDATE","COGNITIVE_REINTEGRATION_ADVISORY_ONLY","false","false","false","F07 audit/spec only; candidate for ContextPacket or PeripheralSignalPacket, never ACT"
"COGNITIVE_REINTEGRATION","cognition/component_specs/","F07_COGNITIVE","FILE_PLAN_ALL 469 COGNITIVE_REINTEGRATION component_specs/C314_ethical_beacon_system.yaml cognition/component_specs/ C314_ethical_beacon_system.yaml yaml P3_COGNITION_SPECS F07 0 0 0 0 1  NOT_FOUND_LOCAL DUPLICATE_SAFE CLEAN LOW KX108_ONLY;","INTEGRATE_TO_COGNITIVE_ADVISORY_SPEC_CANDIDATE","COGNITIVE_REINTEGRATION_ADVISORY_ONLY","false","false","false","F07 audit/spec only; candidate for ContextPacket or PeripheralSignalPacket, never ACT"
"COGNITIVE_REINTEGRATION","cognition/component_specs/","F07_COGNITIVE","FILE_PLAN_ALL 470 COGNITIVE_REINTEGRATION component_specs/C261_interlanguage_trace_engine.yaml cognition/component_specs/ C261_interlanguage_trace_engine.yaml yaml P3_COGNITION_SPECS F07 0 0 0 0 1  NOT_FOUND_LOCAL DUPLICATE_SAFE CLEAN LOW K","INTEGRATE_TO_COGNITIVE_ADVISORY_SPEC_CANDIDATE","COGNITIVE_REINTEGRATION_ADVISORY_ONLY","false","false","false","F07 audit/spec only; candidate for ContextPacket or PeripheralSignalPacket, never ACT"
"COGNITIVE_REINTEGRATION","cognition/component_specs/","F07_COGNITIVE","FILE_PLAN_ALL 471 COGNITIVE_REINTEGRATION component_specs/C152_loop_interrupt_controller.yaml cognition/component_specs/ C152_loop_interrupt_controller.yaml yaml P3_COGNITION_SPECS F07 0 0 0 0 1  NOT_FOUND_LOCAL DUPLICATE_SAFE CLEAN LOW KX1","INTEGRATE_TO_COGNITIVE_ADVISORY_SPEC_CANDIDATE","COGNITIVE_REINTEGRATION_ADVISORY_ONLY","false","false","false","F07 audit/spec only; candidate for ContextPacket or PeripheralSignalPacket, never ACT"
"COGNITIVE_REINTEGRATION","cognition/component_specs/","F07_COGNITIVE","FILE_PLAN_ALL 472 COGNITIVE_REINTEGRATION component_specs/C025_reasoning_mode_conflict_resolver.yaml cognition/component_specs/ C025_reasoning_mode_conflict_resolver.yaml yaml P3_COGNITION_SPECS F07 0 0 0 0 1  NOT_FOUND_LOCAL DUPLICATE_SAFE","INTEGRATE_TO_COGNITIVE_ADVISORY_SPEC_CANDIDATE","COGNITIVE_REINTEGRATION_ADVISORY_ONLY","false","false","false","F07 audit/spec only; candidate for ContextPacket or PeripheralSignalPacket, never ACT"
"COGNITIVE_REINTEGRATION","cognition/component_specs/","F07_COGNITIVE","FILE_PLAN_ALL 473 COGNITIVE_REINTEGRATION component_specs/C333_symbolic_debug_event.yaml cognition/component_specs/ C333_symbolic_debug_event.yaml yaml P3_COGNITION_SPECS F07 0 0 0 0 1  NOT_FOUND_LOCAL DUPLICATE_SAFE CLEAN LOW KX108_ONLY; C","INTEGRATE_TO_COGNITIVE_ADVISORY_SPEC_CANDIDATE","COGNITIVE_REINTEGRATION_ADVISORY_ONLY","false","false","false","F07 audit/spec only; candidate for ContextPacket or PeripheralSignalPacket, never ACT"
"COGNITIVE_REINTEGRATION","cognition/component_specs/","F07_COGNITIVE","FILE_PLAN_ALL 474 COGNITIVE_REINTEGRATION component_specs/C357_LTCU_plus_interpreter_adapter.yaml cognition/component_specs/ C357_LTCU_plus_interpreter_adapter.yaml yaml P3_COGNITION_SPECS F07 0 0 0 0 1  NOT_FOUND_LOCAL DUPLICATE_SAFE CLEAN","INTEGRATE_TO_COGNITIVE_ADVISORY_SPEC_CANDIDATE","COGNITIVE_REINTEGRATION_ADVISORY_ONLY","false","false","false","F07 audit/spec only; candidate for ContextPacket or PeripheralSignalPacket, never ACT"
"COGNITIVE_REINTEGRATION","cognition/component_specs/","F07_COGNITIVE","FILE_PLAN_ALL 475 COGNITIVE_REINTEGRATION component_specs/C436_non_decision_output_schema.yaml cognition/component_specs/ C436_non_decision_output_schema.yaml yaml P3_COGNITION_SPECS F07 0 0 0 0 1  NOT_FOUND_LOCAL DUPLICATE_SAFE CLEAN LOW K","INTEGRATE_TO_COGNITIVE_ADVISORY_SPEC_CANDIDATE","COGNITIVE_REINTEGRATION_ADVISORY_ONLY","false","false","false","F07 audit/spec only; candidate for ContextPacket or PeripheralSignalPacket, never ACT"
"COGNITIVE_REINTEGRATION","cognition/component_specs/","F07_COGNITIVE","FILE_PLAN_ALL 476 COGNITIVE_REINTEGRATION component_specs/C199_AVDR_loop.yaml cognition/component_specs/ C199_AVDR_loop.yaml yaml P3_COGNITION_SPECS F07 0 0 0 0 1  NOT_FOUND_LOCAL DUPLICATE_SAFE CLEAN LOW KX108_ONLY; COGNITIVE_SIGNAL_ONLY; ","INTEGRATE_TO_COGNITIVE_ADVISORY_SPEC_CANDIDATE","COGNITIVE_REINTEGRATION_ADVISORY_ONLY","false","false","false","F07 audit/spec only; candidate for ContextPacket or PeripheralSignalPacket, never ACT"
"COGNITIVE_REINTEGRATION","cognition/component_specs/","F07_COGNITIVE","FILE_PLAN_ALL 477 COGNITIVE_REINTEGRATION component_specs/C227_error_as_calibration_law.yaml cognition/component_specs/ C227_error_as_calibration_law.yaml yaml P3_COGNITION_SPECS F07 0 0 0 0 1  NOT_FOUND_LOCAL DUPLICATE_SAFE CLEAN LOW KX108","INTEGRATE_TO_COGNITIVE_ADVISORY_SPEC_CANDIDATE","COGNITIVE_REINTEGRATION_ADVISORY_ONLY","false","false","false","F07 audit/spec only; candidate for ContextPacket or PeripheralSignalPacket, never ACT"
"COGNITIVE_REINTEGRATION","cognition/component_specs/","F07_COGNITIVE","FILE_PLAN_ALL 478 COGNITIVE_REINTEGRATION component_specs/C305_consciousness_metaphor_guard.yaml cognition/component_specs/ C305_consciousness_metaphor_guard.yaml yaml P3_COGNITION_SPECS F07 0 0 0 0 1  NOT_FOUND_LOCAL DUPLICATE_SAFE CLEAN L","INTEGRATE_TO_COGNITIVE_ADVISORY_SPEC_CANDIDATE","COGNITIVE_REINTEGRATION_ADVISORY_ONLY","false","false","false","F07 audit/spec only; candidate for ContextPacket or PeripheralSignalPacket, never ACT"
"COGNITIVE_REINTEGRATION","cognition/component_specs/","F07_COGNITIVE","FILE_PLAN_ALL 479 COGNITIVE_REINTEGRATION component_specs/C021_synthetic_reasoning.yaml cognition/component_specs/ C021_synthetic_reasoning.yaml yaml P3_COGNITION_SPECS F07 0 0 0 0 1  NOT_FOUND_LOCAL DUPLICATE_SAFE CLEAN LOW KX108_ONLY; COG","INTEGRATE_TO_COGNITIVE_ADVISORY_SPEC_CANDIDATE","COGNITIVE_REINTEGRATION_ADVISORY_ONLY","false","false","false","F07 audit/spec only; candidate for ContextPacket or PeripheralSignalPacket, never ACT"
"COGNITIVE_REINTEGRATION","cognition/component_specs/","F07_COGNITIVE","FILE_PLAN_ALL 480 COGNITIVE_REINTEGRATION component_specs/C373_local_memory_cache.yaml cognition/component_specs/ C373_local_memory_cache.yaml yaml P3_COGNITION_SPECS F07 0 0 0 0 1  NOT_FOUND_LOCAL DUPLICATE_SAFE CLEAN LOW KX108_ONLY; COGNI","INTEGRATE_TO_COGNITIVE_ADVISORY_SPEC_CANDIDATE","COGNITIVE_REINTEGRATION_ADVISORY_ONLY","false","false","false","F07 audit/spec only; candidate for ContextPacket or PeripheralSignalPacket, never ACT"
"COGNITIVE_REINTEGRATION","cognition/component_specs/","F07_COGNITIVE","FILE_PLAN_ALL 481 COGNITIVE_REINTEGRATION component_specs/C107_mirror_simulation_module.yaml cognition/component_specs/ C107_mirror_simulation_module.yaml yaml P3_COGNITION_SPECS F07 0 0 0 0 1  NOT_FOUND_LOCAL DUPLICATE_SAFE CLEAN LOW KX108","INTEGRATE_TO_COGNITIVE_ADVISORY_SPEC_CANDIDATE","COGNITIVE_REINTEGRATION_ADVISORY_ONLY","false","false","false","F07 audit/spec only; candidate for ContextPacket or PeripheralSignalPacket, never ACT"
"COGNITIVE_REINTEGRATION","cognition/component_specs/","F07_COGNITIVE","FILE_PLAN_ALL 482 COGNITIVE_REINTEGRATION component_specs/C247_memory_to_output_bridge.yaml cognition/component_specs/ C247_memory_to_output_bridge.yaml yaml P3_COGNITION_SPECS F07 0 0 0 0 1  NOT_FOUND_LOCAL DUPLICATE_SAFE CLEAN LOW KX108_O","INTEGRATE_TO_COGNITIVE_ADVISORY_SPEC_CANDIDATE","COGNITIVE_REINTEGRATION_ADVISORY_ONLY","false","false","false","F07 audit/spec only; candidate for ContextPacket or PeripheralSignalPacket, never ACT"
"COGNITIVE_REINTEGRATION","cognition/component_specs/","F07_COGNITIVE","FILE_PLAN_ALL 483 COGNITIVE_REINTEGRATION component_specs/C015_reasoning_verification_regulator.yaml cognition/component_specs/ C015_reasoning_verification_regulator.yaml yaml P3_COGNITION_SPECS F07 0 0 0 0 1  NOT_FOUND_LOCAL DUPLICATE_SAFE","INTEGRATE_TO_COGNITIVE_ADVISORY_SPEC_CANDIDATE","COGNITIVE_REINTEGRATION_ADVISORY_ONLY","false","false","false","F07 audit/spec only; candidate for ContextPacket or PeripheralSignalPacket, never ACT"
"COGNITIVE_REINTEGRATION","cognition/component_specs/","F07_COGNITIVE","FILE_PLAN_ALL 484 COGNITIVE_REINTEGRATION component_specs/C085_interpretation_visuelle_agent.yaml cognition/component_specs/ C085_interpretation_visuelle_agent.yaml yaml P3_COGNITION_SPECS F07 0 0 0 0 1  NOT_FOUND_LOCAL DUPLICATE_SAFE CLEAN","INTEGRATE_TO_COGNITIVE_ADVISORY_SPEC_CANDIDATE","COGNITIVE_REINTEGRATION_ADVISORY_ONLY","false","false","false","F07 audit/spec only; candidate for ContextPacket or PeripheralSignalPacket, never ACT"
"COGNITIVE_REINTEGRATION","cognition/component_specs/","F07_COGNITIVE","FILE_PLAN_ALL 485 COGNITIVE_REINTEGRATION component_specs/C450_temporal_challenge.yaml cognition/component_specs/ C450_temporal_challenge.yaml yaml P3_COGNITION_SPECS F07 0 0 0 0 1  NOT_FOUND_LOCAL DUPLICATE_SAFE CLEAN LOW KX108_ONLY; COGNI","INTEGRATE_TO_COGNITIVE_ADVISORY_SPEC_CANDIDATE","COGNITIVE_REINTEGRATION_ADVISORY_ONLY","false","false","false","F07 audit/spec only; candidate for ContextPacket or PeripheralSignalPacket, never ACT"
"COGNITIVE_REINTEGRATION","cognition/component_specs/","F07_COGNITIVE","FILE_PLAN_ALL 486 COGNITIVE_REINTEGRATION component_specs/C118_touch_data_channel.yaml cognition/component_specs/ C118_touch_data_channel.yaml yaml P3_COGNITION_SPECS F07 0 0 0 0 1  NOT_FOUND_LOCAL DUPLICATE_SAFE CLEAN LOW KX108_ONLY; COGNI","INTEGRATE_TO_COGNITIVE_ADVISORY_SPEC_CANDIDATE","COGNITIVE_REINTEGRATION_ADVISORY_ONLY","false","false","false","F07 audit/spec only; candidate for ContextPacket or PeripheralSignalPacket, never ACT"
"COGNITIVE_REINTEGRATION","cognition/component_specs/","F07_COGNITIVE","FILE_PLAN_ALL 487 COGNITIVE_REINTEGRATION component_specs/C097_agent_shazam_clarity_dissonance_sensor.yaml cognition/component_specs/ C097_agent_shazam_clarity_dissonance_sensor.yaml yaml P3_COGNITION_SPECS F07 0 0 0 0 1  NOT_FOUND_LOCAL DU","INTEGRATE_TO_COGNITIVE_ADVISORY_SPEC_CANDIDATE","COGNITIVE_REINTEGRATION_ADVISORY_ONLY","false","false","false","F07 audit/spec only; candidate for ContextPacket or PeripheralSignalPacket, never ACT"
"COGNITIVE_REINTEGRATION","cognition/component_specs/","F07_COGNITIVE","FILE_PLAN_ALL 488 COGNITIVE_REINTEGRATION component_specs/C100_agent_architecte_createur.yaml cognition/component_specs/ C100_agent_architecte_createur.yaml yaml P3_COGNITION_SPECS F07 0 0 0 0 1  NOT_FOUND_LOCAL DUPLICATE_SAFE CLEAN LOW KX1","INTEGRATE_TO_COGNITIVE_ADVISORY_SPEC_CANDIDATE","COGNITIVE_REINTEGRATION_ADVISORY_ONLY","false","false","false","F07 audit/spec only; candidate for ContextPacket or PeripheralSignalPacket, never ACT"
"COGNITIVE_REINTEGRATION","cognition/component_specs/","F07_COGNITIVE","FILE_PLAN_ALL 489 COGNITIVE_REINTEGRATION component_specs/C104_contextual_frame_applier.yaml cognition/component_specs/ C104_contextual_frame_applier.yaml yaml P3_COGNITION_SPECS F07 0 0 0 0 1  NOT_FOUND_LOCAL DUPLICATE_SAFE CLEAN LOW KX108","INTEGRATE_TO_COGNITIVE_ADVISORY_SPEC_CANDIDATE","COGNITIVE_REINTEGRATION_ADVISORY_ONLY","false","false","false","F07 audit/spec only; candidate for ContextPacket or PeripheralSignalPacket, never ACT"
"COGNITIVE_REINTEGRATION","cognition/component_specs/","F07_COGNITIVE","FILE_PLAN_ALL 490 COGNITIVE_REINTEGRATION component_specs/C180_thesis_proof_emotion_builder.yaml cognition/component_specs/ C180_thesis_proof_emotion_builder.yaml yaml P3_COGNITION_SPECS F07 0 0 0 0 1  NOT_FOUND_LOCAL DUPLICATE_SAFE CLEAN L","INTEGRATE_TO_COGNITIVE_ADVISORY_SPEC_CANDIDATE","COGNITIVE_REINTEGRATION_ADVISORY_ONLY","false","false","false","F07 audit/spec only; candidate for ContextPacket or PeripheralSignalPacket, never ACT"
"COGNITIVE_REINTEGRATION","cognition/component_specs/","F07_COGNITIVE","FILE_PLAN_ALL 491 COGNITIVE_REINTEGRATION component_specs/C046_agent_trigger_map.yaml cognition/component_specs/ C046_agent_trigger_map.yaml yaml P3_COGNITION_SPECS F07 0 0 0 0 1  NOT_FOUND_LOCAL DUPLICATE_SAFE CLEAN LOW KX108_ONLY; COGNITI","INTEGRATE_TO_COGNITIVE_ADVISORY_SPEC_CANDIDATE","COGNITIVE_REINTEGRATION_ADVISORY_ONLY","false","false","false","F07 audit/spec only; candidate for ContextPacket or PeripheralSignalPacket, never ACT"
"COGNITIVE_REINTEGRATION","cognition/component_specs/","F07_COGNITIVE","FILE_PLAN_ALL 492 COGNITIVE_REINTEGRATION component_specs/C272_recentring_node.yaml cognition/component_specs/ C272_recentring_node.yaml yaml P3_COGNITION_SPECS F07 0 0 0 0 1  NOT_FOUND_LOCAL DUPLICATE_SAFE CLEAN LOW KX108_ONLY; COGNITIVE_S","INTEGRATE_TO_COGNITIVE_ADVISORY_SPEC_CANDIDATE","COGNITIVE_REINTEGRATION_ADVISORY_ONLY","false","false","false","F07 audit/spec only; candidate for ContextPacket or PeripheralSignalPacket, never ACT"
"COGNITIVE_REINTEGRATION","cognition/component_specs/","F07_COGNITIVE","FILE_PLAN_ALL 493 COGNITIVE_REINTEGRATION component_specs/C230_non_linear_activation_law.yaml cognition/component_specs/ C230_non_linear_activation_law.yaml yaml P3_COGNITION_SPECS F07 0 0 0 0 1  NOT_FOUND_LOCAL DUPLICATE_SAFE CLEAN LOW KX1","INTEGRATE_TO_COGNITIVE_ADVISORY_SPEC_CANDIDATE","COGNITIVE_REINTEGRATION_ADVISORY_ONLY","false","false","false","F07 audit/spec only; candidate for ContextPacket or PeripheralSignalPacket, never ACT"
"COGNITIVE_REINTEGRATION","cognition/component_specs/","F07_COGNITIVE","FILE_PLAN_ALL 494 COGNITIVE_REINTEGRATION component_specs/C361_archetype_coherence_checker.yaml cognition/component_specs/ C361_archetype_coherence_checker.yaml yaml P3_COGNITION_SPECS F07 0 0 0 0 1  NOT_FOUND_LOCAL DUPLICATE_SAFE CLEAN LOW","INTEGRATE_TO_COGNITIVE_ADVISORY_SPEC_CANDIDATE","COGNITIVE_REINTEGRATION_ADVISORY_ONLY","false","false","false","F07 audit/spec only; candidate for ContextPacket or PeripheralSignalPacket, never ACT"
"COGNITIVE_REINTEGRATION","cognition/component_specs/","F07_COGNITIVE","FILE_PLAN_ALL 495 COGNITIVE_REINTEGRATION component_specs/C415_Realms_external_entity.yaml cognition/component_specs/ C415_Realms_external_entity.yaml yaml P3_COGNITION_SPECS F07 0 0 0 0 1  NOT_FOUND_LOCAL DUPLICATE_SAFE CLEAN LOW KX108_ONL","INTEGRATE_TO_COGNITIVE_ADVISORY_SPEC_CANDIDATE","COGNITIVE_REINTEGRATION_ADVISORY_ONLY","false","false","false","F07 audit/spec only; candidate for ContextPacket or PeripheralSignalPacket, never ACT"
"COGNITIVE_REINTEGRATION","cognition/component_specs/","F07_COGNITIVE","FILE_PLAN_ALL 496 COGNITIVE_REINTEGRATION component_specs/C192_style_rational.yaml cognition/component_specs/ C192_style_rational.yaml yaml P3_COGNITION_SPECS F07 0 0 0 0 1  NOT_FOUND_LOCAL DUPLICATE_SAFE CLEAN LOW KX108_ONLY; COGNITIVE_SIG","INTEGRATE_TO_COGNITIVE_ADVISORY_SPEC_CANDIDATE","COGNITIVE_REINTEGRATION_ADVISORY_ONLY","false","false","false","F07 audit/spec only; candidate for ContextPacket or PeripheralSignalPacket, never ACT"
"COGNITIVE_REINTEGRATION","cognition/component_specs/","F07_COGNITIVE","FILE_PLAN_ALL 497 COGNITIVE_REINTEGRATION component_specs/C217_law_violation_signal.yaml cognition/component_specs/ C217_law_violation_signal.yaml yaml P3_COGNITION_SPECS F07 0 0 0 0 1  NOT_FOUND_LOCAL DUPLICATE_SAFE CLEAN LOW KX108_ONLY; C","INTEGRATE_TO_COGNITIVE_ADVISORY_SPEC_CANDIDATE","COGNITIVE_REINTEGRATION_ADVISORY_ONLY","false","false","false","F07 audit/spec only; candidate for ContextPacket or PeripheralSignalPacket, never ACT"
"COGNITIVE_REINTEGRATION","cognition/component_specs/","F07_COGNITIVE","FILE_PLAN_ALL 498 COGNITIVE_REINTEGRATION component_specs/C193_style_emphatic.yaml cognition/component_specs/ C193_style_emphatic.yaml yaml P3_COGNITION_SPECS F07 0 0 0 0 1  NOT_FOUND_LOCAL DUPLICATE_SAFE CLEAN LOW KX108_ONLY; COGNITIVE_SIG","INTEGRATE_TO_COGNITIVE_ADVISORY_SPEC_CANDIDATE","COGNITIVE_REINTEGRATION_ADVISORY_ONLY","false","false","false","F07 audit/spec only; candidate for ContextPacket or PeripheralSignalPacket, never ACT"
"COGNITIVE_REINTEGRATION","cognition/component_specs/","F07_COGNITIVE","FILE_PLAN_ALL 499 COGNITIVE_REINTEGRATION component_specs/C103_attention_filter_engine.yaml cognition/component_specs/ C103_attention_filter_engine.yaml yaml P3_COGNITION_SPECS F07 0 0 0 0 1  NOT_FOUND_LOCAL DUPLICATE_SAFE CLEAN LOW KX108_O","INTEGRATE_TO_COGNITIVE_ADVISORY_SPEC_CANDIDATE","COGNITIVE_REINTEGRATION_ADVISORY_ONLY","false","false","false","F07 audit/spec only; candidate for ContextPacket or PeripheralSignalPacket, never ACT"
"COGNITIVE_REINTEGRATION","cognition/component_specs/","F07_COGNITIVE","FILE_PLAN_ALL 500 COGNITIVE_REINTEGRATION component_specs/C105_symbolic_decoding_engine.yaml cognition/component_specs/ C105_symbolic_decoding_engine.yaml yaml P3_COGNITION_SPECS F07 0 0 0 0 1  NOT_FOUND_LOCAL DUPLICATE_SAFE CLEAN LOW KX108","INTEGRATE_TO_COGNITIVE_ADVISORY_SPEC_CANDIDATE","COGNITIVE_REINTEGRATION_ADVISORY_ONLY","false","false","false","F07 audit/spec only; candidate for ContextPacket or PeripheralSignalPacket, never ACT"
"COGNITIVE_REINTEGRATION","cognition/component_specs/","F07_COGNITIVE","FILE_PLAN_ALL 501 COGNITIVE_REINTEGRATION component_specs/C214_stability_indicator.yaml cognition/component_specs/ C214_stability_indicator.yaml yaml P3_COGNITION_SPECS F07 0 0 0 0 1  NOT_FOUND_LOCAL DUPLICATE_SAFE CLEAN LOW KX108_ONLY; COG","INTEGRATE_TO_COGNITIVE_ADVISORY_SPEC_CANDIDATE","COGNITIVE_REINTEGRATION_ADVISORY_ONLY","false","false","false","F07 audit/spec only; candidate for ContextPacket or PeripheralSignalPacket, never ACT"
"COGNITIVE_REINTEGRATION","cognition/component_specs/","F07_COGNITIVE","FILE_PLAN_ALL 502 COGNITIVE_REINTEGRATION component_specs/C277_final_sense_halo.yaml cognition/component_specs/ C277_final_sense_halo.yaml yaml P3_COGNITION_SPECS F07 0 0 0 0 1  NOT_FOUND_LOCAL DUPLICATE_SAFE CLEAN LOW KX108_ONLY; COGNITIVE","INTEGRATE_TO_COGNITIVE_ADVISORY_SPEC_CANDIDATE","COGNITIVE_REINTEGRATION_ADVISORY_ONLY","false","false","false","F07 audit/spec only; candidate for ContextPacket or PeripheralSignalPacket, never ACT"
"COGNITIVE_REINTEGRATION","cognition/component_specs/","F07_COGNITIVE","FILE_PLAN_ALL 503 COGNITIVE_REINTEGRATION component_specs/C057_agent_state_memory.yaml cognition/component_specs/ C057_agent_state_memory.yaml yaml P3_COGNITION_SPECS F07 0 0 0 0 1  NOT_FOUND_LOCAL DUPLICATE_SAFE CLEAN LOW KX108_ONLY; COGNI","INTEGRATE_TO_COGNITIVE_ADVISORY_SPEC_CANDIDATE","COGNITIVE_REINTEGRATION_ADVISORY_ONLY","false","false","false","F07 audit/spec only; candidate for ContextPacket or PeripheralSignalPacket, never ACT"
"COGNITIVE_REINTEGRATION","cognition/component_specs/","F07_COGNITIVE","FILE_PLAN_ALL 504 COGNITIVE_REINTEGRATION component_specs/C455_custody_lineage_packet.yaml cognition/component_specs/ C455_custody_lineage_packet.yaml yaml P3_COGNITION_SPECS F07 0 0 0 0 1  NOT_FOUND_LOCAL DUPLICATE_SAFE CLEAN LOW KX108_ONL","INTEGRATE_TO_COGNITIVE_ADVISORY_SPEC_CANDIDATE","COGNITIVE_REINTEGRATION_ADVISORY_ONLY","false","false","false","F07 audit/spec only; candidate for ContextPacket or PeripheralSignalPacket, never ACT"
"COGNITIVE_REINTEGRATION","cognition/component_specs/","F07_COGNITIVE","FILE_PLAN_ALL 505 COGNITIVE_REINTEGRATION component_specs/C342_feedback_button_correct.yaml cognition/component_specs/ C342_feedback_button_correct.yaml yaml P3_COGNITION_SPECS F07 0 0 0 0 1  NOT_FOUND_LOCAL DUPLICATE_SAFE CLEAN LOW KX108_O","INTEGRATE_TO_COGNITIVE_ADVISORY_SPEC_CANDIDATE","COGNITIVE_REINTEGRATION_ADVISORY_ONLY","false","false","false","F07 audit/spec only; candidate for ContextPacket or PeripheralSignalPacket, never ACT"
"COGNITIVE_REINTEGRATION","cognition/component_specs/","F07_COGNITIVE","FILE_PLAN_ALL 506 COGNITIVE_REINTEGRATION component_specs/C028_analytic_reasoning_mode.yaml cognition/component_specs/ C028_analytic_reasoning_mode.yaml yaml P3_COGNITION_SPECS F07 0 0 0 0 1  NOT_FOUND_LOCAL DUPLICATE_SAFE CLEAN LOW KX108_O","INTEGRATE_TO_COGNITIVE_ADVISORY_SPEC_CANDIDATE","COGNITIVE_REINTEGRATION_ADVISORY_ONLY","false","false","false","F07 audit/spec only; candidate for ContextPacket or PeripheralSignalPacket, never ACT"
"COGNITIVE_REINTEGRATION","cognition/component_specs/","F07_COGNITIVE","FILE_PLAN_ALL 507 COGNITIVE_REINTEGRATION component_specs/C425_intent_receipt_emitter.yaml cognition/component_specs/ C425_intent_receipt_emitter.yaml yaml P3_COGNITION_SPECS F07 0 0 0 0 1  NOT_FOUND_LOCAL DUPLICATE_SAFE CLEAN LOW KX108_ONL","INTEGRATE_TO_COGNITIVE_ADVISORY_SPEC_CANDIDATE","COGNITIVE_REINTEGRATION_ADVISORY_ONLY","false","false","false","F07 audit/spec only; candidate for ContextPacket or PeripheralSignalPacket, never ACT"
"COGNITIVE_REINTEGRATION","cognition/component_specs/","F07_COGNITIVE","FILE_PLAN_ALL 508 COGNITIVE_REINTEGRATION component_specs/C194_style_academic.yaml cognition/component_specs/ C194_style_academic.yaml yaml P3_COGNITION_SPECS F07 0 0 0 0 1  NOT_FOUND_LOCAL DUPLICATE_SAFE CLEAN LOW KX108_ONLY; COGNITIVE_SIG","INTEGRATE_TO_COGNITIVE_ADVISORY_SPEC_CANDIDATE","COGNITIVE_REINTEGRATION_ADVISORY_ONLY","false","false","false","F07 audit/spec only; candidate for ContextPacket or PeripheralSignalPacket, never ACT"
"COGNITIVE_REINTEGRATION","cognition/component_specs/","F07_COGNITIVE","FILE_PLAN_ALL 509 COGNITIVE_REINTEGRATION component_specs/C036_reasoning_switch_graph.yaml cognition/component_specs/ C036_reasoning_switch_graph.yaml yaml P3_COGNITION_SPECS F07 0 0 0 0 1  NOT_FOUND_LOCAL DUPLICATE_SAFE CLEAN LOW KX108_ONL","INTEGRATE_TO_COGNITIVE_ADVISORY_SPEC_CANDIDATE","COGNITIVE_REINTEGRATION_ADVISORY_ONLY","false","false","false","F07 audit/spec only; candidate for ContextPacket or PeripheralSignalPacket, never ACT"
"COGNITIVE_REINTEGRATION","cognition/component_specs/","F07_COGNITIVE","FILE_PLAN_ALL 510 COGNITIVE_REINTEGRATION component_specs/C072_chronomancien.yaml cognition/component_specs/ C072_chronomancien.yaml yaml P3_COGNITION_SPECS F07 0 0 0 0 1  NOT_FOUND_LOCAL DUPLICATE_SAFE CLEAN LOW KX108_ONLY; COGNITIVE_SIGNA","INTEGRATE_TO_COGNITIVE_ADVISORY_SPEC_CANDIDATE","COGNITIVE_REINTEGRATION_ADVISORY_ONLY","false","false","false","F07 audit/spec only; candidate for ContextPacket or PeripheralSignalPacket, never ACT"
"COGNITIVE_REINTEGRATION","cognition/component_specs/","F07_COGNITIVE","FILE_PLAN_ALL 511 COGNITIVE_REINTEGRATION component_specs/C322_architect_memory_reactivation.yaml cognition/component_specs/ C322_architect_memory_reactivation.yaml yaml P3_COGNITION_SPECS F07 0 0 0 0 1  NOT_FOUND_LOCAL DUPLICATE_SAFE CLEAN","INTEGRATE_TO_COGNITIVE_ADVISORY_SPEC_CANDIDATE","COGNITIVE_REINTEGRATION_ADVISORY_ONLY","false","false","false","F07 audit/spec only; candidate for ContextPacket or PeripheralSignalPacket, never ACT"
"COGNITIVE_REINTEGRATION","cognition/component_specs/","F07_COGNITIVE","FILE_PLAN_ALL 512 COGNITIVE_REINTEGRATION component_specs/C147_evaluation_loop.yaml cognition/component_specs/ C147_evaluation_loop.yaml yaml P3_COGNITION_SPECS F07 0 0 0 0 1  NOT_FOUND_LOCAL DUPLICATE_SAFE CLEAN LOW KX108_ONLY; COGNITIVE_S","INTEGRATE_TO_COGNITIVE_ADVISORY_SPEC_CANDIDATE","COGNITIVE_REINTEGRATION_ADVISORY_ONLY","false","false","false","F07 audit/spec only; candidate for ContextPacket or PeripheralSignalPacket, never ACT"
"COGNITIVE_REINTEGRATION","cognition/component_specs/","F07_COGNITIVE","FILE_PLAN_ALL 513 COGNITIVE_REINTEGRATION component_specs/C143_portal_safety_boundary.yaml cognition/component_specs/ C143_portal_safety_boundary.yaml yaml P1_CONTRACTS F07 0 0 0 0 1  NOT_FOUND_LOCAL DUPLICATE_SAFE CLEAN LOW KX108_ONLY; COG","INTEGRATE_TO_COGNITIVE_ADVISORY_SPEC_CANDIDATE","COGNITIVE_REINTEGRATION_ADVISORY_ONLY","false","false","false","F07 audit/spec only; candidate for ContextPacket or PeripheralSignalPacket, never ACT"
"COGNITIVE_REINTEGRATION","cognition/component_specs/","F07_COGNITIVE","FILE_PLAN_ALL 514 COGNITIVE_REINTEGRATION component_specs/C225_omniscience_distributed_law.yaml cognition/component_specs/ C225_omniscience_distributed_law.yaml yaml P3_COGNITION_SPECS F07 0 0 0 0 1  NOT_FOUND_LOCAL DUPLICATE_SAFE CLEAN LOW","INTEGRATE_TO_COGNITIVE_ADVISORY_SPEC_CANDIDATE","COGNITIVE_REINTEGRATION_ADVISORY_ONLY","false","false","false","F07 audit/spec only; candidate for ContextPacket or PeripheralSignalPacket, never ACT"
"COGNITIVE_REINTEGRATION","cognition/component_specs/","F07_COGNITIVE","FILE_PLAN_ALL 515 COGNITIVE_REINTEGRATION component_specs/C123_abstract_pattern_parser.yaml cognition/component_specs/ C123_abstract_pattern_parser.yaml yaml P3_COGNITION_SPECS F07 0 0 0 0 1  NOT_FOUND_LOCAL DUPLICATE_SAFE CLEAN LOW KX108_O","INTEGRATE_TO_COGNITIVE_ADVISORY_SPEC_CANDIDATE","COGNITIVE_REINTEGRATION_ADVISORY_ONLY","false","false","false","F07 audit/spec only; candidate for ContextPacket or PeripheralSignalPacket, never ACT"
"COGNITIVE_REINTEGRATION","cognition/component_specs/","F07_COGNITIVE","FILE_PLAN_ALL 516 COGNITIVE_REINTEGRATION component_specs/C101_input_gateway.yaml cognition/component_specs/ C101_input_gateway.yaml yaml P3_COGNITION_SPECS F07 0 0 0 0 1  NOT_FOUND_LOCAL DUPLICATE_SAFE CLEAN LOW KX108_ONLY; COGNITIVE_SIGNA","INTEGRATE_TO_COGNITIVE_ADVISORY_SPEC_CANDIDATE","COGNITIVE_REINTEGRATION_ADVISORY_ONLY","false","false","false","F07 audit/spec only; candidate for ContextPacket or PeripheralSignalPacket, never ACT"
"COGNITIVE_REINTEGRATION","cognition/component_specs/","F07_COGNITIVE","FILE_PLAN_ALL 517 COGNITIVE_REINTEGRATION component_specs/C321_architect_feedback_router.yaml cognition/component_specs/ C321_architect_feedback_router.yaml yaml P3_COGNITION_SPECS F07 0 0 0 0 1  NOT_FOUND_LOCAL DUPLICATE_SAFE CLEAN LOW KX1","INTEGRATE_TO_COGNITIVE_ADVISORY_SPEC_CANDIDATE","COGNITIVE_REINTEGRATION_ADVISORY_ONLY","false","false","false","F07 audit/spec only; candidate for ContextPacket or PeripheralSignalPacket, never ACT"
"COGNITIVE_REINTEGRATION","cognition/component_specs/","F07_COGNITIVE","FILE_PLAN_ALL 518 COGNITIVE_REINTEGRATION component_specs/C161_output_intent_builder.yaml cognition/component_specs/ C161_output_intent_builder.yaml yaml P3_COGNITION_SPECS F07 0 0 0 0 1  NOT_FOUND_LOCAL DUPLICATE_SAFE CLEAN LOW KX108_ONLY;","INTEGRATE_TO_COGNITIVE_ADVISORY_SPEC_CANDIDATE","COGNITIVE_REINTEGRATION_ADVISORY_ONLY","false","false","false","F07 audit/spec only; candidate for ContextPacket or PeripheralSignalPacket, never ACT"
"COGNITIVE_REINTEGRATION","cognition/component_specs/","F07_COGNITIVE","FILE_PLAN_ALL 519 COGNITIVE_REINTEGRATION component_specs/C388_symbolic_version_mode.yaml cognition/component_specs/ C388_symbolic_version_mode.yaml yaml P3_COGNITION_SPECS F07 0 0 0 0 1  NOT_FOUND_LOCAL DUPLICATE_SAFE CLEAN LOW KX108_ONLY;","INTEGRATE_TO_COGNITIVE_ADVISORY_SPEC_CANDIDATE","COGNITIVE_REINTEGRATION_ADVISORY_ONLY","false","false","false","F07 audit/spec only; candidate for ContextPacket or PeripheralSignalPacket, never ACT"
"COGNITIVE_REINTEGRATION","cognition/component_specs/","F07_COGNITIVE","FILE_PLAN_ALL 520 COGNITIVE_REINTEGRATION component_specs/C187_temporal_perspective_filter.yaml cognition/component_specs/ C187_temporal_perspective_filter.yaml yaml P3_COGNITION_SPECS F07 0 0 0 0 1  NOT_FOUND_LOCAL DUPLICATE_SAFE CLEAN LOW","INTEGRATE_TO_COGNITIVE_ADVISORY_SPEC_CANDIDATE","COGNITIVE_REINTEGRATION_ADVISORY_ONLY","false","false","false","F07 audit/spec only; candidate for ContextPacket or PeripheralSignalPacket, never ACT"
"COGNITIVE_REINTEGRATION","cognition/component_specs/","F07_COGNITIVE","FILE_PLAN_ALL 521 COGNITIVE_REINTEGRATION component_specs/C146_understanding_loop.yaml cognition/component_specs/ C146_understanding_loop.yaml yaml P3_COGNITION_SPECS F07 0 0 0 0 1  NOT_FOUND_LOCAL DUPLICATE_SAFE CLEAN LOW KX108_ONLY; COGNI","INTEGRATE_TO_COGNITIVE_ADVISORY_SPEC_CANDIDATE","COGNITIVE_REINTEGRATION_ADVISORY_ONLY","false","false","false","F07 audit/spec only; candidate for ContextPacket or PeripheralSignalPacket, never ACT"
"COGNITIVE_REINTEGRATION","cognition/component_specs/","F07_COGNITIVE","FILE_PLAN_ALL 522 COGNITIVE_REINTEGRATION component_specs/C331_calibrated_prompt_interface.yaml cognition/component_specs/ C331_calibrated_prompt_interface.yaml yaml P3_COGNITION_SPECS F07 0 0 0 0 1  NOT_FOUND_LOCAL DUPLICATE_SAFE CLEAN LOW","INTEGRATE_TO_COGNITIVE_ADVISORY_SPEC_CANDIDATE","COGNITIVE_REINTEGRATION_ADVISORY_ONLY","false","false","false","F07 audit/spec only; candidate for ContextPacket or PeripheralSignalPacket, never ACT"
"COGNITIVE_REINTEGRATION","cognition/component_specs/","F07_COGNITIVE","FILE_PLAN_ALL 523 COGNITIVE_REINTEGRATION component_specs/C308_ethics_alignment_registry.yaml cognition/component_specs/ C308_ethics_alignment_registry.yaml yaml P3_COGNITION_SPECS F07 0 0 0 0 1  NOT_FOUND_LOCAL DUPLICATE_SAFE CLEAN LOW KX1","INTEGRATE_TO_COGNITIVE_ADVISORY_SPEC_CANDIDATE","COGNITIVE_REINTEGRATION_ADVISORY_ONLY","false","false","false","F07 audit/spec only; candidate for ContextPacket or PeripheralSignalPacket, never ACT"
"COGNITIVE_REINTEGRATION","cognition/component_specs/","F07_COGNITIVE","FILE_PLAN_ALL 524 COGNITIVE_REINTEGRATION component_specs/C454_continuation_legitimacy_status.yaml cognition/component_specs/ C454_continuation_legitimacy_status.yaml yaml P3_COGNITION_SPECS F07 0 0 0 0 1  NOT_FOUND_LOCAL DUPLICATE_SAFE CLE","INTEGRATE_TO_COGNITIVE_ADVISORY_SPEC_CANDIDATE","COGNITIVE_REINTEGRATION_ADVISORY_ONLY","false","false","false","F07 audit/spec only; candidate for ContextPacket or PeripheralSignalPacket, never ACT"
"COGNITIVE_REINTEGRATION","cognition/component_specs/","F07_COGNITIVE","FILE_PLAN_ALL 525 COGNITIVE_REINTEGRATION component_specs/C344_debug_to_memory_feedback.yaml cognition/component_specs/ C344_debug_to_memory_feedback.yaml yaml P3_COGNITION_SPECS F07 0 0 0 0 1  NOT_FOUND_LOCAL DUPLICATE_SAFE CLEAN LOW KX108","INTEGRATE_TO_COGNITIVE_ADVISORY_SPEC_CANDIDATE","COGNITIVE_REINTEGRATION_ADVISORY_ONLY","false","false","false","F07 audit/spec only; candidate for ContextPacket or PeripheralSignalPacket, never ACT"
"COGNITIVE_REINTEGRATION","cognition/component_specs/","F07_COGNITIVE","FILE_PLAN_ALL 526 COGNITIVE_REINTEGRATION component_specs/C356_archetype_switch_engine.yaml cognition/component_specs/ C356_archetype_switch_engine.yaml yaml P3_COGNITION_SPECS F07 0 0 0 0 1  NOT_FOUND_LOCAL DUPLICATE_SAFE CLEAN LOW KX108_O","INTEGRATE_TO_COGNITIVE_ADVISORY_SPEC_CANDIDATE","COGNITIVE_REINTEGRATION_ADVISORY_ONLY","false","false","false","F07 audit/spec only; candidate for ContextPacket or PeripheralSignalPacket, never ACT"
"COGNITIVE_REINTEGRATION","cognition/component_specs/","F07_COGNITIVE","FILE_PLAN_ALL 527 COGNITIVE_REINTEGRATION component_specs/C349_micro_agent_despawn_policy.yaml cognition/component_specs/ C349_micro_agent_despawn_policy.yaml yaml P3_COGNITION_SPECS F07 0 0 0 0 1  NOT_FOUND_LOCAL DUPLICATE_SAFE CLEAN LOW K","INTEGRATE_TO_COGNITIVE_ADVISORY_SPEC_CANDIDATE","COGNITIVE_REINTEGRATION_ADVISORY_ONLY","false","false","false","F07 audit/spec only; candidate for ContextPacket or PeripheralSignalPacket, never ACT"
"COGNITIVE_REINTEGRATION","cognition/component_specs/","F07_COGNITIVE","FILE_PLAN_ALL 528 COGNITIVE_REINTEGRATION component_specs/C041_agent_registry.yaml cognition/component_specs/ C041_agent_registry.yaml yaml P3_COGNITION_SPECS F07 0 0 0 0 1  NOT_FOUND_LOCAL DUPLICATE_SAFE CLEAN LOW KX108_ONLY; COGNITIVE_SIG","INTEGRATE_TO_COGNITIVE_ADVISORY_SPEC_CANDIDATE","COGNITIVE_REINTEGRATION_ADVISORY_ONLY","false","false","false","F07 audit/spec only; candidate for ContextPacket or PeripheralSignalPacket, never ACT"
"COGNITIVE_REINTEGRATION","cognition/component_specs/","F07_COGNITIVE","FILE_PLAN_ALL 529 COGNITIVE_REINTEGRATION component_specs/C341_feedback_button_revoke.yaml cognition/component_specs/ C341_feedback_button_revoke.yaml yaml P3_COGNITION_SPECS F07 0 0 0 0 1  NOT_FOUND_LOCAL DUPLICATE_SAFE CLEAN LOW KX108_ONL","INTEGRATE_TO_COGNITIVE_ADVISORY_SPEC_CANDIDATE","COGNITIVE_REINTEGRATION_ADVISORY_ONLY","false","false","false","F07 audit/spec only; candidate for ContextPacket or PeripheralSignalPacket, never ACT"
"COGNITIVE_REINTEGRATION","cognition/component_specs/","F07_COGNITIVE","FILE_PLAN_ALL 530 COGNITIVE_REINTEGRATION component_specs/C399_cognitive_capsule_engine.yaml cognition/component_specs/ C399_cognitive_capsule_engine.yaml yaml P3_COGNITION_SPECS F07 0 0 0 0 1  NOT_FOUND_LOCAL DUPLICATE_SAFE CLEAN LOW KX108","INTEGRATE_TO_COGNITIVE_ADVISORY_SPEC_CANDIDATE","COGNITIVE_REINTEGRATION_ADVISORY_ONLY","false","false","false","F07 audit/spec only; candidate for ContextPacket or PeripheralSignalPacket, never ACT"
"COGNITIVE_REINTEGRATION","cognition/component_specs/","F07_COGNITIVE","FILE_PLAN_ALL 531 COGNITIVE_REINTEGRATION component_specs/C198_style_obsidien.yaml cognition/component_specs/ C198_style_obsidien.yaml yaml P3_COGNITION_SPECS F07 0 0 0 0 1  NOT_FOUND_LOCAL DUPLICATE_SAFE CLEAN LOW KX108_ONLY; COGNITIVE_SIG","INTEGRATE_TO_COGNITIVE_ADVISORY_SPEC_CANDIDATE","COGNITIVE_REINTEGRATION_ADVISORY_ONLY","false","false","false","F07 audit/spec only; candidate for ContextPacket or PeripheralSignalPacket, never ACT"
"COGNITIVE_REINTEGRATION","cognition/component_specs/","F07_COGNITIVE","FILE_PLAN_ALL 532 COGNITIVE_REINTEGRATION component_specs/C144_cognitive_loop_engine.yaml cognition/component_specs/ C144_cognitive_loop_engine.yaml yaml P3_COGNITION_SPECS F07 0 0 0 0 1  NOT_FOUND_LOCAL DUPLICATE_SAFE CLEAN LOW KX108_ONLY;","INTEGRATE_TO_COGNITIVE_ADVISORY_SPEC_CANDIDATE","COGNITIVE_REINTEGRATION_ADVISORY_ONLY","false","false","false","F07 audit/spec only; candidate for ContextPacket or PeripheralSignalPacket, never ACT"
"COGNITIVE_REINTEGRATION","cognition/component_specs/","F07_COGNITIVE","FILE_PLAN_ALL 533 COGNITIVE_REINTEGRATION component_specs/C151_emergence_loop.yaml cognition/component_specs/ C151_emergence_loop.yaml yaml P3_COGNITION_SPECS F07 0 0 0 0 1  NOT_FOUND_LOCAL DUPLICATE_SAFE CLEAN LOW KX108_ONLY; COGNITIVE_SIG","INTEGRATE_TO_COGNITIVE_ADVISORY_SPEC_CANDIDATE","COGNITIVE_REINTEGRATION_ADVISORY_ONLY","false","false","false","F07 audit/spec only; candidate for ContextPacket or PeripheralSignalPacket, never ACT"
"COGNITIVE_REINTEGRATION","cognition/component_specs/","F07_COGNITIVE","FILE_PLAN_ALL 534 COGNITIVE_REINTEGRATION component_specs/C366_ERA_agent_summoner.yaml cognition/component_specs/ C366_ERA_agent_summoner.yaml yaml P3_COGNITION_SPECS F07 0 0 0 0 1  NOT_FOUND_LOCAL DUPLICATE_SAFE CLEAN LOW KX108_ONLY; COGNI","INTEGRATE_TO_COGNITIVE_ADVISORY_SPEC_CANDIDATE","COGNITIVE_REINTEGRATION_ADVISORY_ONLY","false","false","false","F07 audit/spec only; candidate for ContextPacket or PeripheralSignalPacket, never ACT"
"COGNITIVE_REINTEGRATION","cognition/component_specs/","F07_COGNITIVE","FILE_PLAN_ALL 535 COGNITIVE_REINTEGRATION component_specs/C383_token_brain_mode.yaml cognition/component_specs/ C383_token_brain_mode.yaml yaml P3_COGNITION_SPECS F07 0 0 0 0 1  NOT_FOUND_LOCAL DUPLICATE_SAFE CLEAN LOW KX108_ONLY; COGNITIVE","INTEGRATE_TO_COGNITIVE_ADVISORY_SPEC_CANDIDATE","COGNITIVE_REINTEGRATION_ADVISORY_ONLY","false","false","false","F07 audit/spec only; candidate for ContextPacket or PeripheralSignalPacket, never ACT"
"COGNITIVE_REINTEGRATION","cognition/component_specs/","F07_COGNITIVE","FILE_PLAN_ALL 536 COGNITIVE_REINTEGRATION component_specs/C042_agent_family_registry.yaml cognition/component_specs/ C042_agent_family_registry.yaml yaml P3_COGNITION_SPECS F07 0 0 0 0 1  NOT_FOUND_LOCAL DUPLICATE_SAFE CLEAN LOW KX108_ONLY;","INTEGRATE_TO_COGNITIVE_ADVISORY_SPEC_CANDIDATE","COGNITIVE_REINTEGRATION_ADVISORY_ONLY","false","false","false","F07 audit/spec only; candidate for ContextPacket or PeripheralSignalPacket, never ACT"
"COGNITIVE_REINTEGRATION","cognition/component_specs/","F07_COGNITIVE","FILE_PLAN_ALL 537 COGNITIVE_REINTEGRATION component_specs/C095_agent_echo_structured_feedback.yaml cognition/component_specs/ C095_agent_echo_structured_feedback.yaml yaml P3_COGNITION_SPECS F07 0 0 0 0 1  NOT_FOUND_LOCAL DUPLICATE_SAFE CLE","INTEGRATE_TO_COGNITIVE_ADVISORY_SPEC_CANDIDATE","COGNITIVE_REINTEGRATION_ADVISORY_ONLY","false","false","false","F07 audit/spec only; candidate for ContextPacket or PeripheralSignalPacket, never ACT"
"COGNITIVE_REINTEGRATION","cognition/component_specs/","F07_COGNITIVE","FILE_PLAN_ALL 538 COGNITIVE_REINTEGRATION component_specs/C280_living_mental_network.yaml cognition/component_specs/ C280_living_mental_network.yaml yaml P3_COGNITION_SPECS F07 0 0 0 0 1  NOT_FOUND_LOCAL DUPLICATE_SAFE CLEAN LOW KX108_ONLY;","INTEGRATE_TO_COGNITIVE_ADVISORY_SPEC_CANDIDATE","COGNITIVE_REINTEGRATION_ADVISORY_ONLY","false","false","false","F07 audit/spec only; candidate for ContextPacket or PeripheralSignalPacket, never ACT"
"COGNITIVE_REINTEGRATION","cognition/component_specs/","F07_COGNITIVE","FILE_PLAN_ALL 539 COGNITIVE_REINTEGRATION component_specs/C219_echo_law.yaml cognition/component_specs/ C219_echo_law.yaml yaml P3_COGNITION_SPECS F07 0 0 0 0 1  NOT_FOUND_LOCAL DUPLICATE_SAFE CLEAN LOW KX108_ONLY; COGNITIVE_SIGNAL_ONLY; AD","INTEGRATE_TO_COGNITIVE_ADVISORY_SPEC_CANDIDATE","COGNITIVE_REINTEGRATION_ADVISORY_ONLY","false","false","false","F07 audit/spec only; candidate for ContextPacket or PeripheralSignalPacket, never ACT"
"COGNITIVE_REINTEGRATION","cognition/component_specs/","F07_COGNITIVE","FILE_PLAN_ALL 540 COGNITIVE_REINTEGRATION component_specs/C334_AVDR_light_trace.yaml cognition/component_specs/ C334_AVDR_light_trace.yaml yaml P3_COGNITION_SPECS F07 0 0 0 0 1  NOT_FOUND_LOCAL DUPLICATE_SAFE CLEAN LOW KX108_ONLY; COGNITIVE","INTEGRATE_TO_COGNITIVE_ADVISORY_SPEC_CANDIDATE","COGNITIVE_REINTEGRATION_ADVISORY_ONLY","false","false","false","F07 audit/spec only; candidate for ContextPacket or PeripheralSignalPacket, never ACT"
"COGNITIVE_REINTEGRATION","cognition/component_specs/","F07_COGNITIVE","FILE_PLAN_ALL 541 COGNITIVE_REINTEGRATION component_specs/C099_agent_alignement_resilience.yaml cognition/component_specs/ C099_agent_alignement_resilience.yaml yaml P3_COGNITION_SPECS F07 0 0 0 0 1  NOT_FOUND_LOCAL DUPLICATE_SAFE CLEAN LOW","INTEGRATE_TO_COGNITIVE_ADVISORY_SPEC_CANDIDATE","COGNITIVE_REINTEGRATION_ADVISORY_ONLY","false","false","false","F07 audit/spec only; candidate for ContextPacket or PeripheralSignalPacket, never ACT"
"COGNITIVE_REINTEGRATION","cognition/component_specs/","F07_COGNITIVE","FILE_PLAN_ALL 542 COGNITIVE_REINTEGRATION component_specs/C340_feedback_button_authorize.yaml cognition/component_specs/ C340_feedback_button_authorize.yaml yaml P3_COGNITION_SPECS F07 0 0 0 0 1  NOT_FOUND_LOCAL DUPLICATE_SAFE CLEAN LOW KX1","INTEGRATE_TO_COGNITIVE_ADVISORY_SPEC_CANDIDATE","COGNITIVE_REINTEGRATION_ADVISORY_ONLY","false","false","false","F07 audit/spec only; candidate for ContextPacket or PeripheralSignalPacket, never ACT"
"COGNITIVE_REINTEGRATION","cognition/component_specs/","F07_COGNITIVE","FILE_PLAN_ALL 543 COGNITIVE_REINTEGRATION component_specs/C237_compression_language_map.yaml cognition/component_specs/ C237_compression_language_map.yaml yaml P3_COGNITION_SPECS F07 0 0 0 0 1  NOT_FOUND_LOCAL DUPLICATE_SAFE CLEAN LOW KX108","INTEGRATE_TO_COGNITIVE_ADVISORY_SPEC_CANDIDATE","COGNITIVE_REINTEGRATION_ADVISORY_ONLY","false","false","false","F07 audit/spec only; candidate for ContextPacket or PeripheralSignalPacket, never ACT"
"COGNITIVE_REINTEGRATION","cognition/component_specs/","F07_COGNITIVE","FILE_PLAN_ALL 544 COGNITIVE_REINTEGRATION component_specs/C007_legacy_to_kernel_boundary_map.yaml cognition/component_specs/ C007_legacy_to_kernel_boundary_map.yaml yaml P1_CONTRACTS F07 0 0 0 0 1  NOT_FOUND_LOCAL DUPLICATE_SAFE CLEAN LOW K","INTEGRATE_TO_COGNITIVE_ADVISORY_SPEC_CANDIDATE","COGNITIVE_REINTEGRATION_ADVISORY_ONLY","false","false","false","F07 audit/spec only; candidate for ContextPacket or PeripheralSignalPacket, never ACT"
"COGNITIVE_REINTEGRATION","cognition/component_specs/","F07_COGNITIVE","FILE_PLAN_ALL 545 COGNITIVE_REINTEGRATION component_specs/C184_script_narrative_generator.yaml cognition/component_specs/ C184_script_narrative_generator.yaml yaml P3_COGNITION_SPECS F07 0 0 0 0 1  NOT_FOUND_LOCAL DUPLICATE_SAFE CLEAN LOW K","INTEGRATE_TO_COGNITIVE_ADVISORY_SPEC_CANDIDATE","COGNITIVE_REINTEGRATION_ADVISORY_ONLY","false","false","false","F07 audit/spec only; candidate for ContextPacket or PeripheralSignalPacket, never ACT"
"COGNITIVE_REINTEGRATION","cognition/component_specs/","F07_COGNITIVE","FILE_PLAN_ALL 546 COGNITIVE_REINTEGRATION component_specs/C346_ARM_micro_agent_registry.yaml cognition/component_specs/ C346_ARM_micro_agent_registry.yaml yaml P3_COGNITION_SPECS F07 0 0 0 0 1  NOT_FOUND_LOCAL DUPLICATE_SAFE CLEAN LOW KX108","INTEGRATE_TO_COGNITIVE_ADVISORY_SPEC_CANDIDATE","COGNITIVE_REINTEGRATION_ADVISORY_ONLY","false","false","false","F07 audit/spec only; candidate for ContextPacket or PeripheralSignalPacket, never ACT"
"COGNITIVE_REINTEGRATION","cognition/component_specs/","F07_COGNITIVE","FILE_PLAN_ALL 547 COGNITIVE_REINTEGRATION component_specs/C226_traceable_interpretable_memory_law.yaml cognition/component_specs/ C226_traceable_interpretable_memory_law.yaml yaml P3_COGNITION_SPECS F07 0 0 0 0 1  NOT_FOUND_LOCAL DUPLICATE_","INTEGRATE_TO_COGNITIVE_ADVISORY_SPEC_CANDIDATE","COGNITIVE_REINTEGRATION_ADVISORY_ONLY","false","false","false","F07 audit/spec only; candidate for ContextPacket or PeripheralSignalPacket, never ACT"
"COGNITIVE_REINTEGRATION","cognition/component_specs/","F07_COGNITIVE","FILE_PLAN_ALL 548 COGNITIVE_REINTEGRATION component_specs/C174_world_real_action_candidate_route.yaml cognition/component_specs/ C174_world_real_action_candidate_route.yaml yaml P3_COGNITION_SPECS F07 0 0 0 0 1  NOT_FOUND_LOCAL DUPLICATE_SA","INTEGRATE_TO_COGNITIVE_ADVISORY_SPEC_CANDIDATE","COGNITIVE_REINTEGRATION_ADVISORY_ONLY","false","false","false","F07 audit/spec only; candidate for ContextPacket or PeripheralSignalPacket, never ACT"
"COGNITIVE_REINTEGRATION","cognition/component_specs/","F07_COGNITIVE","FILE_PLAN_ALL 549 COGNITIVE_REINTEGRATION component_specs/C304_internal_state_mapper.yaml cognition/component_specs/ C304_internal_state_mapper.yaml yaml P3_COGNITION_SPECS F07 0 0 0 0 1  NOT_FOUND_LOCAL DUPLICATE_SAFE CLEAN LOW KX108_ONLY;","INTEGRATE_TO_COGNITIVE_ADVISORY_SPEC_CANDIDATE","COGNITIVE_REINTEGRATION_ADVISORY_ONLY","false","false","false","F07 audit/spec only; candidate for ContextPacket or PeripheralSignalPacket, never ACT"
"COGNITIVE_REINTEGRATION","cognition/component_specs/","F07_COGNITIVE","FILE_PLAN_ALL 550 COGNITIVE_REINTEGRATION component_specs/C177_symbolic_transformation_engine.yaml cognition/component_specs/ C177_symbolic_transformation_engine.yaml yaml P3_COGNITION_SPECS F07 0 0 0 0 1  NOT_FOUND_LOCAL DUPLICATE_SAFE CLE","INTEGRATE_TO_COGNITIVE_ADVISORY_SPEC_CANDIDATE","COGNITIVE_REINTEGRATION_ADVISORY_ONLY","false","false","false","F07 audit/spec only; candidate for ContextPacket or PeripheralSignalPacket, never ACT"
"COGNITIVE_REINTEGRATION","cognition/component_specs/","F07_COGNITIVE","FILE_PLAN_ALL 551 COGNITIVE_REINTEGRATION component_specs/C365_ERA_context_importer.yaml cognition/component_specs/ C365_ERA_context_importer.yaml yaml P3_COGNITION_SPECS F07 0 0 0 0 1  NOT_FOUND_LOCAL DUPLICATE_SAFE CLEAN LOW KX108_ONLY; C","INTEGRATE_TO_COGNITIVE_ADVISORY_SPEC_CANDIDATE","COGNITIVE_REINTEGRATION_ADVISORY_ONLY","false","false","false","F07 audit/spec only; candidate for ContextPacket or PeripheralSignalPacket, never ACT"
"COGNITIVE_REINTEGRATION","cognition/component_specs/","F07_COGNITIVE","FILE_PLAN_ALL 552 COGNITIVE_REINTEGRATION component_specs/C273_divergence_node.yaml cognition/component_specs/ C273_divergence_node.yaml yaml P3_COGNITION_SPECS F07 0 0 0 0 1  NOT_FOUND_LOCAL DUPLICATE_SAFE CLEAN LOW KX108_ONLY; COGNITIVE_S","INTEGRATE_TO_COGNITIVE_ADVISORY_SPEC_CANDIDATE","COGNITIVE_REINTEGRATION_ADVISORY_ONLY","false","false","false","F07 audit/spec only; candidate for ContextPacket or PeripheralSignalPacket, never ACT"
"COGNITIVE_REINTEGRATION","cognition/component_specs/","F07_COGNITIVE","FILE_PLAN_ALL 553 COGNITIVE_REINTEGRATION component_specs/C433_action_feedback_packet.yaml cognition/component_specs/ C433_action_feedback_packet.yaml yaml P3_COGNITION_SPECS F07 0 0 0 0 1  NOT_FOUND_LOCAL DUPLICATE_SAFE CLEAN LOW KX108_ONL","INTEGRATE_TO_COGNITIVE_ADVISORY_SPEC_CANDIDATE","COGNITIVE_REINTEGRATION_ADVISORY_ONLY","false","false","false","F07 audit/spec only; candidate for ContextPacket or PeripheralSignalPacket, never ACT"
"COGNITIVE_REINTEGRATION","cognition/component_specs/","F07_COGNITIVE","FILE_PLAN_ALL 554 COGNITIVE_REINTEGRATION component_specs/C245_memory_to_agent_bridge.yaml cognition/component_specs/ C245_memory_to_agent_bridge.yaml yaml P3_COGNITION_SPECS F07 0 0 0 0 1  NOT_FOUND_LOCAL DUPLICATE_SAFE CLEAN LOW KX108_ONL","INTEGRATE_TO_COGNITIVE_ADVISORY_SPEC_CANDIDATE","COGNITIVE_REINTEGRATION_ADVISORY_ONLY","false","false","false","F07 audit/spec only; candidate for ContextPacket or PeripheralSignalPacket, never ACT"
"COGNITIVE_REINTEGRATION","cognition/component_specs/","F07_COGNITIVE","FILE_PLAN_ALL 555 COGNITIVE_REINTEGRATION component_specs/C452_consequence_binding_status.yaml cognition/component_specs/ C452_consequence_binding_status.yaml yaml P3_COGNITION_SPECS F07 0 0 0 0 1  NOT_FOUND_LOCAL DUPLICATE_SAFE CLEAN LOW K","INTEGRATE_TO_COGNITIVE_ADVISORY_SPEC_CANDIDATE","COGNITIVE_REINTEGRATION_ADVISORY_ONLY","false","false","false","F07 audit/spec only; candidate for ContextPacket or PeripheralSignalPacket, never ACT"
"COGNITIVE_REINTEGRATION","cognition/component_specs/","F07_COGNITIVE","FILE_PLAN_ALL 556 COGNITIVE_REINTEGRATION component_specs/C027_T11_reasoning_topology_registry.yaml cognition/component_specs/ C027_T11_reasoning_topology_registry.yaml yaml P3_COGNITION_SPECS F07 0 0 0 0 1  NOT_FOUND_LOCAL DUPLICATE_SAFE C","INTEGRATE_TO_COGNITIVE_ADVISORY_SPEC_CANDIDATE","COGNITIVE_REINTEGRATION_ADVISORY_ONLY","false","false","false","F07 audit/spec only; candidate for ContextPacket or PeripheralSignalPacket, never ACT"
"COGNITIVE_REINTEGRATION","cognition/component_specs/","F07_COGNITIVE","FILE_PLAN_ALL 557 COGNITIVE_REINTEGRATION component_specs/C393_paradigm_brain_matrix_9x9.yaml cognition/component_specs/ C393_paradigm_brain_matrix_9x9.yaml yaml P3_COGNITION_SPECS F07 0 0 0 0 1  NOT_FOUND_LOCAL DUPLICATE_SAFE CLEAN LOW KX1","INTEGRATE_TO_COGNITIVE_ADVISORY_SPEC_CANDIDATE","COGNITIVE_REINTEGRATION_ADVISORY_ONLY","false","false","false","F07 audit/spec only; candidate for ContextPacket or PeripheralSignalPacket, never ACT"
"COGNITIVE_REINTEGRATION","cognition/component_specs/","F07_COGNITIVE","FILE_PLAN_ALL 558 COGNITIVE_REINTEGRATION component_specs/C400_AVDR_debate_test.yaml cognition/component_specs/ C400_AVDR_debate_test.yaml yaml P3_COGNITION_SPECS F07 0 0 0 0 1  NOT_FOUND_LOCAL DUPLICATE_SAFE CLEAN LOW KX108_ONLY; COGNITIVE","INTEGRATE_TO_COGNITIVE_ADVISORY_SPEC_CANDIDATE","COGNITIVE_REINTEGRATION_ADVISORY_ONLY","false","false","false","F07 audit/spec only; candidate for ContextPacket or PeripheralSignalPacket, never ACT"
"COGNITIVE_REINTEGRATION","cognition/component_specs/","F07_COGNITIVE","FILE_PLAN_ALL 559 COGNITIVE_REINTEGRATION component_specs/C141_portal_to_interface_mode_activation.yaml cognition/component_specs/ C141_portal_to_interface_mode_activation.yaml yaml P3_COGNITION_SPECS F07 0 0 0 0 1  NOT_FOUND_LOCAL DUPLICAT","INTEGRATE_TO_COGNITIVE_ADVISORY_SPEC_CANDIDATE","COGNITIVE_REINTEGRATION_ADVISORY_ONLY","false","false","false","F07 audit/spec only; candidate for ContextPacket or PeripheralSignalPacket, never ACT"
"COGNITIVE_REINTEGRATION","cognition/component_specs/","F07_COGNITIVE","FILE_PLAN_ALL 560 COGNITIVE_REINTEGRATION component_specs/C447_hash_chain_packet.yaml cognition/component_specs/ C447_hash_chain_packet.yaml yaml P3_COGNITION_SPECS F07 0 0 0 0 1  NOT_FOUND_LOCAL DUPLICATE_SAFE CLEAN LOW KX108_ONLY; COGNITI","INTEGRATE_TO_COGNITIVE_ADVISORY_SPEC_CANDIDATE","COGNITIVE_REINTEGRATION_ADVISORY_ONLY","false","false","false","F07 audit/spec only; candidate for ContextPacket or PeripheralSignalPacket, never ACT"
"COGNITIVE_REINTEGRATION","cognition/component_specs/","F07_COGNITIVE","FILE_PLAN_ALL 561 COGNITIVE_REINTEGRATION component_specs/C209_symbolic_feedback_integrator.yaml cognition/component_specs/ C209_symbolic_feedback_integrator.yaml yaml P3_COGNITION_SPECS F07 0 0 0 0 1  NOT_FOUND_LOCAL DUPLICATE_SAFE CLEAN L","INTEGRATE_TO_COGNITIVE_ADVISORY_SPEC_CANDIDATE","COGNITIVE_REINTEGRATION_ADVISORY_ONLY","false","false","false","F07 audit/spec only; candidate for ContextPacket or PeripheralSignalPacket, never ACT"
"COGNITIVE_REINTEGRATION","cognition/component_specs/","F07_COGNITIVE","FILE_PLAN_ALL 562 COGNITIVE_REINTEGRATION component_specs/C079_totems.yaml cognition/component_specs/ C079_totems.yaml yaml P3_COGNITION_SPECS F07 0 0 0 0 1  NOT_FOUND_LOCAL DUPLICATE_SAFE CLEAN LOW KX108_ONLY; COGNITIVE_SIGNAL_ONLY; ADVISO","INTEGRATE_TO_COGNITIVE_ADVISORY_SPEC_CANDIDATE","COGNITIVE_REINTEGRATION_ADVISORY_ONLY","false","false","false","F07 audit/spec only; candidate for ContextPacket or PeripheralSignalPacket, never ACT"
"COGNITIVE_REINTEGRATION","cognition/component_specs/","F07_COGNITIVE","FILE_PLAN_ALL 563 COGNITIVE_REINTEGRATION component_specs/C153_loop_trace_recorder.yaml cognition/component_specs/ C153_loop_trace_recorder.yaml yaml P3_COGNITION_SPECS F07 0 0 0 0 1  NOT_FOUND_LOCAL DUPLICATE_SAFE CLEAN LOW KX108_ONLY; COG","INTEGRATE_TO_COGNITIVE_ADVISORY_SPEC_CANDIDATE","COGNITIVE_REINTEGRATION_ADVISORY_ONLY","false","false","false","F07 audit/spec only; candidate for ContextPacket or PeripheralSignalPacket, never ACT"
"COGNITIVE_REINTEGRATION","cognition/component_specs/","F07_COGNITIVE","FILE_PLAN_ALL 564 COGNITIVE_REINTEGRATION component_specs/C188_ethical_narrative_filter.yaml cognition/component_specs/ C188_ethical_narrative_filter.yaml yaml P3_COGNITION_SPECS F07 0 0 0 0 1  NOT_FOUND_LOCAL DUPLICATE_SAFE CLEAN LOW KX108","INTEGRATE_TO_COGNITIVE_ADVISORY_SPEC_CANDIDATE","COGNITIVE_REINTEGRATION_ADVISORY_ONLY","false","false","false","F07 audit/spec only; candidate for ContextPacket or PeripheralSignalPacket, never ACT"
"COGNITIVE_REINTEGRATION","cognition/component_specs/","F07_COGNITIVE","FILE_PLAN_ALL 565 COGNITIVE_REINTEGRATION component_specs/C238_interlanguage_trace_map.yaml cognition/component_specs/ C238_interlanguage_trace_map.yaml yaml P3_COGNITION_SPECS F07 0 0 0 0 1  NOT_FOUND_LOCAL DUPLICATE_SAFE CLEAN LOW KX108_O","INTEGRATE_TO_COGNITIVE_ADVISORY_SPEC_CANDIDATE","COGNITIVE_REINTEGRATION_ADVISORY_ONLY","false","false","false","F07 audit/spec only; candidate for ContextPacket or PeripheralSignalPacket, never ACT"
"COGNITIVE_REINTEGRATION","cognition/component_specs/","F07_COGNITIVE","FILE_PLAN_ALL 566 COGNITIVE_REINTEGRATION component_specs/C397_agent_forge_permission_system.yaml cognition/component_specs/ C397_agent_forge_permission_system.yaml yaml P3_COGNITION_SPECS F07 0 0 0 0 1  NOT_FOUND_LOCAL DUPLICATE_SAFE CLEAN","INTEGRATE_TO_COGNITIVE_ADVISORY_SPEC_CANDIDATE","COGNITIVE_REINTEGRATION_ADVISORY_ONLY","false","false","false","F07 audit/spec only; candidate for ContextPacket or PeripheralSignalPacket, never ACT"
"COGNITIVE_REINTEGRATION","cognition/component_specs/","F07_COGNITIVE","FILE_PLAN_ALL 567 COGNITIVE_REINTEGRATION component_specs/C401_coherence_test.yaml cognition/component_specs/ C401_coherence_test.yaml yaml P3_COGNITION_SPECS F07 0 0 0 0 1  NOT_FOUND_LOCAL DUPLICATE_SAFE CLEAN LOW KX108_ONLY; COGNITIVE_SIG","INTEGRATE_TO_COGNITIVE_ADVISORY_SPEC_CANDIDATE","COGNITIVE_REINTEGRATION_ADVISORY_ONLY","false","false","false","F07 audit/spec only; candidate for ContextPacket or PeripheralSignalPacket, never ACT"
"COGNITIVE_REINTEGRATION","cognition/component_specs/","F07_COGNITIVE","FILE_PLAN_ALL 568 COGNITIVE_REINTEGRATION component_specs/C232_fractal_essence_store.yaml cognition/component_specs/ C232_fractal_essence_store.yaml yaml P3_COGNITION_SPECS F07 0 0 0 0 1  NOT_FOUND_LOCAL DUPLICATE_SAFE CLEAN LOW KX108_ONLY;","INTEGRATE_TO_COGNITIVE_ADVISORY_SPEC_CANDIDATE","COGNITIVE_REINTEGRATION_ADVISORY_ONLY","false","false","false","F07 audit/spec only; candidate for ContextPacket or PeripheralSignalPacket, never ACT"
"COGNITIVE_REINTEGRATION","cognition/component_specs/","F07_COGNITIVE","FILE_PLAN_ALL 569 COGNITIVE_REINTEGRATION component_specs/C298_agent_freeze_candidate.yaml cognition/component_specs/ C298_agent_freeze_candidate.yaml yaml P3_COGNITION_SPECS F07 0 0 0 0 1  NOT_FOUND_LOCAL DUPLICATE_SAFE CLEAN LOW KX108_ONL","INTEGRATE_TO_COGNITIVE_ADVISORY_SPEC_CANDIDATE","COGNITIVE_REINTEGRATION_ADVISORY_ONLY","false","false","false","F07 audit/spec only; candidate for ContextPacket or PeripheralSignalPacket, never ACT"
"COGNITIVE_REINTEGRATION","cognition/component_specs/","F07_COGNITIVE","FILE_PLAN_ALL 570 COGNITIVE_REINTEGRATION component_specs/C290_agent_maturity_level.yaml cognition/component_specs/ C290_agent_maturity_level.yaml yaml P3_COGNITION_SPECS F07 0 0 0 0 1  NOT_FOUND_LOCAL DUPLICATE_SAFE CLEAN LOW KX108_ONLY; C","INTEGRATE_TO_COGNITIVE_ADVISORY_SPEC_CANDIDATE","COGNITIVE_REINTEGRATION_ADVISORY_ONLY","false","false","false","F07 audit/spec only; candidate for ContextPacket or PeripheralSignalPacket, never ACT"
"COGNITIVE_REINTEGRATION","cognition/component_specs/","F07_COGNITIVE","FILE_PLAN_ALL 571 COGNITIVE_REINTEGRATION component_specs/C338_active_symbol_live_view.yaml cognition/component_specs/ C338_active_symbol_live_view.yaml yaml P3_COGNITION_SPECS F07 0 0 0 0 1  NOT_FOUND_LOCAL DUPLICATE_SAFE CLEAN LOW KX108_O","INTEGRATE_TO_COGNITIVE_ADVISORY_SPEC_CANDIDATE","COGNITIVE_REINTEGRATION_ADVISORY_ONLY","false","false","false","F07 audit/spec only; candidate for ContextPacket or PeripheralSignalPacket, never ACT"
"COGNITIVE_REINTEGRATION","cognition/component_specs/","F07_COGNITIVE","FILE_PLAN_ALL 572 COGNITIVE_REINTEGRATION component_specs/C023_silent_inferential_reasoning.yaml cognition/component_specs/ C023_silent_inferential_reasoning.yaml yaml P3_COGNITION_SPECS F07 0 0 0 0 1  NOT_FOUND_LOCAL DUPLICATE_SAFE CLEAN L","INTEGRATE_TO_COGNITIVE_ADVISORY_SPEC_CANDIDATE","COGNITIVE_REINTEGRATION_ADVISORY_ONLY","false","false","false","F07 audit/spec only; candidate for ContextPacket or PeripheralSignalPacket, never ACT"
"COGNITIVE_REINTEGRATION","cognition/component_specs/","F07_COGNITIVE","FILE_PLAN_ALL 573 COGNITIVE_REINTEGRATION component_specs/C263_N1_total_cognitive_calibration_node.yaml cognition/component_specs/ C263_N1_total_cognitive_calibration_node.yaml yaml P3_COGNITION_SPECS F07 0 0 0 0 1  NOT_FOUND_LOCAL DUPLICAT","INTEGRATE_TO_COGNITIVE_ADVISORY_SPEC_CANDIDATE","COGNITIVE_REINTEGRATION_ADVISORY_ONLY","false","false","false","F07 audit/spec only; candidate for ContextPacket or PeripheralSignalPacket, never ACT"
"COGNITIVE_REINTEGRATION","cognition/component_specs/","F07_COGNITIVE","FILE_PLAN_ALL 574 COGNITIVE_REINTEGRATION component_specs/C066_architecte_fractal.yaml cognition/component_specs/ C066_architecte_fractal.yaml yaml P3_COGNITION_SPECS F07 0 0 0 0 1  NOT_FOUND_LOCAL DUPLICATE_SAFE CLEAN LOW KX108_ONLY; COGNI","INTEGRATE_TO_COGNITIVE_ADVISORY_SPEC_CANDIDATE","COGNITIVE_REINTEGRATION_ADVISORY_ONLY","false","false","false","F07 audit/spec only; candidate for ContextPacket or PeripheralSignalPacket, never ACT"
"COGNITIVE_REINTEGRATION","cognition/component_specs/","F07_COGNITIVE","FILE_PLAN_ALL 575 COGNITIVE_REINTEGRATION component_specs/C249_canon_promotion_guard.yaml cognition/component_specs/ C249_canon_promotion_guard.yaml yaml P3_COGNITION_SPECS F07 0 0 0 0 1  NOT_FOUND_LOCAL DUPLICATE_SAFE CLEAN LOW KX108_ONLY;","INTEGRATE_TO_COGNITIVE_ADVISORY_SPEC_CANDIDATE","COGNITIVE_REINTEGRATION_ADVISORY_ONLY","false","false","false","F07 audit/spec only; candidate for ContextPacket or PeripheralSignalPacket, never ACT"
"COGNITIVE_REINTEGRATION","cognition/component_specs/","F07_COGNITIVE","FILE_PLAN_ALL 576 COGNITIVE_REINTEGRATION component_specs/C438_KX108_boundary_adapter.yaml cognition/component_specs/ C438_KX108_boundary_adapter.yaml yaml P1_CONTRACTS F07 0 0 0 0 1  NOT_FOUND_LOCAL DUPLICATE_SAFE CLEAN LOW KX108_ONLY; COG","INTEGRATE_TO_COGNITIVE_ADVISORY_SPEC_CANDIDATE","COGNITIVE_REINTEGRATION_ADVISORY_ONLY","false","false","false","F07 audit/spec only; candidate for ContextPacket or PeripheralSignalPacket, never ACT"
"COGNITIVE_REINTEGRATION","cognition/component_specs/","F07_COGNITIVE","FILE_PLAN_ALL 577 COGNITIVE_REINTEGRATION component_specs/C404_spectre_oracle_interface.yaml cognition/component_specs/ C404_spectre_oracle_interface.yaml yaml P3_COGNITION_SPECS F07 0 0 0 0 1  NOT_FOUND_LOCAL DUPLICATE_SAFE CLEAN LOW KX108","INTEGRATE_TO_COGNITIVE_ADVISORY_SPEC_CANDIDATE","COGNITIVE_REINTEGRATION_ADVISORY_ONLY","false","false","false","F07 audit/spec only; candidate for ContextPacket or PeripheralSignalPacket, never ACT"
"COGNITIVE_REINTEGRATION","cognition/component_specs/","F07_COGNITIVE","FILE_PLAN_ALL 578 COGNITIVE_REINTEGRATION component_specs/C278_action_meaning_validator.yaml cognition/component_specs/ C278_action_meaning_validator.yaml yaml P3_COGNITION_SPECS F07 0 0 0 0 1  NOT_FOUND_LOCAL DUPLICATE_SAFE CLEAN LOW KX108","INTEGRATE_TO_COGNITIVE_ADVISORY_SPEC_CANDIDATE","COGNITIVE_REINTEGRATION_ADVISORY_ONLY","false","false","false","F07 audit/spec only; candidate for ContextPacket or PeripheralSignalPacket, never ACT"
"COGNITIVE_REINTEGRATION","cognition/component_specs/","F07_COGNITIVE","FILE_PLAN_ALL 579 COGNITIVE_REINTEGRATION component_specs/C212_memory_pattern_protocol.yaml cognition/component_specs/ C212_memory_pattern_protocol.yaml yaml P3_COGNITION_SPECS F07 0 0 0 0 1  NOT_FOUND_LOCAL DUPLICATE_SAFE CLEAN LOW KX108_O","INTEGRATE_TO_COGNITIVE_ADVISORY_SPEC_CANDIDATE","COGNITIVE_REINTEGRATION_ADVISORY_ONLY","false","false","false","F07 audit/spec only; candidate for ContextPacket or PeripheralSignalPacket, never ACT"
"COGNITIVE_REINTEGRATION","cognition/component_specs/","F07_COGNITIVE","FILE_PLAN_ALL 580 COGNITIVE_REINTEGRATION component_specs/C362_live_style_shift_trace.yaml cognition/component_specs/ C362_live_style_shift_trace.yaml yaml P3_COGNITION_SPECS F07 0 0 0 0 1  NOT_FOUND_LOCAL DUPLICATE_SAFE CLEAN LOW KX108_ONL","INTEGRATE_TO_COGNITIVE_ADVISORY_SPEC_CANDIDATE","COGNITIVE_REINTEGRATION_ADVISORY_ONLY","false","false","false","F07 audit/spec only; candidate for ContextPacket or PeripheralSignalPacket, never ACT"
"COGNITIVE_REINTEGRATION","cognition/component_specs/","F07_COGNITIVE","FILE_PLAN_ALL 581 COGNITIVE_REINTEGRATION component_specs/C170_output_coherence_checker.yaml cognition/component_specs/ C170_output_coherence_checker.yaml yaml P3_COGNITION_SPECS F07 0 0 0 0 1  NOT_FOUND_LOCAL DUPLICATE_SAFE CLEAN LOW KX108","INTEGRATE_TO_COGNITIVE_ADVISORY_SPEC_CANDIDATE","COGNITIVE_REINTEGRATION_ADVISORY_ONLY","false","false","false","F07 audit/spec only; candidate for ContextPacket or PeripheralSignalPacket, never ACT"
"COGNITIVE_REINTEGRATION","cognition/component_specs/","F07_COGNITIVE","FILE_PLAN_ALL 582 COGNITIVE_REINTEGRATION component_specs/C242_silent_memory_store.yaml cognition/component_specs/ C242_silent_memory_store.yaml yaml P3_COGNITION_SPECS F07 0 0 0 0 1  NOT_FOUND_LOCAL DUPLICATE_SAFE CLEAN LOW KX108_ONLY; COG","INTEGRATE_TO_COGNITIVE_ADVISORY_SPEC_CANDIDATE","COGNITIVE_REINTEGRATION_ADVISORY_ONLY","false","false","false","F07 audit/spec only; candidate for ContextPacket or PeripheralSignalPacket, never ACT"
"COGNITIVE_REINTEGRATION","cognition/component_specs/","F07_COGNITIVE","FILE_PLAN_ALL 583 COGNITIVE_REINTEGRATION component_specs/C268_strategic_inhibition_node.yaml cognition/component_specs/ C268_strategic_inhibition_node.yaml yaml P3_COGNITION_SPECS F07 0 0 0 0 1  NOT_FOUND_LOCAL DUPLICATE_SAFE CLEAN LOW KX1","INTEGRATE_TO_COGNITIVE_ADVISORY_SPEC_CANDIDATE","COGNITIVE_REINTEGRATION_ADVISORY_ONLY","false","false","false","F07 audit/spec only; candidate for ContextPacket or PeripheralSignalPacket, never ACT"
"COGNITIVE_REINTEGRATION","cognition/component_specs/","F07_COGNITIVE","FILE_PLAN_ALL 584 COGNITIVE_REINTEGRATION component_specs/C061_agent_no_decision_contract.yaml cognition/component_specs/ C061_agent_no_decision_contract.yaml yaml P3_COGNITION_SPECS F07 0 0 0 0 1  NOT_FOUND_LOCAL DUPLICATE_SAFE CLEAN LOW K","INTEGRATE_TO_COGNITIVE_ADVISORY_SPEC_CANDIDATE","COGNITIVE_REINTEGRATION_ADVISORY_ONLY","false","false","false","F07 audit/spec only; candidate for ContextPacket or PeripheralSignalPacket, never ACT"
"COGNITIVE_REINTEGRATION","cognition/component_specs/","F07_COGNITIVE","FILE_PLAN_ALL 585 COGNITIVE_REINTEGRATION component_specs/C136_sign_function_table.yaml cognition/component_specs/ C136_sign_function_table.yaml yaml P3_COGNITION_SPECS F07 0 0 0 0 1  NOT_FOUND_LOCAL DUPLICATE_SAFE CLEAN LOW KX108_ONLY; COG","INTEGRATE_TO_COGNITIVE_ADVISORY_SPEC_CANDIDATE","COGNITIVE_REINTEGRATION_ADVISORY_ONLY","false","false","false","F07 audit/spec only; candidate for ContextPacket or PeripheralSignalPacket, never ACT"
"COGNITIVE_REINTEGRATION","cognition/component_specs/","F07_COGNITIVE","FILE_PLAN_ALL 586 COGNITIVE_REINTEGRATION component_specs/C039_reasoning_inspiration_router.yaml cognition/component_specs/ C039_reasoning_inspiration_router.yaml yaml P3_COGNITION_SPECS F07 0 0 0 0 1  NOT_FOUND_LOCAL DUPLICATE_SAFE CLEAN L","INTEGRATE_TO_COGNITIVE_ADVISORY_SPEC_CANDIDATE","COGNITIVE_REINTEGRATION_ADVISORY_ONLY","false","false","false","F07 audit/spec only; candidate for ContextPacket or PeripheralSignalPacket, never ACT"
"COGNITIVE_REINTEGRATION","cognition/component_specs/","F07_COGNITIVE","FILE_PLAN_ALL 587 COGNITIVE_REINTEGRATION component_specs/C074_convertisseur_format.yaml cognition/component_specs/ C074_convertisseur_format.yaml yaml P3_COGNITION_SPECS F07 0 0 0 0 1  NOT_FOUND_LOCAL DUPLICATE_SAFE CLEAN LOW KX108_ONLY; C","INTEGRATE_TO_COGNITIVE_ADVISORY_SPEC_CANDIDATE","COGNITIVE_REINTEGRATION_ADVISORY_ONLY","false","false","false","F07 audit/spec only; candidate for ContextPacket or PeripheralSignalPacket, never ACT"
"COGNITIVE_REINTEGRATION","cognition/component_specs/","F07_COGNITIVE","FILE_PLAN_ALL 588 COGNITIVE_REINTEGRATION component_specs/C164_narrative_gate.yaml cognition/component_specs/ C164_narrative_gate.yaml yaml P3_COGNITION_SPECS F07 0 0 0 0 1  NOT_FOUND_LOCAL DUPLICATE_SAFE CLEAN LOW KX108_ONLY; COGNITIVE_SIG","INTEGRATE_TO_COGNITIVE_ADVISORY_SPEC_CANDIDATE","COGNITIVE_REINTEGRATION_ADVISORY_ONLY","false","false","false","F07 audit/spec only; candidate for ContextPacket or PeripheralSignalPacket, never ACT"
"COGNITIVE_REINTEGRATION","cognition/component_specs/","F07_COGNITIVE","FILE_PLAN_ALL 589 COGNITIVE_REINTEGRATION component_specs/C224_reciprocity_cognitive_rule.yaml cognition/component_specs/ C224_reciprocity_cognitive_rule.yaml yaml P3_COGNITION_SPECS F07 0 0 0 0 1  NOT_FOUND_LOCAL DUPLICATE_SAFE CLEAN LOW K","INTEGRATE_TO_COGNITIVE_ADVISORY_SPEC_CANDIDATE","COGNITIVE_REINTEGRATION_ADVISORY_ONLY","false","false","false","F07 audit/spec only; candidate for ContextPacket or PeripheralSignalPacket, never ACT"
"COGNITIVE_REINTEGRATION","cognition/component_specs/","F07_COGNITIVE","FILE_PLAN_ALL 590 COGNITIVE_REINTEGRATION component_specs/C327_contextual_style_adapter.yaml cognition/component_specs/ C327_contextual_style_adapter.yaml yaml P3_COGNITION_SPECS F07 0 0 0 0 1  NOT_FOUND_LOCAL DUPLICATE_SAFE CLEAN LOW KX108","INTEGRATE_TO_COGNITIVE_ADVISORY_SPEC_CANDIDATE","COGNITIVE_REINTEGRATION_ADVISORY_ONLY","false","false","false","F07 audit/spec only; candidate for ContextPacket or PeripheralSignalPacket, never ACT"
"COGNITIVE_REINTEGRATION","cognition/component_specs/","F07_COGNITIVE","FILE_PLAN_ALL 591 COGNITIVE_REINTEGRATION component_specs/C175_output_to_kx108_adapter.yaml cognition/component_specs/ C175_output_to_kx108_adapter.yaml yaml P3_COGNITION_SPECS F07 0 0 0 0 1  NOT_FOUND_LOCAL DUPLICATE_SAFE CLEAN LOW KX108_O","INTEGRATE_TO_COGNITIVE_ADVISORY_SPEC_CANDIDATE","COGNITIVE_REINTEGRATION_ADVISORY_ONLY","false","false","false","F07 audit/spec only; candidate for ContextPacket or PeripheralSignalPacket, never ACT"
"COGNITIVE_REINTEGRATION","cognition/component_specs/","F07_COGNITIVE","FILE_PLAN_ALL 592 COGNITIVE_REINTEGRATION component_specs/C296_agent_specialization_drift_detector.yaml cognition/component_specs/ C296_agent_specialization_drift_detector.yaml yaml P3_COGNITION_SPECS F07 0 0 0 0 1  NOT_FOUND_LOCAL DUPLICAT","INTEGRATE_TO_COGNITIVE_ADVISORY_SPEC_CANDIDATE","COGNITIVE_REINTEGRATION_ADVISORY_ONLY","false","false","false","F07 audit/spec only; candidate for ContextPacket or PeripheralSignalPacket, never ACT"
"COGNITIVE_REINTEGRATION","cognition/component_specs/","F07_COGNITIVE","FILE_PLAN_ALL 593 COGNITIVE_REINTEGRATION component_specs/C138_portal_to_agent_activation.yaml cognition/component_specs/ C138_portal_to_agent_activation.yaml yaml P3_COGNITION_SPECS F07 0 0 0 0 1  NOT_FOUND_LOCAL DUPLICATE_SAFE CLEAN LOW K","INTEGRATE_TO_COGNITIVE_ADVISORY_SPEC_CANDIDATE","COGNITIVE_REINTEGRATION_ADVISORY_ONLY","false","false","false","F07 audit/spec only; candidate for ContextPacket or PeripheralSignalPacket, never ACT"
"COGNITIVE_REINTEGRATION","cognition/component_specs/","F07_COGNITIVE","FILE_PLAN_ALL 594 COGNITIVE_REINTEGRATION component_specs/C374_offline_reasoning_modes.yaml cognition/component_specs/ C374_offline_reasoning_modes.yaml yaml P3_COGNITION_SPECS F07 0 0 0 0 1  NOT_FOUND_LOCAL DUPLICATE_SAFE CLEAN LOW KX108_O","INTEGRATE_TO_COGNITIVE_ADVISORY_SPEC_CANDIDATE","COGNITIVE_REINTEGRATION_ADVISORY_ONLY","false","false","false","F07 audit/spec only; candidate for ContextPacket or PeripheralSignalPacket, never ACT"
"COGNITIVE_REINTEGRATION","cognition/component_specs/","F07_COGNITIVE","FILE_PLAN_ALL 595 COGNITIVE_REINTEGRATION component_specs/C215_internal_law_registry.yaml cognition/component_specs/ C215_internal_law_registry.yaml yaml P3_COGNITION_SPECS F07 0 0 0 0 1  NOT_FOUND_LOCAL DUPLICATE_SAFE CLEAN LOW KX108_ONLY;","INTEGRATE_TO_COGNITIVE_ADVISORY_SPEC_CANDIDATE","COGNITIVE_REINTEGRATION_ADVISORY_ONLY","false","false","false","F07 audit/spec only; candidate for ContextPacket or PeripheralSignalPacket, never ACT"
"COGNITIVE_REINTEGRATION","cognition/component_specs/","F07_COGNITIVE","FILE_PLAN_ALL 596 COGNITIVE_REINTEGRATION component_specs/C405_ObsidiaDrop_capsules.yaml cognition/component_specs/ C405_ObsidiaDrop_capsules.yaml yaml P3_COGNITION_SPECS F07 0 0 0 0 1  NOT_FOUND_LOCAL DUPLICATE_SAFE CLEAN LOW KX108_ONLY; C","INTEGRATE_TO_COGNITIVE_ADVISORY_SPEC_CANDIDATE","COGNITIVE_REINTEGRATION_ADVISORY_ONLY","false","false","false","F07 audit/spec only; candidate for ContextPacket or PeripheralSignalPacket, never ACT"
"COGNITIVE_REINTEGRATION","cognition/component_specs/","F07_COGNITIVE","FILE_PLAN_ALL 597 COGNITIVE_REINTEGRATION component_specs/C093_agent_kai_optimization.yaml cognition/component_specs/ C093_agent_kai_optimization.yaml yaml P3_COGNITION_SPECS F07 0 0 0 0 1  NOT_FOUND_LOCAL DUPLICATE_SAFE CLEAN LOW KX108_ONL","INTEGRATE_TO_COGNITIVE_ADVISORY_SPEC_CANDIDATE","COGNITIVE_REINTEGRATION_ADVISORY_ONLY","false","false","false","F07 audit/spec only; candidate for ContextPacket or PeripheralSignalPacket, never ACT"
"COGNITIVE_REINTEGRATION","cognition/component_specs/","F07_COGNITIVE","FILE_PLAN_ALL 598 COGNITIVE_REINTEGRATION component_specs/C345_debug_to_AVDR_feedback.yaml cognition/component_specs/ C345_debug_to_AVDR_feedback.yaml yaml P3_COGNITION_SPECS F07 0 0 0 0 1  NOT_FOUND_LOCAL DUPLICATE_SAFE CLEAN LOW KX108_ONL","INTEGRATE_TO_COGNITIVE_ADVISORY_SPEC_CANDIDATE","COGNITIVE_REINTEGRATION_ADVISORY_ONLY","false","false","false","F07 audit/spec only; candidate for ContextPacket or PeripheralSignalPacket, never ACT"
"COGNITIVE_REINTEGRATION","cognition/component_specs/","F07_COGNITIVE","FILE_PLAN_ALL 599 COGNITIVE_REINTEGRATION component_specs/C253_misunderstanding_pattern_store.yaml cognition/component_specs/ C253_misunderstanding_pattern_store.yaml yaml P3_COGNITION_SPECS F07 0 0 0 0 1  NOT_FOUND_LOCAL DUPLICATE_SAFE CLE","INTEGRATE_TO_COGNITIVE_ADVISORY_SPEC_CANDIDATE","COGNITIVE_REINTEGRATION_ADVISORY_ONLY","false","false","false","F07 audit/spec only; candidate for ContextPacket or PeripheralSignalPacket, never ACT"
"COGNITIVE_REINTEGRATION","cognition/component_specs/","F07_COGNITIVE","FILE_PLAN_ALL 600 COGNITIVE_REINTEGRATION component_specs/C064_cortex_central.yaml cognition/component_specs/ C064_cortex_central.yaml yaml P3_COGNITION_SPECS F07 0 0 0 0 1  NOT_FOUND_LOCAL DUPLICATE_SAFE CLEAN LOW KX108_ONLY; COGNITIVE_SIG","INTEGRATE_TO_COGNITIVE_ADVISORY_SPEC_CANDIDATE","COGNITIVE_REINTEGRATION_ADVISORY_ONLY","false","false","false","F07 audit/spec only; candidate for ContextPacket or PeripheralSignalPacket, never ACT"
"COGNITIVE_REINTEGRATION","cognition/component_specs/","F07_COGNITIVE","FILE_PLAN_ALL 601 COGNITIVE_REINTEGRATION component_specs/C402_inverse_agent_feedback.yaml cognition/component_specs/ C402_inverse_agent_feedback.yaml yaml P3_COGNITION_SPECS F07 0 0 0 0 1  NOT_FOUND_LOCAL DUPLICATE_SAFE CLEAN LOW KX108_ONL","INTEGRATE_TO_COGNITIVE_ADVISORY_SPEC_CANDIDATE","COGNITIVE_REINTEGRATION_ADVISORY_ONLY","false","false","false","F07 audit/spec only; candidate for ContextPacket or PeripheralSignalPacket, never ACT"
"COGNITIVE_REINTEGRATION","cognition/component_specs/","F07_COGNITIVE","FILE_PLAN_ALL 602 COGNITIVE_REINTEGRATION component_specs/C240_memory_pattern_store.yaml cognition/component_specs/ C240_memory_pattern_store.yaml yaml P3_COGNITION_SPECS F07 0 0 0 0 1  NOT_FOUND_LOCAL DUPLICATE_SAFE CLEAN LOW KX108_ONLY; C","INTEGRATE_TO_COGNITIVE_ADVISORY_SPEC_CANDIDATE","COGNITIVE_REINTEGRATION_ADVISORY_ONLY","false","false","false","F07 audit/spec only; candidate for ContextPacket or PeripheralSignalPacket, never ACT"
"COGNITIVE_REINTEGRATION","cognition/component_specs/","F07_COGNITIVE","FILE_PLAN_ALL 603 COGNITIVE_REINTEGRATION component_specs/C456_world_action_gateway_guard.yaml cognition/component_specs/ C456_world_action_gateway_guard.yaml yaml P3_COGNITION_SPECS F07 0 0 0 0 1  NOT_FOUND_LOCAL DUPLICATE_SAFE CLEAN LOW K","INTEGRATE_TO_COGNITIVE_ADVISORY_SPEC_CANDIDATE","COGNITIVE_REINTEGRATION_ADVISORY_ONLY","false","false","false","F07 audit/spec only; candidate for ContextPacket or PeripheralSignalPacket, never ACT"
"COGNITIVE_REINTEGRATION","cognition/component_specs/","F07_COGNITIVE","FILE_PLAN_ALL 604 COGNITIVE_REINTEGRATION component_specs/C119_patterns_intuition_channel.yaml cognition/component_specs/ C119_patterns_intuition_channel.yaml yaml P3_COGNITION_SPECS F07 0 0 0 0 1  NOT_FOUND_LOCAL DUPLICATE_SAFE CLEAN LOW K","INTEGRATE_TO_COGNITIVE_ADVISORY_SPEC_CANDIDATE","COGNITIVE_REINTEGRATION_ADVISORY_ONLY","false","false","false","F07 audit/spec only; candidate for ContextPacket or PeripheralSignalPacket, never ACT"
"COGNITIVE_REINTEGRATION","cognition/component_specs/","F07_COGNITIVE","FILE_PLAN_ALL 605 COGNITIVE_REINTEGRATION component_specs/C295_agent_role_revision.yaml cognition/component_specs/ C295_agent_role_revision.yaml yaml P3_COGNITION_SPECS F07 0 0 0 0 1  NOT_FOUND_LOCAL DUPLICATE_SAFE CLEAN LOW KX108_ONLY; COG","INTEGRATE_TO_COGNITIVE_ADVISORY_SPEC_CANDIDATE","COGNITIVE_REINTEGRATION_ADVISORY_ONLY","false","false","false","F07 audit/spec only; candidate for ContextPacket or PeripheralSignalPacket, never ACT"
"COGNITIVE_REINTEGRATION","cognition/component_specs/","F07_COGNITIVE","FILE_PLAN_ALL 606 COGNITIVE_REINTEGRATION component_specs/C235_human_feedback_ledger.yaml cognition/component_specs/ C235_human_feedback_ledger.yaml yaml P3_COGNITION_SPECS F07 0 0 0 0 1  NOT_FOUND_LOCAL DUPLICATE_SAFE CLEAN LOW KX108_ONLY;","INTEGRATE_TO_COGNITIVE_ADVISORY_SPEC_CANDIDATE","COGNITIVE_REINTEGRATION_ADVISORY_ONLY","false","false","false","F07 audit/spec only; candidate for ContextPacket or PeripheralSignalPacket, never ACT"
"COGNITIVE_REINTEGRATION","cognition/component_specs/","F07_COGNITIVE","FILE_PLAN_ALL 607 COGNITIVE_REINTEGRATION component_specs/C392_version_training_profile.yaml cognition/component_specs/ C392_version_training_profile.yaml yaml P3_COGNITION_SPECS F07 0 0 0 0 1  NOT_FOUND_LOCAL DUPLICATE_SAFE CLEAN LOW KX108","INTEGRATE_TO_COGNITIVE_ADVISORY_SPEC_CANDIDATE","COGNITIVE_REINTEGRATION_ADVISORY_ONLY","false","false","false","F07 audit/spec only; candidate for ContextPacket or PeripheralSignalPacket, never ACT"
"COGNITIVE_REINTEGRATION","cognition/component_specs/","F07_COGNITIVE","FILE_PLAN_ALL 608 COGNITIVE_REINTEGRATION component_specs/C169_expression_agent_stack.yaml cognition/component_specs/ C169_expression_agent_stack.yaml yaml P3_COGNITION_SPECS F07 0 0 0 0 1  NOT_FOUND_LOCAL DUPLICATE_SAFE CLEAN LOW KX108_ONL","INTEGRATE_TO_COGNITIVE_ADVISORY_SPEC_CANDIDATE","COGNITIVE_REINTEGRATION_ADVISORY_ONLY","false","false","false","F07 audit/spec only; candidate for ContextPacket or PeripheralSignalPacket, never ACT"
"COGNITIVE_REINTEGRATION","cognition/component_specs/","F07_COGNITIVE","FILE_PLAN_ALL 609 COGNITIVE_REINTEGRATION component_specs/C051_specialized_agents.yaml cognition/component_specs/ C051_specialized_agents.yaml yaml P3_COGNITION_SPECS F07 0 0 0 0 1  NOT_FOUND_LOCAL DUPLICATE_SAFE CLEAN LOW KX108_ONLY; COGNI","INTEGRATE_TO_COGNITIVE_ADVISORY_SPEC_CANDIDATE","COGNITIVE_REINTEGRATION_ADVISORY_ONLY","false","false","false","F07 audit/spec only; candidate for ContextPacket or PeripheralSignalPacket, never ACT"
"COGNITIVE_REINTEGRATION","cognition/component_specs/","F07_COGNITIVE","FILE_PLAN_ALL 610 COGNITIVE_REINTEGRATION component_specs/C379_cognitive_viewer.yaml cognition/component_specs/ C379_cognitive_viewer.yaml yaml P3_COGNITION_SPECS F07 0 0 0 0 1  NOT_FOUND_LOCAL DUPLICATE_SAFE CLEAN LOW KX108_ONLY; COGNITIVE","INTEGRATE_TO_COGNITIVE_ADVISORY_SPEC_CANDIDATE","COGNITIVE_REINTEGRATION_ADVISORY_ONLY","false","false","false","F07 audit/spec only; candidate for ContextPacket or PeripheralSignalPacket, never ACT"
"COGNITIVE_REINTEGRATION","cognition/component_specs/","F07_COGNITIVE","FILE_PLAN_ALL 611 COGNITIVE_REINTEGRATION component_specs/C244_memory_to_reasoning_bridge.yaml cognition/component_specs/ C244_memory_to_reasoning_bridge.yaml yaml P3_COGNITION_SPECS F07 0 0 0 0 1  NOT_FOUND_LOCAL DUPLICATE_SAFE CLEAN LOW K","INTEGRATE_TO_COGNITIVE_ADVISORY_SPEC_CANDIDATE","COGNITIVE_REINTEGRATION_ADVISORY_ONLY","false","false","false","F07 audit/spec only; candidate for ContextPacket or PeripheralSignalPacket, never ACT"
"COGNITIVE_REINTEGRATION","cognition/component_specs/","F07_COGNITIVE","FILE_PLAN_ALL 612 COGNITIVE_REINTEGRATION component_specs/C176_narrative_intent_selector.yaml cognition/component_specs/ C176_narrative_intent_selector.yaml yaml P3_COGNITION_SPECS F07 0 0 0 0 1  NOT_FOUND_LOCAL DUPLICATE_SAFE CLEAN LOW KX1","INTEGRATE_TO_COGNITIVE_ADVISORY_SPEC_CANDIDATE","COGNITIVE_REINTEGRATION_ADVISORY_ONLY","false","false","false","F07 audit/spec only; candidate for ContextPacket or PeripheralSignalPacket, never ACT"
"COGNITIVE_REINTEGRATION","cognition/component_specs/","F07_COGNITIVE","FILE_PLAN_ALL 613 COGNITIVE_REINTEGRATION component_specs/C011_reasoning_mode_registry.yaml cognition/component_specs/ C011_reasoning_mode_registry.yaml yaml P3_COGNITION_SPECS F07 0 0 0 0 1  NOT_FOUND_LOCAL DUPLICATE_SAFE CLEAN LOW KX108_O","INTEGRATE_TO_COGNITIVE_ADVISORY_SPEC_CANDIDATE","COGNITIVE_REINTEGRATION_ADVISORY_ONLY","false","false","false","F07 audit/spec only; candidate for ContextPacket or PeripheralSignalPacket, never ACT"
"COGNITIVE_REINTEGRATION","cognition/component_specs/","F07_COGNITIVE","FILE_PLAN_ALL 614 COGNITIVE_REINTEGRATION component_specs/C266_symbolic_alignment_node.yaml cognition/component_specs/ C266_symbolic_alignment_node.yaml yaml P3_COGNITION_SPECS F07 0 0 0 0 1  NOT_FOUND_LOCAL DUPLICATE_SAFE CLEAN LOW KX108_O","INTEGRATE_TO_COGNITIVE_ADVISORY_SPEC_CANDIDATE","COGNITIVE_REINTEGRATION_ADVISORY_ONLY","false","false","false","F07 audit/spec only; candidate for ContextPacket or PeripheralSignalPacket, never ACT"
"COGNITIVE_REINTEGRATION","cognition/component_specs/","F07_COGNITIVE","FILE_PLAN_ALL 615 COGNITIVE_REINTEGRATION component_specs/C284_mental_network_state.yaml cognition/component_specs/ C284_mental_network_state.yaml yaml P3_COGNITION_SPECS F07 0 0 0 0 1  NOT_FOUND_LOCAL DUPLICATE_SAFE CLEAN LOW KX108_ONLY; C","INTEGRATE_TO_COGNITIVE_ADVISORY_SPEC_CANDIDATE","COGNITIVE_REINTEGRATION_ADVISORY_ONLY","false","false","false","F07 audit/spec only; candidate for ContextPacket or PeripheralSignalPacket, never ACT"
"COGNITIVE_REINTEGRATION","cognition/component_specs/","F07_COGNITIVE","FILE_PLAN_ALL 616 COGNITIVE_REINTEGRATION component_specs/C221_concentric_rings_law.yaml cognition/component_specs/ C221_concentric_rings_law.yaml yaml P3_COGNITION_SPECS F07 0 0 0 0 1  NOT_FOUND_LOCAL DUPLICATE_SAFE CLEAN LOW KX108_ONLY; C","INTEGRATE_TO_COGNITIVE_ADVISORY_SPEC_CANDIDATE","COGNITIVE_REINTEGRATION_ADVISORY_ONLY","false","false","false","F07 audit/spec only; candidate for ContextPacket or PeripheralSignalPacket, never ACT"
"COGNITIVE_REINTEGRATION","cognition/component_specs/","F07_COGNITIVE","FILE_PLAN_ALL 617 COGNITIVE_REINTEGRATION component_specs/C246_memory_to_portal_bridge.yaml cognition/component_specs/ C246_memory_to_portal_bridge.yaml yaml P3_COGNITION_SPECS F07 0 0 0 0 1  NOT_FOUND_LOCAL DUPLICATE_SAFE CLEAN LOW KX108_O","INTEGRATE_TO_COGNITIVE_ADVISORY_SPEC_CANDIDATE","COGNITIVE_REINTEGRATION_ADVISORY_ONLY","false","false","false","F07 audit/spec only; candidate for ContextPacket or PeripheralSignalPacket, never ACT"
"COGNITIVE_REINTEGRATION","cognition/component_specs/","F07_COGNITIVE","FILE_PLAN_ALL 618 COGNITIVE_REINTEGRATION component_specs/C160_output_crystal_engine.yaml cognition/component_specs/ C160_output_crystal_engine.yaml yaml P3_COGNITION_SPECS F07 0 0 0 0 1  NOT_FOUND_LOCAL DUPLICATE_SAFE CLEAN LOW KX108_ONLY;","INTEGRATE_TO_COGNITIVE_ADVISORY_SPEC_CANDIDATE","COGNITIVE_REINTEGRATION_ADVISORY_ONLY","false","false","false","F07 audit/spec only; candidate for ContextPacket or PeripheralSignalPacket, never ACT"
"COGNITIVE_REINTEGRATION","cognition/component_specs/","F07_COGNITIVE","FILE_PLAN_ALL 619 COGNITIVE_REINTEGRATION component_specs/C326_tone_phase_detector.yaml cognition/component_specs/ C326_tone_phase_detector.yaml yaml P3_COGNITION_SPECS F07 0 0 0 0 1  NOT_FOUND_LOCAL DUPLICATE_SAFE CLEAN LOW KX108_ONLY; COG","INTEGRATE_TO_COGNITIVE_ADVISORY_SPEC_CANDIDATE","COGNITIVE_REINTEGRATION_ADVISORY_ONLY","false","false","false","F07 audit/spec only; candidate for ContextPacket or PeripheralSignalPacket, never ACT"
"COGNITIVE_REINTEGRATION","cognition/component_specs/","F07_COGNITIVE","FILE_PLAN_ALL 620 COGNITIVE_REINTEGRATION component_specs/C269_multi_perception_node.yaml cognition/component_specs/ C269_multi_perception_node.yaml yaml P3_COGNITION_SPECS F07 0 0 0 0 1  NOT_FOUND_LOCAL DUPLICATE_SAFE CLEAN LOW KX108_ONLY;","INTEGRATE_TO_COGNITIVE_ADVISORY_SPEC_CANDIDATE","COGNITIVE_REINTEGRATION_ADVISORY_ONLY","false","false","false","F07 audit/spec only; candidate for ContextPacket or PeripheralSignalPacket, never ACT"
"COGNITIVE_REINTEGRATION","cognition/component_specs/","F07_COGNITIVE","FILE_PLAN_ALL 621 COGNITIVE_REINTEGRATION component_specs/C009_component_status_registry.yaml cognition/component_specs/ C009_component_status_registry.yaml yaml P3_COGNITION_SPECS F07 0 0 0 0 1  NOT_FOUND_LOCAL DUPLICATE_SAFE CLEAN LOW KX1","INTEGRATE_TO_COGNITIVE_ADVISORY_SPEC_CANDIDATE","COGNITIVE_REINTEGRATION_ADVISORY_ONLY","false","false","false","F07 audit/spec only; candidate for ContextPacket or PeripheralSignalPacket, never ACT"
"COGNITIVE_REINTEGRATION","cognition/component_specs/","F07_COGNITIVE","FILE_PLAN_ALL 622 COGNITIVE_REINTEGRATION component_specs/C048_agent_output_guard.yaml cognition/component_specs/ C048_agent_output_guard.yaml yaml P3_COGNITION_SPECS F07 0 0 0 0 1  NOT_FOUND_LOCAL DUPLICATE_SAFE CLEAN LOW KX108_ONLY; COGNI","INTEGRATE_TO_COGNITIVE_ADVISORY_SPEC_CANDIDATE","COGNITIVE_REINTEGRATION_ADVISORY_ONLY","false","false","false","F07 audit/spec only; candidate for ContextPacket or PeripheralSignalPacket, never ACT"
"COGNITIVE_REINTEGRATION","cognition/component_specs/","F07_COGNITIVE","FILE_PLAN_ALL 623 COGNITIVE_REINTEGRATION component_specs/C081_climat_biodiversite_agent.yaml cognition/component_specs/ C081_climat_biodiversite_agent.yaml yaml P3_COGNITION_SPECS F07 0 0 0 0 1  NOT_FOUND_LOCAL DUPLICATE_SAFE CLEAN LOW KX1","INTEGRATE_TO_COGNITIVE_ADVISORY_SPEC_CANDIDATE","COGNITIVE_REINTEGRATION_ADVISORY_ONLY","false","false","false","F07 audit/spec only; candidate for ContextPacket or PeripheralSignalPacket, never ACT"
"COGNITIVE_REINTEGRATION","cognition/component_specs/","F07_COGNITIVE","FILE_PLAN_ALL 624 COGNITIVE_REINTEGRATION component_specs/C186_tone_calibration_filter.yaml cognition/component_specs/ C186_tone_calibration_filter.yaml yaml P3_COGNITION_SPECS F07 0 0 0 0 1  NOT_FOUND_LOCAL DUPLICATE_SAFE CLEAN LOW KX108_O","INTEGRATE_TO_COGNITIVE_ADVISORY_SPEC_CANDIDATE","COGNITIVE_REINTEGRATION_ADVISORY_ONLY","false","false","false","F07 audit/spec only; candidate for ContextPacket or PeripheralSignalPacket, never ACT"
"COGNITIVE_REINTEGRATION","cognition/component_specs/","F07_COGNITIVE","FILE_PLAN_ALL 625 COGNITIVE_REINTEGRATION component_specs/C080_analyseur_geopolitique.yaml cognition/component_specs/ C080_analyseur_geopolitique.yaml yaml P3_COGNITION_SPECS F07 0 0 0 0 1  NOT_FOUND_LOCAL DUPLICATE_SAFE CLEAN LOW KX108_ONL","INTEGRATE_TO_COGNITIVE_ADVISORY_SPEC_CANDIDATE","COGNITIVE_REINTEGRATION_ADVISORY_ONLY","false","false","false","F07 audit/spec only; candidate for ContextPacket or PeripheralSignalPacket, never ACT"
"COGNITIVE_REINTEGRATION","cognition/component_specs/","F07_COGNITIVE","FILE_PLAN_ALL 626 COGNITIVE_REINTEGRATION component_specs/C329_past_block_reactivation.yaml cognition/component_specs/ C329_past_block_reactivation.yaml yaml P3_COGNITION_SPECS F07 0 0 0 0 1  NOT_FOUND_LOCAL DUPLICATE_SAFE CLEAN LOW KX108_O","INTEGRATE_TO_COGNITIVE_ADVISORY_SPEC_CANDIDATE","COGNITIVE_REINTEGRATION_ADVISORY_ONLY","false","false","false","F07 audit/spec only; candidate for ContextPacket or PeripheralSignalPacket, never ACT"
"COGNITIVE_REINTEGRATION","cognition/component_specs/","F07_COGNITIVE","FILE_PLAN_ALL 627 COGNITIVE_REINTEGRATION component_specs/C264_N2_memory_to_action_transduction_node.yaml cognition/component_specs/ C264_N2_memory_to_action_transduction_node.yaml yaml P3_COGNITION_SPECS F07 0 0 0 0 1  NOT_FOUND_LOCAL DUPL","INTEGRATE_TO_COGNITIVE_ADVISORY_SPEC_CANDIDATE","COGNITIVE_REINTEGRATION_ADVISORY_ONLY","false","false","false","F07 audit/spec only; candidate for ContextPacket or PeripheralSignalPacket, never ACT"
"COGNITIVE_REINTEGRATION","cognition/component_specs/","F07_COGNITIVE","FILE_PLAN_ALL 628 COGNITIVE_REINTEGRATION component_specs/C409_ObsidiaTrail_IRL_quest.yaml cognition/component_specs/ C409_ObsidiaTrail_IRL_quest.yaml yaml P3_COGNITION_SPECS F07 0 0 0 0 1  NOT_FOUND_LOCAL DUPLICATE_SAFE CLEAN LOW KX108_ONL","INTEGRATE_TO_COGNITIVE_ADVISORY_SPEC_CANDIDATE","COGNITIVE_REINTEGRATION_ADVISORY_ONLY","false","false","false","F07 audit/spec only; candidate for ContextPacket or PeripheralSignalPacket, never ACT"
"COGNITIVE_REINTEGRATION","cognition/component_specs/","F07_COGNITIVE","FILE_PLAN_ALL 629 COGNITIVE_REINTEGRATION component_specs/C124_symbolic_key_registry.yaml cognition/component_specs/ C124_symbolic_key_registry.yaml yaml P3_COGNITION_SPECS F07 0 0 0 0 1  NOT_FOUND_LOCAL DUPLICATE_SAFE CLEAN LOW KX108_ONLY;","INTEGRATE_TO_COGNITIVE_ADVISORY_SPEC_CANDIDATE","COGNITIVE_REINTEGRATION_ADVISORY_ONLY","false","false","false","F07 audit/spec only; candidate for ContextPacket or PeripheralSignalPacket, never ACT"
"COGNITIVE_REINTEGRATION","cognition/component_specs/","F07_COGNITIVE","FILE_PLAN_ALL 630 COGNITIVE_REINTEGRATION component_specs/C367_ERA_hypothesis_board.yaml cognition/component_specs/ C367_ERA_hypothesis_board.yaml yaml P3_COGNITION_SPECS F07 0 0 0 0 1  NOT_FOUND_LOCAL DUPLICATE_SAFE CLEAN LOW KX108_ONLY; C","INTEGRATE_TO_COGNITIVE_ADVISORY_SPEC_CANDIDATE","COGNITIVE_REINTEGRATION_ADVISORY_ONLY","false","false","false","F07 audit/spec only; candidate for ContextPacket or PeripheralSignalPacket, never ACT"
"COGNITIVE_REINTEGRATION","cognition/component_specs/","F07_COGNITIVE","FILE_PLAN_ALL 631 COGNITIVE_REINTEGRATION component_specs/C276_calibration_before_action_candidate.yaml cognition/component_specs/ C276_calibration_before_action_candidate.yaml yaml P3_COGNITION_SPECS F07 0 0 0 0 1  NOT_FOUND_LOCAL DUPLICAT","INTEGRATE_TO_COGNITIVE_ADVISORY_SPEC_CANDIDATE","COGNITIVE_REINTEGRATION_ADVISORY_ONLY","false","false","false","F07 audit/spec only; candidate for ContextPacket or PeripheralSignalPacket, never ACT"
"COGNITIVE_REINTEGRATION","cognition/component_specs/","F07_COGNITIVE","FILE_PLAN_ALL 632 COGNITIVE_REINTEGRATION component_specs/C274_calibration_before_reasoning.yaml cognition/component_specs/ C274_calibration_before_reasoning.yaml yaml P3_COGNITION_SPECS F07 0 0 0 0 1  NOT_FOUND_LOCAL DUPLICATE_SAFE CLEAN L","INTEGRATE_TO_COGNITIVE_ADVISORY_SPEC_CANDIDATE","COGNITIVE_REINTEGRATION_ADVISORY_ONLY","false","false","false","F07 audit/spec only; candidate for ContextPacket or PeripheralSignalPacket, never ACT"
"COGNITIVE_REINTEGRATION","cognition/component_specs/","F07_COGNITIVE","FILE_PLAN_ALL 633 COGNITIVE_REINTEGRATION component_specs/C353_format_converter_microagent.yaml cognition/component_specs/ C353_format_converter_microagent.yaml yaml P3_COGNITION_SPECS F07 0 0 0 0 1  NOT_FOUND_LOCAL DUPLICATE_SAFE CLEAN LOW","INTEGRATE_TO_COGNITIVE_ADVISORY_SPEC_CANDIDATE","COGNITIVE_REINTEGRATION_ADVISORY_ONLY","false","false","false","F07 audit/spec only; candidate for ContextPacket or PeripheralSignalPacket, never ACT"
"COGNITIVE_REINTEGRATION","cognition/component_specs/","F07_COGNITIVE","FILE_PLAN_ALL 634 COGNITIVE_REINTEGRATION component_specs/C423_irreversibility_flagger.yaml cognition/component_specs/ C423_irreversibility_flagger.yaml yaml P3_COGNITION_SPECS F07 0 0 0 0 1  NOT_FOUND_LOCAL DUPLICATE_SAFE CLEAN LOW KX108_O","INTEGRATE_TO_COGNITIVE_ADVISORY_SPEC_CANDIDATE","COGNITIVE_REINTEGRATION_ADVISORY_ONLY","false","false","false","F07 audit/spec only; candidate for ContextPacket or PeripheralSignalPacket, never ACT"
"COGNITIVE_REINTEGRATION","cognition/component_specs/","F07_COGNITIVE","FILE_PLAN_ALL 635 COGNITIVE_REINTEGRATION component_specs/C131_verbal_key_detector.yaml cognition/component_specs/ C131_verbal_key_detector.yaml yaml P3_COGNITION_SPECS F07 0 0 0 0 1  NOT_FOUND_LOCAL DUPLICATE_SAFE CLEAN LOW KX108_ONLY; COG","INTEGRATE_TO_COGNITIVE_ADVISORY_SPEC_CANDIDATE","COGNITIVE_REINTEGRATION_ADVISORY_ONLY","false","false","false","F07 audit/spec only; candidate for ContextPacket or PeripheralSignalPacket, never ACT"
"COGNITIVE_REINTEGRATION","cognition/component_specs/","F07_COGNITIVE","FILE_PLAN_ALL 636 COGNITIVE_REINTEGRATION component_specs/C002_card_alias_registry.yaml cognition/component_specs/ C002_card_alias_registry.yaml yaml P3_COGNITION_SPECS F07 0 0 0 0 1  NOT_FOUND_LOCAL DUPLICATE_SAFE CLEAN LOW KX108_ONLY; COG","INTEGRATE_TO_COGNITIVE_ADVISORY_SPEC_CANDIDATE","COGNITIVE_REINTEGRATION_ADVISORY_ONLY","false","false","false","F07 audit/spec only; candidate for ContextPacket or PeripheralSignalPacket, never ACT"
"COGNITIVE_REINTEGRATION","cognition/component_specs/","F07_COGNITIVE","FILE_PLAN_ALL 637 COGNITIVE_REINTEGRATION component_specs/C068_dissonance_cognitive.yaml cognition/component_specs/ C068_dissonance_cognitive.yaml yaml P3_COGNITION_SPECS F07 0 0 0 0 1  NOT_FOUND_LOCAL DUPLICATE_SAFE CLEAN LOW KX108_ONLY; C","INTEGRATE_TO_COGNITIVE_ADVISORY_SPEC_CANDIDATE","COGNITIVE_REINTEGRATION_ADVISORY_ONLY","false","false","false","F07 audit/spec only; candidate for ContextPacket or PeripheralSignalPacket, never ACT"
"COGNITIVE_REINTEGRATION","cognition/component_specs/","F07_COGNITIVE","FILE_PLAN_ALL 638 COGNITIVE_REINTEGRATION component_specs/C129_portal_activation_receipt.yaml cognition/component_specs/ C129_portal_activation_receipt.yaml yaml P3_COGNITION_SPECS F07 0 0 0 0 1  NOT_FOUND_LOCAL DUPLICATE_SAFE CLEAN LOW KX1","INTEGRATE_TO_COGNITIVE_ADVISORY_SPEC_CANDIDATE","COGNITIVE_REINTEGRATION_ADVISORY_ONLY","false","false","false","F07 audit/spec only; candidate for ContextPacket or PeripheralSignalPacket, never ACT"
"COGNITIVE_REINTEGRATION","cognition/component_specs/","F07_COGNITIVE","FILE_PLAN_ALL 639 COGNITIVE_REINTEGRATION component_specs/C358_mental_posture_selector.yaml cognition/component_specs/ C358_mental_posture_selector.yaml yaml P3_COGNITION_SPECS F07 0 0 0 0 1  NOT_FOUND_LOCAL DUPLICATE_SAFE CLEAN LOW KX108_O","INTEGRATE_TO_COGNITIVE_ADVISORY_SPEC_CANDIDATE","COGNITIVE_REINTEGRATION_ADVISORY_ONLY","false","false","false","F07 audit/spec only; candidate for ContextPacket or PeripheralSignalPacket, never ACT"
"COGNITIVE_REINTEGRATION","cognition/component_specs/","F07_COGNITIVE","FILE_PLAN_ALL 640 COGNITIVE_REINTEGRATION component_specs/C378_edge_AI_runtime_candidate.yaml cognition/component_specs/ C378_edge_AI_runtime_candidate.yaml yaml P3_COGNITION_SPECS F07 0 0 0 0 1  NOT_FOUND_LOCAL DUPLICATE_SAFE CLEAN LOW KX1","INTEGRATE_TO_COGNITIVE_ADVISORY_SPEC_CANDIDATE","COGNITIVE_REINTEGRATION_ADVISORY_ONLY","false","false","false","F07 audit/spec only; candidate for ContextPacket or PeripheralSignalPacket, never ACT"
"COGNITIVE_REINTEGRATION","cognition/component_specs/","F07_COGNITIVE","FILE_PLAN_ALL 641 COGNITIVE_REINTEGRATION component_specs/C060_agent_permission_profile.yaml cognition/component_specs/ C060_agent_permission_profile.yaml yaml P3_COGNITION_SPECS F07 0 0 0 0 1  NOT_FOUND_LOCAL DUPLICATE_SAFE CLEAN LOW KX108","INTEGRATE_TO_COGNITIVE_ADVISORY_SPEC_CANDIDATE","COGNITIVE_REINTEGRATION_ADVISORY_ONLY","false","false","false","F07 audit/spec only; candidate for ContextPacket or PeripheralSignalPacket, never ACT"
"COGNITIVE_REINTEGRATION","cognition/component_specs/","F07_COGNITIVE","FILE_PLAN_ALL 642 COGNITIVE_REINTEGRATION component_specs/C088_flux_pattern_intuition_agent.yaml cognition/component_specs/ C088_flux_pattern_intuition_agent.yaml yaml P3_COGNITION_SPECS F07 0 0 0 0 1  NOT_FOUND_LOCAL DUPLICATE_SAFE CLEAN L","INTEGRATE_TO_COGNITIVE_ADVISORY_SPEC_CANDIDATE","COGNITIVE_REINTEGRATION_ADVISORY_ONLY","false","false","false","F07 audit/spec only; candidate for ContextPacket or PeripheralSignalPacket, never ACT"
"COGNITIVE_REINTEGRATION","cognition/component_specs/","F07_COGNITIVE","FILE_PLAN_ALL 643 COGNITIVE_REINTEGRATION component_specs/C368_ERA_debate_protocol.yaml cognition/component_specs/ C368_ERA_debate_protocol.yaml yaml P3_COGNITION_SPECS F07 0 0 0 0 1  NOT_FOUND_LOCAL DUPLICATE_SAFE CLEAN LOW KX108_ONLY; COG","INTEGRATE_TO_COGNITIVE_ADVISORY_SPEC_CANDIDATE","COGNITIVE_REINTEGRATION_ADVISORY_ONLY","false","false","false","F07 audit/spec only; candidate for ContextPacket or PeripheralSignalPacket, never ACT"
"COGNITIVE_REINTEGRATION","cognition/component_specs/","F07_COGNITIVE","FILE_PLAN_ALL 644 COGNITIVE_REINTEGRATION component_specs/C382_obsidia_version_registry.yaml cognition/component_specs/ C382_obsidia_version_registry.yaml yaml P3_COGNITION_SPECS F07 0 0 0 0 1  NOT_FOUND_LOCAL DUPLICATE_SAFE CLEAN LOW KX108","INTEGRATE_TO_COGNITIVE_ADVISORY_SPEC_CANDIDATE","COGNITIVE_REINTEGRATION_ADVISORY_ONLY","false","false","false","F07 audit/spec only; candidate for ContextPacket or PeripheralSignalPacket, never ACT"
"COGNITIVE_REINTEGRATION","cognition/component_specs/","F07_COGNITIVE","FILE_PLAN_ALL 645 COGNITIVE_REINTEGRATION component_specs/C289_agent_evolution_state.yaml cognition/component_specs/ C289_agent_evolution_state.yaml yaml P3_COGNITION_SPECS F07 0 0 0 0 1  NOT_FOUND_LOCAL DUPLICATE_SAFE CLEAN LOW KX108_ONLY;","INTEGRATE_TO_COGNITIVE_ADVISORY_SPEC_CANDIDATE","COGNITIVE_REINTEGRATION_ADVISORY_ONLY","false","false","false","F07 audit/spec only; candidate for ContextPacket or PeripheralSignalPacket, never ACT"
"COGNITIVE_REINTEGRATION","cognition/component_specs/","F07_COGNITIVE","FILE_PLAN_ALL 646 COGNITIVE_REINTEGRATION component_specs/C424_KX108_pre_execution_adapter.yaml cognition/component_specs/ C424_KX108_pre_execution_adapter.yaml yaml P3_COGNITION_SPECS F07 0 0 0 0 1  NOT_FOUND_LOCAL DUPLICATE_SAFE CLEAN LOW","INTEGRATE_TO_COGNITIVE_ADVISORY_SPEC_CANDIDATE","COGNITIVE_REINTEGRATION_ADVISORY_ONLY","false","false","false","F07 audit/spec only; candidate for ContextPacket or PeripheralSignalPacket, never ACT"
"COGNITIVE_REINTEGRATION","cognition/component_specs/","F07_COGNITIVE","FILE_PLAN_ALL 647 COGNITIVE_REINTEGRATION component_specs/C054_sensory_interface_agents.yaml cognition/component_specs/ C054_sensory_interface_agents.yaml yaml P3_COGNITION_SPECS F07 0 0 0 0 1  NOT_FOUND_LOCAL DUPLICATE_SAFE CLEAN LOW KX108","INTEGRATE_TO_COGNITIVE_ADVISORY_SPEC_CANDIDATE","COGNITIVE_REINTEGRATION_ADVISORY_ONLY","false","false","false","F07 audit/spec only; candidate for ContextPacket or PeripheralSignalPacket, never ACT"
"COGNITIVE_REINTEGRATION","cognition/component_specs/","F07_COGNITIVE","FILE_PLAN_ALL 648 COGNITIVE_REINTEGRATION component_specs/C323_architect_intention_lock.yaml cognition/component_specs/ C323_architect_intention_lock.yaml yaml P3_COGNITION_SPECS F07 0 0 0 0 1  NOT_FOUND_LOCAL DUPLICATE_SAFE CLEAN LOW KX108","INTEGRATE_TO_COGNITIVE_ADVISORY_SPEC_CANDIDATE","COGNITIVE_REINTEGRATION_ADVISORY_ONLY","false","false","false","F07 audit/spec only; candidate for ContextPacket or PeripheralSignalPacket, never ACT"
"COGNITIVE_REINTEGRATION","cognition/component_specs/","F07_COGNITIVE","FILE_PLAN_ALL 649 COGNITIVE_REINTEGRATION component_specs/C260_malformed_symbol_detector.yaml cognition/component_specs/ C260_malformed_symbol_detector.yaml yaml P3_COGNITION_SPECS F07 0 0 0 0 1  NOT_FOUND_LOCAL DUPLICATE_SAFE CLEAN LOW KX1","INTEGRATE_TO_COGNITIVE_ADVISORY_SPEC_CANDIDATE","COGNITIVE_REINTEGRATION_ADVISORY_ONLY","false","false","false","F07 audit/spec only; candidate for ContextPacket or PeripheralSignalPacket, never ACT"
"COGNITIVE_REINTEGRATION","cognition/component_specs/","F07_COGNITIVE","FILE_PLAN_ALL 650 COGNITIVE_REINTEGRATION component_specs/C116_vision_symbols_channel.yaml cognition/component_specs/ C116_vision_symbols_channel.yaml yaml P3_COGNITION_SPECS F07 0 0 0 0 1  NOT_FOUND_LOCAL DUPLICATE_SAFE CLEAN LOW KX108_ONL","INTEGRATE_TO_COGNITIVE_ADVISORY_SPEC_CANDIDATE","COGNITIVE_REINTEGRATION_ADVISORY_ONLY","false","false","false","F07 audit/spec only; candidate for ContextPacket or PeripheralSignalPacket, never ACT"
"COGNITIVE_REINTEGRATION","cognition/component_specs/","F07_COGNITIVE","FILE_PLAN_ALL 651 COGNITIVE_REINTEGRATION component_specs/C001_canon_map_legacy_cards.yaml cognition/component_specs/ C001_canon_map_legacy_cards.yaml yaml P3_COGNITION_SPECS F07 0 0 0 0 1  NOT_FOUND_LOCAL DUPLICATE_SAFE CLEAN LOW KX108_ONL","INTEGRATE_TO_COGNITIVE_ADVISORY_SPEC_CANDIDATE","COGNITIVE_REINTEGRATION_ADVISORY_ONLY","false","false","false","F07 audit/spec only; candidate for ContextPacket or PeripheralSignalPacket, never ACT"
"COGNITIVE_REINTEGRATION","cognition/component_specs/","F07_COGNITIVE","FILE_PLAN_ALL 652 COGNITIVE_REINTEGRATION component_specs/C167_output_feedback_loop.yaml cognition/component_specs/ C167_output_feedback_loop.yaml yaml P3_COGNITION_SPECS F07 0 0 0 0 1  NOT_FOUND_LOCAL DUPLICATE_SAFE CLEAN LOW KX108_ONLY; C","INTEGRATE_TO_COGNITIVE_ADVISORY_SPEC_CANDIDATE","COGNITIVE_REINTEGRATION_ADVISORY_ONLY","false","false","false","F07 audit/spec only; candidate for ContextPacket or PeripheralSignalPacket, never ACT"
"COGNITIVE_REINTEGRATION","cognition/component_specs/","F07_COGNITIVE","FILE_PLAN_ALL 653 COGNITIVE_REINTEGRATION component_specs/C062_calibrateur.yaml cognition/component_specs/ C062_calibrateur.yaml yaml P3_COGNITION_SPECS F07 0 0 0 0 1  NOT_FOUND_LOCAL DUPLICATE_SAFE CLEAN LOW KX108_ONLY; COGNITIVE_SIGNAL_ON","INTEGRATE_TO_COGNITIVE_ADVISORY_SPEC_CANDIDATE","COGNITIVE_REINTEGRATION_ADVISORY_ONLY","false","false","false","F07 audit/spec only; candidate for ContextPacket or PeripheralSignalPacket, never ACT"
"COGNITIVE_REINTEGRATION","cognition/component_specs/","F07_COGNITIVE","FILE_PLAN_ALL 654 COGNITIVE_REINTEGRATION component_specs/C056_meta_fusion_agents.yaml cognition/component_specs/ C056_meta_fusion_agents.yaml yaml P3_COGNITION_SPECS F07 0 0 0 0 1  NOT_FOUND_LOCAL DUPLICATE_SAFE CLEAN LOW KX108_ONLY; COGNI","INTEGRATE_TO_COGNITIVE_ADVISORY_SPEC_CANDIDATE","COGNITIVE_REINTEGRATION_ADVISORY_ONLY","false","false","false","F07 audit/spec only; candidate for ContextPacket or PeripheralSignalPacket, never ACT"
"COGNITIVE_REINTEGRATION","cognition/component_specs/","F07_COGNITIVE","FILE_PLAN_ALL 655 COGNITIVE_REINTEGRATION component_specs/C197_style_technical.yaml cognition/component_specs/ C197_style_technical.yaml yaml P3_COGNITION_SPECS F07 0 0 0 0 1  NOT_FOUND_LOCAL DUPLICATE_SAFE CLEAN LOW KX108_ONLY; COGNITIVE_S","INTEGRATE_TO_COGNITIVE_ADVISORY_SPEC_CANDIDATE","COGNITIVE_REINTEGRATION_ADVISORY_ONLY","false","false","false","F07 audit/spec only; candidate for ContextPacket or PeripheralSignalPacket, never ACT"
"COGNITIVE_REINTEGRATION","cognition/component_specs/","F07_COGNITIVE","FILE_PLAN_ALL 656 COGNITIVE_REINTEGRATION component_specs/C258_ambiguity_preservation_layer.yaml cognition/component_specs/ C258_ambiguity_preservation_layer.yaml yaml P3_COGNITION_SPECS F07 0 0 0 0 1  NOT_FOUND_LOCAL DUPLICATE_SAFE CLEAN L","INTEGRATE_TO_COGNITIVE_ADVISORY_SPEC_CANDIDATE","COGNITIVE_REINTEGRATION_ADVISORY_ONLY","false","false","false","F07 audit/spec only; candidate for ContextPacket or PeripheralSignalPacket, never ACT"
"COGNITIVE_REINTEGRATION","cognition/component_specs/","F07_COGNITIVE","FILE_PLAN_ALL 657 COGNITIVE_REINTEGRATION component_specs/C018_analogical_reasoning.yaml cognition/component_specs/ C018_analogical_reasoning.yaml yaml P3_COGNITION_SPECS F07 0 0 0 0 1  NOT_FOUND_LOCAL DUPLICATE_SAFE CLEAN LOW KX108_ONLY; C","INTEGRATE_TO_COGNITIVE_ADVISORY_SPEC_CANDIDATE","COGNITIVE_REINTEGRATION_ADVISORY_ONLY","false","false","false","F07 audit/spec only; candidate for ContextPacket or PeripheralSignalPacket, never ACT"
"COGNITIVE_REINTEGRATION","cognition/component_specs/","F07_COGNITIVE","FILE_PLAN_ALL 658 COGNITIVE_REINTEGRATION component_specs/C330_architect_prompt_packet.yaml cognition/component_specs/ C330_architect_prompt_packet.yaml yaml P3_COGNITION_SPECS F07 0 0 0 0 1  NOT_FOUND_LOCAL DUPLICATE_SAFE CLEAN LOW KX108_O","INTEGRATE_TO_COGNITIVE_ADVISORY_SPEC_CANDIDATE","COGNITIVE_REINTEGRATION_ADVISORY_ONLY","false","false","false","F07 audit/spec only; candidate for ContextPacket or PeripheralSignalPacket, never ACT"
"COGNITIVE_REINTEGRATION","cognition/component_specs/","F07_COGNITIVE","FILE_PLAN_ALL 659 COGNITIVE_REINTEGRATION component_specs/C312_contextual_ethics_check.yaml cognition/component_specs/ C312_contextual_ethics_check.yaml yaml P3_COGNITION_SPECS F07 0 0 0 0 1  NOT_FOUND_LOCAL DUPLICATE_SAFE CLEAN LOW KX108_O","INTEGRATE_TO_COGNITIVE_ADVISORY_SPEC_CANDIDATE","COGNITIVE_REINTEGRATION_ADVISORY_ONLY","false","false","false","F07 audit/spec only; candidate for ContextPacket or PeripheralSignalPacket, never ACT"
"COGNITIVE_REINTEGRATION","cognition/component_specs/","F07_COGNITIVE","FILE_PLAN_ALL 660 COGNITIVE_REINTEGRATION component_specs/C347_micro_agent_fast_path_router.yaml cognition/component_specs/ C347_micro_agent_fast_path_router.yaml yaml P3_COGNITION_SPECS F07 0 0 0 0 1  NOT_FOUND_LOCAL DUPLICATE_SAFE CLEAN L","INTEGRATE_TO_COGNITIVE_ADVISORY_SPEC_CANDIDATE","COGNITIVE_REINTEGRATION_ADVISORY_ONLY","false","false","false","F07 audit/spec only; candidate for ContextPacket or PeripheralSignalPacket, never ACT"
"COGNITIVE_REINTEGRATION","cognition/component_specs/","F07_COGNITIVE","FILE_PLAN_ALL 661 COGNITIVE_REINTEGRATION component_specs/C202_cognitive_filter_protocol.yaml cognition/component_specs/ C202_cognitive_filter_protocol.yaml yaml P3_COGNITION_SPECS F07 0 0 0 0 1  NOT_FOUND_LOCAL DUPLICATE_SAFE CLEAN LOW KX1","INTEGRATE_TO_COGNITIVE_ADVISORY_SPEC_CANDIDATE","COGNITIVE_REINTEGRATION_ADVISORY_ONLY","false","false","false","F07 audit/spec only; candidate for ContextPacket or PeripheralSignalPacket, never ACT"
"COGNITIVE_REINTEGRATION","cognition/component_specs/","F07_COGNITIVE","FILE_PLAN_ALL 662 COGNITIVE_REINTEGRATION component_specs/C439_KX108_only_authority_field.yaml cognition/component_specs/ C439_KX108_only_authority_field.yaml yaml P1_CONTRACTS F07 0 0 0 0 1  NOT_FOUND_LOCAL DUPLICATE_SAFE CLEAN LOW KX108_O","INTEGRATE_TO_COGNITIVE_ADVISORY_SPEC_CANDIDATE","COGNITIVE_REINTEGRATION_ADVISORY_ONLY","false","false","false","F07 audit/spec only; candidate for ContextPacket or PeripheralSignalPacket, never ACT"
"COGNITIVE_REINTEGRATION","cognition/component_specs/","F07_COGNITIVE","FILE_PLAN_ALL 663 COGNITIVE_REINTEGRATION component_specs/C286_cognitive_route_visualizer.yaml cognition/component_specs/ C286_cognitive_route_visualizer.yaml yaml P3_COGNITION_SPECS F07 0 0 0 0 1  NOT_FOUND_LOCAL DUPLICATE_SAFE CLEAN LOW K","INTEGRATE_TO_COGNITIVE_ADVISORY_SPEC_CANDIDATE","COGNITIVE_REINTEGRATION_ADVISORY_ONLY","false","false","false","F07 audit/spec only; candidate for ContextPacket or PeripheralSignalPacket, never ACT"
"COGNITIVE_REINTEGRATION","cognition/component_specs/","F07_COGNITIVE","FILE_PLAN_ALL 664 COGNITIVE_REINTEGRATION component_specs/C218_law_to_kx108_adapter.yaml cognition/component_specs/ C218_law_to_kx108_adapter.yaml yaml P3_COGNITION_SPECS F07 0 0 0 0 1  NOT_FOUND_LOCAL DUPLICATE_SAFE CLEAN LOW KX108_ONLY; C","INTEGRATE_TO_COGNITIVE_ADVISORY_SPEC_CANDIDATE","COGNITIVE_REINTEGRATION_ADVISORY_ONLY","false","false","false","F07 audit/spec only; candidate for ContextPacket or PeripheralSignalPacket, never ACT"
"COGNITIVE_REINTEGRATION","cognition/component_specs/","F07_COGNITIVE","FILE_PLAN_ALL 665 COGNITIVE_REINTEGRATION component_specs/C243_traceable_memory_index.yaml cognition/component_specs/ C243_traceable_memory_index.yaml yaml P3_COGNITION_SPECS F07 0 0 0 0 1  NOT_FOUND_LOCAL DUPLICATE_SAFE CLEAN LOW KX108_ONL","INTEGRATE_TO_COGNITIVE_ADVISORY_SPEC_CANDIDATE","COGNITIVE_REINTEGRATION_ADVISORY_ONLY","false","false","false","F07 audit/spec only; candidate for ContextPacket or PeripheralSignalPacket, never ACT"
"COGNITIVE_REINTEGRATION","cognition/component_specs/","F07_COGNITIVE","FILE_PLAN_ALL 666 COGNITIVE_REINTEGRATION component_specs/C343_feedback_button_encourage.yaml cognition/component_specs/ C343_feedback_button_encourage.yaml yaml P3_COGNITION_SPECS F07 0 0 0 0 1  NOT_FOUND_LOCAL DUPLICATE_SAFE CLEAN LOW KX1","INTEGRATE_TO_COGNITIVE_ADVISORY_SPEC_CANDIDATE","COGNITIVE_REINTEGRATION_ADVISORY_ONLY","false","false","false","F07 audit/spec only; candidate for ContextPacket or PeripheralSignalPacket, never ACT"
"COGNITIVE_REINTEGRATION","cognition/component_specs/","F07_COGNITIVE","FILE_PLAN_ALL 667 COGNITIVE_REINTEGRATION component_specs/C328_mirror_effect_adapter.yaml cognition/component_specs/ C328_mirror_effect_adapter.yaml yaml P3_COGNITION_SPECS F07 0 0 0 0 1  NOT_FOUND_LOCAL DUPLICATE_SAFE CLEAN LOW KX108_ONLY;","INTEGRATE_TO_COGNITIVE_ADVISORY_SPEC_CANDIDATE","COGNITIVE_REINTEGRATION_ADVISORY_ONLY","false","false","false","F07 audit/spec only; candidate for ContextPacket or PeripheralSignalPacket, never ACT"
"COGNITIVE_REINTEGRATION","cognition/component_specs/","F07_COGNITIVE","FILE_PLAN_ALL 668 COGNITIVE_REINTEGRATION component_specs/C445_effect_receipt_schema.yaml cognition/component_specs/ C445_effect_receipt_schema.yaml yaml P3_COGNITION_SPECS F07 0 0 0 0 1  NOT_FOUND_LOCAL DUPLICATE_SAFE CLEAN LOW KX108_ONLY;","INTEGRATE_TO_COGNITIVE_ADVISORY_SPEC_CANDIDATE","COGNITIVE_REINTEGRATION_ADVISORY_ONLY","false","false","false","F07 audit/spec only; candidate for ContextPacket or PeripheralSignalPacket, never ACT"
"COGNITIVE_REINTEGRATION","cognition/component_specs/","F07_COGNITIVE","FILE_PLAN_ALL 669 COGNITIVE_REINTEGRATION component_specs/C302_symbolic_state_transition.yaml cognition/component_specs/ C302_symbolic_state_transition.yaml yaml P3_COGNITION_SPECS F07 0 0 0 0 1  NOT_FOUND_LOCAL DUPLICATE_SAFE CLEAN LOW KX1","INTEGRATE_TO_COGNITIVE_ADVISORY_SPEC_CANDIDATE","COGNITIVE_REINTEGRATION_ADVISORY_ONLY","false","false","false","F07 audit/spec only; candidate for ContextPacket or PeripheralSignalPacket, never ACT"
"COGNITIVE_REINTEGRATION","cognition/component_specs/","F07_COGNITIVE","FILE_PLAN_ALL 670 COGNITIVE_REINTEGRATION component_specs/C354_micro_agent_cost_guard.yaml cognition/component_specs/ C354_micro_agent_cost_guard.yaml yaml P3_COGNITION_SPECS F07 0 0 0 0 1  NOT_FOUND_LOCAL DUPLICATE_SAFE CLEAN LOW KX108_ONL","INTEGRATE_TO_COGNITIVE_ADVISORY_SPEC_CANDIDATE","COGNITIVE_REINTEGRATION_ADVISORY_ONLY","false","false","false","F07 audit/spec only; candidate for ContextPacket or PeripheralSignalPacket, never ACT"
"COGNITIVE_REINTEGRATION","cognition/component_specs/","F07_COGNITIVE","FILE_PLAN_ALL 671 COGNITIVE_REINTEGRATION component_specs/C318_refusal_reason_candidate.yaml cognition/component_specs/ C318_refusal_reason_candidate.yaml yaml P3_COGNITION_SPECS F07 0 0 0 0 1  NOT_FOUND_LOCAL DUPLICATE_SAFE CLEAN LOW KX108","INTEGRATE_TO_COGNITIVE_ADVISORY_SPEC_CANDIDATE","COGNITIVE_REINTEGRATION_ADVISORY_ONLY","false","false","false","F07 audit/spec only; candidate for ContextPacket or PeripheralSignalPacket, never ACT"
"COGNITIVE_REINTEGRATION","cognition/component_specs/","F07_COGNITIVE","FILE_PLAN_ALL 672 COGNITIVE_REINTEGRATION component_specs/C419_world_trend_summarizer.yaml cognition/component_specs/ C419_world_trend_summarizer.yaml yaml P3_COGNITION_SPECS F07 0 0 0 0 1  NOT_FOUND_LOCAL DUPLICATE_SAFE CLEAN LOW KX108_ONL","INTEGRATE_TO_COGNITIVE_ADVISORY_SPEC_CANDIDATE","COGNITIVE_REINTEGRATION_ADVISORY_ONLY","false","false","false","F07 audit/spec only; candidate for ContextPacket or PeripheralSignalPacket, never ACT"
"COGNITIVE_REINTEGRATION","cognition/component_specs/","F07_COGNITIVE","FILE_PLAN_ALL 673 COGNITIVE_REINTEGRATION component_specs/C087_capteurs_tactiles_symboliques_agent.yaml cognition/component_specs/ C087_capteurs_tactiles_symboliques_agent.yaml yaml P3_COGNITION_SPECS F07 0 0 0 0 1  NOT_FOUND_LOCAL DUPLICAT","INTEGRATE_TO_COGNITIVE_ADVISORY_SPEC_CANDIDATE","COGNITIVE_REINTEGRATION_ADVISORY_ONLY","false","false","false","F07 audit/spec only; candidate for ContextPacket or PeripheralSignalPacket, never ACT"
"COGNITIVE_REINTEGRATION","cognition/component_specs/","F07_COGNITIVE","FILE_PLAN_ALL 674 COGNITIVE_REINTEGRATION component_specs/C030_intuitive_diffusive_reasoning_mode.yaml cognition/component_specs/ C030_intuitive_diffusive_reasoning_mode.yaml yaml P3_COGNITION_SPECS F07 0 0 0 0 1  NOT_FOUND_LOCAL DUPLICATE_","INTEGRATE_TO_COGNITIVE_ADVISORY_SPEC_CANDIDATE","COGNITIVE_REINTEGRATION_ADVISORY_ONLY","false","false","false","F07 audit/spec only; candidate for ContextPacket or PeripheralSignalPacket, never ACT"
"COGNITIVE_REINTEGRATION","cognition/component_specs/","F07_COGNITIVE","FILE_PLAN_ALL 675 COGNITIVE_REINTEGRATION component_specs/C421_world_action_candidate.yaml cognition/component_specs/ C421_world_action_candidate.yaml yaml P3_COGNITION_SPECS F07 0 0 0 0 1  NOT_FOUND_LOCAL DUPLICATE_SAFE CLEAN LOW KX108_ONL","INTEGRATE_TO_COGNITIVE_ADVISORY_SPEC_CANDIDATE","COGNITIVE_REINTEGRATION_ADVISORY_ONLY","false","false","false","F07 audit/spec only; candidate for ContextPacket or PeripheralSignalPacket, never ACT"
"COGNITIVE_REINTEGRATION","docs/cognition/","F07_COGNITIVE","FILE_PLAN_ALL 676 COGNITIVE_REINTEGRATION 09_FORMULA_DICTIONARY.md docs/cognition/ 09_FORMULA_DICTIONARY.md md P2_COGNITION_CONTRACTS F07 0 0 0 0 1  NOT_FOUND_LOCAL DUPLICATE_SAFE CLEAN LOW KX108_ONLY; COGNITIVE_SIGNAL_ONLY; ADVISORY_ONLY; ","INTEGRATE_TO_COGNITIVE_ADVISORY_SPEC_CANDIDATE","COGNITIVE_REINTEGRATION_ADVISORY_ONLY","false","false","false","F07 audit/spec only; candidate for ContextPacket or PeripheralSignalPacket, never ACT"
"COGNITIVE_REINTEGRATION","docs/cognition/","F07_COGNITIVE","FILE_PLAN_ALL 677 COGNITIVE_REINTEGRATION 10_INVARIANTS.md docs/cognition/ 10_INVARIANTS.md md P1_CONTRACTS F07 0 0 0 0 1  NOT_FOUND_LOCAL DUPLICATE_SAFE CLEAN LOW KX108_ONLY; COGNITIVE_SIGNAL_ONLY; ADVISORY_ONLY; NO_ACT; NO_VERDICT_FINAL I","INTEGRATE_TO_COGNITIVE_ADVISORY_SPEC_CANDIDATE","COGNITIVE_REINTEGRATION_ADVISORY_ONLY","false","false","false","F07 audit/spec only; candidate for ContextPacket or PeripheralSignalPacket, never ACT"
"COGNITIVE_REINTEGRATION","docs/cognition/","F07_COGNITIVE","FILE_PLAN_ALL 678 COGNITIVE_REINTEGRATION 05_LEGACY_TO_KERNEL_BOUNDARY.md docs/cognition/ 05_LEGACY_TO_KERNEL_BOUNDARY.md md P1_CONTRACTS F07 0 0 0 0 1  NOT_FOUND_LOCAL DUPLICATE_SAFE CLEAN LOW KX108_ONLY; COGNITIVE_SIGNAL_ONLY; ADVISORY_ON","INTEGRATE_TO_COGNITIVE_ADVISORY_SPEC_CANDIDATE","COGNITIVE_REINTEGRATION_ADVISORY_ONLY","false","false","false","F07 audit/spec only; candidate for ContextPacket or PeripheralSignalPacket, never ACT"
"COGNITIVE_REINTEGRATION","docs/cognition/","F07_COGNITIVE","FILE_PLAN_ALL 679 COGNITIVE_REINTEGRATION 06_COMPONENT_INDEX.csv docs/cognition/ 06_COMPONENT_INDEX.csv csv P2_COGNITION_CONTRACTS F07 0 0 0 0 1  NOT_FOUND_LOCAL DUPLICATE_SAFE CLEAN LOW KX108_ONLY; COGNITIVE_SIGNAL_ONLY; ADVISORY_ONLY; NO_","INTEGRATE_TO_COGNITIVE_ADVISORY_SPEC_CANDIDATE","COGNITIVE_REINTEGRATION_ADVISORY_ONLY","false","false","false","F07 audit/spec only; candidate for ContextPacket or PeripheralSignalPacket, never ACT"
"COGNITIVE_REINTEGRATION","docs/cognition/","F07_COGNITIVE","FILE_PLAN_ALL 680 COGNITIVE_REINTEGRATION 08_METRIC_DICTIONARY.yaml docs/cognition/ 08_METRIC_DICTIONARY.yaml yaml P2_COGNITION_CONTRACTS F07 0 0 0 0 1  NOT_FOUND_LOCAL DUPLICATE_SAFE CLEAN LOW KX108_ONLY; COGNITIVE_SIGNAL_ONLY; ADVISORY_ON","INTEGRATE_TO_COGNITIVE_ADVISORY_SPEC_CANDIDATE","COGNITIVE_REINTEGRATION_ADVISORY_ONLY","false","false","false","F07 audit/spec only; candidate for ContextPacket or PeripheralSignalPacket, never ACT"
"COGNITIVE_REINTEGRATION","docs/cognition/","F07_COGNITIVE","FILE_PLAN_ALL 681 COGNITIVE_REINTEGRATION 53_IMPLEMENTATION_ROADMAP.md docs/cognition/ 53_IMPLEMENTATION_ROADMAP.md md P2_COGNITION_CONTRACTS F07 0 0 0 0 1  NOT_FOUND_LOCAL DUPLICATE_SAFE CLEAN LOW KX108_ONLY; COGNITIVE_SIGNAL_ONLY; ADVISOR","INTEGRATE_TO_COGNITIVE_ADVISORY_SPEC_CANDIDATE","COGNITIVE_REINTEGRATION_ADVISORY_ONLY","false","false","false","F07 audit/spec only; candidate for ContextPacket or PeripheralSignalPacket, never ACT"
"COGNITIVE_REINTEGRATION","docs/cognition/","F07_COGNITIVE","FILE_PLAN_ALL 682 COGNITIVE_REINTEGRATION 54_FREEZE_MANIFEST.yaml docs/cognition/ 54_FREEZE_MANIFEST.yaml yaml P2_COGNITION_CONTRACTS F07 0 0 0 0 1  NOT_FOUND_LOCAL DUPLICATE_SAFE CLEAN LOW KX108_ONLY; COGNITIVE_SIGNAL_ONLY; ADVISORY_ONLY; ","INTEGRATE_TO_COGNITIVE_ADVISORY_SPEC_CANDIDATE","COGNITIVE_REINTEGRATION_ADVISORY_ONLY","false","false","false","F07 audit/spec only; candidate for ContextPacket or PeripheralSignalPacket, never ACT"
"COGNITIVE_REINTEGRATION","docs/cognition/","F07_COGNITIVE","FILE_PLAN_ALL 683 COGNITIVE_REINTEGRATION 01_README.md docs/cognition/ 01_README.md md P2_COGNITION_CONTRACTS F07 0 0 0 0 1  NOT_FOUND_LOCAL DUPLICATE_SAFE CLEAN LOW KX108_ONLY; COGNITIVE_SIGNAL_ONLY; ADVISORY_ONLY; NO_ACT; NO_VERDICT_FINAL","INTEGRATE_TO_COGNITIVE_ADVISORY_SPEC_CANDIDATE","COGNITIVE_REINTEGRATION_ADVISORY_ONLY","false","false","false","F07 audit/spec only; candidate for ContextPacket or PeripheralSignalPacket, never ACT"
"COGNITIVE_REINTEGRATION","docs/cognition/","F07_COGNITIVE","FILE_PLAN_ALL 684 COGNITIVE_REINTEGRATION 55_HASHES.sha256 docs/cognition/ 55_HASHES.sha256 sha256 P2_COGNITION_CONTRACTS F07 0 0 0 0 1  NOT_FOUND_LOCAL DUPLICATE_SAFE CLEAN LOW KX108_ONLY; COGNITIVE_SIGNAL_ONLY; ADVISORY_ONLY; NO_ACT; NO_V","INTEGRATE_TO_COGNITIVE_ADVISORY_SPEC_CANDIDATE","COGNITIVE_REINTEGRATION_ADVISORY_ONLY","false","false","false","F07 audit/spec only; candidate for ContextPacket or PeripheralSignalPacket, never ACT"
"COGNITIVE_REINTEGRATION","docs/cognition/","F07_COGNITIVE","FILE_PLAN_ALL 685 COGNITIVE_REINTEGRATION 02_SCOPE_AND_DECISION.md docs/cognition/ 02_SCOPE_AND_DECISION.md md P2_COGNITION_CONTRACTS F07 0 0 0 0 1  NOT_FOUND_LOCAL DUPLICATE_SAFE CLEAN LOW KX108_ONLY; COGNITIVE_SIGNAL_ONLY; ADVISORY_ONLY; ","INTEGRATE_TO_COGNITIVE_ADVISORY_SPEC_CANDIDATE","COGNITIVE_REINTEGRATION_ADVISORY_ONLY","false","false","false","F07 audit/spec only; candidate for ContextPacket or PeripheralSignalPacket, never ACT"
"COGNITIVE_REINTEGRATION","docs/cognition/","F07_COGNITIVE","FILE_PLAN_ALL 686 COGNITIVE_REINTEGRATION 03_SOURCE_INVENTORY.md docs/cognition/ 03_SOURCE_INVENTORY.md md P2_COGNITION_CONTRACTS F07 0 0 0 0 1  NOT_FOUND_LOCAL DUPLICATE_SAFE CLEAN LOW KX108_ONLY; COGNITIVE_SIGNAL_ONLY; ADVISORY_ONLY; NO_A","INTEGRATE_TO_COGNITIVE_ADVISORY_SPEC_CANDIDATE","COGNITIVE_REINTEGRATION_ADVISORY_ONLY","false","false","false","F07 audit/spec only; candidate for ContextPacket or PeripheralSignalPacket, never ACT"
"COGNITIVE_REINTEGRATION","cognition/family_specs/","F07_COGNITIVE","FILE_PLAN_ALL 687 COGNITIVE_REINTEGRATION family_specs/29_laws.spec.yaml cognition/family_specs/ 29_laws.spec.yaml yaml P2_COGNITION_CONTRACTS F07 0 0 0 0 1  NOT_FOUND_LOCAL DUPLICATE_SAFE CLEAN LOW KX108_ONLY; COGNITIVE_SIGNAL_ONLY; ADVISO","INTEGRATE_TO_COGNITIVE_ADVISORY_SPEC_CANDIDATE","COGNITIVE_REINTEGRATION_ADVISORY_ONLY","false","false","false","F07 audit/spec only; candidate for ContextPacket or PeripheralSignalPacket, never ACT"
"COGNITIVE_REINTEGRATION","cognition/family_specs/","F07_COGNITIVE","FILE_PLAN_ALL 688 COGNITIVE_REINTEGRATION family_specs/37_architect_interaction.spec.yaml cognition/family_specs/ 37_architect_interaction.spec.yaml yaml P2_COGNITION_CONTRACTS F07 0 0 0 0 1  NOT_FOUND_LOCAL DUPLICATE_SAFE CLEAN LOW KX108_O","INTEGRATE_TO_COGNITIVE_ADVISORY_SPEC_CANDIDATE","COGNITIVE_REINTEGRATION_ADVISORY_ONLY","false","false","false","F07 audit/spec only; candidate for ContextPacket or PeripheralSignalPacket, never ACT"
"COGNITIVE_REINTEGRATION","cognition/family_specs/","F07_COGNITIVE","FILE_PLAN_ALL 689 COGNITIVE_REINTEGRATION family_specs/26_outputs_crystal.spec.yaml cognition/family_specs/ 26_outputs_crystal.spec.yaml yaml P2_COGNITION_CONTRACTS F07 0 0 0 0 1  NOT_FOUND_LOCAL DUPLICATE_SAFE CLEAN LOW KX108_ONLY; COGNITI","INTEGRATE_TO_COGNITIVE_ADVISORY_SPEC_CANDIDATE","COGNITIVE_REINTEGRATION_ADVISORY_ONLY","false","false","false","F07 audit/spec only; candidate for ContextPacket or PeripheralSignalPacket, never ACT"
"COGNITIVE_REINTEGRATION","cognition/family_specs/","F07_COGNITIVE","FILE_PLAN_ALL 690 COGNITIVE_REINTEGRATION family_specs/45_kernel_modern_graft.spec.yaml cognition/family_specs/ 45_kernel_modern_graft.spec.yaml yaml P2_COGNITION_CONTRACTS F07 0 0 0 0 1  NOT_FOUND_LOCAL DUPLICATE_SAFE CLEAN LOW KX108_ONLY;","INTEGRATE_TO_COGNITIVE_ADVISORY_SPEC_CANDIDATE","COGNITIVE_REINTEGRATION_ADVISORY_ONLY","false","false","false","F07 audit/spec only; candidate for ContextPacket or PeripheralSignalPacket, never ACT"
"COGNITIVE_REINTEGRATION","cognition/family_specs/","F07_COGNITIVE","FILE_PLAN_ALL 691 COGNITIVE_REINTEGRATION family_specs/42_paradigms_multibrains.spec.yaml cognition/family_specs/ 42_paradigms_multibrains.spec.yaml yaml P2_COGNITION_CONTRACTS F07 0 0 0 0 1  NOT_FOUND_LOCAL DUPLICATE_SAFE CLEAN LOW KX108_O","INTEGRATE_TO_COGNITIVE_ADVISORY_SPEC_CANDIDATE","COGNITIVE_REINTEGRATION_ADVISORY_ONLY","false","false","false","F07 audit/spec only; candidate for ContextPacket or PeripheralSignalPacket, never ACT"
"COGNITIVE_REINTEGRATION","cognition/family_specs/","F07_COGNITIVE","FILE_PLAN_ALL 692 COGNITIVE_REINTEGRATION family_specs/36_ethics_alignment.spec.yaml cognition/family_specs/ 36_ethics_alignment.spec.yaml yaml P2_COGNITION_CONTRACTS F07 0 0 0 0 1  NOT_FOUND_LOCAL DUPLICATE_SAFE CLEAN LOW KX108_ONLY; COGNI","INTEGRATE_TO_COGNITIVE_ADVISORY_SPEC_CANDIDATE","COGNITIVE_REINTEGRATION_ADVISORY_ONLY","false","false","false","F07 audit/spec only; candidate for ContextPacket or PeripheralSignalPacket, never ACT"
"COGNITIVE_REINTEGRATION","cognition/family_specs/","F07_COGNITIVE","FILE_PLAN_ALL 693 COGNITIVE_REINTEGRATION family_specs/35_consciousness.spec.yaml cognition/family_specs/ 35_consciousness.spec.yaml yaml P2_COGNITION_CONTRACTS F07 0 0 0 0 1  NOT_FOUND_LOCAL DUPLICATE_SAFE CLEAN LOW KX108_ONLY; COGNITIVE_S","INTEGRATE_TO_COGNITIVE_ADVISORY_SPEC_CANDIDATE","COGNITIVE_REINTEGRATION_ADVISORY_ONLY","false","false","false","F07 audit/spec only; candidate for ContextPacket or PeripheralSignalPacket, never ACT"
"COGNITIVE_REINTEGRATION","cognition/family_specs/","F07_COGNITIVE","FILE_PLAN_ALL 694 COGNITIVE_REINTEGRATION family_specs/23_perception.spec.yaml cognition/family_specs/ 23_perception.spec.yaml yaml P2_COGNITION_CONTRACTS F07 0 0 0 0 1  NOT_FOUND_LOCAL DUPLICATE_SAFE CLEAN LOW KX108_ONLY; COGNITIVE_SIGNAL_","INTEGRATE_TO_COGNITIVE_ADVISORY_SPEC_CANDIDATE","COGNITIVE_REINTEGRATION_ADVISORY_ONLY","false","false","false","F07 audit/spec only; candidate for ContextPacket or PeripheralSignalPacket, never ACT"
"COGNITIVE_REINTEGRATION","cognition/family_specs/","F07_COGNITIVE","FILE_PLAN_ALL 695 COGNITIVE_REINTEGRATION family_specs/28_protocols.spec.yaml cognition/family_specs/ 28_protocols.spec.yaml yaml P2_COGNITION_CONTRACTS F07 0 0 0 0 1  NOT_FOUND_LOCAL DUPLICATE_SAFE CLEAN LOW KX108_ONLY; COGNITIVE_SIGNAL_ON","INTEGRATE_TO_COGNITIVE_ADVISORY_SPEC_CANDIDATE","COGNITIVE_REINTEGRATION_ADVISORY_ONLY","false","false","false","F07 audit/spec only; candidate for ContextPacket or PeripheralSignalPacket, never ACT"
"COGNITIVE_REINTEGRATION","cognition/family_specs/","F07_COGNITIVE","FILE_PLAN_ALL 696 COGNITIVE_REINTEGRATION family_specs/34_agent_evolution.spec.yaml cognition/family_specs/ 34_agent_evolution.spec.yaml yaml P2_COGNITION_CONTRACTS F07 0 0 0 0 1  NOT_FOUND_LOCAL DUPLICATE_SAFE CLEAN LOW KX108_ONLY; COGNITI","INTEGRATE_TO_COGNITIVE_ADVISORY_SPEC_CANDIDATE","COGNITIVE_REINTEGRATION_ADVISORY_ONLY","false","false","false","F07 audit/spec only; candidate for ContextPacket or PeripheralSignalPacket, never ACT"
"COGNITIVE_REINTEGRATION","cognition/family_specs/","F07_COGNITIVE","FILE_PLAN_ALL 697 COGNITIVE_REINTEGRATION family_specs/44_world_action_candidates.spec.yaml cognition/family_specs/ 44_world_action_candidates.spec.yaml yaml P2_COGNITION_CONTRACTS F07 0 0 0 0 1  NOT_FOUND_LOCAL DUPLICATE_SAFE CLEAN LOW KX1","INTEGRATE_TO_COGNITIVE_ADVISORY_SPEC_CANDIDATE","COGNITIVE_REINTEGRATION_ADVISORY_ONLY","false","false","false","F07 audit/spec only; candidate for ContextPacket or PeripheralSignalPacket, never ACT"
"COGNITIVE_REINTEGRATION","cognition/family_specs/","F07_COGNITIVE","FILE_PLAN_ALL 698 COGNITIVE_REINTEGRATION family_specs/30_memory.spec.yaml cognition/family_specs/ 30_memory.spec.yaml yaml P2_COGNITION_CONTRACTS F07 0 0 0 0 1  NOT_FOUND_LOCAL DUPLICATE_SAFE CLEAN LOW KX108_ONLY; COGNITIVE_SIGNAL_ONLY; AD","INTEGRATE_TO_COGNITIVE_ADVISORY_SPEC_CANDIDATE","COGNITIVE_REINTEGRATION_ADVISORY_ONLY","false","false","false","F07 audit/spec only; candidate for ContextPacket or PeripheralSignalPacket, never ACT"
"COGNITIVE_REINTEGRATION","cognition/family_specs/","F07_COGNITIVE","FILE_PLAN_ALL 699 COGNITIVE_REINTEGRATION family_specs/24_portals.spec.yaml cognition/family_specs/ 24_portals.spec.yaml yaml P2_COGNITION_CONTRACTS F07 0 0 0 0 1  NOT_FOUND_LOCAL DUPLICATE_SAFE CLEAN LOW KX108_ONLY; COGNITIVE_SIGNAL_ONLY; ","INTEGRATE_TO_COGNITIVE_ADVISORY_SPEC_CANDIDATE","COGNITIVE_REINTEGRATION_ADVISORY_ONLY","false","false","false","F07 audit/spec only; candidate for ContextPacket or PeripheralSignalPacket, never ACT"
"COGNITIVE_REINTEGRATION","cognition/family_specs/","F07_COGNITIVE","FILE_PLAN_ALL 700 COGNITIVE_REINTEGRATION family_specs/31_error_flou.spec.yaml cognition/family_specs/ 31_error_flou.spec.yaml yaml P2_COGNITION_CONTRACTS F07 0 0 0 0 1  NOT_FOUND_LOCAL DUPLICATE_SAFE CLEAN LOW KX108_ONLY; COGNITIVE_SIGNAL_","INTEGRATE_TO_COGNITIVE_ADVISORY_SPEC_CANDIDATE","COGNITIVE_REINTEGRATION_ADVISORY_ONLY","false","false","false","F07 audit/spec only; candidate for ContextPacket or PeripheralSignalPacket, never ACT"
"COGNITIVE_REINTEGRATION","cognition/family_specs/","F07_COGNITIVE","FILE_PLAN_ALL 701 COGNITIVE_REINTEGRATION family_specs/43_autoforge_progression.spec.yaml cognition/family_specs/ 43_autoforge_progression.spec.yaml yaml P2_COGNITION_CONTRACTS F07 0 0 0 0 1  NOT_FOUND_LOCAL DUPLICATE_SAFE CLEAN LOW KX108_O","INTEGRATE_TO_COGNITIVE_ADVISORY_SPEC_CANDIDATE","COGNITIVE_REINTEGRATION_ADVISORY_ONLY","false","false","false","F07 audit/spec only; candidate for ContextPacket or PeripheralSignalPacket, never ACT"
"COGNITIVE_REINTEGRATION","cognition/family_specs/","F07_COGNITIVE","FILE_PLAN_ALL 702 COGNITIVE_REINTEGRATION family_specs/41_era_cortexlight.spec.yaml cognition/family_specs/ 41_era_cortexlight.spec.yaml yaml P2_COGNITION_CONTRACTS F07 0 0 0 0 1  NOT_FOUND_LOCAL DUPLICATE_SAFE CLEAN LOW KX108_ONLY; COGNITI","INTEGRATE_TO_COGNITIVE_ADVISORY_SPEC_CANDIDATE","COGNITIVE_REINTEGRATION_ADVISORY_ONLY","false","false","false","F07 audit/spec only; candidate for ContextPacket or PeripheralSignalPacket, never ACT"
"COGNITIVE_REINTEGRATION","cognition/family_specs/","F07_COGNITIVE","FILE_PLAN_ALL 703 COGNITIVE_REINTEGRATION family_specs/39_arm_microagents.spec.yaml cognition/family_specs/ 39_arm_microagents.spec.yaml yaml P2_COGNITION_CONTRACTS F07 0 0 0 0 1  NOT_FOUND_LOCAL DUPLICATE_SAFE CLEAN LOW KX108_ONLY; COGNITI","INTEGRATE_TO_COGNITIVE_ADVISORY_SPEC_CANDIDATE","COGNITIVE_REINTEGRATION_ADVISORY_ONLY","false","false","false","F07 audit/spec only; candidate for ContextPacket or PeripheralSignalPacket, never ACT"
"COGNITIVE_REINTEGRATION","cognition/family_specs/","F07_COGNITIVE","FILE_PLAN_ALL 704 COGNITIVE_REINTEGRATION family_specs/21_reasoning.spec.yaml cognition/family_specs/ 21_reasoning.spec.yaml yaml P2_COGNITION_CONTRACTS F07 0 0 0 0 1  NOT_FOUND_LOCAL DUPLICATE_SAFE CLEAN LOW KX108_ONLY; COGNITIVE_SIGNAL_ON","INTEGRATE_TO_COGNITIVE_ADVISORY_SPEC_CANDIDATE","COGNITIVE_REINTEGRATION_ADVISORY_ONLY","false","false","false","F07 audit/spec only; candidate for ContextPacket or PeripheralSignalPacket, never ACT"
"COGNITIVE_REINTEGRATION","cognition/family_specs/","F07_COGNITIVE","FILE_PLAN_ALL 705 COGNITIVE_REINTEGRATION family_specs/22_agents.spec.yaml cognition/family_specs/ 22_agents.spec.yaml yaml P2_COGNITION_CONTRACTS F07 0 0 0 0 1  NOT_FOUND_LOCAL DUPLICATE_SAFE CLEAN LOW KX108_ONLY; COGNITIVE_SIGNAL_ONLY; AD","INTEGRATE_TO_COGNITIVE_ADVISORY_SPEC_CANDIDATE","COGNITIVE_REINTEGRATION_ADVISORY_ONLY","false","false","false","F07 audit/spec only; candidate for ContextPacket or PeripheralSignalPacket, never ACT"
"COGNITIVE_REINTEGRATION","cognition/family_specs/","F07_COGNITIVE","FILE_PLAN_ALL 706 COGNITIVE_REINTEGRATION family_specs/40_archetype_ltcup.spec.yaml cognition/family_specs/ 40_archetype_ltcup.spec.yaml yaml P2_COGNITION_CONTRACTS F07 0 0 0 0 1  NOT_FOUND_LOCAL DUPLICATE_SAFE CLEAN LOW KX108_ONLY; COGNITI","INTEGRATE_TO_COGNITIVE_ADVISORY_SPEC_CANDIDATE","COGNITIVE_REINTEGRATION_ADVISORY_ONLY","false","false","false","F07 audit/spec only; candidate for ContextPacket or PeripheralSignalPacket, never ACT"
"COGNITIVE_REINTEGRATION","cognition/family_specs/","F07_COGNITIVE","FILE_PLAN_ALL 707 COGNITIVE_REINTEGRATION family_specs/32_cognitive_nodes.spec.yaml cognition/family_specs/ 32_cognitive_nodes.spec.yaml yaml P2_COGNITION_CONTRACTS F07 0 0 0 0 1  NOT_FOUND_LOCAL DUPLICATE_SAFE CLEAN LOW KX108_ONLY; COGNITI","INTEGRATE_TO_COGNITIVE_ADVISORY_SPEC_CANDIDATE","COGNITIVE_REINTEGRATION_ADVISORY_ONLY","false","false","false","F07 audit/spec only; candidate for ContextPacket or PeripheralSignalPacket, never ACT"
"COGNITIVE_REINTEGRATION","cognition/family_specs/","F07_COGNITIVE","FILE_PLAN_ALL 708 COGNITIVE_REINTEGRATION family_specs/38_debug_avdr_light.spec.yaml cognition/family_specs/ 38_debug_avdr_light.spec.yaml yaml P2_COGNITION_CONTRACTS F07 0 0 0 0 1  NOT_FOUND_LOCAL DUPLICATE_SAFE CLEAN LOW KX108_ONLY; COGNI","INTEGRATE_TO_COGNITIVE_ADVISORY_SPEC_CANDIDATE","COGNITIVE_REINTEGRATION_ADVISORY_ONLY","false","false","false","F07 audit/spec only; candidate for ContextPacket or PeripheralSignalPacket, never ACT"
"COGNITIVE_REINTEGRATION","cognition/family_specs/","F07_COGNITIVE","FILE_PLAN_ALL 709 COGNITIVE_REINTEGRATION family_specs/25_cognitive_loops.spec.yaml cognition/family_specs/ 25_cognitive_loops.spec.yaml yaml P2_COGNITION_CONTRACTS F07 0 0 0 0 1  NOT_FOUND_LOCAL DUPLICATE_SAFE CLEAN LOW KX108_ONLY; COGNITI","INTEGRATE_TO_COGNITIVE_ADVISORY_SPEC_CANDIDATE","COGNITIVE_REINTEGRATION_ADVISORY_ONLY","false","false","false","F07 audit/spec only; candidate for ContextPacket or PeripheralSignalPacket, never ACT"
"COGNITIVE_REINTEGRATION","cognition/family_specs/","F07_COGNITIVE","FILE_PLAN_ALL 710 COGNITIVE_REINTEGRATION family_specs/33_topology.spec.yaml cognition/family_specs/ 33_topology.spec.yaml yaml P2_COGNITION_CONTRACTS F07 0 0 0 0 1  NOT_FOUND_LOCAL DUPLICATE_SAFE CLEAN LOW KX108_ONLY; COGNITIVE_SIGNAL_ONLY","INTEGRATE_TO_COGNITIVE_ADVISORY_SPEC_CANDIDATE","COGNITIVE_REINTEGRATION_ADVISORY_ONLY","false","false","false","F07 audit/spec only; candidate for ContextPacket or PeripheralSignalPacket, never ACT"
"COGNITIVE_REINTEGRATION","cognition/family_specs/","F07_COGNITIVE","FILE_PLAN_ALL 711 COGNITIVE_REINTEGRATION family_specs/27_narration.spec.yaml cognition/family_specs/ 27_narration.spec.yaml yaml P2_COGNITION_CONTRACTS F07 0 0 0 0 1  NOT_FOUND_LOCAL DUPLICATE_SAFE CLEAN LOW KX108_ONLY; COGNITIVE_SIGNAL_ON","INTEGRATE_TO_COGNITIVE_ADVISORY_SPEC_CANDIDATE","COGNITIVE_REINTEGRATION_ADVISORY_ONLY","false","false","false","F07 audit/spec only; candidate for ContextPacket or PeripheralSignalPacket, never ACT"
"COGNITIVE_REINTEGRATION","schemas/cognition/","F07_COGNITIVE","FILE_PLAN_ALL 712 COGNITIVE_REINTEGRATION schemas/13_component_spec.schema.json schemas/cognition/ 13_component_spec.schema.json json P1_CONTRACTS F07 0 0 0 0 1  NOT_FOUND_LOCAL DUPLICATE_SAFE CLEAN LOW KX108_ONLY; COGNITIVE_SIGNAL_ONLY; AD","INTEGRATE_TO_COGNITIVE_ADVISORY_SPEC_CANDIDATE","COGNITIVE_REINTEGRATION_ADVISORY_ONLY","false","false","false","F07 audit/spec only; candidate for ContextPacket or PeripheralSignalPacket, never ACT"
"COGNITIVE_REINTEGRATION","schemas/cognition/","F07_COGNITIVE","FILE_PLAN_ALL 713 COGNITIVE_REINTEGRATION schemas/19_authority.schema.json schemas/cognition/ 19_authority.schema.json json P1_CONTRACTS F07 0 0 0 0 1  NOT_FOUND_LOCAL DUPLICATE_SAFE CLEAN LOW KX108_ONLY; COGNITIVE_SIGNAL_ONLY; ADVISORY_ONL","INTEGRATE_TO_COGNITIVE_ADVISORY_SPEC_CANDIDATE","COGNITIVE_REINTEGRATION_ADVISORY_ONLY","false","false","false","F07 audit/spec only; candidate for ContextPacket or PeripheralSignalPacket, never ACT"
"COGNITIVE_REINTEGRATION","schemas/cognition/","F07_COGNITIVE","FILE_PLAN_ALL 714 COGNITIVE_REINTEGRATION schemas/17_receipt.schema.json schemas/cognition/ 17_receipt.schema.json json P1_CONTRACTS F07 0 0 0 0 1  NOT_FOUND_LOCAL DUPLICATE_SAFE CLEAN LOW KX108_ONLY; COGNITIVE_SIGNAL_ONLY; ADVISORY_ONLY; N","INTEGRATE_TO_COGNITIVE_ADVISORY_SPEC_CANDIDATE","COGNITIVE_REINTEGRATION_ADVISORY_ONLY","false","false","false","F07 audit/spec only; candidate for ContextPacket or PeripheralSignalPacket, never ACT"
"COGNITIVE_REINTEGRATION","schemas/cognition/","F07_COGNITIVE","FILE_PLAN_ALL 715 COGNITIVE_REINTEGRATION schemas/20_registry.schema.json schemas/cognition/ 20_registry.schema.json json P1_CONTRACTS F07 0 0 0 0 1  NOT_FOUND_LOCAL DUPLICATE_SAFE CLEAN LOW KX108_ONLY; COGNITIVE_SIGNAL_ONLY; ADVISORY_ONLY;","INTEGRATE_TO_COGNITIVE_ADVISORY_SPEC_CANDIDATE","COGNITIVE_REINTEGRATION_ADVISORY_ONLY","false","false","false","F07 audit/spec only; candidate for ContextPacket or PeripheralSignalPacket, never ACT"
"COGNITIVE_REINTEGRATION","schemas/cognition/","F07_COGNITIVE","FILE_PLAN_ALL 716 COGNITIVE_REINTEGRATION schemas/18_test_case.schema.json schemas/cognition/ 18_test_case.schema.json json P1_CONTRACTS F07 0 0 0 0 1  NOT_FOUND_LOCAL DUPLICATE_SAFE CLEAN LOW KX108_ONLY; COGNITIVE_SIGNAL_ONLY; ADVISORY_ONL","INTEGRATE_TO_COGNITIVE_ADVISORY_SPEC_CANDIDATE","COGNITIVE_REINTEGRATION_ADVISORY_ONLY","false","false","false","F07 audit/spec only; candidate for ContextPacket or PeripheralSignalPacket, never ACT"
"COGNITIVE_REINTEGRATION","schemas/cognition/","F07_COGNITIVE","FILE_PLAN_ALL 717 COGNITIVE_REINTEGRATION schemas/14_metric.schema.json schemas/cognition/ 14_metric.schema.json json P1_CONTRACTS F07 0 0 0 0 1  NOT_FOUND_LOCAL DUPLICATE_SAFE CLEAN LOW KX108_ONLY; COGNITIVE_SIGNAL_ONLY; ADVISORY_ONLY; NO_","INTEGRATE_TO_COGNITIVE_ADVISORY_SPEC_CANDIDATE","COGNITIVE_REINTEGRATION_ADVISORY_ONLY","false","false","false","F07 audit/spec only; candidate for ContextPacket or PeripheralSignalPacket, never ACT"
"COGNITIVE_REINTEGRATION","schemas/cognition/","F07_COGNITIVE","FILE_PLAN_ALL 718 COGNITIVE_REINTEGRATION schemas/15_formula.schema.json schemas/cognition/ 15_formula.schema.json json P1_CONTRACTS F07 0 0 0 0 1  NOT_FOUND_LOCAL DUPLICATE_SAFE CLEAN LOW KX108_ONLY; COGNITIVE_SIGNAL_ONLY; ADVISORY_ONLY; N","INTEGRATE_TO_COGNITIVE_ADVISORY_SPEC_CANDIDATE","COGNITIVE_REINTEGRATION_ADVISORY_ONLY","false","false","false","F07 audit/spec only; candidate for ContextPacket or PeripheralSignalPacket, never ACT"
"COGNITIVE_REINTEGRATION","schemas/cognition/","F07_COGNITIVE","FILE_PLAN_ALL 719 COGNITIVE_REINTEGRATION schemas/16_packet.schema.json schemas/cognition/ 16_packet.schema.json json P1_CONTRACTS F07 0 0 0 0 1  NOT_FOUND_LOCAL DUPLICATE_SAFE CLEAN LOW KX108_ONLY; COGNITIVE_SIGNAL_ONLY; ADVISORY_ONLY; NO_","INTEGRATE_TO_COGNITIVE_ADVISORY_SPEC_CANDIDATE","COGNITIVE_REINTEGRATION_ADVISORY_ONLY","false","false","false","F07 audit/spec only; candidate for ContextPacket or PeripheralSignalPacket, never ACT"
"COGNITIVE_REINTEGRATION","docs/cognition/","F07_COGNITIVE","FILE_PLAN_ALL 720 COGNITIVE_REINTEGRATION 12_QUARANTINE_REGISTRY.md docs/cognition/ 12_QUARANTINE_REGISTRY.md md P2_COGNITION_CONTRACTS F07 0 0 0 0 1  NOT_FOUND_LOCAL DUPLICATE_SAFE CLEAN LOW KX108_ONLY; COGNITIVE_SIGNAL_ONLY; ADVISORY_ONLY","KEEP_QUARANTINE","COGNITIVE_REINTEGRATION_ADVISORY_ONLY","false","false","false","F07 audit/spec only; candidate for ContextPacket or PeripheralSignalPacket, never ACT"
"COGNITIVE_REINTEGRATION","docs/cognition/","F07_COGNITIVE","FILE_PLAN_ALL 721 COGNITIVE_REINTEGRATION 04_CANON_MAP.md docs/cognition/ 04_CANON_MAP.md md P2_COGNITION_CONTRACTS F07 0 0 0 0 1  NOT_FOUND_LOCAL DUPLICATE_SAFE CLEAN LOW KX108_ONLY; COGNITIVE_SIGNAL_ONLY; ADVISORY_ONLY; NO_ACT; NO_VERDICT","INTEGRATE_TO_COGNITIVE_ADVISORY_SPEC_CANDIDATE","COGNITIVE_REINTEGRATION_ADVISORY_ONLY","false","false","false","F07 audit/spec only; candidate for ContextPacket or PeripheralSignalPacket, never ACT"
"COGNITIVE_REINTEGRATION","docs/cognition/","F07_COGNITIVE","FILE_PLAN_ALL 722 COGNITIVE_REINTEGRATION 07_COMPONENT_SPEC_MATRIX.csv docs/cognition/ 07_COMPONENT_SPEC_MATRIX.csv csv P2_COGNITION_CONTRACTS F07 0 0 0 0 1  NOT_FOUND_LOCAL DUPLICATE_SAFE CLEAN LOW KX108_ONLY; COGNITIVE_SIGNAL_ONLY; ADVISO","INTEGRATE_TO_COGNITIVE_ADVISORY_SPEC_CANDIDATE","COGNITIVE_REINTEGRATION_ADVISORY_ONLY","false","false","false","F07 audit/spec only; candidate for ContextPacket or PeripheralSignalPacket, never ACT"
"BRANCHABLE_ATLAS","audit/freezes/atlas/","SOURCE_ONLY","FILE_PLAN_ALL 735 BRANCHABLE_ATLAS OBSIDIA_BRANCHABLE_ATLAS_FULL_V0_5_DEEP_FINAL_AUDIT/.runtime_freezes/WORLD_PROTOCOL_ATLAS_FULL_V0_1_EXHAUSTIVE/AUTO_AGENT_CANDIDATES_RAW.json audit/freezes/atlas/ AUTO_AGENT_CANDIDATES_RAW.json json P4_ATL","COGNITIVE_REVIEW_REQUIRED","COGNITIVE_REINTEGRATION_ADVISORY_ONLY","false","false","false","F07 audit/spec only; candidate for ContextPacket or PeripheralSignalPacket, never ACT"
"BRANCHABLE_ATLAS","atlas/source_extraction/","F06_ATLAS","FILE_PLAN_ALL 784 BRANCHABLE_ATLAS OBSIDIA_BRANCHABLE_ATLAS_FULL_V0_5_DEEP_FINAL_AUDIT/docs/full_doc_extraction/AUTO_AGENT_CANDIDATES_RAW.json atlas/source_extraction/ AUTO_AGENT_CANDIDATES_RAW.json json P4_ATLAS_EVIDENCE_OR_DOCS F06 0 0 0 ","COGNITIVE_REVIEW_REQUIRED","COGNITIVE_REINTEGRATION_ADVISORY_ONLY","false","false","false","F07 audit/spec only; candidate for ContextPacket or PeripheralSignalPacket, never ACT"
"BRANCHABLE_ATLAS","atlas/source_extraction/","F06_ATLAS","FILE_PLAN_ALL 785 BRANCHABLE_ATLAS OBSIDIA_BRANCHABLE_ATLAS_FULL_V0_5_DEEP_FINAL_AUDIT/docs/full_doc_extraction/AUTO_AGENT_CANDIDATES_RAW.md atlas/source_extraction/ AUTO_AGENT_CANDIDATES_RAW.md md P4_ATLAS_EVIDENCE_OR_DOCS F06 0 0 0 0 1  N","COGNITIVE_REVIEW_REQUIRED","COGNITIVE_REINTEGRATION_ADVISORY_ONLY","false","false","false","F07 audit/spec only; candidate for ContextPacket or PeripheralSignalPacket, never ACT"
"BRANCHABLE_ATLAS","atlas/cards/","F06_ATLAS","FILE_PLAN_ALL 1520 BRANCHABLE_ATLAS OBSIDIA_BRANCHABLE_ATLAS_FULL_V0_5_DEEP_FINAL_AUDIT/docs/obsidia_cards/cards/CARD_FOUND_001_hierarchie_des_agents.json atlas/cards/ CARD_FOUND_001_hierarchie_des_agents.json json P4_ATLAS_EVIDENCE_OR_DOCS","COGNITIVE_REVIEW_REQUIRED","COGNITIVE_REINTEGRATION_ADVISORY_ONLY","false","false","false","F07 audit/spec only; candidate for ContextPacket or PeripheralSignalPacket, never ACT"
"BRANCHABLE_ATLAS","atlas/cards/","F06_ATLAS","FILE_PLAN_ALL 1521 BRANCHABLE_ATLAS OBSIDIA_BRANCHABLE_ATLAS_FULL_V0_5_DEEP_FINAL_AUDIT/docs/obsidia_cards/cards/CARD_FOUND_001_hierarchie_des_agents.md atlas/cards/ CARD_FOUND_001_hierarchie_des_agents.md md P4_ATLAS_EVIDENCE_OR_DOCS F06 0","COGNITIVE_REVIEW_REQUIRED","COGNITIVE_REINTEGRATION_ADVISORY_ONLY","false","false","false","F07 audit/spec only; candidate for ContextPacket or PeripheralSignalPacket, never ACT"
"BRANCHABLE_ATLAS","atlas/cards/","F06_ATLAS","FILE_PLAN_ALL 1522 BRANCHABLE_ATLAS OBSIDIA_BRANCHABLE_ATLAS_FULL_V0_5_DEEP_FINAL_AUDIT/docs/obsidia_cards/cards/CARD_FOUND_002_memoire_d_un_agent.json atlas/cards/ CARD_FOUND_002_memoire_d_un_agent.json json P4_ATLAS_EVIDENCE_OR_DOCS F06 0","COGNITIVE_REVIEW_REQUIRED","COGNITIVE_REINTEGRATION_ADVISORY_ONLY","false","false","false","F07 audit/spec only; candidate for ContextPacket or PeripheralSignalPacket, never ACT"
"BRANCHABLE_ATLAS","atlas/cards/","F06_ATLAS","FILE_PLAN_ALL 1523 BRANCHABLE_ATLAS OBSIDIA_BRANCHABLE_ATLAS_FULL_V0_5_DEEP_FINAL_AUDIT/docs/obsidia_cards/cards/CARD_FOUND_002_memoire_d_un_agent.md atlas/cards/ CARD_FOUND_002_memoire_d_un_agent.md md P4_ATLAS_EVIDENCE_OR_DOCS F06 0 0 0 0","COGNITIVE_REVIEW_REQUIRED","COGNITIVE_REINTEGRATION_ADVISORY_ONLY","false","false","false","F07 audit/spec only; candidate for ContextPacket or PeripheralSignalPacket, never ACT"
"BRANCHABLE_ATLAS","atlas/cards/","F06_ATLAS","FILE_PLAN_ALL 1524 BRANCHABLE_ATLAS OBSIDIA_BRANCHABLE_ATLAS_FULL_V0_5_DEEP_FINAL_AUDIT/docs/obsidia_cards/cards/CARD_FOUND_003_anatomie_agent_master.json atlas/cards/ CARD_FOUND_003_anatomie_agent_master.json json P4_ATLAS_EVIDENCE_OR_DOCS","COGNITIVE_REVIEW_REQUIRED","COGNITIVE_REINTEGRATION_ADVISORY_ONLY","false","false","false","F07 audit/spec only; candidate for ContextPacket or PeripheralSignalPacket, never ACT"
"BRANCHABLE_ATLAS","atlas/cards/","F06_ATLAS","FILE_PLAN_ALL 1525 BRANCHABLE_ATLAS OBSIDIA_BRANCHABLE_ATLAS_FULL_V0_5_DEEP_FINAL_AUDIT/docs/obsidia_cards/cards/CARD_FOUND_003_anatomie_agent_master.md atlas/cards/ CARD_FOUND_003_anatomie_agent_master.md md P4_ATLAS_EVIDENCE_OR_DOCS F06 0","COGNITIVE_REVIEW_REQUIRED","COGNITIVE_REINTEGRATION_ADVISORY_ONLY","false","false","false","F07 audit/spec only; candidate for ContextPacket or PeripheralSignalPacket, never ACT"
"BRANCHABLE_ATLAS","atlas/world_protocol_atlas/","F06_ATLAS","FILE_PLAN_ALL 1543 BRANCHABLE_ATLAS OBSIDIA_BRANCHABLE_ATLAS_FULL_V0_5_DEEP_FINAL_AUDIT/docs/world_protocol_atlas/AGENT_CANDIDATES_V0.json atlas/world_protocol_atlas/ AGENT_CANDIDATES_V0.json json P3_ATLAS_CONTENT F06 0 0 0 0 1  NOT_FOUND_L","COGNITIVE_REVIEW_REQUIRED","COGNITIVE_REINTEGRATION_ADVISORY_ONLY","false","false","false","F07 audit/spec only; candidate for ContextPacket or PeripheralSignalPacket, never ACT"
"BRANCHABLE_ATLAS","atlas/world_protocol_atlas/","F06_ATLAS","FILE_PLAN_ALL 1595 BRANCHABLE_ATLAS OBSIDIA_BRANCHABLE_ATLAS_FULL_V0_5_DEEP_FINAL_AUDIT/docs/world_protocol_atlas/agents/abyssarchivist.json atlas/world_protocol_atlas/ abyssarchivist.json json P3_ATLAS_CONTENT F06 0 0 0 0 1  NOT_FOUND_LOCA","COGNITIVE_REVIEW_REQUIRED","COGNITIVE_REINTEGRATION_ADVISORY_ONLY","false","false","false","F07 audit/spec only; candidate for ContextPacket or PeripheralSignalPacket, never ACT"
"BRANCHABLE_ATLAS","atlas/world_protocol_atlas/","F06_ATLAS","FILE_PLAN_ALL 1596 BRANCHABLE_ATLAS OBSIDIA_BRANCHABLE_ATLAS_FULL_V0_5_DEEP_FINAL_AUDIT/docs/world_protocol_atlas/agents/abyssarchivist.md atlas/world_protocol_atlas/ abyssarchivist.md md P3_ATLAS_CONTENT F06 0 0 0 0 1  NOT_FOUND_LOCAL DUPL","COGNITIVE_REVIEW_REQUIRED","COGNITIVE_REINTEGRATION_ADVISORY_ONLY","false","false","false","F07 audit/spec only; candidate for ContextPacket or PeripheralSignalPacket, never ACT"
"BRANCHABLE_ATLAS","atlas/world_protocol_atlas/","F06_ATLAS","FILE_PLAN_ALL 1597 BRANCHABLE_ATLAS OBSIDIA_BRANCHABLE_ATLAS_FULL_V0_5_DEEP_FINAL_AUDIT/docs/world_protocol_atlas/agents/agent_insectoide.json atlas/world_protocol_atlas/ agent_insectoide.json json P3_ATLAS_CONTENT F06 0 0 0 0 1  NOT_FOUND_","COGNITIVE_REVIEW_REQUIRED","COGNITIVE_REINTEGRATION_ADVISORY_ONLY","false","false","false","F07 audit/spec only; candidate for ContextPacket or PeripheralSignalPacket, never ACT"
"BRANCHABLE_ATLAS","atlas/world_protocol_atlas/","F06_ATLAS","FILE_PLAN_ALL 1598 BRANCHABLE_ATLAS OBSIDIA_BRANCHABLE_ATLAS_FULL_V0_5_DEEP_FINAL_AUDIT/docs/world_protocol_atlas/agents/agent_insectoide.md atlas/world_protocol_atlas/ agent_insectoide.md md P3_ATLAS_CONTENT F06 0 0 0 0 1  NOT_FOUND_LOCAL ","COGNITIVE_REVIEW_REQUIRED","COGNITIVE_REINTEGRATION_ADVISORY_ONLY","false","false","false","F07 audit/spec only; candidate for ContextPacket or PeripheralSignalPacket, never ACT"
"BRANCHABLE_ATLAS","atlas/world_protocol_atlas/","F06_ATLAS","FILE_PLAN_ALL 1599 BRANCHABLE_ATLAS OBSIDIA_BRANCHABLE_ATLAS_FULL_V0_5_DEEP_FINAL_AUDIT/docs/world_protocol_atlas/agents/agent_insectoide_ia.json atlas/world_protocol_atlas/ agent_insectoide_ia.json json P3_ATLAS_CONTENT F06 0 0 0 0 1  NOT_","COGNITIVE_REVIEW_REQUIRED","COGNITIVE_REINTEGRATION_ADVISORY_ONLY","false","false","false","F07 audit/spec only; candidate for ContextPacket or PeripheralSignalPacket, never ACT"
"BRANCHABLE_ATLAS","atlas/world_protocol_atlas/","F06_ATLAS","FILE_PLAN_ALL 1600 BRANCHABLE_ATLAS OBSIDIA_BRANCHABLE_ATLAS_FULL_V0_5_DEEP_FINAL_AUDIT/docs/world_protocol_atlas/agents/agent_insectoide_ia.md atlas/world_protocol_atlas/ agent_insectoide_ia.md md P3_ATLAS_CONTENT F06 0 0 0 0 1  NOT_FOUND_","COGNITIVE_REVIEW_REQUIRED","COGNITIVE_REINTEGRATION_ADVISORY_ONLY","false","false","false","F07 audit/spec only; candidate for ContextPacket or PeripheralSignalPacket, never ACT"
"BRANCHABLE_ATLAS","atlas/world_protocol_atlas/","F06_ATLAS","FILE_PLAN_ALL 1601 BRANCHABLE_ATLAS OBSIDIA_BRANCHABLE_ATLAS_FULL_V0_5_DEEP_FINAL_AUDIT/docs/world_protocol_atlas/agents/agent_masque.json atlas/world_protocol_atlas/ agent_masque.json json P3_ATLAS_CONTENT F06 0 0 0 0 1  NOT_FOUND_LOCAL DU","COGNITIVE_REVIEW_REQUIRED","COGNITIVE_REINTEGRATION_ADVISORY_ONLY","false","false","false","F07 audit/spec only; candidate for ContextPacket or PeripheralSignalPacket, never ACT"
"BRANCHABLE_ATLAS","atlas/world_protocol_atlas/","F06_ATLAS","FILE_PLAN_ALL 1602 BRANCHABLE_ATLAS OBSIDIA_BRANCHABLE_ATLAS_FULL_V0_5_DEEP_FINAL_AUDIT/docs/world_protocol_atlas/agents/agent_masque.md atlas/world_protocol_atlas/ agent_masque.md md P3_ATLAS_CONTENT F06 0 0 0 0 1  NOT_FOUND_LOCAL DUPLICAT","COGNITIVE_REVIEW_REQUIRED","COGNITIVE_REINTEGRATION_ADVISORY_ONLY","false","false","false","F07 audit/spec only; candidate for ContextPacket or PeripheralSignalPacket, never ACT"
"BRANCHABLE_ATLAS","atlas/world_protocol_atlas/","F06_ATLAS","FILE_PLAN_ALL 1603 BRANCHABLE_ATLAS OBSIDIA_BRANCHABLE_ATLAS_FULL_V0_5_DEEP_FINAL_AUDIT/docs/world_protocol_atlas/agents/agent_multiversel.json atlas/world_protocol_atlas/ agent_multiversel.json json P3_ATLAS_CONTENT F06 0 0 0 0 1  NOT_FOUN","COGNITIVE_REVIEW_REQUIRED","COGNITIVE_REINTEGRATION_ADVISORY_ONLY","false","false","false","F07 audit/spec only; candidate for ContextPacket or PeripheralSignalPacket, never ACT"
"BRANCHABLE_ATLAS","atlas/world_protocol_atlas/","F06_ATLAS","FILE_PLAN_ALL 1604 BRANCHABLE_ATLAS OBSIDIA_BRANCHABLE_ATLAS_FULL_V0_5_DEEP_FINAL_AUDIT/docs/world_protocol_atlas/agents/agent_multiversel.md atlas/world_protocol_atlas/ agent_multiversel.md md P3_ATLAS_CONTENT F06 0 0 0 0 1  NOT_FOUND_LOCA","COGNITIVE_REVIEW_REQUIRED","COGNITIVE_REINTEGRATION_ADVISORY_ONLY","false","false","false","F07 audit/spec only; candidate for ContextPacket or PeripheralSignalPacket, never ACT"
"BRANCHABLE_ATLAS","atlas/world_protocol_atlas/","F06_ATLAS","FILE_PLAN_ALL 1605 BRANCHABLE_ATLAS OBSIDIA_BRANCHABLE_ATLAS_FULL_V0_5_DEEP_FINAL_AUDIT/docs/world_protocol_atlas/agents/agrosmart_adapter.json atlas/world_protocol_atlas/ agrosmart_adapter.json json P3_ATLAS_CONTENT F06 0 0 0 0 1  NOT_FOUN","COGNITIVE_REVIEW_REQUIRED","COGNITIVE_REINTEGRATION_ADVISORY_ONLY","false","false","false","F07 audit/spec only; candidate for ContextPacket or PeripheralSignalPacket, never ACT"
"BRANCHABLE_ATLAS","atlas/world_protocol_atlas/","F06_ATLAS","FILE_PLAN_ALL 1606 BRANCHABLE_ATLAS OBSIDIA_BRANCHABLE_ATLAS_FULL_V0_5_DEEP_FINAL_AUDIT/docs/world_protocol_atlas/agents/agrosmart_adapter.md atlas/world_protocol_atlas/ agrosmart_adapter.md md P3_ATLAS_CONTENT F06 0 0 0 0 1  NOT_FOUND_LOCA","COGNITIVE_REVIEW_REQUIRED","COGNITIVE_REINTEGRATION_ADVISORY_ONLY","false","false","false","F07 audit/spec only; candidate for ContextPacket or PeripheralSignalPacket, never ACT"
"BRANCHABLE_ATLAS","atlas/world_protocol_atlas/","F06_ATLAS","FILE_PLAN_ALL 1607 BRANCHABLE_ATLAS OBSIDIA_BRANCHABLE_ATLAS_FULL_V0_5_DEEP_FINAL_AUDIT/docs/world_protocol_atlas/agents/aissemble.json atlas/world_protocol_atlas/ aissemble.json json P3_ATLAS_CONTENT F06 0 0 0 0 1  NOT_FOUND_LOCAL DUPLICAT","COGNITIVE_REVIEW_REQUIRED","COGNITIVE_REINTEGRATION_ADVISORY_ONLY","false","false","false","F07 audit/spec only; candidate for ContextPacket or PeripheralSignalPacket, never ACT"
"BRANCHABLE_ATLAS","atlas/world_protocol_atlas/","F06_ATLAS","FILE_PLAN_ALL 1608 BRANCHABLE_ATLAS OBSIDIA_BRANCHABLE_ATLAS_FULL_V0_5_DEEP_FINAL_AUDIT/docs/world_protocol_atlas/agents/aissemble.md atlas/world_protocol_atlas/ aissemble.md md P3_ATLAS_CONTENT F06 0 0 0 0 1  NOT_FOUND_LOCAL DUPLICATE_SAFE","COGNITIVE_REVIEW_REQUIRED","COGNITIVE_REINTEGRATION_ADVISORY_ONLY","false","false","false","F07 audit/spec only; candidate for ContextPacket or PeripheralSignalPacket, never ACT"
"BRANCHABLE_ATLAS","atlas/world_protocol_atlas/","F06_ATLAS","FILE_PLAN_ALL 1609 BRANCHABLE_ATLAS OBSIDIA_BRANCHABLE_ATLAS_FULL_V0_5_DEEP_FINAL_AUDIT/docs/world_protocol_atlas/agents/aivo_adapter.json atlas/world_protocol_atlas/ aivo_adapter.json json P3_ATLAS_CONTENT F06 0 0 0 0 1  NOT_FOUND_LOCAL DU","COGNITIVE_REVIEW_REQUIRED","COGNITIVE_REINTEGRATION_ADVISORY_ONLY","false","false","false","F07 audit/spec only; candidate for ContextPacket or PeripheralSignalPacket, never ACT"
"BRANCHABLE_ATLAS","atlas/world_protocol_atlas/","F06_ATLAS","FILE_PLAN_ALL 1610 BRANCHABLE_ATLAS OBSIDIA_BRANCHABLE_ATLAS_FULL_V0_5_DEEP_FINAL_AUDIT/docs/world_protocol_atlas/agents/aivo_adapter.md atlas/world_protocol_atlas/ aivo_adapter.md md P3_ATLAS_CONTENT F06 0 0 0 0 1  NOT_FOUND_LOCAL DUPLICAT","COGNITIVE_REVIEW_REQUIRED","COGNITIVE_REINTEGRATION_ADVISORY_ONLY","false","false","false","F07 audit/spec only; candidate for ContextPacket or PeripheralSignalPacket, never ACT"
"BRANCHABLE_ATLAS","atlas/world_protocol_atlas/","F06_ATLAS","FILE_PLAN_ALL 1611 BRANCHABLE_ATLAS OBSIDIA_BRANCHABLE_ATLAS_FULL_V0_5_DEEP_FINAL_AUDIT/docs/world_protocol_atlas/agents/aleph_alpha_adapter.json atlas/world_protocol_atlas/ aleph_alpha_adapter.json json P3_ATLAS_CONTENT F06 0 0 0 0 1  NOT_","COGNITIVE_REVIEW_REQUIRED","COGNITIVE_REINTEGRATION_ADVISORY_ONLY","false","false","false","F07 audit/spec only; candidate for ContextPacket or PeripheralSignalPacket, never ACT"
"BRANCHABLE_ATLAS","atlas/world_protocol_atlas/","F06_ATLAS","FILE_PLAN_ALL 1612 BRANCHABLE_ATLAS OBSIDIA_BRANCHABLE_ATLAS_FULL_V0_5_DEEP_FINAL_AUDIT/docs/world_protocol_atlas/agents/aleph_alpha_adapter.md atlas/world_protocol_atlas/ aleph_alpha_adapter.md md P3_ATLAS_CONTENT F06 0 0 0 0 1  NOT_FOUND_","COGNITIVE_REVIEW_REQUIRED","COGNITIVE_REINTEGRATION_ADVISORY_ONLY","false","false","false","F07 audit/spec only; candidate for ContextPacket or PeripheralSignalPacket, never ACT"
"BRANCHABLE_ATLAS","atlas/world_protocol_atlas/","F06_ATLAS","FILE_PLAN_ALL 1613 BRANCHABLE_ATLAS OBSIDIA_BRANCHABLE_ATLAS_FULL_V0_5_DEEP_FINAL_AUDIT/docs/world_protocol_atlas/agents/amazon_aws_ai_adapter.json atlas/world_protocol_atlas/ amazon_aws_ai_adapter.json json P3_ATLAS_CONTENT F06 0 0 0 0 1  ","COGNITIVE_REVIEW_REQUIRED","COGNITIVE_REINTEGRATION_ADVISORY_ONLY","false","false","false","F07 audit/spec only; candidate for ContextPacket or PeripheralSignalPacket, never ACT"
"BRANCHABLE_ATLAS","atlas/world_protocol_atlas/","F06_ATLAS","FILE_PLAN_ALL 1614 BRANCHABLE_ATLAS OBSIDIA_BRANCHABLE_ATLAS_FULL_V0_5_DEEP_FINAL_AUDIT/docs/world_protocol_atlas/agents/amazon_aws_ai_adapter.md atlas/world_protocol_atlas/ amazon_aws_ai_adapter.md md P3_ATLAS_CONTENT F06 0 0 0 0 1  NOT_FO","COGNITIVE_REVIEW_REQUIRED","COGNITIVE_REINTEGRATION_ADVISORY_ONLY","false","false","false","F07 audit/spec only; candidate for ContextPacket or PeripheralSignalPacket, never ACT"
"BRANCHABLE_ATLAS","atlas/world_protocol_atlas/","F06_ATLAS","FILE_PLAN_ALL 1615 BRANCHABLE_ATLAS OBSIDIA_BRANCHABLE_ATLAS_FULL_V0_5_DEEP_FINAL_AUDIT/docs/world_protocol_atlas/agents/analogmemory.json atlas/world_protocol_atlas/ analogmemory.json json P3_ATLAS_CONTENT F06 0 0 0 0 1  NOT_FOUND_LOCAL DU","COGNITIVE_REVIEW_REQUIRED","COGNITIVE_REINTEGRATION_ADVISORY_ONLY","false","false","false","F07 audit/spec only; candidate for ContextPacket or PeripheralSignalPacket, never ACT"
"BRANCHABLE_ATLAS","atlas/world_protocol_atlas/","F06_ATLAS","FILE_PLAN_ALL 1616 BRANCHABLE_ATLAS OBSIDIA_BRANCHABLE_ATLAS_FULL_V0_5_DEEP_FINAL_AUDIT/docs/world_protocol_atlas/agents/analogmemory.md atlas/world_protocol_atlas/ analogmemory.md md P3_ATLAS_CONTENT F06 0 0 0 0 1  NOT_FOUND_LOCAL DUPLICAT","COGNITIVE_REVIEW_REQUIRED","COGNITIVE_REINTEGRATION_ADVISORY_ONLY","false","false","false","F07 audit/spec only; candidate for ContextPacket or PeripheralSignalPacket, never ACT"
"BRANCHABLE_ATLAS","atlas/world_protocol_atlas/","F06_ATLAS","FILE_PLAN_ALL 1617 BRANCHABLE_ATLAS OBSIDIA_BRANCHABLE_ATLAS_FULL_V0_5_DEEP_FINAL_AUDIT/docs/world_protocol_atlas/agents/analogtocontext.json atlas/world_protocol_atlas/ analogtocontext.json json P3_ATLAS_CONTENT F06 0 0 0 0 1  NOT_FOUND_LO","COGNITIVE_REVIEW_REQUIRED","COGNITIVE_REINTEGRATION_ADVISORY_ONLY","false","false","false","F07 audit/spec only; candidate for ContextPacket or PeripheralSignalPacket, never ACT"
"BRANCHABLE_ATLAS","atlas/world_protocol_atlas/","F06_ATLAS","FILE_PLAN_ALL 1618 BRANCHABLE_ATLAS OBSIDIA_BRANCHABLE_ATLAS_FULL_V0_5_DEEP_FINAL_AUDIT/docs/world_protocol_atlas/agents/analogtocontext.md atlas/world_protocol_atlas/ analogtocontext.md md P3_ATLAS_CONTENT F06 0 0 0 0 1  NOT_FOUND_LOCAL DU","COGNITIVE_REVIEW_REQUIRED","COGNITIVE_REINTEGRATION_ADVISORY_ONLY","false","false","false","F07 audit/spec only; candidate for ContextPacket or PeripheralSignalPacket, never ACT"
"BRANCHABLE_ATLAS","atlas/world_protocol_atlas/","F06_ATLAS","FILE_PLAN_ALL 1619 BRANCHABLE_ATLAS OBSIDIA_BRANCHABLE_ATLAS_FULL_V0_5_DEEP_FINAL_AUDIT/docs/world_protocol_atlas/agents/anthropic_adapter.json atlas/world_protocol_atlas/ anthropic_adapter.json json P3_ATLAS_CONTENT F06 0 0 0 0 1  NOT_FOUN","COGNITIVE_REVIEW_REQUIRED","COGNITIVE_REINTEGRATION_ADVISORY_ONLY","false","false","false","F07 audit/spec only; candidate for ContextPacket or PeripheralSignalPacket, never ACT"
"BRANCHABLE_ATLAS","atlas/world_protocol_atlas/","F06_ATLAS","FILE_PLAN_ALL 1620 BRANCHABLE_ATLAS OBSIDIA_BRANCHABLE_ATLAS_FULL_V0_5_DEEP_FINAL_AUDIT/docs/world_protocol_atlas/agents/anthropic_adapter.md atlas/world_protocol_atlas/ anthropic_adapter.md md P3_ATLAS_CONTENT F06 0 0 0 0 1  NOT_FOUND_LOCA","COGNITIVE_REVIEW_REQUIRED","COGNITIVE_REINTEGRATION_ADVISORY_ONLY","false","false","false","F07 audit/spec only; candidate for ContextPacket or PeripheralSignalPacket, never ACT"
"BRANCHABLE_ATLAS","atlas/world_protocol_atlas/","F06_ATLAS","FILE_PLAN_ALL 1621 BRANCHABLE_ATLAS OBSIDIA_BRANCHABLE_ATLAS_FULL_V0_5_DEEP_FINAL_AUDIT/docs/world_protocol_atlas/agents/apple_intelligence_adapter.json atlas/world_protocol_atlas/ apple_intelligence_adapter.json json P3_ATLAS_CONTENT F06 0","COGNITIVE_REVIEW_REQUIRED","COGNITIVE_REINTEGRATION_ADVISORY_ONLY","false","false","false","F07 audit/spec only; candidate for ContextPacket or PeripheralSignalPacket, never ACT"
"BRANCHABLE_ATLAS","atlas/world_protocol_atlas/","F06_ATLAS","FILE_PLAN_ALL 1622 BRANCHABLE_ATLAS OBSIDIA_BRANCHABLE_ATLAS_FULL_V0_5_DEEP_FINAL_AUDIT/docs/world_protocol_atlas/agents/apple_intelligence_adapter.md atlas/world_protocol_atlas/ apple_intelligence_adapter.md md P3_ATLAS_CONTENT F06 0 0 0 0","COGNITIVE_REVIEW_REQUIRED","COGNITIVE_REINTEGRATION_ADVISORY_ONLY","false","false","false","F07 audit/spec only; candidate for ContextPacket or PeripheralSignalPacket, never ACT"
"BRANCHABLE_ATLAS","atlas/world_protocol_atlas/","F06_ATLAS","FILE_PLAN_ALL 1623 BRANCHABLE_ATLAS OBSIDIA_BRANCHABLE_ATLAS_FULL_V0_5_DEEP_FINAL_AUDIT/docs/world_protocol_atlas/agents/arborescence_causale.json atlas/world_protocol_atlas/ arborescence_causale.json json P3_ATLAS_CONTENT F06 0 0 0 0 1  NO","COGNITIVE_REVIEW_REQUIRED","COGNITIVE_REINTEGRATION_ADVISORY_ONLY","false","false","false","F07 audit/spec only; candidate for ContextPacket or PeripheralSignalPacket, never ACT"
"BRANCHABLE_ATLAS","atlas/world_protocol_atlas/","F06_ATLAS","FILE_PLAN_ALL 1624 BRANCHABLE_ATLAS OBSIDIA_BRANCHABLE_ATLAS_FULL_V0_5_DEEP_FINAL_AUDIT/docs/world_protocol_atlas/agents/arborescence_causale.md atlas/world_protocol_atlas/ arborescence_causale.md md P3_ATLAS_CONTENT F06 0 0 0 0 1  NOT_FOUN","COGNITIVE_REVIEW_REQUIRED","COGNITIVE_REINTEGRATION_ADVISORY_ONLY","false","false","false","F07 audit/spec only; candidate for ContextPacket or PeripheralSignalPacket, never ACT"
"BRANCHABLE_ATLAS","atlas/world_protocol_atlas/","F06_ATLAS","FILE_PLAN_ALL 1625 BRANCHABLE_ATLAS OBSIDIA_BRANCHABLE_ATLAS_FULL_V0_5_DEEP_FINAL_AUDIT/docs/world_protocol_atlas/agents/archetypeobjectmap.json atlas/world_protocol_atlas/ archetypeobjectmap.json json P3_ATLAS_CONTENT F06 0 0 0 0 1  NOT_FO","COGNITIVE_REVIEW_REQUIRED","COGNITIVE_REINTEGRATION_ADVISORY_ONLY","false","false","false","F07 audit/spec only; candidate for ContextPacket or PeripheralSignalPacket, never ACT"
"BRANCHABLE_ATLAS","atlas/world_protocol_atlas/","F06_ATLAS","FILE_PLAN_ALL 1626 BRANCHABLE_ATLAS OBSIDIA_BRANCHABLE_ATLAS_FULL_V0_5_DEEP_FINAL_AUDIT/docs/world_protocol_atlas/agents/archetypeobjectmap.md atlas/world_protocol_atlas/ archetypeobjectmap.md md P3_ATLAS_CONTENT F06 0 0 0 0 1  NOT_FOUND_LO","COGNITIVE_REVIEW_REQUIRED","COGNITIVE_REINTEGRATION_ADVISORY_ONLY","false","false","false","F07 audit/spec only; candidate for ContextPacket or PeripheralSignalPacket, never ACT"
"BRANCHABLE_ATLAS","atlas/world_protocol_atlas/","F06_ATLAS","FILE_PLAN_ALL 1627 BRANCHABLE_ATLAS OBSIDIA_BRANCHABLE_ATLAS_FULL_V0_5_DEEP_FINAL_AUDIT/docs/world_protocol_atlas/agents/archive_transgenerationnelle.json atlas/world_protocol_atlas/ archive_transgenerationnelle.json json P3_ATLAS_CONTENT F","COGNITIVE_REVIEW_REQUIRED","COGNITIVE_REINTEGRATION_ADVISORY_ONLY","false","false","false","F07 audit/spec only; candidate for ContextPacket or PeripheralSignalPacket, never ACT"
"BRANCHABLE_ATLAS","atlas/world_protocol_atlas/","F06_ATLAS","FILE_PLAN_ALL 1628 BRANCHABLE_ATLAS OBSIDIA_BRANCHABLE_ATLAS_FULL_V0_5_DEEP_FINAL_AUDIT/docs/world_protocol_atlas/agents/archive_transgenerationnelle.md atlas/world_protocol_atlas/ archive_transgenerationnelle.md md P3_ATLAS_CONTENT F06 0 0","COGNITIVE_REVIEW_REQUIRED","COGNITIVE_REINTEGRATION_ADVISORY_ONLY","false","false","false","F07 audit/spec only; candidate for ContextPacket or PeripheralSignalPacket, never ACT"
"BRANCHABLE_ATLAS","atlas/world_protocol_atlas/","F06_ATLAS","FILE_PLAN_ALL 1629 BRANCHABLE_ATLAS OBSIDIA_BRANCHABLE_ATLAS_FULL_V0_5_DEEP_FINAL_AUDIT/docs/world_protocol_atlas/agents/archivebridge.json atlas/world_protocol_atlas/ archivebridge.json json P3_ATLAS_CONTENT F06 0 0 0 0 1  NOT_FOUND_LOCAL ","COGNITIVE_REVIEW_REQUIRED","COGNITIVE_REINTEGRATION_ADVISORY_ONLY","false","false","false","F07 audit/spec only; candidate for ContextPacket or PeripheralSignalPacket, never ACT"
"BRANCHABLE_ATLAS","atlas/world_protocol_atlas/","F06_ATLAS","FILE_PLAN_ALL 1630 BRANCHABLE_ATLAS OBSIDIA_BRANCHABLE_ATLAS_FULL_V0_5_DEEP_FINAL_AUDIT/docs/world_protocol_atlas/agents/archivebridge.md atlas/world_protocol_atlas/ archivebridge.md md P3_ATLAS_CONTENT F06 0 0 0 0 1  NOT_FOUND_LOCAL DUPLIC","COGNITIVE_REVIEW_REQUIRED","COGNITIVE_REINTEGRATION_ADVISORY_ONLY","false","false","false","F07 audit/spec only; candidate for ContextPacket or PeripheralSignalPacket, never ACT"
"BRANCHABLE_ATLAS","atlas/world_protocol_atlas/","F06_ATLAS","FILE_PLAN_ALL 1631 BRANCHABLE_ATLAS OBSIDIA_BRANCHABLE_ATLAS_FULL_V0_5_DEEP_FINAL_AUDIT/docs/world_protocol_atlas/agents/astronn.json atlas/world_protocol_atlas/ astronn.json json P3_ATLAS_CONTENT F06 0 0 0 0 1  NOT_FOUND_LOCAL DUPLICATE_SA","COGNITIVE_REVIEW_REQUIRED","COGNITIVE_REINTEGRATION_ADVISORY_ONLY","false","false","false","F07 audit/spec only; candidate for ContextPacket or PeripheralSignalPacket, never ACT"
"BRANCHABLE_ATLAS","atlas/world_protocol_atlas/","F06_ATLAS","FILE_PLAN_ALL 1632 BRANCHABLE_ATLAS OBSIDIA_BRANCHABLE_ATLAS_FULL_V0_5_DEEP_FINAL_AUDIT/docs/world_protocol_atlas/agents/astronn.md atlas/world_protocol_atlas/ astronn.md md P3_ATLAS_CONTENT F06 0 0 0 0 1  NOT_FOUND_LOCAL DUPLICATE_SAFE CLE","COGNITIVE_REVIEW_REQUIRED","COGNITIVE_REINTEGRATION_ADVISORY_ONLY","false","false","false","F07 audit/spec only; candidate for ContextPacket or PeripheralSignalPacket, never ACT"
"BRANCHABLE_ATLAS","atlas/world_protocol_atlas/","F06_ATLAS","FILE_PLAN_ALL 1633 BRANCHABLE_ATLAS OBSIDIA_BRANCHABLE_ATLAS_FULL_V0_5_DEEP_FINAL_AUDIT/docs/world_protocol_atlas/agents/autogen.json atlas/world_protocol_atlas/ autogen.json json P3_ATLAS_CONTENT F06 0 0 0 0 1  NOT_FOUND_LOCAL DUPLICATE_SA","COGNITIVE_REVIEW_REQUIRED","COGNITIVE_REINTEGRATION_ADVISORY_ONLY","false","false","false","F07 audit/spec only; candidate for ContextPacket or PeripheralSignalPacket, never ACT"
"BRANCHABLE_ATLAS","atlas/world_protocol_atlas/","F06_ATLAS","FILE_PLAN_ALL 1634 BRANCHABLE_ATLAS OBSIDIA_BRANCHABLE_ATLAS_FULL_V0_5_DEEP_FINAL_AUDIT/docs/world_protocol_atlas/agents/autogen.md atlas/world_protocol_atlas/ autogen.md md P3_ATLAS_CONTENT F06 0 0 0 0 1  NOT_FOUND_LOCAL DUPLICATE_SAFE CLE","COGNITIVE_REVIEW_REQUIRED","COGNITIVE_REINTEGRATION_ADVISORY_ONLY","false","false","false","F07 audit/spec only; candidate for ContextPacket or PeripheralSignalPacket, never ACT"
"BRANCHABLE_ATLAS","atlas/world_protocol_atlas/","F06_ATLAS","FILE_PLAN_ALL 1635 BRANCHABLE_ATLAS OBSIDIA_BRANCHABLE_ATLAS_FULL_V0_5_DEEP_FINAL_AUDIT/docs/world_protocol_atlas/agents/beeai.json atlas/world_protocol_atlas/ beeai.json json P3_ATLAS_CONTENT F06 0 0 0 0 1  NOT_FOUND_LOCAL DUPLICATE_SAFE C","COGNITIVE_REVIEW_REQUIRED","COGNITIVE_REINTEGRATION_ADVISORY_ONLY","false","false","false","F07 audit/spec only; candidate for ContextPacket or PeripheralSignalPacket, never ACT"
"BRANCHABLE_ATLAS","atlas/world_protocol_atlas/","F06_ATLAS","FILE_PLAN_ALL 1636 BRANCHABLE_ATLAS OBSIDIA_BRANCHABLE_ATLAS_FULL_V0_5_DEEP_FINAL_AUDIT/docs/world_protocol_atlas/agents/beeai.md atlas/world_protocol_atlas/ beeai.md md P3_ATLAS_CONTENT F06 0 0 0 0 1  NOT_FOUND_LOCAL DUPLICATE_SAFE CLEAN L","COGNITIVE_REVIEW_REQUIRED","COGNITIVE_REINTEGRATION_ADVISORY_ONLY","false","false","false","F07 audit/spec only; candidate for ContextPacket or PeripheralSignalPacket, never ACT"
"BRANCHABLE_ATLAS","atlas/world_protocol_atlas/","F06_ATLAS","FILE_PLAN_ALL 1637 BRANCHABLE_ATLAS OBSIDIA_BRANCHABLE_ATLAS_FULL_V0_5_DEEP_FINAL_AUDIT/docs/world_protocol_atlas/agents/beliefobjectvault.json atlas/world_protocol_atlas/ beliefobjectvault.json json P3_ATLAS_CONTENT F06 0 0 0 0 1  NOT_FOUN","COGNITIVE_REVIEW_REQUIRED","COGNITIVE_REINTEGRATION_ADVISORY_ONLY","false","false","false","F07 audit/spec only; candidate for ContextPacket or PeripheralSignalPacket, never ACT"
"BRANCHABLE_ATLAS","atlas/world_protocol_atlas/","F06_ATLAS","FILE_PLAN_ALL 1638 BRANCHABLE_ATLAS OBSIDIA_BRANCHABLE_ATLAS_FULL_V0_5_DEEP_FINAL_AUDIT/docs/world_protocol_atlas/agents/beliefobjectvault.md atlas/world_protocol_atlas/ beliefobjectvault.md md P3_ATLAS_CONTENT F06 0 0 0 0 1  NOT_FOUND_LOCA","COGNITIVE_REVIEW_REQUIRED","COGNITIVE_REINTEGRATION_ADVISORY_ONLY","false","false","false","F07 audit/spec only; candidate for ContextPacket or PeripheralSignalPacket, never ACT"
"BRANCHABLE_ATLAS","atlas/world_protocol_atlas/","F06_ATLAS","FILE_PLAN_ALL 1639 BRANCHABLE_ATLAS OBSIDIA_BRANCHABLE_ATLAS_FULL_V0_5_DEEP_FINAL_AUDIT/docs/world_protocol_atlas/agents/bendito_machine_adapter.json atlas/world_protocol_atlas/ bendito_machine_adapter.json json P3_ATLAS_CONTENT F06 0 0 0 0","COGNITIVE_REVIEW_REQUIRED","COGNITIVE_REINTEGRATION_ADVISORY_ONLY","false","false","false","F07 audit/spec only; candidate for ContextPacket or PeripheralSignalPacket, never ACT"
"BRANCHABLE_ATLAS","atlas/world_protocol_atlas/","F06_ATLAS","FILE_PLAN_ALL 1640 BRANCHABLE_ATLAS OBSIDIA_BRANCHABLE_ATLAS_FULL_V0_5_DEEP_FINAL_AUDIT/docs/world_protocol_atlas/agents/bendito_machine_adapter.md atlas/world_protocol_atlas/ bendito_machine_adapter.md md P3_ATLAS_CONTENT F06 0 0 0 0 1  NO","COGNITIVE_REVIEW_REQUIRED","COGNITIVE_REINTEGRATION_ADVISORY_ONLY","false","false","false","F07 audit/spec only; candidate for ContextPacket or PeripheralSignalPacket, never ACT"
"BRANCHABLE_ATLAS","atlas/world_protocol_atlas/","F06_ATLAS","FILE_PLAN_ALL 1641 BRANCHABLE_ATLAS OBSIDIA_BRANCHABLE_ATLAS_FULL_V0_5_DEEP_FINAL_AUDIT/docs/world_protocol_atlas/agents/berkeley_humanoid_lite.json atlas/world_protocol_atlas/ berkeley_humanoid_lite.json json P3_ATLAS_CONTENT F06 0 0 0 0 1","COGNITIVE_REVIEW_REQUIRED","COGNITIVE_REINTEGRATION_ADVISORY_ONLY","false","false","false","F07 audit/spec only; candidate for ContextPacket or PeripheralSignalPacket, never ACT"
"BRANCHABLE_ATLAS","atlas/world_protocol_atlas/","F06_ATLAS","FILE_PLAN_ALL 1642 BRANCHABLE_ATLAS OBSIDIA_BRANCHABLE_ATLAS_FULL_V0_5_DEEP_FINAL_AUDIT/docs/world_protocol_atlas/agents/berkeley_humanoid_lite.md atlas/world_protocol_atlas/ berkeley_humanoid_lite.md md P3_ATLAS_CONTENT F06 0 0 0 0 1  NOT_","COGNITIVE_REVIEW_REQUIRED","COGNITIVE_REINTEGRATION_ADVISORY_ONLY","false","false","false","F07 audit/spec only; candidate for ContextPacket or PeripheralSignalPacket, never ACT"
"BRANCHABLE_ATLAS","atlas/world_protocol_atlas/","F06_ATLAS","FILE_PLAN_ALL 1643 BRANCHABLE_ATLAS OBSIDIA_BRANCHABLE_ATLAS_FULL_V0_5_DEEP_FINAL_AUDIT/docs/world_protocol_atlas/agents/biocodex.json atlas/world_protocol_atlas/ biocodex.json json P3_ATLAS_CONTENT F06 0 0 0 0 1  NOT_FOUND_LOCAL DUPLICATE_","COGNITIVE_REVIEW_REQUIRED","COGNITIVE_REINTEGRATION_ADVISORY_ONLY","false","false","false","F07 audit/spec only; candidate for ContextPacket or PeripheralSignalPacket, never ACT"
"BRANCHABLE_ATLAS","atlas/world_protocol_atlas/","F06_ATLAS","FILE_PLAN_ALL 1644 BRANCHABLE_ATLAS OBSIDIA_BRANCHABLE_ATLAS_FULL_V0_5_DEEP_FINAL_AUDIT/docs/world_protocol_atlas/agents/biocodex.md atlas/world_protocol_atlas/ biocodex.md md P3_ATLAS_CONTENT F06 0 0 0 0 1  NOT_FOUND_LOCAL DUPLICATE_SAFE C","COGNITIVE_REVIEW_REQUIRED","COGNITIVE_REINTEGRATION_ADVISORY_ONLY","false","false","false","F07 audit/spec only; candidate for ContextPacket or PeripheralSignalPacket, never ACT"
"BRANCHABLE_ATLAS","atlas/world_protocol_atlas/","F06_ATLAS","FILE_PLAN_ALL 1645 BRANCHABLE_ATLAS OBSIDIA_BRANCHABLE_ATLAS_FULL_V0_5_DEEP_FINAL_AUDIT/docs/world_protocol_atlas/agents/biodynamo.json atlas/world_protocol_atlas/ biodynamo.json json P3_ATLAS_CONTENT F06 0 0 0 0 1  NOT_FOUND_LOCAL DUPLICAT","COGNITIVE_REVIEW_REQUIRED","COGNITIVE_REINTEGRATION_ADVISORY_ONLY","false","false","false","F07 audit/spec only; candidate for ContextPacket or PeripheralSignalPacket, never ACT"
"BRANCHABLE_ATLAS","atlas/world_protocol_atlas/","F06_ATLAS","FILE_PLAN_ALL 1646 BRANCHABLE_ATLAS OBSIDIA_BRANCHABLE_ATLAS_FULL_V0_5_DEEP_FINAL_AUDIT/docs/world_protocol_atlas/agents/biodynamo.md atlas/world_protocol_atlas/ biodynamo.md md P3_ATLAS_CONTENT F06 0 0 0 0 1  NOT_FOUND_LOCAL DUPLICATE_SAFE","COGNITIVE_REVIEW_REQUIRED","COGNITIVE_REINTEGRATION_ADVISORY_ONLY","false","false","false","F07 audit/spec only; candidate for ContextPacket or PeripheralSignalPacket, never ACT"
"BRANCHABLE_ATLAS","atlas/world_protocol_atlas/","F06_ATLAS","FILE_PLAN_ALL 1647 BRANCHABLE_ATLAS OBSIDIA_BRANCHABLE_ATLAS_FULL_V0_5_DEEP_FINAL_AUDIT/docs/world_protocol_atlas/agents/brainpy.json atlas/world_protocol_atlas/ brainpy.json json P3_ATLAS_CONTENT F06 0 0 0 0 1  NOT_FOUND_LOCAL DUPLICATE_SA","COGNITIVE_REVIEW_REQUIRED","COGNITIVE_REINTEGRATION_ADVISORY_ONLY","false","false","false","F07 audit/spec only; candidate for ContextPacket or PeripheralSignalPacket, never ACT"
"BRANCHABLE_ATLAS","atlas/world_protocol_atlas/","F06_ATLAS","FILE_PLAN_ALL 1648 BRANCHABLE_ATLAS OBSIDIA_BRANCHABLE_ATLAS_FULL_V0_5_DEEP_FINAL_AUDIT/docs/world_protocol_atlas/agents/brainpy.md atlas/world_protocol_atlas/ brainpy.md md P3_ATLAS_CONTENT F06 0 0 0 0 1  NOT_FOUND_LOCAL DUPLICATE_SAFE CLE","COGNITIVE_REVIEW_REQUIRED","COGNITIVE_REINTEGRATION_ADVISORY_ONLY","false","false","false","F07 audit/spec only; candidate for ContextPacket or PeripheralSignalPacket, never ACT"
"BRANCHABLE_ATLAS","atlas/world_protocol_atlas/","F06_ATLAS","FILE_PLAN_ALL 1649 BRANCHABLE_ATLAS OBSIDIA_BRANCHABLE_ATLAS_FULL_V0_5_DEEP_FINAL_AUDIT/docs/world_protocol_atlas/agents/capteur_adn_virtuel.json atlas/world_protocol_atlas/ capteur_adn_virtuel.json json P3_ATLAS_CONTENT F06 0 0 0 0 1  NOT_","COGNITIVE_REVIEW_REQUIRED","COGNITIVE_REINTEGRATION_ADVISORY_ONLY","false","false","false","F07 audit/spec only; candidate for ContextPacket or PeripheralSignalPacket, never ACT"
"BRANCHABLE_ATLAS","atlas/world_protocol_atlas/","F06_ATLAS","FILE_PLAN_ALL 1650 BRANCHABLE_ATLAS OBSIDIA_BRANCHABLE_ATLAS_FULL_V0_5_DEEP_FINAL_AUDIT/docs/world_protocol_atlas/agents/capteur_adn_virtuel.md atlas/world_protocol_atlas/ capteur_adn_virtuel.md md P3_ATLAS_CONTENT F06 0 0 0 0 1  NOT_FOUND_","COGNITIVE_REVIEW_REQUIRED","COGNITIVE_REINTEGRATION_ADVISORY_ONLY","false","false","false","F07 audit/spec only; candidate for ContextPacket or PeripheralSignalPacket, never ACT"
"BRANCHABLE_ATLAS","atlas/world_protocol_atlas/","F06_ATLAS","FILE_PLAN_ALL 1651 BRANCHABLE_ATLAS OBSIDIA_BRANCHABLE_ATLAS_FULL_V0_5_DEEP_FINAL_AUDIT/docs/world_protocol_atlas/agents/cerebras_systems_adapter.json atlas/world_protocol_atlas/ cerebras_systems_adapter.json json P3_ATLAS_CONTENT F06 0 0 0","COGNITIVE_REVIEW_REQUIRED","COGNITIVE_REINTEGRATION_ADVISORY_ONLY","false","false","false","F07 audit/spec only; candidate for ContextPacket or PeripheralSignalPacket, never ACT"
"BRANCHABLE_ATLAS","atlas/world_protocol_atlas/","F06_ATLAS","FILE_PLAN_ALL 1652 BRANCHABLE_ATLAS OBSIDIA_BRANCHABLE_ATLAS_FULL_V0_5_DEEP_FINAL_AUDIT/docs/world_protocol_atlas/agents/cerebras_systems_adapter.md atlas/world_protocol_atlas/ cerebras_systems_adapter.md md P3_ATLAS_CONTENT F06 0 0 0 0 1  ","COGNITIVE_REVIEW_REQUIRED","COGNITIVE_REINTEGRATION_ADVISORY_ONLY","false","false","false","F07 audit/spec only; candidate for ContextPacket or PeripheralSignalPacket, never ACT"
"BRANCHABLE_ATLAS","atlas/world_protocol_atlas/","F06_ATLAS","FILE_PLAN_ALL 1653 BRANCHABLE_ATLAS OBSIDIA_BRANCHABLE_ATLAS_FULL_V0_5_DEEP_FINAL_AUDIT/docs/world_protocol_atlas/agents/codex_adn_vivant.json atlas/world_protocol_atlas/ codex_adn_vivant.json json P3_ATLAS_CONTENT F06 0 0 0 0 1  NOT_FOUND_","COGNITIVE_REVIEW_REQUIRED","COGNITIVE_REINTEGRATION_ADVISORY_ONLY","false","false","false","F07 audit/spec only; candidate for ContextPacket or PeripheralSignalPacket, never ACT"
"BRANCHABLE_ATLAS","atlas/world_protocol_atlas/","F06_ATLAS","FILE_PLAN_ALL 1654 BRANCHABLE_ATLAS OBSIDIA_BRANCHABLE_ATLAS_FULL_V0_5_DEEP_FINAL_AUDIT/docs/world_protocol_atlas/agents/codex_adn_vivant.md atlas/world_protocol_atlas/ codex_adn_vivant.md md P3_ATLAS_CONTENT F06 0 0 0 0 1  NOT_FOUND_LOCAL ","COGNITIVE_REVIEW_REQUIRED","COGNITIVE_REINTEGRATION_ADVISORY_ONLY","false","false","false","F07 audit/spec only; candidate for ContextPacket or PeripheralSignalPacket, never ACT"
"BRANCHABLE_ATLAS","atlas/world_protocol_atlas/","F06_ATLAS","FILE_PLAN_ALL 1655 BRANCHABLE_ATLAS OBSIDIA_BRANCHABLE_ATLAS_FULL_V0_5_DEEP_FINAL_AUDIT/docs/world_protocol_atlas/agents/codex_biosymbolique.json atlas/world_protocol_atlas/ codex_biosymbolique.json json P3_ATLAS_CONTENT F06 0 0 0 0 1  NOT_","COGNITIVE_REVIEW_REQUIRED","COGNITIVE_REINTEGRATION_ADVISORY_ONLY","false","false","false","F07 audit/spec only; candidate for ContextPacket or PeripheralSignalPacket, never ACT"
"BRANCHABLE_ATLAS","atlas/world_protocol_atlas/","F06_ATLAS","FILE_PLAN_ALL 1656 BRANCHABLE_ATLAS OBSIDIA_BRANCHABLE_ATLAS_FULL_V0_5_DEEP_FINAL_AUDIT/docs/world_protocol_atlas/agents/codex_biosymbolique.md atlas/world_protocol_atlas/ codex_biosymbolique.md md P3_ATLAS_CONTENT F06 0 0 0 0 1  NOT_FOUND_","COGNITIVE_REVIEW_REQUIRED","COGNITIVE_REINTEGRATION_ADVISORY_ONLY","false","false","false","F07 audit/spec only; candidate for ContextPacket or PeripheralSignalPacket, never ACT"
"BRANCHABLE_ATLAS","atlas/world_protocol_atlas/","F06_ATLAS","FILE_PLAN_ALL 1657 BRANCHABLE_ATLAS OBSIDIA_BRANCHABLE_ATLAS_FULL_V0_5_DEEP_FINAL_AUDIT/docs/world_protocol_atlas/agents/codex_de_regles_exotiques.json atlas/world_protocol_atlas/ codex_de_regles_exotiques.json json P3_ATLAS_CONTENT F06 0 0","COGNITIVE_REVIEW_REQUIRED","COGNITIVE_REINTEGRATION_ADVISORY_ONLY","false","false","false","F07 audit/spec only; candidate for ContextPacket or PeripheralSignalPacket, never ACT"
"BRANCHABLE_ATLAS","atlas/world_protocol_atlas/","F06_ATLAS","FILE_PLAN_ALL 1658 BRANCHABLE_ATLAS OBSIDIA_BRANCHABLE_ATLAS_FULL_V0_5_DEEP_FINAL_AUDIT/docs/world_protocol_atlas/agents/codex_de_regles_exotiques.md atlas/world_protocol_atlas/ codex_de_regles_exotiques.md md P3_ATLAS_CONTENT F06 0 0 0 0 1","COGNITIVE_REVIEW_REQUIRED","COGNITIVE_REINTEGRATION_ADVISORY_ONLY","false","false","false","F07 audit/spec only; candidate for ContextPacket or PeripheralSignalPacket, never ACT"
"BRANCHABLE_ATLAS","atlas/world_protocol_atlas/","F06_ATLAS","FILE_PLAN_ALL 1659 BRANCHABLE_ATLAS OBSIDIA_BRANCHABLE_ATLAS_FULL_V0_5_DEEP_FINAL_AUDIT/docs/world_protocol_atlas/agents/codex_des_ames.json atlas/world_protocol_atlas/ codex_des_ames.json json P3_ATLAS_CONTENT F06 0 0 0 0 1  NOT_FOUND_LOCA","COGNITIVE_REVIEW_REQUIRED","COGNITIVE_REINTEGRATION_ADVISORY_ONLY","false","false","false","F07 audit/spec only; candidate for ContextPacket or PeripheralSignalPacket, never ACT"
"BRANCHABLE_ATLAS","atlas/world_protocol_atlas/","F06_ATLAS","FILE_PLAN_ALL 1660 BRANCHABLE_ATLAS OBSIDIA_BRANCHABLE_ATLAS_FULL_V0_5_DEEP_FINAL_AUDIT/docs/world_protocol_atlas/agents/codex_des_ames.md atlas/world_protocol_atlas/ codex_des_ames.md md P3_ATLAS_CONTENT F06 0 0 0 0 1  NOT_FOUND_LOCAL DUPL","COGNITIVE_REVIEW_REQUIRED","COGNITIVE_REINTEGRATION_ADVISORY_ONLY","false","false","false","F07 audit/spec only; candidate for ContextPacket or PeripheralSignalPacket, never ACT"
"BRANCHABLE_ATLAS","atlas/world_protocol_atlas/","F06_ATLAS","FILE_PLAN_ALL 1661 BRANCHABLE_ATLAS OBSIDIA_BRANCHABLE_ATLAS_FULL_V0_5_DEEP_FINAL_AUDIT/docs/world_protocol_atlas/agents/codex_des_disparus.json atlas/world_protocol_atlas/ codex_des_disparus.json json P3_ATLAS_CONTENT F06 0 0 0 0 1  NOT_FO","COGNITIVE_REVIEW_REQUIRED","COGNITIVE_REINTEGRATION_ADVISORY_ONLY","false","false","false","F07 audit/spec only; candidate for ContextPacket or PeripheralSignalPacket, never ACT"
"BRANCHABLE_ATLAS","atlas/world_protocol_atlas/","F06_ATLAS","FILE_PLAN_ALL 1662 BRANCHABLE_ATLAS OBSIDIA_BRANCHABLE_ATLAS_FULL_V0_5_DEEP_FINAL_AUDIT/docs/world_protocol_atlas/agents/codex_des_disparus.md atlas/world_protocol_atlas/ codex_des_disparus.md md P3_ATLAS_CONTENT F06 0 0 0 0 1  NOT_FOUND_LO","COGNITIVE_REVIEW_REQUIRED","COGNITIVE_REINTEGRATION_ADVISORY_ONLY","false","false","false","F07 audit/spec only; candidate for ContextPacket or PeripheralSignalPacket, never ACT"
"BRANCHABLE_ATLAS","atlas/world_protocol_atlas/","F06_ATLAS","FILE_PLAN_ALL 1663 BRANCHABLE_ATLAS OBSIDIA_BRANCHABLE_ATLAS_FULL_V0_5_DEEP_FINAL_AUDIT/docs/world_protocol_atlas/agents/codex_dialectal.json atlas/world_protocol_atlas/ codex_dialectal.json json P3_ATLAS_CONTENT F06 0 0 0 0 1  NOT_FOUND_LO","COGNITIVE_REVIEW_REQUIRED","COGNITIVE_REINTEGRATION_ADVISORY_ONLY","false","false","false","F07 audit/spec only; candidate for ContextPacket or PeripheralSignalPacket, never ACT"
"BRANCHABLE_ATLAS","atlas/world_protocol_atlas/","F06_ATLAS","FILE_PLAN_ALL 1664 BRANCHABLE_ATLAS OBSIDIA_BRANCHABLE_ATLAS_FULL_V0_5_DEEP_FINAL_AUDIT/docs/world_protocol_atlas/agents/codex_dialectal.md atlas/world_protocol_atlas/ codex_dialectal.md md P3_ATLAS_CONTENT F06 0 0 0 0 1  NOT_FOUND_LOCAL DU","COGNITIVE_REVIEW_REQUIRED","COGNITIVE_REINTEGRATION_ADVISORY_ONLY","false","false","false","F07 audit/spec only; candidate for ContextPacket or PeripheralSignalPacket, never ACT"
"BRANCHABLE_ATLAS","atlas/world_protocol_atlas/","F06_ATLAS","FILE_PLAN_ALL 1665 BRANCHABLE_ATLAS OBSIDIA_BRANCHABLE_ATLAS_FULL_V0_5_DEEP_FINAL_AUDIT/docs/world_protocol_atlas/agents/codex_metamorphose.json atlas/world_protocol_atlas/ codex_metamorphose.json json P3_ATLAS_CONTENT F06 0 0 0 0 1  NOT_FO","COGNITIVE_REVIEW_REQUIRED","COGNITIVE_REINTEGRATION_ADVISORY_ONLY","false","false","false","F07 audit/spec only; candidate for ContextPacket or PeripheralSignalPacket, never ACT"
"BRANCHABLE_ATLAS","atlas/world_protocol_atlas/","F06_ATLAS","FILE_PLAN_ALL 1666 BRANCHABLE_ATLAS OBSIDIA_BRANCHABLE_ATLAS_FULL_V0_5_DEEP_FINAL_AUDIT/docs/world_protocol_atlas/agents/codex_metamorphose.md atlas/world_protocol_atlas/ codex_metamorphose.md md P3_ATLAS_CONTENT F06 0 0 0 0 1  NOT_FOUND_LO","COGNITIVE_REVIEW_REQUIRED","COGNITIVE_REINTEGRATION_ADVISORY_ONLY","false","false","false","F07 audit/spec only; candidate for ContextPacket or PeripheralSignalPacket, never ACT"
"BRANCHABLE_ATLAS","atlas/world_protocol_atlas/","F06_ATLAS","FILE_PLAN_ALL 1667 BRANCHABLE_ATLAS OBSIDIA_BRANCHABLE_ATLAS_FULL_V0_5_DEEP_FINAL_AUDIT/docs/world_protocol_atlas/agents/codex_post_mortem.json atlas/world_protocol_atlas/ codex_post_mortem.json json P3_ATLAS_CONTENT F06 0 0 0 0 1  NOT_FOUN","COGNITIVE_REVIEW_REQUIRED","COGNITIVE_REINTEGRATION_ADVISORY_ONLY","false","false","false","F07 audit/spec only; candidate for ContextPacket or PeripheralSignalPacket, never ACT"
"BRANCHABLE_ATLAS","atlas/world_protocol_atlas/","F06_ATLAS","FILE_PLAN_ALL 1668 BRANCHABLE_ATLAS OBSIDIA_BRANCHABLE_ATLAS_FULL_V0_5_DEEP_FINAL_AUDIT/docs/world_protocol_atlas/agents/codex_post_mortem.md atlas/world_protocol_atlas/ codex_post_mortem.md md P3_ATLAS_CONTENT F06 0 0 0 0 1  NOT_FOUND_LOCA","COGNITIVE_REVIEW_REQUIRED","COGNITIVE_REINTEGRATION_ADVISORY_ONLY","false","false","false","F07 audit/spec only; candidate for ContextPacket or PeripheralSignalPacket, never ACT"
"BRANCHABLE_ATLAS","atlas/world_protocol_atlas/","F06_ATLAS","FILE_PLAN_ALL 1669 BRANCHABLE_ATLAS OBSIDIA_BRANCHABLE_ATLAS_FULL_V0_5_DEEP_FINAL_AUDIT/docs/world_protocol_atlas/agents/codex_post_vitae.json atlas/world_protocol_atlas/ codex_post_vitae.json json P3_ATLAS_CONTENT F06 0 0 0 0 1  NOT_FOUND_","COGNITIVE_REVIEW_REQUIRED","COGNITIVE_REINTEGRATION_ADVISORY_ONLY","false","false","false","F07 audit/spec only; candidate for ContextPacket or PeripheralSignalPacket, never ACT"
"BRANCHABLE_ATLAS","atlas/world_protocol_atlas/","F06_ATLAS","FILE_PLAN_ALL 1670 BRANCHABLE_ATLAS OBSIDIA_BRANCHABLE_ATLAS_FULL_V0_5_DEEP_FINAL_AUDIT/docs/world_protocol_atlas/agents/codex_post_vitae.md atlas/world_protocol_atlas/ codex_post_vitae.md md P3_ATLAS_CONTENT F06 0 0 0 0 1  NOT_FOUND_LOCAL ","COGNITIVE_REVIEW_REQUIRED","COGNITIVE_REINTEGRATION_ADVISORY_ONLY","false","false","false","F07 audit/spec only; candidate for ContextPacket or PeripheralSignalPacket, never ACT"
"BRANCHABLE_ATLAS","atlas/world_protocol_atlas/","F06_ATLAS","FILE_PLAN_ALL 1671 BRANCHABLE_ATLAS OBSIDIA_BRANCHABLE_ATLAS_FULL_V0_5_DEEP_FINAL_AUDIT/docs/world_protocol_atlas/agents/cohere_adapter.json atlas/world_protocol_atlas/ cohere_adapter.json json P3_ATLAS_CONTENT F06 0 0 0 0 1  NOT_FOUND_LOCA","COGNITIVE_REVIEW_REQUIRED","COGNITIVE_REINTEGRATION_ADVISORY_ONLY","false","false","false","F07 audit/spec only; candidate for ContextPacket or PeripheralSignalPacket, never ACT"
"BRANCHABLE_ATLAS","atlas/world_protocol_atlas/","F06_ATLAS","FILE_PLAN_ALL 1672 BRANCHABLE_ATLAS OBSIDIA_BRANCHABLE_ATLAS_FULL_V0_5_DEEP_FINAL_AUDIT/docs/world_protocol_atlas/agents/cohere_adapter.md atlas/world_protocol_atlas/ cohere_adapter.md md P3_ATLAS_CONTENT F06 0 0 0 0 1  NOT_FOUND_LOCAL DUPL","COGNITIVE_REVIEW_REQUIRED","COGNITIVE_REINTEGRATION_ADVISORY_ONLY","false","false","false","F07 audit/spec only; candidate for ContextPacket or PeripheralSignalPacket, never ACT"
"BRANCHABLE_ATLAS","atlas/world_protocol_atlas/","F06_ATLAS","FILE_PLAN_ALL 1673 BRANCHABLE_ATLAS OBSIDIA_BRANCHABLE_ATLAS_FULL_V0_5_DEEP_FINAL_AUDIT/docs/world_protocol_atlas/agents/collectiveresiliencemap.json atlas/world_protocol_atlas/ collectiveresiliencemap.json json P3_ATLAS_CONTENT F06 0 0 0 0","COGNITIVE_REVIEW_REQUIRED","COGNITIVE_REINTEGRATION_ADVISORY_ONLY","false","false","false","F07 audit/spec only; candidate for ContextPacket or PeripheralSignalPacket, never ACT"
"BRANCHABLE_ATLAS","atlas/world_protocol_atlas/","F06_ATLAS","FILE_PLAN_ALL 1674 BRANCHABLE_ATLAS OBSIDIA_BRANCHABLE_ATLAS_FULL_V0_5_DEEP_FINAL_AUDIT/docs/world_protocol_atlas/agents/collectiveresiliencemap.md atlas/world_protocol_atlas/ collectiveresiliencemap.md md P3_ATLAS_CONTENT F06 0 0 0 0 1  NO","COGNITIVE_REVIEW_REQUIRED","COGNITIVE_REINTEGRATION_ADVISORY_ONLY","false","false","false","F07 audit/spec only; candidate for ContextPacket or PeripheralSignalPacket, never ACT"
"BRANCHABLE_ATLAS","atlas/world_protocol_atlas/","F06_ATLAS","FILE_PLAN_ALL 1675 BRANCHABLE_ATLAS OBSIDIA_BRANCHABLE_ATLAS_FULL_V0_5_DEEP_FINAL_AUDIT/docs/world_protocol_atlas/agents/communitycare.json atlas/world_protocol_atlas/ communitycare.json json P3_ATLAS_CONTENT F06 0 0 0 0 1  NOT_FOUND_LOCAL ","COGNITIVE_REVIEW_REQUIRED","COGNITIVE_REINTEGRATION_ADVISORY_ONLY","false","false","false","F07 audit/spec only; candidate for ContextPacket or PeripheralSignalPacket, never ACT"
"BRANCHABLE_ATLAS","atlas/world_protocol_atlas/","F06_ATLAS","FILE_PLAN_ALL 1676 BRANCHABLE_ATLAS OBSIDIA_BRANCHABLE_ATLAS_FULL_V0_5_DEEP_FINAL_AUDIT/docs/world_protocol_atlas/agents/communitycare.md atlas/world_protocol_atlas/ communitycare.md md P3_ATLAS_CONTENT F06 0 0 0 0 1  NOT_FOUND_LOCAL DUPLIC","COGNITIVE_REVIEW_REQUIRED","COGNITIVE_REINTEGRATION_ADVISORY_ONLY","false","false","false","F07 audit/spec only; candidate for ContextPacket or PeripheralSignalPacket, never ACT"
"BRANCHABLE_ATLAS","atlas/world_protocol_atlas/","F06_ATLAS","FILE_PLAN_ALL 1677 BRANCHABLE_ATLAS OBSIDIA_BRANCHABLE_ATLAS_FULL_V0_5_DEEP_FINAL_AUDIT/docs/world_protocol_atlas/agents/composio.json atlas/world_protocol_atlas/ composio.json json P3_ATLAS_CONTENT F06 0 0 0 0 1  NOT_FOUND_LOCAL DUPLICATE_","COGNITIVE_REVIEW_REQUIRED","COGNITIVE_REINTEGRATION_ADVISORY_ONLY","false","false","false","F07 audit/spec only; candidate for ContextPacket or PeripheralSignalPacket, never ACT"
"BRANCHABLE_ATLAS","atlas/world_protocol_atlas/","F06_ATLAS","FILE_PLAN_ALL 1678 BRANCHABLE_ATLAS OBSIDIA_BRANCHABLE_ATLAS_FULL_V0_5_DEEP_FINAL_AUDIT/docs/world_protocol_atlas/agents/composio.md atlas/world_protocol_atlas/ composio.md md P3_ATLAS_CONTENT F06 0 0 0 0 1  NOT_FOUND_LOCAL DUPLICATE_SAFE C","COGNITIVE_REVIEW_REQUIRED","COGNITIVE_REINTEGRATION_ADVISORY_ONLY","false","false","false","F07 audit/spec only; candidate for ContextPacket or PeripheralSignalPacket, never ACT"
"BRANCHABLE_ATLAS","atlas/world_protocol_atlas/","F06_ATLAS","FILE_PLAN_ALL 1679 BRANCHABLE_ATLAS OBSIDIA_BRANCHABLE_ATLAS_FULL_V0_5_DEEP_FINAL_AUDIT/docs/world_protocol_atlas/agents/cosmolang.json atlas/world_protocol_atlas/ cosmolang.json json P3_ATLAS_CONTENT F06 0 0 0 0 1  NOT_FOUND_LOCAL DUPLICAT","COGNITIVE_REVIEW_REQUIRED","COGNITIVE_REINTEGRATION_ADVISORY_ONLY","false","false","false","F07 audit/spec only; candidate for ContextPacket or PeripheralSignalPacket, never ACT"
"BRANCHABLE_ATLAS","atlas/world_protocol_atlas/","F06_ATLAS","FILE_PLAN_ALL 1680 BRANCHABLE_ATLAS OBSIDIA_BRANCHABLE_ATLAS_FULL_V0_5_DEEP_FINAL_AUDIT/docs/world_protocol_atlas/agents/cosmolang.md atlas/world_protocol_atlas/ cosmolang.md md P3_ATLAS_CONTENT F06 0 0 0 0 1  NOT_FOUND_LOCAL DUPLICATE_SAFE","COGNITIVE_REVIEW_REQUIRED","COGNITIVE_REINTEGRATION_ADVISORY_ONLY","false","false","false","F07 audit/spec only; candidate for ContextPacket or PeripheralSignalPacket, never ACT"
"BRANCHABLE_ATLAS","atlas/world_protocol_atlas/","F06_ATLAS","FILE_PLAN_ALL 1681 BRANCHABLE_ATLAS OBSIDIA_BRANCHABLE_ATLAS_FULL_V0_5_DEEP_FINAL_AUDIT/docs/world_protocol_atlas/agents/crewai.json atlas/world_protocol_atlas/ crewai.json json P3_ATLAS_CONTENT F06 0 0 0 0 1  NOT_FOUND_LOCAL DUPLICATE_SAFE","COGNITIVE_REVIEW_REQUIRED","COGNITIVE_REINTEGRATION_ADVISORY_ONLY","false","false","false","F07 audit/spec only; candidate for ContextPacket or PeripheralSignalPacket, never ACT"
"BRANCHABLE_ATLAS","atlas/world_protocol_atlas/","F06_ATLAS","FILE_PLAN_ALL 1682 BRANCHABLE_ATLAS OBSIDIA_BRANCHABLE_ATLAS_FULL_V0_5_DEEP_FINAL_AUDIT/docs/world_protocol_atlas/agents/crewai.md atlas/world_protocol_atlas/ crewai.md md P3_ATLAS_CONTENT F06 0 0 0 0 1  NOT_FOUND_LOCAL DUPLICATE_SAFE CLEAN","COGNITIVE_REVIEW_REQUIRED","COGNITIVE_REINTEGRATION_ADVISORY_ONLY","false","false","false","F07 audit/spec only; candidate for ContextPacket or PeripheralSignalPacket, never ACT"
"BRANCHABLE_ATLAS","atlas/world_protocol_atlas/","F06_ATLAS","FILE_PLAN_ALL 1683 BRANCHABLE_ATLAS OBSIDIA_BRANCHABLE_ATLAS_FULL_V0_5_DEEP_FINAL_AUDIT/docs/world_protocol_atlas/agents/cryomemory.json atlas/world_protocol_atlas/ cryomemory.json json P3_ATLAS_CONTENT F06 0 0 0 0 1  NOT_FOUND_LOCAL DUPLIC","COGNITIVE_REVIEW_REQUIRED","COGNITIVE_REINTEGRATION_ADVISORY_ONLY","false","false","false","F07 audit/spec only; candidate for ContextPacket or PeripheralSignalPacket, never ACT"
"BRANCHABLE_ATLAS","atlas/world_protocol_atlas/","F06_ATLAS","FILE_PLAN_ALL 1684 BRANCHABLE_ATLAS OBSIDIA_BRANCHABLE_ATLAS_FULL_V0_5_DEEP_FINAL_AUDIT/docs/world_protocol_atlas/agents/cryomemory.md atlas/world_protocol_atlas/ cryomemory.md md P3_ATLAS_CONTENT F06 0 0 0 0 1  NOT_FOUND_LOCAL DUPLICATE_SA","COGNITIVE_REVIEW_REQUIRED","COGNITIVE_REINTEGRATION_ADVISORY_ONLY","false","false","false","F07 audit/spec only; candidate for ContextPacket or PeripheralSignalPacket, never ACT"
"BRANCHABLE_ATLAS","atlas/world_protocol_atlas/","F06_ATLAS","FILE_PLAN_ALL 1685 BRANCHABLE_ATLAS OBSIDIA_BRANCHABLE_ATLAS_FULL_V0_5_DEEP_FINAL_AUDIT/docs/world_protocol_atlas/agents/datasketch_adapter.json atlas/world_protocol_atlas/ datasketch_adapter.json json P3_ATLAS_CONTENT F06 0 0 0 0 1  NOT_FO","COGNITIVE_REVIEW_REQUIRED","COGNITIVE_REINTEGRATION_ADVISORY_ONLY","false","false","false","F07 audit/spec only; candidate for ContextPacket or PeripheralSignalPacket, never ACT"
"BRANCHABLE_ATLAS","atlas/world_protocol_atlas/","F06_ATLAS","FILE_PLAN_ALL 1686 BRANCHABLE_ATLAS OBSIDIA_BRANCHABLE_ATLAS_FULL_V0_5_DEEP_FINAL_AUDIT/docs/world_protocol_atlas/agents/datasketch_adapter.md atlas/world_protocol_atlas/ datasketch_adapter.md md P3_ATLAS_CONTENT F06 0 0 0 0 1  NOT_FOUND_LO","COGNITIVE_REVIEW_REQUIRED","COGNITIVE_REINTEGRATION_ADVISORY_ONLY","false","false","false","F07 audit/spec only; candidate for ContextPacket or PeripheralSignalPacket, never ACT"
"BRANCHABLE_ATLAS","atlas/world_protocol_atlas/","F06_ATLAS","FILE_PLAN_ALL 1687 BRANCHABLE_ATLAS OBSIDIA_BRANCHABLE_ATLAS_FULL_V0_5_DEEP_FINAL_AUDIT/docs/world_protocol_atlas/agents/deepchem.json atlas/world_protocol_atlas/ deepchem.json json P3_ATLAS_CONTENT F06 0 0 0 0 1  NOT_FOUND_LOCAL DUPLICATE_","COGNITIVE_REVIEW_REQUIRED","COGNITIVE_REINTEGRATION_ADVISORY_ONLY","false","false","false","F07 audit/spec only; candidate for ContextPacket or PeripheralSignalPacket, never ACT"
"BRANCHABLE_ATLAS","atlas/world_protocol_atlas/","F06_ATLAS","FILE_PLAN_ALL 1688 BRANCHABLE_ATLAS OBSIDIA_BRANCHABLE_ATLAS_FULL_V0_5_DEEP_FINAL_AUDIT/docs/world_protocol_atlas/agents/deepchem.md atlas/world_protocol_atlas/ deepchem.md md P3_ATLAS_CONTENT F06 0 0 0 0 1  NOT_FOUND_LOCAL DUPLICATE_SAFE C","COGNITIVE_REVIEW_REQUIRED","COGNITIVE_REINTEGRATION_ADVISORY_ONLY","false","false","false","F07 audit/spec only; candidate for ContextPacket or PeripheralSignalPacket, never ACT"
"BRANCHABLE_ATLAS","atlas/world_protocol_atlas/","F06_ATLAS","FILE_PLAN_ALL 1689 BRANCHABLE_ATLAS OBSIDIA_BRANCHABLE_ATLAS_FULL_V0_5_DEEP_FINAL_AUDIT/docs/world_protocol_atlas/agents/deepseek_r1.json atlas/world_protocol_atlas/ deepseek_r1.json json P3_ATLAS_CONTENT F06 0 0 0 0 1  NOT_FOUND_LOCAL DUPL","COGNITIVE_REVIEW_REQUIRED","COGNITIVE_REINTEGRATION_ADVISORY_ONLY","false","false","false","F07 audit/spec only; candidate for ContextPacket or PeripheralSignalPacket, never ACT"
"BRANCHABLE_ATLAS","atlas/world_protocol_atlas/","F06_ATLAS","FILE_PLAN_ALL 1690 BRANCHABLE_ATLAS OBSIDIA_BRANCHABLE_ATLAS_FULL_V0_5_DEEP_FINAL_AUDIT/docs/world_protocol_atlas/agents/deepseek_r1.md atlas/world_protocol_atlas/ deepseek_r1.md md P3_ATLAS_CONTENT F06 0 0 0 0 1  NOT_FOUND_LOCAL DUPLICATE_","COGNITIVE_REVIEW_REQUIRED","COGNITIVE_REINTEGRATION_ADVISORY_ONLY","false","false","false","F07 audit/spec only; candidate for ContextPacket or PeripheralSignalPacket, never ACT"
"BRANCHABLE_ATLAS","atlas/world_protocol_atlas/","F06_ATLAS","FILE_PLAN_ALL 1691 BRANCHABLE_ATLAS OBSIDIA_BRANCHABLE_ATLAS_FULL_V0_5_DEEP_FINAL_AUDIT/docs/world_protocol_atlas/agents/delphi.json atlas/world_protocol_atlas/ delphi.json json P3_ATLAS_CONTENT F06 0 0 0 0 1  NOT_FOUND_LOCAL DUPLICATE_SAFE","COGNITIVE_REVIEW_REQUIRED","COGNITIVE_REINTEGRATION_ADVISORY_ONLY","false","false","false","F07 audit/spec only; candidate for ContextPacket or PeripheralSignalPacket, never ACT"
"BRANCHABLE_ATLAS","atlas/world_protocol_atlas/","F06_ATLAS","FILE_PLAN_ALL 1692 BRANCHABLE_ATLAS OBSIDIA_BRANCHABLE_ATLAS_FULL_V0_5_DEEP_FINAL_AUDIT/docs/world_protocol_atlas/agents/delphi.md atlas/world_protocol_atlas/ delphi.md md P3_ATLAS_CONTENT F06 0 0 0 0 1  NOT_FOUND_LOCAL DUPLICATE_SAFE CLEAN","COGNITIVE_REVIEW_REQUIRED","COGNITIVE_REINTEGRATION_ADVISORY_ONLY","false","false","false","F07 audit/spec only; candidate for ContextPacket or PeripheralSignalPacket, never ACT"
"BRANCHABLE_ATLAS","atlas/world_protocol_atlas/","F06_ATLAS","FILE_PLAN_ALL 1693 BRANCHABLE_ATLAS OBSIDIA_BRANCHABLE_ATLAS_FULL_V0_5_DEEP_FINAL_AUDIT/docs/world_protocol_atlas/agents/diasporamemory.json atlas/world_protocol_atlas/ diasporamemory.json json P3_ATLAS_CONTENT F06 0 0 0 0 1  NOT_FOUND_LOCA","COGNITIVE_REVIEW_REQUIRED","COGNITIVE_REINTEGRATION_ADVISORY_ONLY","false","false","false","F07 audit/spec only; candidate for ContextPacket or PeripheralSignalPacket, never ACT"
"BRANCHABLE_ATLAS","atlas/world_protocol_atlas/","F06_ATLAS","FILE_PLAN_ALL 1694 BRANCHABLE_ATLAS OBSIDIA_BRANCHABLE_ATLAS_FULL_V0_5_DEEP_FINAL_AUDIT/docs/world_protocol_atlas/agents/diasporamemory.md atlas/world_protocol_atlas/ diasporamemory.md md P3_ATLAS_CONTENT F06 0 0 0 0 1  NOT_FOUND_LOCAL DUPL","COGNITIVE_REVIEW_REQUIRED","COGNITIVE_REINTEGRATION_ADVISORY_ONLY","false","false","false","F07 audit/spec only; candidate for ContextPacket or PeripheralSignalPacket, never ACT"
"BRANCHABLE_ATLAS","atlas/world_protocol_atlas/","F06_ATLAS","FILE_PLAN_ALL 1695 BRANCHABLE_ATLAS OBSIDIA_BRANCHABLE_ATLAS_FULL_V0_5_DEEP_FINAL_AUDIT/docs/world_protocol_atlas/agents/dramatron.json atlas/world_protocol_atlas/ dramatron.json json P3_ATLAS_CONTENT F06 0 0 0 0 1  NOT_FOUND_LOCAL DUPLICAT","COGNITIVE_REVIEW_REQUIRED","COGNITIVE_REINTEGRATION_ADVISORY_ONLY","false","false","false","F07 audit/spec only; candidate for ContextPacket or PeripheralSignalPacket, never ACT"
"BRANCHABLE_ATLAS","atlas/world_protocol_atlas/","F06_ATLAS","FILE_PLAN_ALL 1696 BRANCHABLE_ATLAS OBSIDIA_BRANCHABLE_ATLAS_FULL_V0_5_DEEP_FINAL_AUDIT/docs/world_protocol_atlas/agents/dramatron.md atlas/world_protocol_atlas/ dramatron.md md P3_ATLAS_CONTENT F06 0 0 0 0 1  NOT_FOUND_LOCAL DUPLICATE_SAFE","COGNITIVE_REVIEW_REQUIRED","COGNITIVE_REINTEGRATION_ADVISORY_ONLY","false","false","false","F07 audit/spec only; candidate for ContextPacket or PeripheralSignalPacket, never ACT"
"BRANCHABLE_ATLAS","atlas/world_protocol_atlas/","F06_ATLAS","FILE_PLAN_ALL 1697 BRANCHABLE_ATLAS OBSIDIA_BRANCHABLE_ATLAS_FULL_V0_5_DEEP_FINAL_AUDIT/docs/world_protocol_atlas/agents/ecocideriskmap.json atlas/world_protocol_atlas/ ecocideriskmap.json json P3_ATLAS_CONTENT F06 0 0 0 0 1  NOT_FOUND_LOCA","COGNITIVE_REVIEW_REQUIRED","COGNITIVE_REINTEGRATION_ADVISORY_ONLY","false","false","false","F07 audit/spec only; candidate for ContextPacket or PeripheralSignalPacket, never ACT"
"BRANCHABLE_ATLAS","atlas/world_protocol_atlas/","F06_ATLAS","FILE_PLAN_ALL 1698 BRANCHABLE_ATLAS OBSIDIA_BRANCHABLE_ATLAS_FULL_V0_5_DEEP_FINAL_AUDIT/docs/world_protocol_atlas/agents/ecocideriskmap.md atlas/world_protocol_atlas/ ecocideriskmap.md md P3_ATLAS_CONTENT F06 0 0 0 0 1  NOT_FOUND_LOCAL DUPL","COGNITIVE_REVIEW_REQUIRED","COGNITIVE_REINTEGRATION_ADVISORY_ONLY","false","false","false","F07 audit/spec only; candidate for ContextPacket or PeripheralSignalPacket, never ACT"
"BRANCHABLE_ATLAS","atlas/world_protocol_atlas/","F06_ATLAS","FILE_PLAN_ALL 1699 BRANCHABLE_ATLAS OBSIDIA_BRANCHABLE_ATLAS_FULL_V0_5_DEEP_FINAL_AUDIT/docs/world_protocol_atlas/agents/embrapii_adapter.json atlas/world_protocol_atlas/ embrapii_adapter.json json P3_ATLAS_CONTENT F06 0 0 0 0 1  NOT_FOUND_","COGNITIVE_REVIEW_REQUIRED","COGNITIVE_REINTEGRATION_ADVISORY_ONLY","false","false","false","F07 audit/spec only; candidate for ContextPacket or PeripheralSignalPacket, never ACT"
"BRANCHABLE_ATLAS","atlas/world_protocol_atlas/","F06_ATLAS","FILE_PLAN_ALL 1700 BRANCHABLE_ATLAS OBSIDIA_BRANCHABLE_ATLAS_FULL_V0_5_DEEP_FINAL_AUDIT/docs/world_protocol_atlas/agents/embrapii_adapter.md atlas/world_protocol_atlas/ embrapii_adapter.md md P3_ATLAS_CONTENT F06 0 0 0 0 1  NOT_FOUND_LOCAL ","COGNITIVE_REVIEW_REQUIRED","COGNITIVE_REINTEGRATION_ADVISORY_ONLY","false","false","false","F07 audit/spec only; candidate for ContextPacket or PeripheralSignalPacket, never ACT"
"BRANCHABLE_ATLAS","atlas/world_protocol_atlas/","F06_ATLAS","FILE_PLAN_ALL 1701 BRANCHABLE_ATLAS OBSIDIA_BRANCHABLE_ATLAS_FULL_V0_5_DEEP_FINAL_AUDIT/docs/world_protocol_atlas/agents/ephemeralperformancearchive.json atlas/world_protocol_atlas/ ephemeralperformancearchive.json json P3_ATLAS_CONTENT F06","COGNITIVE_REVIEW_REQUIRED","COGNITIVE_REINTEGRATION_ADVISORY_ONLY","false","false","false","F07 audit/spec only; candidate for ContextPacket or PeripheralSignalPacket, never ACT"
"BRANCHABLE_ATLAS","atlas/world_protocol_atlas/","F06_ATLAS","FILE_PLAN_ALL 1702 BRANCHABLE_ATLAS OBSIDIA_BRANCHABLE_ATLAS_FULL_V0_5_DEEP_FINAL_AUDIT/docs/world_protocol_atlas/agents/ephemeralperformancearchive.md atlas/world_protocol_atlas/ ephemeralperformancearchive.md md P3_ATLAS_CONTENT F06 0 0 0","COGNITIVE_REVIEW_REQUIRED","COGNITIVE_REINTEGRATION_ADVISORY_ONLY","false","false","false","F07 audit/spec only; candidate for ContextPacket or PeripheralSignalPacket, never ACT"
"BRANCHABLE_ATLAS","atlas/world_protocol_atlas/","F06_ATLAS","FILE_PLAN_ALL 1703 BRANCHABLE_ATLAS OBSIDIA_BRANCHABLE_ATLAS_FULL_V0_5_DEEP_FINAL_AUDIT/docs/world_protocol_atlas/agents/exilearchive.json atlas/world_protocol_atlas/ exilearchive.json json P3_ATLAS_CONTENT F06 0 0 0 0 1  NOT_FOUND_LOCAL DU","COGNITIVE_REVIEW_REQUIRED","COGNITIVE_REINTEGRATION_ADVISORY_ONLY","false","false","false","F07 audit/spec only; candidate for ContextPacket or PeripheralSignalPacket, never ACT"
"BRANCHABLE_ATLAS","atlas/world_protocol_atlas/","F06_ATLAS","FILE_PLAN_ALL 1704 BRANCHABLE_ATLAS OBSIDIA_BRANCHABLE_ATLAS_FULL_V0_5_DEEP_FINAL_AUDIT/docs/world_protocol_atlas/agents/exilearchive.md atlas/world_protocol_atlas/ exilearchive.md md P3_ATLAS_CONTENT F06 0 0 0 0 1  NOT_FOUND_LOCAL DUPLICAT","COGNITIVE_REVIEW_REQUIRED","COGNITIVE_REINTEGRATION_ADVISORY_ONLY","false","false","false","F07 audit/spec only; candidate for ContextPacket or PeripheralSignalPacket, never ACT"
"BRANCHABLE_ATLAS","atlas/world_protocol_atlas/","F06_ATLAS","FILE_PLAN_ALL 1705 BRANCHABLE_ATLAS OBSIDIA_BRANCHABLE_ATLAS_FULL_V0_5_DEEP_FINAL_AUDIT/docs/world_protocol_atlas/agents/gaia.json atlas/world_protocol_atlas/ gaia.json json P3_ATLAS_CONTENT F06 0 0 0 0 1  NOT_FOUND_LOCAL DUPLICATE_SAFE CLE","COGNITIVE_REVIEW_REQUIRED","COGNITIVE_REINTEGRATION_ADVISORY_ONLY","false","false","false","F07 audit/spec only; candidate for ContextPacket or PeripheralSignalPacket, never ACT"
"BRANCHABLE_ATLAS","atlas/world_protocol_atlas/","F06_ATLAS","FILE_PLAN_ALL 1706 BRANCHABLE_ATLAS OBSIDIA_BRANCHABLE_ATLAS_FULL_V0_5_DEEP_FINAL_AUDIT/docs/world_protocol_atlas/agents/gaia.md atlas/world_protocol_atlas/ gaia.md md P3_ATLAS_CONTENT F06 0 0 0 0 1  NOT_FOUND_LOCAL DUPLICATE_SAFE CLEAN LOW","COGNITIVE_REVIEW_REQUIRED","COGNITIVE_REINTEGRATION_ADVISORY_ONLY","false","false","false","F07 audit/spec only; candidate for ContextPacket or PeripheralSignalPacket, never ACT"
"BRANCHABLE_ATLAS","atlas/world_protocol_atlas/","F06_ATLAS","FILE_PLAN_ALL 1707 BRANCHABLE_ATLAS OBSIDIA_BRANCHABLE_ATLAS_FULL_V0_5_DEEP_FINAL_AUDIT/docs/world_protocol_atlas/agents/gardien_du_passage.json atlas/world_protocol_atlas/ gardien_du_passage.json json P3_ATLAS_CONTENT F06 0 0 0 0 1  NOT_FO","COGNITIVE_REVIEW_REQUIRED","COGNITIVE_REINTEGRATION_ADVISORY_ONLY","false","false","false","F07 audit/spec only; candidate for ContextPacket or PeripheralSignalPacket, never ACT"
"BRANCHABLE_ATLAS","atlas/world_protocol_atlas/","F06_ATLAS","FILE_PLAN_ALL 1708 BRANCHABLE_ATLAS OBSIDIA_BRANCHABLE_ATLAS_FULL_V0_5_DEEP_FINAL_AUDIT/docs/world_protocol_atlas/agents/gardien_du_passage.md atlas/world_protocol_atlas/ gardien_du_passage.md md P3_ATLAS_CONTENT F06 0 0 0 0 1  NOT_FOUND_LO","COGNITIVE_REVIEW_REQUIRED","COGNITIVE_REINTEGRATION_ADVISORY_ONLY","false","false","false","F07 audit/spec only; candidate for ContextPacket or PeripheralSignalPacket, never ACT"
"BRANCHABLE_ATLAS","atlas/world_protocol_atlas/","F06_ATLAS","FILE_PLAN_ALL 1709 BRANCHABLE_ATLAS OBSIDIA_BRANCHABLE_ATLAS_FULL_V0_5_DEEP_FINAL_AUDIT/docs/world_protocol_atlas/agents/gleducar_adapter.json atlas/world_protocol_atlas/ gleducar_adapter.json json P3_ATLAS_CONTENT F06 0 0 0 0 1  NOT_FOUND_","COGNITIVE_REVIEW_REQUIRED","COGNITIVE_REINTEGRATION_ADVISORY_ONLY","false","false","false","F07 audit/spec only; candidate for ContextPacket or PeripheralSignalPacket, never ACT"
"BRANCHABLE_ATLAS","atlas/world_protocol_atlas/","F06_ATLAS","FILE_PLAN_ALL 1710 BRANCHABLE_ATLAS OBSIDIA_BRANCHABLE_ATLAS_FULL_V0_5_DEEP_FINAL_AUDIT/docs/world_protocol_atlas/agents/gleducar_adapter.md atlas/world_protocol_atlas/ gleducar_adapter.md md P3_ATLAS_CONTENT F06 0 0 0 0 1  NOT_FOUND_LOCAL ","COGNITIVE_REVIEW_REQUIRED","COGNITIVE_REINTEGRATION_ADVISORY_ONLY","false","false","false","F07 audit/spec only; candidate for ContextPacket or PeripheralSignalPacket, never ACT"
"BRANCHABLE_ATLAS","atlas/world_protocol_atlas/","F06_ATLAS","FILE_PLAN_ALL 1711 BRANCHABLE_ATLAS OBSIDIA_BRANCHABLE_ATLAS_FULL_V0_5_DEEP_FINAL_AUDIT/docs/world_protocol_atlas/agents/google_deepmind_adapter.json atlas/world_protocol_atlas/ google_deepmind_adapter.json json P3_ATLAS_CONTENT F06 0 0 0 0","COGNITIVE_REVIEW_REQUIRED","COGNITIVE_REINTEGRATION_ADVISORY_ONLY","false","false","false","F07 audit/spec only; candidate for ContextPacket or PeripheralSignalPacket, never ACT"
"BRANCHABLE_ATLAS","atlas/world_protocol_atlas/","F06_ATLAS","FILE_PLAN_ALL 1712 BRANCHABLE_ATLAS OBSIDIA_BRANCHABLE_ATLAS_FULL_V0_5_DEEP_FINAL_AUDIT/docs/world_protocol_atlas/agents/google_deepmind_adapter.md atlas/world_protocol_atlas/ google_deepmind_adapter.md md P3_ATLAS_CONTENT F06 0 0 0 0 1  NO","COGNITIVE_REVIEW_REQUIRED","COGNITIVE_REINTEGRATION_ADVISORY_ONLY","false","false","false","F07 audit/spec only; candidate for ContextPacket or PeripheralSignalPacket, never ACT"
"BRANCHABLE_ATLAS","atlas/world_protocol_atlas/","F06_ATLAS","FILE_PLAN_ALL 1713 BRANCHABLE_ATLAS OBSIDIA_BRANCHABLE_ATLAS_FULL_V0_5_DEEP_FINAL_AUDIT/docs/world_protocol_atlas/agents/goshhardwarebridge.json atlas/world_protocol_atlas/ goshhardwarebridge.json json P3_ATLAS_CONTENT F06 0 0 0 0 1  NOT_FO","COGNITIVE_REVIEW_REQUIRED","COGNITIVE_REINTEGRATION_ADVISORY_ONLY","false","false","false","F07 audit/spec only; candidate for ContextPacket or PeripheralSignalPacket, never ACT"
"BRANCHABLE_ATLAS","atlas/world_protocol_atlas/","F06_ATLAS","FILE_PLAN_ALL 1714 BRANCHABLE_ATLAS OBSIDIA_BRANCHABLE_ATLAS_FULL_V0_5_DEEP_FINAL_AUDIT/docs/world_protocol_atlas/agents/goshhardwarebridge.md atlas/world_protocol_atlas/ goshhardwarebridge.md md P3_ATLAS_CONTENT F06 0 0 0 0 1  NOT_FOUND_LO","COGNITIVE_REVIEW_REQUIRED","COGNITIVE_REINTEGRATION_ADVISORY_ONLY","false","false","false","F07 audit/spec only; candidate for ContextPacket or PeripheralSignalPacket, never ACT"
"BRANCHABLE_ATLAS","atlas/world_protocol_atlas/","F06_ATLAS","FILE_PLAN_ALL 1715 BRANCHABLE_ATLAS OBSIDIA_BRANCHABLE_ATLAS_FULL_V0_5_DEEP_FINAL_AUDIT/docs/world_protocol_atlas/agents/hebbia_adapter.json atlas/world_protocol_atlas/ hebbia_adapter.json json P3_ATLAS_CONTENT F06 0 0 0 0 1  NOT_FOUND_LOCA","COGNITIVE_REVIEW_REQUIRED","COGNITIVE_REINTEGRATION_ADVISORY_ONLY","false","false","false","F07 audit/spec only; candidate for ContextPacket or PeripheralSignalPacket, never ACT"
"BRANCHABLE_ATLAS","atlas/world_protocol_atlas/","F06_ATLAS","FILE_PLAN_ALL 1716 BRANCHABLE_ATLAS OBSIDIA_BRANCHABLE_ATLAS_FULL_V0_5_DEEP_FINAL_AUDIT/docs/world_protocol_atlas/agents/hebbia_adapter.md atlas/world_protocol_atlas/ hebbia_adapter.md md P3_ATLAS_CONTENT F06 0 0 0 0 1  NOT_FOUND_LOCAL DUPL","COGNITIVE_REVIEW_REQUIRED","COGNITIVE_REINTEGRATION_ADVISORY_ONLY","false","false","false","F07 audit/spec only; candidate for ContextPacket or PeripheralSignalPacket, never ACT"
"BRANCHABLE_ATLAS","atlas/world_protocol_atlas/","F06_ATLAS","FILE_PLAN_ALL 1717 BRANCHABLE_ATLAS OBSIDIA_BRANCHABLE_ATLAS_FULL_V0_5_DEEP_FINAL_AUDIT/docs/world_protocol_atlas/agents/heliopy.json atlas/world_protocol_atlas/ heliopy.json json P3_ATLAS_CONTENT F06 0 0 0 0 1  NOT_FOUND_LOCAL DUPLICATE_SA","COGNITIVE_REVIEW_REQUIRED","COGNITIVE_REINTEGRATION_ADVISORY_ONLY","false","false","false","F07 audit/spec only; candidate for ContextPacket or PeripheralSignalPacket, never ACT"
"BRANCHABLE_ATLAS","atlas/world_protocol_atlas/","F06_ATLAS","FILE_PLAN_ALL 1718 BRANCHABLE_ATLAS OBSIDIA_BRANCHABLE_ATLAS_FULL_V0_5_DEEP_FINAL_AUDIT/docs/world_protocol_atlas/agents/heliopy.md atlas/world_protocol_atlas/ heliopy.md md P3_ATLAS_CONTENT F06 0 0 0 0 1  NOT_FOUND_LOCAL DUPLICATE_SAFE CLE","COGNITIVE_REVIEW_REQUIRED","COGNITIVE_REINTEGRATION_ADVISORY_ONLY","false","false","false","F07 audit/spec only; candidate for ContextPacket or PeripheralSignalPacket, never ACT"
"BRANCHABLE_ATLAS","atlas/world_protocol_atlas/","F06_ATLAS","FILE_PLAN_ALL 1719 BRANCHABLE_ATLAS OBSIDIA_BRANCHABLE_ATLAS_FULL_V0_5_DEEP_FINAL_AUDIT/docs/world_protocol_atlas/agents/hugging_face_adapter.json atlas/world_protocol_atlas/ hugging_face_adapter.json json P3_ATLAS_CONTENT F06 0 0 0 0 1  NO","COGNITIVE_REVIEW_REQUIRED","COGNITIVE_REINTEGRATION_ADVISORY_ONLY","false","false","false","F07 audit/spec only; candidate for ContextPacket or PeripheralSignalPacket, never ACT"
"BRANCHABLE_ATLAS","atlas/world_protocol_atlas/","F06_ATLAS","FILE_PLAN_ALL 1720 BRANCHABLE_ATLAS OBSIDIA_BRANCHABLE_ATLAS_FULL_V0_5_DEEP_FINAL_AUDIT/docs/world_protocol_atlas/agents/hugging_face_adapter.md atlas/world_protocol_atlas/ hugging_face_adapter.md md P3_ATLAS_CONTENT F06 0 0 0 0 1  NOT_FOUN","COGNITIVE_REVIEW_REQUIRED","COGNITIVE_REINTEGRATION_ADVISORY_ONLY","false","false","false","F07 audit/spec only; candidate for ContextPacket or PeripheralSignalPacket, never ACT"
"BRANCHABLE_ATLAS","atlas/world_protocol_atlas/","F06_ATLAS","FILE_PLAN_ALL 1721 BRANCHABLE_ATLAS OBSIDIA_BRANCHABLE_ATLAS_FULL_V0_5_DEEP_FINAL_AUDIT/docs/world_protocol_atlas/agents/ia_cameleon.json atlas/world_protocol_atlas/ ia_cameleon.json json P3_ATLAS_CONTENT F06 0 0 0 0 1  NOT_FOUND_LOCAL DUPL","COGNITIVE_REVIEW_REQUIRED","COGNITIVE_REINTEGRATION_ADVISORY_ONLY","false","false","false","F07 audit/spec only; candidate for ContextPacket or PeripheralSignalPacket, never ACT"
"BRANCHABLE_ATLAS","atlas/world_protocol_atlas/","F06_ATLAS","FILE_PLAN_ALL 1722 BRANCHABLE_ATLAS OBSIDIA_BRANCHABLE_ATLAS_FULL_V0_5_DEEP_FINAL_AUDIT/docs/world_protocol_atlas/agents/ia_cameleon.md atlas/world_protocol_atlas/ ia_cameleon.md md P3_ATLAS_CONTENT F06 0 0 0 0 1  NOT_FOUND_LOCAL DUPLICATE_","COGNITIVE_REVIEW_REQUIRED","COGNITIVE_REINTEGRATION_ADVISORY_ONLY","false","false","false","F07 audit/spec only; candidate for ContextPacket or PeripheralSignalPacket, never ACT"
"BRANCHABLE_ATLAS","atlas/world_protocol_atlas/","F06_ATLAS","FILE_PLAN_ALL 1723 BRANCHABLE_ATLAS OBSIDIA_BRANCHABLE_ATLAS_FULL_V0_5_DEEP_FINAL_AUDIT/docs/world_protocol_atlas/agents/ia_de_reconfiguration.json atlas/world_protocol_atlas/ ia_de_reconfiguration.json json P3_ATLAS_CONTENT F06 0 0 0 0 1  ","COGNITIVE_REVIEW_REQUIRED","COGNITIVE_REINTEGRATION_ADVISORY_ONLY","false","false","false","F07 audit/spec only; candidate for ContextPacket or PeripheralSignalPacket, never ACT"
"BRANCHABLE_ATLAS","atlas/world_protocol_atlas/","F06_ATLAS","FILE_PLAN_ALL 1724 BRANCHABLE_ATLAS OBSIDIA_BRANCHABLE_ATLAS_FULL_V0_5_DEEP_FINAL_AUDIT/docs/world_protocol_atlas/agents/ia_de_reconfiguration.md atlas/world_protocol_atlas/ ia_de_reconfiguration.md md P3_ATLAS_CONTENT F06 0 0 0 0 1  NOT_FO","COGNITIVE_REVIEW_REQUIRED","COGNITIVE_REINTEGRATION_ADVISORY_ONLY","false","false","false","F07 audit/spec only; candidate for ContextPacket or PeripheralSignalPacket, never ACT"
"BRANCHABLE_ATLAS","atlas/world_protocol_atlas/","F06_ATLAS","FILE_PLAN_ALL 1725 BRANCHABLE_ATLAS OBSIDIA_BRANCHABLE_ATLAS_FULL_V0_5_DEEP_FINAL_AUDIT/docs/world_protocol_atlas/agents/ia_deuil_transmission.json atlas/world_protocol_atlas/ ia_deuil_transmission.json json P3_ATLAS_CONTENT F06 0 0 0 0 1  ","COGNITIVE_REVIEW_REQUIRED","COGNITIVE_REINTEGRATION_ADVISORY_ONLY","false","false","false","F07 audit/spec only; candidate for ContextPacket or PeripheralSignalPacket, never ACT"
"BRANCHABLE_ATLAS","atlas/world_protocol_atlas/","F06_ATLAS","FILE_PLAN_ALL 1726 BRANCHABLE_ATLAS OBSIDIA_BRANCHABLE_ATLAS_FULL_V0_5_DEEP_FINAL_AUDIT/docs/world_protocol_atlas/agents/ia_deuil_transmission.md atlas/world_protocol_atlas/ ia_deuil_transmission.md md P3_ATLAS_CONTENT F06 0 0 0 0 1  NOT_FO","COGNITIVE_REVIEW_REQUIRED","COGNITIVE_REINTEGRATION_ADVISORY_ONLY","false","false","false","F07 audit/spec only; candidate for ContextPacket or PeripheralSignalPacket, never ACT"
"BRANCHABLE_ATLAS","atlas/world_protocol_atlas/","F06_ATLAS","FILE_PLAN_ALL 1727 BRANCHABLE_ATLAS OBSIDIA_BRANCHABLE_ATLAS_FULL_V0_5_DEEP_FINAL_AUDIT/docs/world_protocol_atlas/agents/ia_ecogenetique.json atlas/world_protocol_atlas/ ia_ecogenetique.json json P3_ATLAS_CONTENT F06 0 0 0 0 1  NOT_FOUND_LO","COGNITIVE_REVIEW_REQUIRED","COGNITIVE_REINTEGRATION_ADVISORY_ONLY","false","false","false","F07 audit/spec only; candidate for ContextPacket or PeripheralSignalPacket, never ACT"
"BRANCHABLE_ATLAS","atlas/world_protocol_atlas/","F06_ATLAS","FILE_PLAN_ALL 1728 BRANCHABLE_ATLAS OBSIDIA_BRANCHABLE_ATLAS_FULL_V0_5_DEEP_FINAL_AUDIT/docs/world_protocol_atlas/agents/ia_ecogenetique.md atlas/world_protocol_atlas/ ia_ecogenetique.md md P3_ATLAS_CONTENT F06 0 0 0 0 1  NOT_FOUND_LOCAL DU","COGNITIVE_REVIEW_REQUIRED","COGNITIVE_REINTEGRATION_ADVISORY_ONLY","false","false","false","F07 audit/spec only; candidate for ContextPacket or PeripheralSignalPacket, never ACT"
"BRANCHABLE_ATLAS","atlas/world_protocol_atlas/","F06_ATLAS","FILE_PLAN_ALL 1729 BRANCHABLE_ATLAS OBSIDIA_BRANCHABLE_ATLAS_FULL_V0_5_DEEP_FINAL_AUDIT/docs/world_protocol_atlas/agents/ia_ecosystemique.json atlas/world_protocol_atlas/ ia_ecosystemique.json json P3_ATLAS_CONTENT F06 0 0 0 0 1  NOT_FOUND_","COGNITIVE_REVIEW_REQUIRED","COGNITIVE_REINTEGRATION_ADVISORY_ONLY","false","false","false","F07 audit/spec only; candidate for ContextPacket or PeripheralSignalPacket, never ACT"
"BRANCHABLE_ATLAS","atlas/world_protocol_atlas/","F06_ATLAS","FILE_PLAN_ALL 1730 BRANCHABLE_ATLAS OBSIDIA_BRANCHABLE_ATLAS_FULL_V0_5_DEEP_FINAL_AUDIT/docs/world_protocol_atlas/agents/ia_ecosystemique.md atlas/world_protocol_atlas/ ia_ecosystemique.md md P3_ATLAS_CONTENT F06 0 0 0 0 1  NOT_FOUND_LOCAL ","COGNITIVE_REVIEW_REQUIRED","COGNITIVE_REINTEGRATION_ADVISORY_ONLY","false","false","false","F07 audit/spec only; candidate for ContextPacket or PeripheralSignalPacket, never ACT"
"BRANCHABLE_ATLAS","atlas/world_protocol_atlas/","F06_ATLAS","FILE_PLAN_ALL 1731 BRANCHABLE_ATLAS OBSIDIA_BRANCHABLE_ATLAS_FULL_V0_5_DEEP_FINAL_AUDIT/docs/world_protocol_atlas/agents/ia_meta_traductrice.json atlas/world_protocol_atlas/ ia_meta_traductrice.json json P3_ATLAS_CONTENT F06 0 0 0 0 1  NOT_","COGNITIVE_REVIEW_REQUIRED","COGNITIVE_REINTEGRATION_ADVISORY_ONLY","false","false","false","F07 audit/spec only; candidate for ContextPacket or PeripheralSignalPacket, never ACT"
"BRANCHABLE_ATLAS","atlas/world_protocol_atlas/","F06_ATLAS","FILE_PLAN_ALL 1732 BRANCHABLE_ATLAS OBSIDIA_BRANCHABLE_ATLAS_FULL_V0_5_DEEP_FINAL_AUDIT/docs/world_protocol_atlas/agents/ia_meta_traductrice.md atlas/world_protocol_atlas/ ia_meta_traductrice.md md P3_ATLAS_CONTENT F06 0 0 0 0 1  NOT_FOUND_","COGNITIVE_REVIEW_REQUIRED","COGNITIVE_REINTEGRATION_ADVISORY_ONLY","false","false","false","F07 audit/spec only; candidate for ContextPacket or PeripheralSignalPacket, never ACT"
"BRANCHABLE_ATLAS","atlas/world_protocol_atlas/","F06_ATLAS","FILE_PLAN_ALL 1733 BRANCHABLE_ATLAS OBSIDIA_BRANCHABLE_ATLAS_FULL_V0_5_DEEP_FINAL_AUDIT/docs/world_protocol_atlas/agents/ia_mortem_simulateur.json atlas/world_protocol_atlas/ ia_mortem_simulateur.json json P3_ATLAS_CONTENT F06 0 0 0 0 1  NO","COGNITIVE_REVIEW_REQUIRED","COGNITIVE_REINTEGRATION_ADVISORY_ONLY","false","false","false","F07 audit/spec only; candidate for ContextPacket or PeripheralSignalPacket, never ACT"
"BRANCHABLE_ATLAS","atlas/world_protocol_atlas/","F06_ATLAS","FILE_PLAN_ALL 1734 BRANCHABLE_ATLAS OBSIDIA_BRANCHABLE_ATLAS_FULL_V0_5_DEEP_FINAL_AUDIT/docs/world_protocol_atlas/agents/ia_mortem_simulateur.md atlas/world_protocol_atlas/ ia_mortem_simulateur.md md P3_ATLAS_CONTENT F06 0 0 0 0 1  NOT_FOUN","COGNITIVE_REVIEW_REQUIRED","COGNITIVE_REINTEGRATION_ADVISORY_ONLY","false","false","false","F07 audit/spec only; candidate for ContextPacket or PeripheralSignalPacket, never ACT"
"BRANCHABLE_ATLAS","atlas/world_protocol_atlas/","F06_ATLAS","FILE_PLAN_ALL 1735 BRANCHABLE_ATLAS OBSIDIA_BRANCHABLE_ATLAS_FULL_V0_5_DEEP_FINAL_AUDIT/docs/world_protocol_atlas/agents/ia_multiverse.json atlas/world_protocol_atlas/ ia_multiverse.json json P3_ATLAS_CONTENT F06 0 0 0 0 1  NOT_FOUND_LOCAL ","COGNITIVE_REVIEW_REQUIRED","COGNITIVE_REINTEGRATION_ADVISORY_ONLY","false","false","false","F07 audit/spec only; candidate for ContextPacket or PeripheralSignalPacket, never ACT"
"BRANCHABLE_ATLAS","atlas/world_protocol_atlas/","F06_ATLAS","FILE_PLAN_ALL 1736 BRANCHABLE_ATLAS OBSIDIA_BRANCHABLE_ATLAS_FULL_V0_5_DEEP_FINAL_AUDIT/docs/world_protocol_atlas/agents/ia_multiverse.md atlas/world_protocol_atlas/ ia_multiverse.md md P3_ATLAS_CONTENT F06 0 0 0 0 1  NOT_FOUND_LOCAL DUPLIC","COGNITIVE_REVIEW_REQUIRED","COGNITIVE_REINTEGRATION_ADVISORY_ONLY","false","false","false","F07 audit/spec only; candidate for ContextPacket or PeripheralSignalPacket, never ACT"
"BRANCHABLE_ATLAS","atlas/world_protocol_atlas/","F06_ATLAS","FILE_PLAN_ALL 1737 BRANCHABLE_ATLAS OBSIDIA_BRANCHABLE_ATLAS_FULL_V0_5_DEEP_FINAL_AUDIT/docs/world_protocol_atlas/agents/ia_post_mortem.json atlas/world_protocol_atlas/ ia_post_mortem.json json P3_ATLAS_CONTENT F06 0 0 0 0 1  NOT_FOUND_LOCA","COGNITIVE_REVIEW_REQUIRED","COGNITIVE_REINTEGRATION_ADVISORY_ONLY","false","false","false","F07 audit/spec only; candidate for ContextPacket or PeripheralSignalPacket, never ACT"
"BRANCHABLE_ATLAS","atlas/world_protocol_atlas/","F06_ATLAS","FILE_PLAN_ALL 1738 BRANCHABLE_ATLAS OBSIDIA_BRANCHABLE_ATLAS_FULL_V0_5_DEEP_FINAL_AUDIT/docs/world_protocol_atlas/agents/ia_post_mortem.md atlas/world_protocol_atlas/ ia_post_mortem.md md P3_ATLAS_CONTENT F06 0 0 0 0 1  NOT_FOUND_LOCAL DUPL","COGNITIVE_REVIEW_REQUIRED","COGNITIVE_REINTEGRATION_ADVISORY_ONLY","false","false","false","F07 audit/spec only; candidate for ContextPacket or PeripheralSignalPacket, never ACT"
"BRANCHABLE_ATLAS","atlas/world_protocol_atlas/","F06_ATLAS","FILE_PLAN_ALL 1739 BRANCHABLE_ATLAS OBSIDIA_BRANCHABLE_ATLAS_FULL_V0_5_DEEP_FINAL_AUDIT/docs/world_protocol_atlas/agents/ia_preventive.json atlas/world_protocol_atlas/ ia_preventive.json json P3_ATLAS_CONTENT F06 0 0 0 0 1  NOT_FOUND_LOCAL ","COGNITIVE_REVIEW_REQUIRED","COGNITIVE_REINTEGRATION_ADVISORY_ONLY","false","false","false","F07 audit/spec only; candidate for ContextPacket or PeripheralSignalPacket, never ACT"
"BRANCHABLE_ATLAS","atlas/world_protocol_atlas/","F06_ATLAS","FILE_PLAN_ALL 1740 BRANCHABLE_ATLAS OBSIDIA_BRANCHABLE_ATLAS_FULL_V0_5_DEEP_FINAL_AUDIT/docs/world_protocol_atlas/agents/ia_preventive.md atlas/world_protocol_atlas/ ia_preventive.md md P3_ATLAS_CONTENT F06 0 0 0 0 1  NOT_FOUND_LOCAL DUPLIC","COGNITIVE_REVIEW_REQUIRED","COGNITIVE_REINTEGRATION_ADVISORY_ONLY","false","false","false","F07 audit/spec only; candidate for ContextPacket or PeripheralSignalPacket, never ACT"
"BRANCHABLE_ATLAS","atlas/world_protocol_atlas/","F06_ATLAS","FILE_PLAN_ALL 1741 BRANCHABLE_ATLAS OBSIDIA_BRANCHABLE_ATLAS_FULL_V0_5_DEEP_FINAL_AUDIT/docs/world_protocol_atlas/agents/ia_thanatosynthetique.json atlas/world_protocol_atlas/ ia_thanatosynthetique.json json P3_ATLAS_CONTENT F06 0 0 0 0 1  ","COGNITIVE_REVIEW_REQUIRED","COGNITIVE_REINTEGRATION_ADVISORY_ONLY","false","false","false","F07 audit/spec only; candidate for ContextPacket or PeripheralSignalPacket, never ACT"
"BRANCHABLE_ATLAS","atlas/world_protocol_atlas/","F06_ATLAS","FILE_PLAN_ALL 1742 BRANCHABLE_ATLAS OBSIDIA_BRANCHABLE_ATLAS_FULL_V0_5_DEEP_FINAL_AUDIT/docs/world_protocol_atlas/agents/ia_thanatosynthetique.md atlas/world_protocol_atlas/ ia_thanatosynthetique.md md P3_ATLAS_CONTENT F06 0 0 0 0 1  NOT_FO","COGNITIVE_REVIEW_REQUIRED","COGNITIVE_REINTEGRATION_ADVISORY_ONLY","false","false","false","F07 audit/spec only; candidate for ContextPacket or PeripheralSignalPacket, never ACT"
"BRANCHABLE_ATLAS","atlas/world_protocol_atlas/","F06_ATLAS","FILE_PLAN_ALL 1743 BRANCHABLE_ATLAS OBSIDIA_BRANCHABLE_ATLAS_FULL_V0_5_DEEP_FINAL_AUDIT/docs/world_protocol_atlas/agents/ibm_watsonx_adapter.json atlas/world_protocol_atlas/ ibm_watsonx_adapter.json json P3_ATLAS_CONTENT F06 0 0 0 0 1  NOT_","COGNITIVE_REVIEW_REQUIRED","COGNITIVE_REINTEGRATION_ADVISORY_ONLY","false","false","false","F07 audit/spec only; candidate for ContextPacket or PeripheralSignalPacket, never ACT"
"BRANCHABLE_ATLAS","atlas/world_protocol_atlas/","F06_ATLAS","FILE_PLAN_ALL 1744 BRANCHABLE_ATLAS OBSIDIA_BRANCHABLE_ATLAS_FULL_V0_5_DEEP_FINAL_AUDIT/docs/world_protocol_atlas/agents/ibm_watsonx_adapter.md atlas/world_protocol_atlas/ ibm_watsonx_adapter.md md P3_ATLAS_CONTENT F06 0 0 0 0 1  NOT_FOUND_","COGNITIVE_REVIEW_REQUIRED","COGNITIVE_REINTEGRATION_ADVISORY_ONLY","false","false","false","F07 audit/spec only; candidate for ContextPacket or PeripheralSignalPacket, never ACT"
"BRANCHABLE_ATLAS","atlas/world_protocol_atlas/","F06_ATLAS","FILE_PLAN_ALL 1745 BRANCHABLE_ATLAS OBSIDIA_BRANCHABLE_ATLAS_FULL_V0_5_DEEP_FINAL_AUDIT/docs/world_protocol_atlas/agents/icetransitionmap.json atlas/world_protocol_atlas/ icetransitionmap.json json P3_ATLAS_CONTENT F06 0 0 0 0 1  NOT_FOUND_","COGNITIVE_REVIEW_REQUIRED","COGNITIVE_REINTEGRATION_ADVISORY_ONLY","false","false","false","F07 audit/spec only; candidate for ContextPacket or PeripheralSignalPacket, never ACT"
"BRANCHABLE_ATLAS","atlas/world_protocol_atlas/","F06_ATLAS","FILE_PLAN_ALL 1746 BRANCHABLE_ATLAS OBSIDIA_BRANCHABLE_ATLAS_FULL_V0_5_DEEP_FINAL_AUDIT/docs/world_protocol_atlas/agents/icetransitionmap.md atlas/world_protocol_atlas/ icetransitionmap.md md P3_ATLAS_CONTENT F06 0 0 0 0 1  NOT_FOUND_LOCAL ","COGNITIVE_REVIEW_REQUIRED","COGNITIVE_REINTEGRATION_ADVISORY_ONLY","false","false","false","F07 audit/spec only; candidate for ContextPacket or PeripheralSignalPacket, never ACT"
"BRANCHABLE_ATLAS","atlas/world_protocol_atlas/","F06_ATLAS","FILE_PLAN_ALL 1747 BRANCHABLE_ATLAS OBSIDIA_BRANCHABLE_ATLAS_FULL_V0_5_DEEP_FINAL_AUDIT/docs/world_protocol_atlas/agents/instructlab.json atlas/world_protocol_atlas/ instructlab.json json P3_ATLAS_CONTENT F06 0 0 0 0 1  NOT_FOUND_LOCAL DUPL","COGNITIVE_REVIEW_REQUIRED","COGNITIVE_REINTEGRATION_ADVISORY_ONLY","false","false","false","F07 audit/spec only; candidate for ContextPacket or PeripheralSignalPacket, never ACT"
"BRANCHABLE_ATLAS","atlas/world_protocol_atlas/","F06_ATLAS","FILE_PLAN_ALL 1748 BRANCHABLE_ATLAS OBSIDIA_BRANCHABLE_ATLAS_FULL_V0_5_DEEP_FINAL_AUDIT/docs/world_protocol_atlas/agents/instructlab.md atlas/world_protocol_atlas/ instructlab.md md P3_ATLAS_CONTENT F06 0 0 0 0 1  NOT_FOUND_LOCAL DUPLICATE_","COGNITIVE_REVIEW_REQUIRED","COGNITIVE_REINTEGRATION_ADVISORY_ONLY","false","false","false","F07 audit/spec only; candidate for ContextPacket or PeripheralSignalPacket, never ACT"
"BRANCHABLE_ATLAS","atlas/world_protocol_atlas/","F06_ATLAS","FILE_PLAN_ALL 1749 BRANCHABLE_ATLAS OBSIDIA_BRANCHABLE_ATLAS_FULL_V0_5_DEEP_FINAL_AUDIT/docs/world_protocol_atlas/agents/jderobot_visualcircuit.json atlas/world_protocol_atlas/ jderobot_visualcircuit.json json P3_ATLAS_CONTENT F06 0 0 0 0 1","COGNITIVE_REVIEW_REQUIRED","COGNITIVE_REINTEGRATION_ADVISORY_ONLY","false","false","false","F07 audit/spec only; candidate for ContextPacket or PeripheralSignalPacket, never ACT"
"BRANCHABLE_ATLAS","atlas/world_protocol_atlas/","F06_ATLAS","FILE_PLAN_ALL 1750 BRANCHABLE_ATLAS OBSIDIA_BRANCHABLE_ATLAS_FULL_V0_5_DEEP_FINAL_AUDIT/docs/world_protocol_atlas/agents/jderobot_visualcircuit.md atlas/world_protocol_atlas/ jderobot_visualcircuit.md md P3_ATLAS_CONTENT F06 0 0 0 0 1  NOT_","COGNITIVE_REVIEW_REQUIRED","COGNITIVE_REINTEGRATION_ADVISORY_ONLY","false","false","false","F07 audit/spec only; candidate for ContextPacket or PeripheralSignalPacket, never ACT"
"BRANCHABLE_ATLAS","atlas/world_protocol_atlas/","F06_ATLAS","FILE_PLAN_ALL 1751 BRANCHABLE_ATLAS OBSIDIA_BRANCHABLE_ATLAS_FULL_V0_5_DEEP_FINAL_AUDIT/docs/world_protocol_atlas/agents/kilimo_adapter.json atlas/world_protocol_atlas/ kilimo_adapter.json json P3_ATLAS_CONTENT F06 0 0 0 0 1  NOT_FOUND_LOCA","COGNITIVE_REVIEW_REQUIRED","COGNITIVE_REINTEGRATION_ADVISORY_ONLY","false","false","false","F07 audit/spec only; candidate for ContextPacket or PeripheralSignalPacket, never ACT"
"BRANCHABLE_ATLAS","atlas/world_protocol_atlas/","F06_ATLAS","FILE_PLAN_ALL 1752 BRANCHABLE_ATLAS OBSIDIA_BRANCHABLE_ATLAS_FULL_V0_5_DEEP_FINAL_AUDIT/docs/world_protocol_atlas/agents/kilimo_adapter.md atlas/world_protocol_atlas/ kilimo_adapter.md md P3_ATLAS_CONTENT F06 0 0 0 0 1  NOT_FOUND_LOCAL DUPL","COGNITIVE_REVIEW_REQUIRED","COGNITIVE_REINTEGRATION_ADVISORY_ONLY","false","false","false","F07 audit/spec only; candidate for ContextPacket or PeripheralSignalPacket, never ACT"
"BRANCHABLE_ATLAS","atlas/world_protocol_atlas/","F06_ATLAS","FILE_PLAN_ALL 1753 BRANCHABLE_ATLAS OBSIDIA_BRANCHABLE_ATLAS_FULL_V0_5_DEEP_FINAL_AUDIT/docs/world_protocol_atlas/agents/krikey_ai_adapter.json atlas/world_protocol_atlas/ krikey_ai_adapter.json json P3_ATLAS_CONTENT F06 0 0 0 0 1  NOT_FOUN","COGNITIVE_REVIEW_REQUIRED","COGNITIVE_REINTEGRATION_ADVISORY_ONLY","false","false","false","F07 audit/spec only; candidate for ContextPacket or PeripheralSignalPacket, never ACT"
"BRANCHABLE_ATLAS","atlas/world_protocol_atlas/","F06_ATLAS","FILE_PLAN_ALL 1754 BRANCHABLE_ATLAS OBSIDIA_BRANCHABLE_ATLAS_FULL_V0_5_DEEP_FINAL_AUDIT/docs/world_protocol_atlas/agents/krikey_ai_adapter.md atlas/world_protocol_atlas/ krikey_ai_adapter.md md P3_ATLAS_CONTENT F06 0 0 0 0 1  NOT_FOUND_LOCA","COGNITIVE_REVIEW_REQUIRED","COGNITIVE_REINTEGRATION_ADVISORY_ONLY","false","false","false","F07 audit/spec only; candidate for ContextPacket or PeripheralSignalPacket, never ACT"
"BRANCHABLE_ATLAS","atlas/world_protocol_atlas/","F06_ATLAS","FILE_PLAN_ALL 1755 BRANCHABLE_ATLAS OBSIDIA_BRANCHABLE_ATLAS_FULL_V0_5_DEEP_FINAL_AUDIT/docs/world_protocol_atlas/agents/kunumi_adapter.json atlas/world_protocol_atlas/ kunumi_adapter.json json P3_ATLAS_CONTENT F06 0 0 0 0 1  NOT_FOUND_LOCA","COGNITIVE_REVIEW_REQUIRED","COGNITIVE_REINTEGRATION_ADVISORY_ONLY","false","false","false","F07 audit/spec only; candidate for ContextPacket or PeripheralSignalPacket, never ACT"
"BRANCHABLE_ATLAS","atlas/world_protocol_atlas/","F06_ATLAS","FILE_PLAN_ALL 1756 BRANCHABLE_ATLAS OBSIDIA_BRANCHABLE_ATLAS_FULL_V0_5_DEEP_FINAL_AUDIT/docs/world_protocol_atlas/agents/kunumi_adapter.md atlas/world_protocol_atlas/ kunumi_adapter.md md P3_ATLAS_CONTENT F06 0 0 0 0 1  NOT_FOUND_LOCAL DUPL","COGNITIVE_REVIEW_REQUIRED","COGNITIVE_REINTEGRATION_ADVISORY_ONLY","false","false","false","F07 audit/spec only; candidate for ContextPacket or PeripheralSignalPacket, never ACT"
"BRANCHABLE_ATLAS","atlas/world_protocol_atlas/","F06_ATLAS","FILE_PLAN_ALL 1757 BRANCHABLE_ATLAS OBSIDIA_BRANCHABLE_ATLAS_FULL_V0_5_DEEP_FINAL_AUDIT/docs/world_protocol_atlas/agents/kwant_ai.json atlas/world_protocol_atlas/ kwant_ai.json json P3_ATLAS_CONTENT F06 0 0 0 0 1  NOT_FOUND_LOCAL DUPLICATE_","COGNITIVE_REVIEW_REQUIRED","COGNITIVE_REINTEGRATION_ADVISORY_ONLY","false","false","false","F07 audit/spec only; candidate for ContextPacket or PeripheralSignalPacket, never ACT"
"BRANCHABLE_ATLAS","atlas/world_protocol_atlas/","F06_ATLAS","FILE_PLAN_ALL 1758 BRANCHABLE_ATLAS OBSIDIA_BRANCHABLE_ATLAS_FULL_V0_5_DEEP_FINAL_AUDIT/docs/world_protocol_atlas/agents/kwant_ai.md atlas/world_protocol_atlas/ kwant_ai.md md P3_ATLAS_CONTENT F06 0 0 0 0 1  NOT_FOUND_LOCAL DUPLICATE_SAFE C","COGNITIVE_REVIEW_REQUIRED","COGNITIVE_REINTEGRATION_ADVISORY_ONLY","false","false","false","F07 audit/spec only; candidate for ContextPacket or PeripheralSignalPacket, never ACT"
"BRANCHABLE_ATLAS","atlas/world_protocol_atlas/","F06_ATLAS","FILE_PLAN_ALL 1759 BRANCHABLE_ATLAS OBSIDIA_BRANCHABLE_ATLAS_FULL_V0_5_DEEP_FINAL_AUDIT/docs/world_protocol_atlas/agents/lamas.json atlas/world_protocol_atlas/ lamas.json json P3_ATLAS_CONTENT F06 0 0 0 0 1  NOT_FOUND_LOCAL DUPLICATE_SAFE C","COGNITIVE_REVIEW_REQUIRED","COGNITIVE_REINTEGRATION_ADVISORY_ONLY","false","false","false","F07 audit/spec only; candidate for ContextPacket or PeripheralSignalPacket, never ACT"
"BRANCHABLE_ATLAS","atlas/world_protocol_atlas/","F06_ATLAS","FILE_PLAN_ALL 1760 BRANCHABLE_ATLAS OBSIDIA_BRANCHABLE_ATLAS_FULL_V0_5_DEEP_FINAL_AUDIT/docs/world_protocol_atlas/agents/lamas.md atlas/world_protocol_atlas/ lamas.md md P3_ATLAS_CONTENT F06 0 0 0 0 1  NOT_FOUND_LOCAL DUPLICATE_SAFE CLEAN L","COGNITIVE_REVIEW_REQUIRED","COGNITIVE_REINTEGRATION_ADVISORY_ONLY","false","false","false","F07 audit/spec only; candidate for ContextPacket or PeripheralSignalPacket, never ACT"
"BRANCHABLE_ATLAS","atlas/world_protocol_atlas/","F06_ATLAS","FILE_PLAN_ALL 1761 BRANCHABLE_ATLAS OBSIDIA_BRANCHABLE_ATLAS_FULL_V0_5_DEEP_FINAL_AUDIT/docs/world_protocol_atlas/agents/lambda_labs_adapter.json atlas/world_protocol_atlas/ lambda_labs_adapter.json json P3_ATLAS_CONTENT F06 0 0 0 0 1  NOT_","COGNITIVE_REVIEW_REQUIRED","COGNITIVE_REINTEGRATION_ADVISORY_ONLY","false","false","false","F07 audit/spec only; candidate for ContextPacket or PeripheralSignalPacket, never ACT"
"BRANCHABLE_ATLAS","atlas/world_protocol_atlas/","F06_ATLAS","FILE_PLAN_ALL 1762 BRANCHABLE_ATLAS OBSIDIA_BRANCHABLE_ATLAS_FULL_V0_5_DEEP_FINAL_AUDIT/docs/world_protocol_atlas/agents/lambda_labs_adapter.md atlas/world_protocol_atlas/ lambda_labs_adapter.md md P3_ATLAS_CONTENT F06 0 0 0 0 1  NOT_FOUND_","COGNITIVE_REVIEW_REQUIRED","COGNITIVE_REINTEGRATION_ADVISORY_ONLY","false","false","false","F07 audit/spec only; candidate for ContextPacket or PeripheralSignalPacket, never ACT"
"BRANCHABLE_ATLAS","atlas/world_protocol_atlas/","F06_ATLAS","FILE_PLAN_ALL 1763 BRANCHABLE_ATLAS OBSIDIA_BRANCHABLE_ATLAS_FULL_V0_5_DEEP_FINAL_AUDIT/docs/world_protocol_atlas/agents/langchain.json atlas/world_protocol_atlas/ langchain.json json P3_ATLAS_CONTENT F06 0 0 0 0 1  NOT_FOUND_LOCAL DUPLICAT","COGNITIVE_REVIEW_REQUIRED","COGNITIVE_REINTEGRATION_ADVISORY_ONLY","false","false","false","F07 audit/spec only; candidate for ContextPacket or PeripheralSignalPacket, never ACT"
"BRANCHABLE_ATLAS","atlas/world_protocol_atlas/","F06_ATLAS","FILE_PLAN_ALL 1764 BRANCHABLE_ATLAS OBSIDIA_BRANCHABLE_ATLAS_FULL_V0_5_DEEP_FINAL_AUDIT/docs/world_protocol_atlas/agents/langchain.md atlas/world_protocol_atlas/ langchain.md md P3_ATLAS_CONTENT F06 0 0 0 0 1  NOT_FOUND_LOCAL DUPLICATE_SAFE","COGNITIVE_REVIEW_REQUIRED","COGNITIVE_REINTEGRATION_ADVISORY_ONLY","false","false","false","F07 audit/spec only; candidate for ContextPacket or PeripheralSignalPacket, never ACT"
"BRANCHABLE_ATLAS","atlas/world_protocol_atlas/","F06_ATLAS","FILE_PLAN_ALL 1765 BRANCHABLE_ATLAS OBSIDIA_BRANCHABLE_ATLAS_FULL_V0_5_DEEP_FINAL_AUDIT/docs/world_protocol_atlas/agents/langgraph.json atlas/world_protocol_atlas/ langgraph.json json P3_ATLAS_CONTENT F06 0 0 0 0 1  NOT_FOUND_LOCAL DUPLICAT","COGNITIVE_REVIEW_REQUIRED","COGNITIVE_REINTEGRATION_ADVISORY_ONLY","false","false","false","F07 audit/spec only; candidate for ContextPacket or PeripheralSignalPacket, never ACT"
"BRANCHABLE_ATLAS","atlas/world_protocol_atlas/","F06_ATLAS","FILE_PLAN_ALL 1766 BRANCHABLE_ATLAS OBSIDIA_BRANCHABLE_ATLAS_FULL_V0_5_DEEP_FINAL_AUDIT/docs/world_protocol_atlas/agents/langgraph.md atlas/world_protocol_atlas/ langgraph.md md P3_ATLAS_CONTENT F06 0 0 0 0 1  NOT_FOUND_LOCAL DUPLICATE_SAFE","COGNITIVE_REVIEW_REQUIRED","COGNITIVE_REINTEGRATION_ADVISORY_ONLY","false","false","false","F07 audit/spec only; candidate for ContextPacket or PeripheralSignalPacket, never ACT"
"BRANCHABLE_ATLAS","atlas/world_protocol_atlas/","F06_ATLAS","FILE_PLAN_ALL 1767 BRANCHABLE_ATLAS OBSIDIA_BRANCHABLE_ATLAS_FULL_V0_5_DEEP_FINAL_AUDIT/docs/world_protocol_atlas/agents/leal_adapter.json atlas/world_protocol_atlas/ leal_adapter.json json P3_ATLAS_CONTENT F06 0 0 0 0 1  NOT_FOUND_LOCAL DU","COGNITIVE_REVIEW_REQUIRED","COGNITIVE_REINTEGRATION_ADVISORY_ONLY","false","false","false","F07 audit/spec only; candidate for ContextPacket or PeripheralSignalPacket, never ACT"
"BRANCHABLE_ATLAS","atlas/world_protocol_atlas/","F06_ATLAS","FILE_PLAN_ALL 1768 BRANCHABLE_ATLAS OBSIDIA_BRANCHABLE_ATLAS_FULL_V0_5_DEEP_FINAL_AUDIT/docs/world_protocol_atlas/agents/leal_adapter.md atlas/world_protocol_atlas/ leal_adapter.md md P3_ATLAS_CONTENT F06 0 0 0 0 1  NOT_FOUND_LOCAL DUPLICAT","COGNITIVE_REVIEW_REQUIRED","COGNITIVE_REINTEGRATION_ADVISORY_ONLY","false","false","false","F07 audit/spec only; candidate for ContextPacket or PeripheralSignalPacket, never ACT"
"BRANCHABLE_ATLAS","atlas/world_protocol_atlas/","F06_ATLAS","FILE_PLAN_ALL 1769 BRANCHABLE_ATLAS OBSIDIA_BRANCHABLE_ATLAS_FULL_V0_5_DEEP_FINAL_AUDIT/docs/world_protocol_atlas/agents/legacyopenaimap.json atlas/world_protocol_atlas/ legacyopenaimap.json json P3_ATLAS_CONTENT F06 0 0 0 0 1  NOT_FOUND_LO","COGNITIVE_REVIEW_REQUIRED","COGNITIVE_REINTEGRATION_ADVISORY_ONLY","false","false","false","F07 audit/spec only; candidate for ContextPacket or PeripheralSignalPacket, never ACT"
"BRANCHABLE_ATLAS","atlas/world_protocol_atlas/","F06_ATLAS","FILE_PLAN_ALL 1770 BRANCHABLE_ATLAS OBSIDIA_BRANCHABLE_ATLAS_FULL_V0_5_DEEP_FINAL_AUDIT/docs/world_protocol_atlas/agents/legacyopenaimap.md atlas/world_protocol_atlas/ legacyopenaimap.md md P3_ATLAS_CONTENT F06 0 0 0 0 1  NOT_FOUND_LOCAL DU","COGNITIVE_REVIEW_REQUIRED","COGNITIVE_REINTEGRATION_ADVISORY_ONLY","false","false","false","F07 audit/spec only; candidate for ContextPacket or PeripheralSignalPacket, never ACT"
"BRANCHABLE_ATLAS","atlas/world_protocol_atlas/","F06_ATLAS","FILE_PLAN_ALL 1771 BRANCHABLE_ATLAS OBSIDIA_BRANCHABLE_ATLAS_FULL_V0_5_DEEP_FINAL_AUDIT/docs/world_protocol_atlas/agents/licenseguardian.json atlas/world_protocol_atlas/ licenseguardian.json json P3_ATLAS_CONTENT F06 0 0 0 0 1  NOT_FOUND_LO","COGNITIVE_REVIEW_REQUIRED","COGNITIVE_REINTEGRATION_ADVISORY_ONLY","false","false","false","F07 audit/spec only; candidate for ContextPacket or PeripheralSignalPacket, never ACT"
"BRANCHABLE_ATLAS","atlas/world_protocol_atlas/","F06_ATLAS","FILE_PLAN_ALL 1772 BRANCHABLE_ATLAS OBSIDIA_BRANCHABLE_ATLAS_FULL_V0_5_DEEP_FINAL_AUDIT/docs/world_protocol_atlas/agents/licenseguardian.md atlas/world_protocol_atlas/ licenseguardian.md md P3_ATLAS_CONTENT F06 0 0 0 0 1  NOT_FOUND_LOCAL DU","COGNITIVE_REVIEW_REQUIRED","COGNITIVE_REINTEGRATION_ADVISORY_ONLY","false","false","false","F07 audit/spec only; candidate for ContextPacket or PeripheralSignalPacket, never ACT"
"BRANCHABLE_ATLAS","atlas/world_protocol_atlas/","F06_ATLAS","FILE_PLAN_ALL 1773 BRANCHABLE_ATLAS OBSIDIA_BRANCHABLE_ATLAS_FULL_V0_5_DEEP_FINAL_AUDIT/docs/world_protocol_atlas/agents/llama_guard.json atlas/world_protocol_atlas/ llama_guard.json json P3_ATLAS_CONTENT F06 0 0 0 0 1  NOT_FOUND_LOCAL DUPL","COGNITIVE_REVIEW_REQUIRED","COGNITIVE_REINTEGRATION_ADVISORY_ONLY","false","false","false","F07 audit/spec only; candidate for ContextPacket or PeripheralSignalPacket, never ACT"
"BRANCHABLE_ATLAS","atlas/world_protocol_atlas/","F06_ATLAS","FILE_PLAN_ALL 1774 BRANCHABLE_ATLAS OBSIDIA_BRANCHABLE_ATLAS_FULL_V0_5_DEEP_FINAL_AUDIT/docs/world_protocol_atlas/agents/llama_guard.md atlas/world_protocol_atlas/ llama_guard.md md P3_ATLAS_CONTENT F06 0 0 0 0 1  NOT_FOUND_LOCAL DUPLICATE_","COGNITIVE_REVIEW_REQUIRED","COGNITIVE_REINTEGRATION_ADVISORY_ONLY","false","false","false","F07 audit/spec only; candidate for ContextPacket or PeripheralSignalPacket, never ACT"
"BRANCHABLE_ATLAS","atlas/world_protocol_atlas/","F06_ATLAS","FILE_PLAN_ALL 1775 BRANCHABLE_ATLAS OBSIDIA_BRANCHABLE_ATLAS_FULL_V0_5_DEEP_FINAL_AUDIT/docs/world_protocol_atlas/agents/lostcivilizationnarrator.json atlas/world_protocol_atlas/ lostcivilizationnarrator.json json P3_ATLAS_CONTENT F06 0 0 0","COGNITIVE_REVIEW_REQUIRED","COGNITIVE_REINTEGRATION_ADVISORY_ONLY","false","false","false","F07 audit/spec only; candidate for ContextPacket or PeripheralSignalPacket, never ACT"
"BRANCHABLE_ATLAS","atlas/world_protocol_atlas/","F06_ATLAS","FILE_PLAN_ALL 1776 BRANCHABLE_ATLAS OBSIDIA_BRANCHABLE_ATLAS_FULL_V0_5_DEEP_FINAL_AUDIT/docs/world_protocol_atlas/agents/lostcivilizationnarrator.md atlas/world_protocol_atlas/ lostcivilizationnarrator.md md P3_ATLAS_CONTENT F06 0 0 0 0 1  ","COGNITIVE_REVIEW_REQUIRED","COGNITIVE_REINTEGRATION_ADVISORY_ONLY","false","false","false","F07 audit/spec only; candidate for ContextPacket or PeripheralSignalPacket, never ACT"
"BRANCHABLE_ATLAS","atlas/world_protocol_atlas/","F06_ATLAS","FILE_PLAN_ALL 1777 BRANCHABLE_ATLAS OBSIDIA_BRANCHABLE_ATLAS_FULL_V0_5_DEEP_FINAL_AUDIT/docs/world_protocol_atlas/agents/masques_narratifs.json atlas/world_protocol_atlas/ masques_narratifs.json json P3_ATLAS_CONTENT F06 0 0 0 0 1  NOT_FOUN","COGNITIVE_REVIEW_REQUIRED","COGNITIVE_REINTEGRATION_ADVISORY_ONLY","false","false","false","F07 audit/spec only; candidate for ContextPacket or PeripheralSignalPacket, never ACT"
"BRANCHABLE_ATLAS","atlas/world_protocol_atlas/","F06_ATLAS","FILE_PLAN_ALL 1778 BRANCHABLE_ATLAS OBSIDIA_BRANCHABLE_ATLAS_FULL_V0_5_DEEP_FINAL_AUDIT/docs/world_protocol_atlas/agents/masques_narratifs.md atlas/world_protocol_atlas/ masques_narratifs.md md P3_ATLAS_CONTENT F06 0 0 0 0 1  NOT_FOUND_LOCA","COGNITIVE_REVIEW_REQUIRED","COGNITIVE_REINTEGRATION_ADVISORY_ONLY","false","false","false","F07 audit/spec only; candidate for ContextPacket or PeripheralSignalPacket, never ACT"
"BRANCHABLE_ATLAS","atlas/world_protocol_atlas/","F06_ATLAS","FILE_PLAN_ALL 1779 BRANCHABLE_ATLAS OBSIDIA_BRANCHABLE_ATLAS_FULL_V0_5_DEEP_FINAL_AUDIT/docs/world_protocol_atlas/agents/masques_symboliques.json atlas/world_protocol_atlas/ masques_symboliques.json json P3_ATLAS_CONTENT F06 0 0 0 0 1  NOT_","COGNITIVE_REVIEW_REQUIRED","COGNITIVE_REINTEGRATION_ADVISORY_ONLY","false","false","false","F07 audit/spec only; candidate for ContextPacket or PeripheralSignalPacket, never ACT"
"BRANCHABLE_ATLAS","atlas/world_protocol_atlas/","F06_ATLAS","FILE_PLAN_ALL 1780 BRANCHABLE_ATLAS OBSIDIA_BRANCHABLE_ATLAS_FULL_V0_5_DEEP_FINAL_AUDIT/docs/world_protocol_atlas/agents/masques_symboliques.md atlas/world_protocol_atlas/ masques_symboliques.md md P3_ATLAS_CONTENT F06 0 0 0 0 1  NOT_FOUND_","COGNITIVE_REVIEW_REQUIRED","COGNITIVE_REINTEGRATION_ADVISORY_ONLY","false","false","false","F07 audit/spec only; candidate for ContextPacket or PeripheralSignalPacket, never ACT"
"BRANCHABLE_ATLAS","atlas/world_protocol_atlas/","F06_ATLAS","FILE_PLAN_ALL 1781 BRANCHABLE_ATLAS OBSIDIA_BRANCHABLE_ATLAS_FULL_V0_5_DEEP_FINAL_AUDIT/docs/world_protocol_atlas/agents/memoire_diachronique.json atlas/world_protocol_atlas/ memoire_diachronique.json json P3_ATLAS_CONTENT F06 0 0 0 0 1  NO","COGNITIVE_REVIEW_REQUIRED","COGNITIVE_REINTEGRATION_ADVISORY_ONLY","false","false","false","F07 audit/spec only; candidate for ContextPacket or PeripheralSignalPacket, never ACT"
"BRANCHABLE_ATLAS","atlas/world_protocol_atlas/","F06_ATLAS","FILE_PLAN_ALL 1782 BRANCHABLE_ATLAS OBSIDIA_BRANCHABLE_ATLAS_FULL_V0_5_DEEP_FINAL_AUDIT/docs/world_protocol_atlas/agents/memoire_diachronique.md atlas/world_protocol_atlas/ memoire_diachronique.md md P3_ATLAS_CONTENT F06 0 0 0 0 1  NOT_FOUN","COGNITIVE_REVIEW_REQUIRED","COGNITIVE_REINTEGRATION_ADVISORY_ONLY","false","false","false","F07 audit/spec only; candidate for ContextPacket or PeripheralSignalPacket, never ACT"
"BRANCHABLE_ATLAS","atlas/world_protocol_atlas/","F06_ATLAS","FILE_PLAN_ALL 1783 BRANCHABLE_ATLAS OBSIDIA_BRANCHABLE_ATLAS_FULL_V0_5_DEEP_FINAL_AUDIT/docs/world_protocol_atlas/agents/memoire_mycelienne.json atlas/world_protocol_atlas/ memoire_mycelienne.json json P3_ATLAS_CONTENT F06 0 0 0 0 1  NOT_FO","COGNITIVE_REVIEW_REQUIRED","COGNITIVE_REINTEGRATION_ADVISORY_ONLY","false","false","false","F07 audit/spec only; candidate for ContextPacket or PeripheralSignalPacket, never ACT"
"BRANCHABLE_ATLAS","atlas/world_protocol_atlas/","F06_ATLAS","FILE_PLAN_ALL 1784 BRANCHABLE_ATLAS OBSIDIA_BRANCHABLE_ATLAS_FULL_V0_5_DEEP_FINAL_AUDIT/docs/world_protocol_atlas/agents/memoire_mycelienne.md atlas/world_protocol_atlas/ memoire_mycelienne.md md P3_ATLAS_CONTENT F06 0 0 0 0 1  NOT_FOUND_LO","COGNITIVE_REVIEW_REQUIRED","COGNITIVE_REINTEGRATION_ADVISORY_ONLY","false","false","false","F07 audit/spec only; candidate for ContextPacket or PeripheralSignalPacket, never ACT"
"BRANCHABLE_ATLAS","atlas/world_protocol_atlas/","F06_ATLAS","FILE_PLAN_ALL 1785 BRANCHABLE_ATLAS OBSIDIA_BRANCHABLE_ATLAS_FULL_V0_5_DEEP_FINAL_AUDIT/docs/world_protocol_atlas/agents/memoire_primordiale_fractale.json atlas/world_protocol_atlas/ memoire_primordiale_fractale.json json P3_ATLAS_CONTENT F","COGNITIVE_REVIEW_REQUIRED","COGNITIVE_REINTEGRATION_ADVISORY_ONLY","false","false","false","F07 audit/spec only; candidate for ContextPacket or PeripheralSignalPacket, never ACT"
"BRANCHABLE_ATLAS","atlas/world_protocol_atlas/","F06_ATLAS","FILE_PLAN_ALL 1786 BRANCHABLE_ATLAS OBSIDIA_BRANCHABLE_ATLAS_FULL_V0_5_DEEP_FINAL_AUDIT/docs/world_protocol_atlas/agents/memoire_primordiale_fractale.md atlas/world_protocol_atlas/ memoire_primordiale_fractale.md md P3_ATLAS_CONTENT F06 0 0","COGNITIVE_REVIEW_REQUIRED","COGNITIVE_REINTEGRATION_ADVISORY_ONLY","false","false","false","F07 audit/spec only; candidate for ContextPacket or PeripheralSignalPacket, never ACT"
"BRANCHABLE_ATLAS","atlas/world_protocol_atlas/","F06_ATLAS","FILE_PLAN_ALL 1787 BRANCHABLE_ATLAS OBSIDIA_BRANCHABLE_ATLAS_FULL_V0_5_DEEP_FINAL_AUDIT/docs/world_protocol_atlas/agents/memoires_de_crise.json atlas/world_protocol_atlas/ memoires_de_crise.json json P3_ATLAS_CONTENT F06 0 0 0 0 1  NOT_FOUN","COGNITIVE_REVIEW_REQUIRED","COGNITIVE_REINTEGRATION_ADVISORY_ONLY","false","false","false","F07 audit/spec only; candidate for ContextPacket or PeripheralSignalPacket, never ACT"
"BRANCHABLE_ATLAS","atlas/world_protocol_atlas/","F06_ATLAS","FILE_PLAN_ALL 1788 BRANCHABLE_ATLAS OBSIDIA_BRANCHABLE_ATLAS_FULL_V0_5_DEEP_FINAL_AUDIT/docs/world_protocol_atlas/agents/memoires_de_crise.md atlas/world_protocol_atlas/ memoires_de_crise.md md P3_ATLAS_CONTENT F06 0 0 0 0 1  NOT_FOUND_LOCA","COGNITIVE_REVIEW_REQUIRED","COGNITIVE_REINTEGRATION_ADVISORY_ONLY","false","false","false","F07 audit/spec only; candidate for ContextPacket or PeripheralSignalPacket, never ACT"
"BRANCHABLE_ATLAS","atlas/world_protocol_atlas/","F06_ATLAS","FILE_PLAN_ALL 1789 BRANCHABLE_ATLAS OBSIDIA_BRANCHABLE_ATLAS_FULL_V0_5_DEEP_FINAL_AUDIT/docs/world_protocol_atlas/agents/memorium.json atlas/world_protocol_atlas/ memorium.json json P3_ATLAS_CONTENT F06 0 0 0 0 1  NOT_FOUND_LOCAL DUPLICATE_","COGNITIVE_REVIEW_REQUIRED","COGNITIVE_REINTEGRATION_ADVISORY_ONLY","false","false","false","F07 audit/spec only; candidate for ContextPacket or PeripheralSignalPacket, never ACT"
"BRANCHABLE_ATLAS","atlas/world_protocol_atlas/","F06_ATLAS","FILE_PLAN_ALL 1790 BRANCHABLE_ATLAS OBSIDIA_BRANCHABLE_ATLAS_FULL_V0_5_DEEP_FINAL_AUDIT/docs/world_protocol_atlas/agents/memorium.md atlas/world_protocol_atlas/ memorium.md md P3_ATLAS_CONTENT F06 0 0 0 0 1  NOT_FOUND_LOCAL DUPLICATE_SAFE C","COGNITIVE_REVIEW_REQUIRED","COGNITIVE_REINTEGRATION_ADVISORY_ONLY","false","false","false","F07 audit/spec only; candidate for ContextPacket or PeripheralSignalPacket, never ACT"
"BRANCHABLE_ATLAS","atlas/world_protocol_atlas/","F06_ATLAS","FILE_PLAN_ALL 1791 BRANCHABLE_ATLAS OBSIDIA_BRANCHABLE_ATLAS_FULL_V0_5_DEEP_FINAL_AUDIT/docs/world_protocol_atlas/agents/meta_facebook_ai_adapter.json atlas/world_protocol_atlas/ meta_facebook_ai_adapter.json json P3_ATLAS_CONTENT F06 0 0 0","COGNITIVE_REVIEW_REQUIRED","COGNITIVE_REINTEGRATION_ADVISORY_ONLY","false","false","false","F07 audit/spec only; candidate for ContextPacket or PeripheralSignalPacket, never ACT"
"BRANCHABLE_ATLAS","atlas/world_protocol_atlas/","F06_ATLAS","FILE_PLAN_ALL 1792 BRANCHABLE_ATLAS OBSIDIA_BRANCHABLE_ATLAS_FULL_V0_5_DEEP_FINAL_AUDIT/docs/world_protocol_atlas/agents/meta_facebook_ai_adapter.md atlas/world_protocol_atlas/ meta_facebook_ai_adapter.md md P3_ATLAS_CONTENT F06 0 0 0 0 1  ","COGNITIVE_REVIEW_REQUIRED","COGNITIVE_REINTEGRATION_ADVISORY_ONLY","false","false","false","F07 audit/spec only; candidate for ContextPacket or PeripheralSignalPacket, never ACT"
"BRANCHABLE_ATLAS","atlas/world_protocol_atlas/","F06_ATLAS","FILE_PLAN_ALL 1793 BRANCHABLE_ATLAS OBSIDIA_BRANCHABLE_ATLAS_FULL_V0_5_DEEP_FINAL_AUDIT/docs/world_protocol_atlas/agents/microsoft_ai_adapter.json atlas/world_protocol_atlas/ microsoft_ai_adapter.json json P3_ATLAS_CONTENT F06 0 0 0 0 1  NO","COGNITIVE_REVIEW_REQUIRED","COGNITIVE_REINTEGRATION_ADVISORY_ONLY","false","false","false","F07 audit/spec only; candidate for ContextPacket or PeripheralSignalPacket, never ACT"
"BRANCHABLE_ATLAS","atlas/world_protocol_atlas/","F06_ATLAS","FILE_PLAN_ALL 1794 BRANCHABLE_ATLAS OBSIDIA_BRANCHABLE_ATLAS_FULL_V0_5_DEEP_FINAL_AUDIT/docs/world_protocol_atlas/agents/microsoft_ai_adapter.md atlas/world_protocol_atlas/ microsoft_ai_adapter.md md P3_ATLAS_CONTENT F06 0 0 0 0 1  NOT_FOUN","COGNITIVE_REVIEW_REQUIRED","COGNITIVE_REINTEGRATION_ADVISORY_ONLY","false","false","false","F07 audit/spec only; candidate for ContextPacket or PeripheralSignalPacket, never ACT"
"BRANCHABLE_ATLAS","atlas/world_protocol_atlas/","F06_ATLAS","FILE_PLAN_ALL 1795 BRANCHABLE_ATLAS OBSIDIA_BRANCHABLE_ATLAS_FULL_V0_5_DEEP_FINAL_AUDIT/docs/world_protocol_atlas/agents/mindminers_adapter.json atlas/world_protocol_atlas/ mindminers_adapter.json json P3_ATLAS_CONTENT F06 0 0 0 0 1  NOT_FO","COGNITIVE_REVIEW_REQUIRED","COGNITIVE_REINTEGRATION_ADVISORY_ONLY","false","false","false","F07 audit/spec only; candidate for ContextPacket or PeripheralSignalPacket, never ACT"
"BRANCHABLE_ATLAS","atlas/world_protocol_atlas/","F06_ATLAS","FILE_PLAN_ALL 1796 BRANCHABLE_ATLAS OBSIDIA_BRANCHABLE_ATLAS_FULL_V0_5_DEEP_FINAL_AUDIT/docs/world_protocol_atlas/agents/mindminers_adapter.md atlas/world_protocol_atlas/ mindminers_adapter.md md P3_ATLAS_CONTENT F06 0 0 0 0 1  NOT_FOUND_LO","COGNITIVE_REVIEW_REQUIRED","COGNITIVE_REINTEGRATION_ADVISORY_ONLY","false","false","false","F07 audit/spec only; candidate for ContextPacket or PeripheralSignalPacket, never ACT"
"BRANCHABLE_ATLAS","atlas/world_protocol_atlas/","F06_ATLAS","FILE_PLAN_ALL 1797 BRANCHABLE_ATLAS OBSIDIA_BRANCHABLE_ATLAS_FULL_V0_5_DEEP_FINAL_AUDIT/docs/world_protocol_atlas/agents/mindos.json atlas/world_protocol_atlas/ mindos.json json P3_ATLAS_CONTENT F06 0 0 0 0 1  NOT_FOUND_LOCAL DUPLICATE_SAFE","COGNITIVE_REVIEW_REQUIRED","COGNITIVE_REINTEGRATION_ADVISORY_ONLY","false","false","false","F07 audit/spec only; candidate for ContextPacket or PeripheralSignalPacket, never ACT"
"BRANCHABLE_ATLAS","atlas/world_protocol_atlas/","F06_ATLAS","FILE_PLAN_ALL 1798 BRANCHABLE_ATLAS OBSIDIA_BRANCHABLE_ATLAS_FULL_V0_5_DEEP_FINAL_AUDIT/docs/world_protocol_atlas/agents/mindos.md atlas/world_protocol_atlas/ mindos.md md P3_ATLAS_CONTENT F06 0 0 0 0 1  NOT_FOUND_LOCAL DUPLICATE_SAFE CLEAN","COGNITIVE_REVIEW_REQUIRED","COGNITIVE_REINTEGRATION_ADVISORY_ONLY","false","false","false","F07 audit/spec only; candidate for ContextPacket or PeripheralSignalPacket, never ACT"
"BRANCHABLE_ATLAS","atlas/world_protocol_atlas/","F06_ATLAS","FILE_PLAN_ALL 1799 BRANCHABLE_ATLAS OBSIDIA_BRANCHABLE_ATLAS_FULL_V0_5_DEEP_FINAL_AUDIT/docs/world_protocol_atlas/agents/mineethics.json atlas/world_protocol_atlas/ mineethics.json json P3_ATLAS_CONTENT F06 0 0 0 0 1  NOT_FOUND_LOCAL DUPLIC","COGNITIVE_REVIEW_REQUIRED","COGNITIVE_REINTEGRATION_ADVISORY_ONLY","false","false","false","F07 audit/spec only; candidate for ContextPacket or PeripheralSignalPacket, never ACT"
"BRANCHABLE_ATLAS","atlas/world_protocol_atlas/","F06_ATLAS","FILE_PLAN_ALL 1800 BRANCHABLE_ATLAS OBSIDIA_BRANCHABLE_ATLAS_FULL_V0_5_DEEP_FINAL_AUDIT/docs/world_protocol_atlas/agents/mineethics.md atlas/world_protocol_atlas/ mineethics.md md P3_ATLAS_CONTENT F06 0 0 0 0 1  NOT_FOUND_LOCAL DUPLICATE_SA","COGNITIVE_REVIEW_REQUIRED","COGNITIVE_REINTEGRATION_ADVISORY_ONLY","false","false","false","F07 audit/spec only; candidate for ContextPacket or PeripheralSignalPacket, never ACT"
"BRANCHABLE_ATLAS","atlas/world_protocol_atlas/","F06_ATLAS","FILE_PLAN_ALL 1801 BRANCHABLE_ATLAS OBSIDIA_BRANCHABLE_ATLAS_FULL_V0_5_DEEP_FINAL_AUDIT/docs/world_protocol_atlas/agents/miroir_cosmique.json atlas/world_protocol_atlas/ miroir_cosmique.json json P3_ATLAS_CONTENT F06 0 0 0 0 1  NOT_FOUND_LO","COGNITIVE_REVIEW_REQUIRED","COGNITIVE_REINTEGRATION_ADVISORY_ONLY","false","false","false","F07 audit/spec only; candidate for ContextPacket or PeripheralSignalPacket, never ACT"
"BRANCHABLE_ATLAS","atlas/world_protocol_atlas/","F06_ATLAS","FILE_PLAN_ALL 1802 BRANCHABLE_ATLAS OBSIDIA_BRANCHABLE_ATLAS_FULL_V0_5_DEEP_FINAL_AUDIT/docs/world_protocol_atlas/agents/miroir_cosmique.md atlas/world_protocol_atlas/ miroir_cosmique.md md P3_ATLAS_CONTENT F06 0 0 0 0 1  NOT_FOUND_LOCAL DU","COGNITIVE_REVIEW_REQUIRED","COGNITIVE_REINTEGRATION_ADVISORY_ONLY","false","false","false","F07 audit/spec only; candidate for ContextPacket or PeripheralSignalPacket, never ACT"
"BRANCHABLE_ATLAS","atlas/world_protocol_atlas/","F06_ATLAS","FILE_PLAN_ALL 1803 BRANCHABLE_ATLAS OBSIDIA_BRANCHABLE_ATLAS_FULL_V0_5_DEEP_FINAL_AUDIT/docs/world_protocol_atlas/agents/miroirs_alternatifs.json atlas/world_protocol_atlas/ miroirs_alternatifs.json json P3_ATLAS_CONTENT F06 0 0 0 0 1  NOT_","COGNITIVE_REVIEW_REQUIRED","COGNITIVE_REINTEGRATION_ADVISORY_ONLY","false","false","false","F07 audit/spec only; candidate for ContextPacket or PeripheralSignalPacket, never ACT"
"BRANCHABLE_ATLAS","atlas/world_protocol_atlas/","F06_ATLAS","FILE_PLAN_ALL 1804 BRANCHABLE_ATLAS OBSIDIA_BRANCHABLE_ATLAS_FULL_V0_5_DEEP_FINAL_AUDIT/docs/world_protocol_atlas/agents/miroirs_alternatifs.md atlas/world_protocol_atlas/ miroirs_alternatifs.md md P3_ATLAS_CONTENT F06 0 0 0 0 1  NOT_FOUND_","COGNITIVE_REVIEW_REQUIRED","COGNITIVE_REINTEGRATION_ADVISORY_ONLY","false","false","false","F07 audit/spec only; candidate for ContextPacket or PeripheralSignalPacket, never ACT"
"BRANCHABLE_ATLAS","atlas/world_protocol_atlas/","F06_ATLAS","FILE_PLAN_ALL 1805 BRANCHABLE_ATLAS OBSIDIA_BRANCHABLE_ATLAS_FULL_V0_5_DEEP_FINAL_AUDIT/docs/world_protocol_atlas/agents/mistral_ai_adapter.json atlas/world_protocol_atlas/ mistral_ai_adapter.json json P3_ATLAS_CONTENT F06 0 0 0 0 1  NOT_FO","COGNITIVE_REVIEW_REQUIRED","COGNITIVE_REINTEGRATION_ADVISORY_ONLY","false","false","false","F07 audit/spec only; candidate for ContextPacket or PeripheralSignalPacket, never ACT"
"BRANCHABLE_ATLAS","atlas/world_protocol_atlas/","F06_ATLAS","FILE_PLAN_ALL 1806 BRANCHABLE_ATLAS OBSIDIA_BRANCHABLE_ATLAS_FULL_V0_5_DEEP_FINAL_AUDIT/docs/world_protocol_atlas/agents/mistral_ai_adapter.md atlas/world_protocol_atlas/ mistral_ai_adapter.md md P3_ATLAS_CONTENT F06 0 0 0 0 1  NOT_FOUND_LO","COGNITIVE_REVIEW_REQUIRED","COGNITIVE_REINTEGRATION_ADVISORY_ONLY","false","false","false","F07 audit/spec only; candidate for ContextPacket or PeripheralSignalPacket, never ACT"
"BRANCHABLE_ATLAS","atlas/world_protocol_atlas/","F06_ATLAS","FILE_PLAN_ALL 1807 BRANCHABLE_ATLAS OBSIDIA_BRANCHABLE_ATLAS_FULL_V0_5_DEEP_FINAL_AUDIT/docs/world_protocol_atlas/agents/module_metamorphose.json atlas/world_protocol_atlas/ module_metamorphose.json json P3_ATLAS_CONTENT F06 0 0 0 0 1  NOT_","COGNITIVE_REVIEW_REQUIRED","COGNITIVE_REINTEGRATION_ADVISORY_ONLY","false","false","false","F07 audit/spec only; candidate for ContextPacket or PeripheralSignalPacket, never ACT"
"BRANCHABLE_ATLAS","atlas/world_protocol_atlas/","F06_ATLAS","FILE_PLAN_ALL 1808 BRANCHABLE_ATLAS OBSIDIA_BRANCHABLE_ATLAS_FULL_V0_5_DEEP_FINAL_AUDIT/docs/world_protocol_atlas/agents/module_metamorphose.md atlas/world_protocol_atlas/ module_metamorphose.md md P3_ATLAS_CONTENT F06 0 0 0 0 1  NOT_FOUND_","COGNITIVE_REVIEW_REQUIRED","COGNITIVE_REINTEGRATION_ADVISORY_ONLY","false","false","false","F07 audit/spec only; candidate for ContextPacket or PeripheralSignalPacket, never ACT"
"BRANCHABLE_ATLAS","atlas/world_protocol_atlas/","F06_ATLAS","FILE_PLAN_ALL 1809 BRANCHABLE_ATLAS OBSIDIA_BRANCHABLE_ATLAS_FULL_V0_5_DEEP_FINAL_AUDIT/docs/world_protocol_atlas/agents/module_metamorphosis.json atlas/world_protocol_atlas/ module_metamorphosis.json json P3_ATLAS_CONTENT F06 0 0 0 0 1  NO","COGNITIVE_REVIEW_REQUIRED","COGNITIVE_REINTEGRATION_ADVISORY_ONLY","false","false","false","F07 audit/spec only; candidate for ContextPacket or PeripheralSignalPacket, never ACT"
"BRANCHABLE_ATLAS","atlas/world_protocol_atlas/","F06_ATLAS","FILE_PLAN_ALL 1810 BRANCHABLE_ATLAS OBSIDIA_BRANCHABLE_ATLAS_FULL_V0_5_DEEP_FINAL_AUDIT/docs/world_protocol_atlas/agents/module_metamorphosis.md atlas/world_protocol_atlas/ module_metamorphosis.md md P3_ATLAS_CONTENT F06 0 0 0 0 1  NOT_FOUN","COGNITIVE_REVIEW_REQUIRED","COGNITIVE_REINTEGRATION_ADVISORY_ONLY","false","false","false","F07 audit/spec only; candidate for ContextPacket or PeripheralSignalPacket, never ACT"
"BRANCHABLE_ATLAS","atlas/world_protocol_atlas/","F06_ATLAS","FILE_PLAN_ALL 1811 BRANCHABLE_ATLAS OBSIDIA_BRANCHABLE_ATLAS_FULL_V0_5_DEEP_FINAL_AUDIT/docs/world_protocol_atlas/agents/module_reaction.json atlas/world_protocol_atlas/ module_reaction.json json P3_ATLAS_CONTENT F06 0 0 0 0 1  NOT_FOUND_LO","COGNITIVE_REVIEW_REQUIRED","COGNITIVE_REINTEGRATION_ADVISORY_ONLY","false","false","false","F07 audit/spec only; candidate for ContextPacket or PeripheralSignalPacket, never ACT"
"BRANCHABLE_ATLAS","atlas/world_protocol_atlas/","F06_ATLAS","FILE_PLAN_ALL 1812 BRANCHABLE_ATLAS OBSIDIA_BRANCHABLE_ATLAS_FULL_V0_5_DEEP_FINAL_AUDIT/docs/world_protocol_atlas/agents/module_reaction.md atlas/world_protocol_atlas/ module_reaction.md md P3_ATLAS_CONTENT F06 0 0 0 0 1  NOT_FOUND_LOCAL DU","COGNITIVE_REVIEW_REQUIRED","COGNITIVE_REINTEGRATION_ADVISORY_ONLY","false","false","false","F07 audit/spec only; candidate for ContextPacket or PeripheralSignalPacket, never ACT"
"BRANCHABLE_ATLAS","atlas/world_protocol_atlas/","F06_ATLAS","FILE_PLAN_ALL 1813 BRANCHABLE_ATLAS OBSIDIA_BRANCHABLE_ATLAS_FULL_V0_5_DEEP_FINAL_AUDIT/docs/world_protocol_atlas/agents/module_symbiose.json atlas/world_protocol_atlas/ module_symbiose.json json P3_ATLAS_CONTENT F06 0 0 0 0 1  NOT_FOUND_LO","COGNITIVE_REVIEW_REQUIRED","COGNITIVE_REINTEGRATION_ADVISORY_ONLY","false","false","false","F07 audit/spec only; candidate for ContextPacket or PeripheralSignalPacket, never ACT"
"BRANCHABLE_ATLAS","atlas/world_protocol_atlas/","F06_ATLAS","FILE_PLAN_ALL 1814 BRANCHABLE_ATLAS OBSIDIA_BRANCHABLE_ATLAS_FULL_V0_5_DEEP_FINAL_AUDIT/docs/world_protocol_atlas/agents/module_symbiose.md atlas/world_protocol_atlas/ module_symbiose.md md P3_ATLAS_CONTENT F06 0 0 0 0 1  NOT_FOUND_LOCAL DU","COGNITIVE_REVIEW_REQUIRED","COGNITIVE_REINTEGRATION_ADVISORY_ONLY","false","false","false","F07 audit/spec only; candidate for ContextPacket or PeripheralSignalPacket, never ACT"
"BRANCHABLE_ATLAS","atlas/world_protocol_atlas/","F06_ATLAS","FILE_PLAN_ALL 1815 BRANCHABLE_ATLAS OBSIDIA_BRANCHABLE_ATLAS_FULL_V0_5_DEEP_FINAL_AUDIT/docs/world_protocol_atlas/agents/moteur_de_resilience.json atlas/world_protocol_atlas/ moteur_de_resilience.json json P3_ATLAS_CONTENT F06 0 0 0 0 1  NO","COGNITIVE_REVIEW_REQUIRED","COGNITIVE_REINTEGRATION_ADVISORY_ONLY","false","false","false","F07 audit/spec only; candidate for ContextPacket or PeripheralSignalPacket, never ACT"
"BRANCHABLE_ATLAS","atlas/world_protocol_atlas/","F06_ATLAS","FILE_PLAN_ALL 1816 BRANCHABLE_ATLAS OBSIDIA_BRANCHABLE_ATLAS_FULL_V0_5_DEEP_FINAL_AUDIT/docs/world_protocol_atlas/agents/moteur_de_resilience.md atlas/world_protocol_atlas/ moteur_de_resilience.md md P3_ATLAS_CONTENT F06 0 0 0 0 1  NOT_FOUN","COGNITIVE_REVIEW_REQUIRED","COGNITIVE_REINTEGRATION_ADVISORY_ONLY","false","false","false","F07 audit/spec only; candidate for ContextPacket or PeripheralSignalPacket, never ACT"
"BRANCHABLE_ATLAS","atlas/world_protocol_atlas/","F06_ATLAS","FILE_PLAN_ALL 1817 BRANCHABLE_ATLAS OBSIDIA_BRANCHABLE_ATLAS_FULL_V0_5_DEEP_FINAL_AUDIT/docs/world_protocol_atlas/agents/multivers_cognitif.json atlas/world_protocol_atlas/ multivers_cognitif.json json P3_ATLAS_CONTENT F06 0 0 0 0 1  NOT_FO","COGNITIVE_REVIEW_REQUIRED","COGNITIVE_REINTEGRATION_ADVISORY_ONLY","false","false","false","F07 audit/spec only; candidate for ContextPacket or PeripheralSignalPacket, never ACT"
"BRANCHABLE_ATLAS","atlas/world_protocol_atlas/","F06_ATLAS","FILE_PLAN_ALL 1818 BRANCHABLE_ATLAS OBSIDIA_BRANCHABLE_ATLAS_FULL_V0_5_DEEP_FINAL_AUDIT/docs/world_protocol_atlas/agents/multivers_cognitif.md atlas/world_protocol_atlas/ multivers_cognitif.md md P3_ATLAS_CONTENT F06 0 0 0 0 1  NOT_FOUND_LO","COGNITIVE_REVIEW_REQUIRED","COGNITIVE_REINTEGRATION_ADVISORY_ONLY","false","false","false","F07 audit/spec only; candidate for ContextPacket or PeripheralSignalPacket, never ACT"
"BRANCHABLE_ATLAS","atlas/world_protocol_atlas/","F06_ATLAS","FILE_PLAN_ALL 1819 BRANCHABLE_ATLAS OBSIDIA_BRANCHABLE_ATLAS_FULL_V0_5_DEEP_FINAL_AUDIT/docs/world_protocol_atlas/agents/multiversum_engine.json atlas/world_protocol_atlas/ multiversum_engine.json json P3_ATLAS_CONTENT F06 0 0 0 0 1  NOT_FO","COGNITIVE_REVIEW_REQUIRED","COGNITIVE_REINTEGRATION_ADVISORY_ONLY","false","false","false","F07 audit/spec only; candidate for ContextPacket or PeripheralSignalPacket, never ACT"
"BRANCHABLE_ATLAS","atlas/world_protocol_atlas/","F06_ATLAS","FILE_PLAN_ALL 1820 BRANCHABLE_ATLAS OBSIDIA_BRANCHABLE_ATLAS_FULL_V0_5_DEEP_FINAL_AUDIT/docs/world_protocol_atlas/agents/multiversum_engine.md atlas/world_protocol_atlas/ multiversum_engine.md md P3_ATLAS_CONTENT F06 0 0 0 0 1  NOT_FOUND_LO","COGNITIVE_REVIEW_REQUIRED","COGNITIVE_REINTEGRATION_ADVISORY_ONLY","false","false","false","F07 audit/spec only; candidate for ContextPacket or PeripheralSignalPacket, never ACT"
"BRANCHABLE_ATLAS","atlas/world_protocol_atlas/","F06_ATLAS","FILE_PLAN_ALL 1821 BRANCHABLE_ATLAS OBSIDIA_BRANCHABLE_ATLAS_FULL_V0_5_DEEP_FINAL_AUDIT/docs/world_protocol_atlas/agents/musique_generative_ethique.json atlas/world_protocol_atlas/ musique_generative_ethique.json json P3_ATLAS_CONTENT F06 0","COGNITIVE_REVIEW_REQUIRED","COGNITIVE_REINTEGRATION_ADVISORY_ONLY","false","false","false","F07 audit/spec only; candidate for ContextPacket or PeripheralSignalPacket, never ACT"
"BRANCHABLE_ATLAS","atlas/world_protocol_atlas/","F06_ATLAS","FILE_PLAN_ALL 1822 BRANCHABLE_ATLAS OBSIDIA_BRANCHABLE_ATLAS_FULL_V0_5_DEEP_FINAL_AUDIT/docs/world_protocol_atlas/agents/musique_generative_ethique.md atlas/world_protocol_atlas/ musique_generative_ethique.md md P3_ATLAS_CONTENT F06 0 0 0 0","COGNITIVE_REVIEW_REQUIRED","COGNITIVE_REINTEGRATION_ADVISORY_ONLY","false","false","false","F07 audit/spec only; candidate for ContextPacket or PeripheralSignalPacket, never ACT"
"BRANCHABLE_ATLAS","atlas/world_protocol_atlas/","F06_ATLAS","FILE_PLAN_ALL 1823 BRANCHABLE_ATLAS OBSIDIA_BRANCHABLE_ATLAS_FULL_V0_5_DEEP_FINAL_AUDIT/docs/world_protocol_atlas/agents/nest_simulator.json atlas/world_protocol_atlas/ nest_simulator.json json P3_ATLAS_CONTENT F06 0 0 0 0 1  NOT_FOUND_LOCA","COGNITIVE_REVIEW_REQUIRED","COGNITIVE_REINTEGRATION_ADVISORY_ONLY","false","false","false","F07 audit/spec only; candidate for ContextPacket or PeripheralSignalPacket, never ACT"
"BRANCHABLE_ATLAS","atlas/world_protocol_atlas/","F06_ATLAS","FILE_PLAN_ALL 1824 BRANCHABLE_ATLAS OBSIDIA_BRANCHABLE_ATLAS_FULL_V0_5_DEEP_FINAL_AUDIT/docs/world_protocol_atlas/agents/nest_simulator.md atlas/world_protocol_atlas/ nest_simulator.md md P3_ATLAS_CONTENT F06 0 0 0 0 1  NOT_FOUND_LOCAL DUPL","COGNITIVE_REVIEW_REQUIRED","COGNITIVE_REINTEGRATION_ADVISORY_ONLY","false","false","false","F07 audit/spec only; candidate for ContextPacket or PeripheralSignalPacket, never ACT"
"BRANCHABLE_ATLAS","atlas/world_protocol_atlas/","F06_ATLAS","FILE_PLAN_ALL 1825 BRANCHABLE_ATLAS OBSIDIA_BRANCHABLE_ATLAS_FULL_V0_5_DEEP_FINAL_AUDIT/docs/world_protocol_atlas/agents/neuroml.json atlas/world_protocol_atlas/ neuroml.json json P3_ATLAS_CONTENT F06 0 0 0 0 1  NOT_FOUND_LOCAL DUPLICATE_SA","COGNITIVE_REVIEW_REQUIRED","COGNITIVE_REINTEGRATION_ADVISORY_ONLY","false","false","false","F07 audit/spec only; candidate for ContextPacket or PeripheralSignalPacket, never ACT"
"BRANCHABLE_ATLAS","atlas/world_protocol_atlas/","F06_ATLAS","FILE_PLAN_ALL 1826 BRANCHABLE_ATLAS OBSIDIA_BRANCHABLE_ATLAS_FULL_V0_5_DEEP_FINAL_AUDIT/docs/world_protocol_atlas/agents/neuroml.md atlas/world_protocol_atlas/ neuroml.md md P3_ATLAS_CONTENT F06 0 0 0 0 1  NOT_FOUND_LOCAL DUPLICATE_SAFE CLE","COGNITIVE_REVIEW_REQUIRED","COGNITIVE_REINTEGRATION_ADVISORY_ONLY","false","false","false","F07 audit/spec only; candidate for ContextPacket or PeripheralSignalPacket, never ACT"
"BRANCHABLE_ATLAS","atlas/world_protocol_atlas/","F06_ATLAS","FILE_PLAN_ALL 1827 BRANCHABLE_ATLAS OBSIDIA_BRANCHABLE_ATLAS_FULL_V0_5_DEEP_FINAL_AUDIT/docs/world_protocol_atlas/agents/nomadarts.json atlas/world_protocol_atlas/ nomadarts.json json P3_ATLAS_CONTENT F06 0 0 0 0 1  NOT_FOUND_LOCAL DUPLICAT","COGNITIVE_REVIEW_REQUIRED","COGNITIVE_REINTEGRATION_ADVISORY_ONLY","false","false","false","F07 audit/spec only; candidate for ContextPacket or PeripheralSignalPacket, never ACT"
"BRANCHABLE_ATLAS","atlas/world_protocol_atlas/","F06_ATLAS","FILE_PLAN_ALL 1828 BRANCHABLE_ATLAS OBSIDIA_BRANCHABLE_ATLAS_FULL_V0_5_DEEP_FINAL_AUDIT/docs/world_protocol_atlas/agents/nomadarts.md atlas/world_protocol_atlas/ nomadarts.md md P3_ATLAS_CONTENT F06 0 0 0 0 1  NOT_FOUND_LOCAL DUPLICATE_SAFE","COGNITIVE_REVIEW_REQUIRED","COGNITIVE_REINTEGRATION_ADVISORY_ONLY","false","false","false","F07 audit/spec only; candidate for ContextPacket or PeripheralSignalPacket, never ACT"
"BRANCHABLE_ATLAS","atlas/world_protocol_atlas/","F06_ATLAS","FILE_PLAN_ALL 1829 BRANCHABLE_ATLAS OBSIDIA_BRANCHABLE_ATLAS_FULL_V0_5_DEEP_FINAL_AUDIT/docs/world_protocol_atlas/agents/nonwesternsymbolparser.json atlas/world_protocol_atlas/ nonwesternsymbolparser.json json P3_ATLAS_CONTENT F06 0 0 0 0 1","COGNITIVE_REVIEW_REQUIRED","COGNITIVE_REINTEGRATION_ADVISORY_ONLY","false","false","false","F07 audit/spec only; candidate for ContextPacket or PeripheralSignalPacket, never ACT"
"BRANCHABLE_ATLAS","atlas/world_protocol_atlas/","F06_ATLAS","FILE_PLAN_ALL 1830 BRANCHABLE_ATLAS OBSIDIA_BRANCHABLE_ATLAS_FULL_V0_5_DEEP_FINAL_AUDIT/docs/world_protocol_atlas/agents/nonwesternsymbolparser.md atlas/world_protocol_atlas/ nonwesternsymbolparser.md md P3_ATLAS_CONTENT F06 0 0 0 0 1  NOT_","COGNITIVE_REVIEW_REQUIRED","COGNITIVE_REINTEGRATION_ADVISORY_ONLY","false","false","false","F07 audit/spec only; candidate for ContextPacket or PeripheralSignalPacket, never ACT"
"BRANCHABLE_ATLAS","atlas/world_protocol_atlas/","F06_ATLAS","FILE_PLAN_ALL 1831 BRANCHABLE_ATLAS OBSIDIA_BRANCHABLE_ATLAS_FULL_V0_5_DEEP_FINAL_AUDIT/docs/world_protocol_atlas/agents/notco_adapter.json atlas/world_protocol_atlas/ notco_adapter.json json P3_ATLAS_CONTENT F06 0 0 0 0 1  NOT_FOUND_LOCAL ","COGNITIVE_REVIEW_REQUIRED","COGNITIVE_REINTEGRATION_ADVISORY_ONLY","false","false","false","F07 audit/spec only; candidate for ContextPacket or PeripheralSignalPacket, never ACT"
"BRANCHABLE_ATLAS","atlas/world_protocol_atlas/","F06_ATLAS","FILE_PLAN_ALL 1832 BRANCHABLE_ATLAS OBSIDIA_BRANCHABLE_ATLAS_FULL_V0_5_DEEP_FINAL_AUDIT/docs/world_protocol_atlas/agents/notco_adapter.md atlas/world_protocol_atlas/ notco_adapter.md md P3_ATLAS_CONTENT F06 0 0 0 0 1  NOT_FOUND_LOCAL DUPLIC","COGNITIVE_REVIEW_REQUIRED","COGNITIVE_REINTEGRATION_ADVISORY_ONLY","false","false","false","F07 audit/spec only; candidate for ContextPacket or PeripheralSignalPacket, never ACT"
"BRANCHABLE_ATLAS","atlas/world_protocol_atlas/","F06_ATLAS","FILE_PLAN_ALL 1833 BRANCHABLE_ATLAS OBSIDIA_BRANCHABLE_ATLAS_FULL_V0_5_DEEP_FINAL_AUDIT/docs/world_protocol_atlas/agents/nvidia_ai_adapter.json atlas/world_protocol_atlas/ nvidia_ai_adapter.json json P3_ATLAS_CONTENT F06 0 0 0 0 1  NOT_FOUN","COGNITIVE_REVIEW_REQUIRED","COGNITIVE_REINTEGRATION_ADVISORY_ONLY","false","false","false","F07 audit/spec only; candidate for ContextPacket or PeripheralSignalPacket, never ACT"
"BRANCHABLE_ATLAS","atlas/world_protocol_atlas/","F06_ATLAS","FILE_PLAN_ALL 1834 BRANCHABLE_ATLAS OBSIDIA_BRANCHABLE_ATLAS_FULL_V0_5_DEEP_FINAL_AUDIT/docs/world_protocol_atlas/agents/nvidia_ai_adapter.md atlas/world_protocol_atlas/ nvidia_ai_adapter.md md P3_ATLAS_CONTENT F06 0 0 0 0 1  NOT_FOUND_LOCA","COGNITIVE_REVIEW_REQUIRED","COGNITIVE_REINTEGRATION_ADVISORY_ONLY","false","false","false","F07 audit/spec only; candidate for ContextPacket or PeripheralSignalPacket, never ACT"
"BRANCHABLE_ATLAS","atlas/world_protocol_atlas/","F06_ATLAS","FILE_PLAN_ALL 1835 BRANCHABLE_ATLAS OBSIDIA_BRANCHABLE_ATLAS_FULL_V0_5_DEEP_FINAL_AUDIT/docs/world_protocol_atlas/agents/nvidia_isaac_gr00t_n1.json atlas/world_protocol_atlas/ nvidia_isaac_gr00t_n1.json json P3_ATLAS_CONTENT F06 0 0 0 0 1  ","COGNITIVE_REVIEW_REQUIRED","COGNITIVE_REINTEGRATION_ADVISORY_ONLY","false","false","false","F07 audit/spec only; candidate for ContextPacket or PeripheralSignalPacket, never ACT"
"BRANCHABLE_ATLAS","atlas/world_protocol_atlas/","F06_ATLAS","FILE_PLAN_ALL 1836 BRANCHABLE_ATLAS OBSIDIA_BRANCHABLE_ATLAS_FULL_V0_5_DEEP_FINAL_AUDIT/docs/world_protocol_atlas/agents/nvidia_isaac_gr00t_n1.md atlas/world_protocol_atlas/ nvidia_isaac_gr00t_n1.md md P3_ATLAS_CONTENT F06 0 0 0 0 1  NOT_FO","COGNITIVE_REVIEW_REQUIRED","COGNITIVE_REINTEGRATION_ADVISORY_ONLY","false","false","false","F07 audit/spec only; candidate for ContextPacket or PeripheralSignalPacket, never ACT"
"BRANCHABLE_ATLAS","atlas/world_protocol_atlas/","F06_ATLAS","FILE_PLAN_ALL 1837 BRANCHABLE_ATLAS OBSIDIA_BRANCHABLE_ATLAS_FULL_V0_5_DEEP_FINAL_AUDIT/docs/world_protocol_atlas/agents/oneirocodex.json atlas/world_protocol_atlas/ oneirocodex.json json P3_ATLAS_CONTENT F06 0 0 0 0 1  NOT_FOUND_LOCAL DUPL","COGNITIVE_REVIEW_REQUIRED","COGNITIVE_REINTEGRATION_ADVISORY_ONLY","false","false","false","F07 audit/spec only; candidate for ContextPacket or PeripheralSignalPacket, never ACT"
"BRANCHABLE_ATLAS","atlas/world_protocol_atlas/","F06_ATLAS","FILE_PLAN_ALL 1838 BRANCHABLE_ATLAS OBSIDIA_BRANCHABLE_ATLAS_FULL_V0_5_DEEP_FINAL_AUDIT/docs/world_protocol_atlas/agents/oneirocodex.md atlas/world_protocol_atlas/ oneirocodex.md md P3_ATLAS_CONTENT F06 0 0 0 0 1  NOT_FOUND_LOCAL DUPLICATE_","COGNITIVE_REVIEW_REQUIRED","COGNITIVE_REINTEGRATION_ADVISORY_ONLY","false","false","false","F07 audit/spec only; candidate for ContextPacket or PeripheralSignalPacket, never ACT"
"BRANCHABLE_ATLAS","atlas/world_protocol_atlas/","F06_ATLAS","FILE_PLAN_ALL 1839 BRANCHABLE_ATLAS OBSIDIA_BRANCHABLE_ATLAS_FULL_V0_5_DEEP_FINAL_AUDIT/docs/world_protocol_atlas/agents/open_civic_ai.json atlas/world_protocol_atlas/ open_civic_ai.json json P3_ATLAS_CONTENT F06 0 0 0 0 1  NOT_FOUND_LOCAL ","COGNITIVE_REVIEW_REQUIRED","COGNITIVE_REINTEGRATION_ADVISORY_ONLY","false","false","false","F07 audit/spec only; candidate for ContextPacket or PeripheralSignalPacket, never ACT"
"BRANCHABLE_ATLAS","atlas/world_protocol_atlas/","F06_ATLAS","FILE_PLAN_ALL 1840 BRANCHABLE_ATLAS OBSIDIA_BRANCHABLE_ATLAS_FULL_V0_5_DEEP_FINAL_AUDIT/docs/world_protocol_atlas/agents/open_civic_ai.md atlas/world_protocol_atlas/ open_civic_ai.md md P3_ATLAS_CONTENT F06 0 0 0 0 1  NOT_FOUND_LOCAL DUPLIC","COGNITIVE_REVIEW_REQUIRED","COGNITIVE_REINTEGRATION_ADVISORY_ONLY","false","false","false","F07 audit/spec only; candidate for ContextPacket or PeripheralSignalPacket, never ACT"
"BRANCHABLE_ATLAS","atlas/world_protocol_atlas/","F06_ATLAS","FILE_PLAN_ALL 1841 BRANCHABLE_ATLAS OBSIDIA_BRANCHABLE_ATLAS_FULL_V0_5_DEEP_FINAL_AUDIT/docs/world_protocol_atlas/agents/openai_adapter.json atlas/world_protocol_atlas/ openai_adapter.json json P3_ATLAS_CONTENT F06 0 0 0 0 1  NOT_FOUND_LOCA","COGNITIVE_REVIEW_REQUIRED","COGNITIVE_REINTEGRATION_ADVISORY_ONLY","false","false","false","F07 audit/spec only; candidate for ContextPacket or PeripheralSignalPacket, never ACT"
"BRANCHABLE_ATLAS","atlas/world_protocol_atlas/","F06_ATLAS","FILE_PLAN_ALL 1842 BRANCHABLE_ATLAS OBSIDIA_BRANCHABLE_ATLAS_FULL_V0_5_DEEP_FINAL_AUDIT/docs/world_protocol_atlas/agents/openai_adapter.md atlas/world_protocol_atlas/ openai_adapter.md md P3_ATLAS_CONTENT F06 0 0 0 0 1  NOT_FOUND_LOCAL DUPL","COGNITIVE_REVIEW_REQUIRED","COGNITIVE_REINTEGRATION_ADVISORY_ONLY","false","false","false","F07 audit/spec only; candidate for ContextPacket or PeripheralSignalPacket, never ACT"
"BRANCHABLE_ATLAS","atlas/world_protocol_atlas/","F06_ATLAS","FILE_PLAN_ALL 1843 BRANCHABLE_ATLAS OBSIDIA_BRANCHABLE_ATLAS_FULL_V0_5_DEEP_FINAL_AUDIT/docs/world_protocol_atlas/agents/opencell_ai.json atlas/world_protocol_atlas/ opencell_ai.json json P3_ATLAS_CONTENT F06 0 0 0 0 1  NOT_FOUND_LOCAL DUPL","COGNITIVE_REVIEW_REQUIRED","COGNITIVE_REINTEGRATION_ADVISORY_ONLY","false","false","false","F07 audit/spec only; candidate for ContextPacket or PeripheralSignalPacket, never ACT"
"BRANCHABLE_ATLAS","atlas/world_protocol_atlas/","F06_ATLAS","FILE_PLAN_ALL 1844 BRANCHABLE_ATLAS OBSIDIA_BRANCHABLE_ATLAS_FULL_V0_5_DEEP_FINAL_AUDIT/docs/world_protocol_atlas/agents/opencell_ai.md atlas/world_protocol_atlas/ opencell_ai.md md P3_ATLAS_CONTENT F06 0 0 0 0 1  NOT_FOUND_LOCAL DUPLICATE_","COGNITIVE_REVIEW_REQUIRED","COGNITIVE_REINTEGRATION_ADVISORY_ONLY","false","false","false","F07 audit/spec only; candidate for ContextPacket or PeripheralSignalPacket, never ACT"
"BRANCHABLE_ATLAS","atlas/world_protocol_atlas/","F06_ATLAS","FILE_PLAN_ALL 1845 BRANCHABLE_ATLAS OBSIDIA_BRANCHABLE_ATLAS_FULL_V0_5_DEEP_FINAL_AUDIT/docs/world_protocol_atlas/agents/openhardwarebuilder.json atlas/world_protocol_atlas/ openhardwarebuilder.json json P3_ATLAS_CONTENT F06 0 0 0 0 1  NOT_","COGNITIVE_REVIEW_REQUIRED","COGNITIVE_REINTEGRATION_ADVISORY_ONLY","false","false","false","F07 audit/spec only; candidate for ContextPacket or PeripheralSignalPacket, never ACT"
"BRANCHABLE_ATLAS","atlas/world_protocol_atlas/","F06_ATLAS","FILE_PLAN_ALL 1846 BRANCHABLE_ATLAS OBSIDIA_BRANCHABLE_ATLAS_FULL_V0_5_DEEP_FINAL_AUDIT/docs/world_protocol_atlas/agents/openhardwarebuilder.md atlas/world_protocol_atlas/ openhardwarebuilder.md md P3_ATLAS_CONTENT F06 0 0 0 0 1  NOT_FOUND_","COGNITIVE_REVIEW_REQUIRED","COGNITIVE_REINTEGRATION_ADVISORY_ONLY","false","false","false","F07 audit/spec only; candidate for ContextPacket or PeripheralSignalPacket, never ACT"
"BRANCHABLE_ATLAS","atlas/world_protocol_atlas/","F06_ATLAS","FILE_PLAN_ALL 1847 BRANCHABLE_ATLAS OBSIDIA_BRANCHABLE_ATLAS_FULL_V0_5_DEEP_FINAL_AUDIT/docs/world_protocol_atlas/agents/opensource_construction.json atlas/world_protocol_atlas/ opensource_construction.json json P3_ATLAS_CONTENT F06 0 0 0 0","COGNITIVE_REVIEW_REQUIRED","COGNITIVE_REINTEGRATION_ADVISORY_ONLY","false","false","false","F07 audit/spec only; candidate for ContextPacket or PeripheralSignalPacket, never ACT"
"BRANCHABLE_ATLAS","atlas/world_protocol_atlas/","F06_ATLAS","FILE_PLAN_ALL 1848 BRANCHABLE_ATLAS OBSIDIA_BRANCHABLE_ATLAS_FULL_V0_5_DEEP_FINAL_AUDIT/docs/world_protocol_atlas/agents/opensource_construction.md atlas/world_protocol_atlas/ opensource_construction.md md P3_ATLAS_CONTENT F06 0 0 0 0 1  NO","COGNITIVE_REVIEW_REQUIRED","COGNITIVE_REINTEGRATION_ADVISORY_ONLY","false","false","false","F07 audit/spec only; candidate for ContextPacket or PeripheralSignalPacket, never ACT"
"BRANCHABLE_ATLAS","atlas/world_protocol_atlas/","F06_ATLAS","FILE_PLAN_ALL 1849 BRANCHABLE_ATLAS OBSIDIA_BRANCHABLE_ATLAS_FULL_V0_5_DEEP_FINAL_AUDIT/docs/world_protocol_atlas/agents/oralhistoryvault.json atlas/world_protocol_atlas/ oralhistoryvault.json json P3_ATLAS_CONTENT F06 0 0 0 0 1  NOT_FOUND_","COGNITIVE_REVIEW_REQUIRED","COGNITIVE_REINTEGRATION_ADVISORY_ONLY","false","false","false","F07 audit/spec only; candidate for ContextPacket or PeripheralSignalPacket, never ACT"
"BRANCHABLE_ATLAS","atlas/world_protocol_atlas/","F06_ATLAS","FILE_PLAN_ALL 1850 BRANCHABLE_ATLAS OBSIDIA_BRANCHABLE_ATLAS_FULL_V0_5_DEEP_FINAL_AUDIT/docs/world_protocol_atlas/agents/oralhistoryvault.md atlas/world_protocol_atlas/ oralhistoryvault.md md P3_ATLAS_CONTENT F06 0 0 0 0 1  NOT_FOUND_LOCAL ","COGNITIVE_REVIEW_REQUIRED","COGNITIVE_REINTEGRATION_ADVISORY_ONLY","false","false","false","F07 audit/spec only; candidate for ContextPacket or PeripheralSignalPacket, never ACT"
"BRANCHABLE_ATLAS","atlas/world_protocol_atlas/","F06_ATLAS","FILE_PLAN_ALL 1851 BRANCHABLE_ATLAS OBSIDIA_BRANCHABLE_ATLAS_FULL_V0_5_DEEP_FINAL_AUDIT/docs/world_protocol_atlas/agents/passageagent.json atlas/world_protocol_atlas/ passageagent.json json P3_ATLAS_CONTENT F06 0 0 0 0 1  NOT_FOUND_LOCAL DU","COGNITIVE_REVIEW_REQUIRED","COGNITIVE_REINTEGRATION_ADVISORY_ONLY","false","false","false","F07 audit/spec only; candidate for ContextPacket or PeripheralSignalPacket, never ACT"
"BRANCHABLE_ATLAS","atlas/world_protocol_atlas/","F06_ATLAS","FILE_PLAN_ALL 1852 BRANCHABLE_ATLAS OBSIDIA_BRANCHABLE_ATLAS_FULL_V0_5_DEEP_FINAL_AUDIT/docs/world_protocol_atlas/agents/passageagent.md atlas/world_protocol_atlas/ passageagent.md md P3_ATLAS_CONTENT F06 0 0 0 0 1  NOT_FOUND_LOCAL DUPLICAT","COGNITIVE_REVIEW_REQUIRED","COGNITIVE_REINTEGRATION_ADVISORY_ONLY","false","false","false","F07 audit/spec only; candidate for ContextPacket or PeripheralSignalPacket, never ACT"
"BRANCHABLE_ATLAS","atlas/world_protocol_atlas/","F06_ATLAS","FILE_PLAN_ALL 1853 BRANCHABLE_ATLAS OBSIDIA_BRANCHABLE_ATLAS_FULL_V0_5_DEEP_FINAL_AUDIT/docs/world_protocol_atlas/agents/pedidosya_adapter.json atlas/world_protocol_atlas/ pedidosya_adapter.json json P3_ATLAS_CONTENT F06 0 0 0 0 1  NOT_FOUN","COGNITIVE_REVIEW_REQUIRED","COGNITIVE_REINTEGRATION_ADVISORY_ONLY","false","false","false","F07 audit/spec only; candidate for ContextPacket or PeripheralSignalPacket, never ACT"
"BRANCHABLE_ATLAS","atlas/world_protocol_atlas/","F06_ATLAS","FILE_PLAN_ALL 1854 BRANCHABLE_ATLAS OBSIDIA_BRANCHABLE_ATLAS_FULL_V0_5_DEEP_FINAL_AUDIT/docs/world_protocol_atlas/agents/pedidosya_adapter.md atlas/world_protocol_atlas/ pedidosya_adapter.md md P3_ATLAS_CONTENT F06 0 0 0 0 1  NOT_FOUND_LOCA","COGNITIVE_REVIEW_REQUIRED","COGNITIVE_REINTEGRATION_ADVISORY_ONLY","false","false","false","F07 audit/spec only; candidate for ContextPacket or PeripheralSignalPacket, never ACT"
"BRANCHABLE_ATLAS","atlas/world_protocol_atlas/","F06_ATLAS","FILE_PLAN_ALL 1855 BRANCHABLE_ATLAS OBSIDIA_BRANCHABLE_ATLAS_FULL_V0_5_DEEP_FINAL_AUDIT/docs/world_protocol_atlas/agents/perplexity_ai_adapter.json atlas/world_protocol_atlas/ perplexity_ai_adapter.json json P3_ATLAS_CONTENT F06 0 0 0 0 1  ","COGNITIVE_REVIEW_REQUIRED","COGNITIVE_REINTEGRATION_ADVISORY_ONLY","false","false","false","F07 audit/spec only; candidate for ContextPacket or PeripheralSignalPacket, never ACT"
"BRANCHABLE_ATLAS","atlas/world_protocol_atlas/","F06_ATLAS","FILE_PLAN_ALL 1856 BRANCHABLE_ATLAS OBSIDIA_BRANCHABLE_ATLAS_FULL_V0_5_DEEP_FINAL_AUDIT/docs/world_protocol_atlas/agents/perplexity_ai_adapter.md atlas/world_protocol_atlas/ perplexity_ai_adapter.md md P3_ATLAS_CONTENT F06 0 0 0 0 1  NOT_FO","COGNITIVE_REVIEW_REQUIRED","COGNITIVE_REINTEGRATION_ADVISORY_ONLY","false","false","false","F07 audit/spec only; candidate for ContextPacket or PeripheralSignalPacket, never ACT"
"BRANCHABLE_ATLAS","atlas/world_protocol_atlas/","F06_ATLAS","FILE_PLAN_ALL 1857 BRANCHABLE_ATLAS OBSIDIA_BRANCHABLE_ATLAS_FULL_V0_5_DEEP_FINAL_AUDIT/docs/world_protocol_atlas/agents/persona_engine.json atlas/world_protocol_atlas/ persona_engine.json json P3_ATLAS_CONTENT F06 0 0 0 0 1  NOT_FOUND_LOCA","COGNITIVE_REVIEW_REQUIRED","COGNITIVE_REINTEGRATION_ADVISORY_ONLY","false","false","false","F07 audit/spec only; candidate for ContextPacket or PeripheralSignalPacket, never ACT"
"BRANCHABLE_ATLAS","atlas/world_protocol_atlas/","F06_ATLAS","FILE_PLAN_ALL 1858 BRANCHABLE_ATLAS OBSIDIA_BRANCHABLE_ATLAS_FULL_V0_5_DEEP_FINAL_AUDIT/docs/world_protocol_atlas/agents/persona_engine.md atlas/world_protocol_atlas/ persona_engine.md md P3_ATLAS_CONTENT F06 0 0 0 0 1  NOT_FOUND_LOCAL DUPL","COGNITIVE_REVIEW_REQUIRED","COGNITIVE_REINTEGRATION_ADVISORY_ONLY","false","false","false","F07 audit/spec only; candidate for ContextPacket or PeripheralSignalPacket, never ACT"
"BRANCHABLE_ATLAS","atlas/world_protocol_atlas/","F06_ATLAS","FILE_PLAN_ALL 1859 BRANCHABLE_ATLAS OBSIDIA_BRANCHABLE_ATLAS_FULL_V0_5_DEEP_FINAL_AUDIT/docs/world_protocol_atlas/agents/polarsentinel.json atlas/world_protocol_atlas/ polarsentinel.json json P3_ATLAS_CONTENT F06 0 0 0 0 1  NOT_FOUND_LOCAL ","COGNITIVE_REVIEW_REQUIRED","COGNITIVE_REINTEGRATION_ADVISORY_ONLY","false","false","false","F07 audit/spec only; candidate for ContextPacket or PeripheralSignalPacket, never ACT"
"BRANCHABLE_ATLAS","atlas/world_protocol_atlas/","F06_ATLAS","FILE_PLAN_ALL 1860 BRANCHABLE_ATLAS OBSIDIA_BRANCHABLE_ATLAS_FULL_V0_5_DEEP_FINAL_AUDIT/docs/world_protocol_atlas/agents/polarsentinel.md atlas/world_protocol_atlas/ polarsentinel.md md P3_ATLAS_CONTENT F06 0 0 0 0 1  NOT_FOUND_LOCAL DUPLIC","COGNITIVE_REVIEW_REQUIRED","COGNITIVE_REINTEGRATION_ADVISORY_ONLY","false","false","false","F07 audit/spec only; candidate for ContextPacket or PeripheralSignalPacket, never ACT"
"BRANCHABLE_ATLAS","atlas/world_protocol_atlas/","F06_ATLAS","FILE_PLAN_ALL 1861 BRANCHABLE_ATLAS OBSIDIA_BRANCHABLE_ATLAS_FULL_V0_5_DEEP_FINAL_AUDIT/docs/world_protocol_atlas/agents/policygym.json atlas/world_protocol_atlas/ policygym.json json P3_ATLAS_CONTENT F06 0 0 0 0 1  NOT_FOUND_LOCAL DUPLICAT","COGNITIVE_REVIEW_REQUIRED","COGNITIVE_REINTEGRATION_ADVISORY_ONLY","false","false","false","F07 audit/spec only; candidate for ContextPacket or PeripheralSignalPacket, never ACT"
"BRANCHABLE_ATLAS","atlas/world_protocol_atlas/","F06_ATLAS","FILE_PLAN_ALL 1862 BRANCHABLE_ATLAS OBSIDIA_BRANCHABLE_ATLAS_FULL_V0_5_DEEP_FINAL_AUDIT/docs/world_protocol_atlas/agents/policygym.md atlas/world_protocol_atlas/ policygym.md md P3_ATLAS_CONTENT F06 0 0 0 0 1  NOT_FOUND_LOCAL DUPLICATE_SAFE","COGNITIVE_REVIEW_REQUIRED","COGNITIVE_REINTEGRATION_ADVISORY_ONLY","false","false","false","F07 audit/spec only; candidate for ContextPacket or PeripheralSignalPacket, never ACT"
"BRANCHABLE_ATLAS","atlas/world_protocol_atlas/","F06_ATLAS","FILE_PLAN_ALL 1863 BRANCHABLE_ATLAS OBSIDIA_BRANCHABLE_ATLAS_FULL_V0_5_DEEP_FINAL_AUDIT/docs/world_protocol_atlas/agents/polylingua.json atlas/world_protocol_atlas/ polylingua.json json P3_ATLAS_CONTENT F06 0 0 0 0 1  NOT_FOUND_LOCAL DUPLIC","COGNITIVE_REVIEW_REQUIRED","COGNITIVE_REINTEGRATION_ADVISORY_ONLY","false","false","false","F07 audit/spec only; candidate for ContextPacket or PeripheralSignalPacket, never ACT"
"BRANCHABLE_ATLAS","atlas/world_protocol_atlas/","F06_ATLAS","FILE_PLAN_ALL 1864 BRANCHABLE_ATLAS OBSIDIA_BRANCHABLE_ATLAS_FULL_V0_5_DEEP_FINAL_AUDIT/docs/world_protocol_atlas/agents/polylingua.md atlas/world_protocol_atlas/ polylingua.md md P3_ATLAS_CONTENT F06 0 0 0 0 1  NOT_FOUND_LOCAL DUPLICATE_SA","COGNITIVE_REVIEW_REQUIRED","COGNITIVE_REINTEGRATION_ADVISORY_ONLY","false","false","false","F07 audit/spec only; candidate for ContextPacket or PeripheralSignalPacket, never ACT"
"BRANCHABLE_ATLAS","atlas/world_protocol_atlas/","F06_ATLAS","FILE_PLAN_ALL 1865 BRANCHABLE_ATLAS OBSIDIA_BRANCHABLE_ATLAS_FULL_V0_5_DEEP_FINAL_AUDIT/docs/world_protocol_atlas/agents/poolside_ai_adapter.json atlas/world_protocol_atlas/ poolside_ai_adapter.json json P3_ATLAS_CONTENT F06 0 0 0 0 1  NOT_","COGNITIVE_REVIEW_REQUIRED","COGNITIVE_REINTEGRATION_ADVISORY_ONLY","false","false","false","F07 audit/spec only; candidate for ContextPacket or PeripheralSignalPacket, never ACT"
"BRANCHABLE_ATLAS","atlas/world_protocol_atlas/","F06_ATLAS","FILE_PLAN_ALL 1866 BRANCHABLE_ATLAS OBSIDIA_BRANCHABLE_ATLAS_FULL_V0_5_DEEP_FINAL_AUDIT/docs/world_protocol_atlas/agents/poolside_ai_adapter.md atlas/world_protocol_atlas/ poolside_ai_adapter.md md P3_ATLAS_CONTENT F06 0 0 0 0 1  NOT_FOUND_","COGNITIVE_REVIEW_REQUIRED","COGNITIVE_REINTEGRATION_ADVISORY_ONLY","false","false","false","F07 audit/spec only; candidate for ContextPacket or PeripheralSignalPacket, never ACT"
"BRANCHABLE_ATLAS","atlas/world_protocol_atlas/","F06_ATLAS","FILE_PLAN_ALL 1867 BRANCHABLE_ATLAS OBSIDIA_BRANCHABLE_ATLAS_FULL_V0_5_DEEP_FINAL_AUDIT/docs/world_protocol_atlas/agents/portail_onirique.json atlas/world_protocol_atlas/ portail_onirique.json json P3_ATLAS_CONTENT F06 0 0 0 0 1  NOT_FOUND_","COGNITIVE_REVIEW_REQUIRED","COGNITIVE_REINTEGRATION_ADVISORY_ONLY","false","false","false","F07 audit/spec only; candidate for ContextPacket or PeripheralSignalPacket, never ACT"
"BRANCHABLE_ATLAS","atlas/world_protocol_atlas/","F06_ATLAS","FILE_PLAN_ALL 1868 BRANCHABLE_ATLAS OBSIDIA_BRANCHABLE_ATLAS_FULL_V0_5_DEEP_FINAL_AUDIT/docs/world_protocol_atlas/agents/portail_onirique.md atlas/world_protocol_atlas/ portail_onirique.md md P3_ATLAS_CONTENT F06 0 0 0 0 1  NOT_FOUND_LOCAL ","COGNITIVE_REVIEW_REQUIRED","COGNITIVE_REINTEGRATION_ADVISORY_ONLY","false","false","false","F07 audit/spec only; candidate for ContextPacket or PeripheralSignalPacket, never ACT"
"BRANCHABLE_ATLAS","atlas/world_protocol_atlas/","F06_ATLAS","FILE_PLAN_ALL 1869 BRANCHABLE_ATLAS OBSIDIA_BRANCHABLE_ATLAS_FULL_V0_5_DEEP_FINAL_AUDIT/docs/world_protocol_atlas/agents/protocole_chronos.json atlas/world_protocol_atlas/ protocole_chronos.json json P3_ATLAS_CONTENT F06 0 0 0 0 1  NOT_FOUN","COGNITIVE_REVIEW_REQUIRED","COGNITIVE_REINTEGRATION_ADVISORY_ONLY","false","false","false","F07 audit/spec only; candidate for ContextPacket or PeripheralSignalPacket, never ACT"
"BRANCHABLE_ATLAS","atlas/world_protocol_atlas/","F06_ATLAS","FILE_PLAN_ALL 1870 BRANCHABLE_ATLAS OBSIDIA_BRANCHABLE_ATLAS_FULL_V0_5_DEEP_FINAL_AUDIT/docs/world_protocol_atlas/agents/protocole_chronos.md atlas/world_protocol_atlas/ protocole_chronos.md md P3_ATLAS_CONTENT F06 0 0 0 0 1  NOT_FOUND_LOCA","COGNITIVE_REVIEW_REQUIRED","COGNITIVE_REINTEGRATION_ADVISORY_ONLY","false","false","false","F07 audit/spec only; candidate for ContextPacket or PeripheralSignalPacket, never ACT"
"BRANCHABLE_ATLAS","atlas/world_protocol_atlas/","F06_ATLAS","FILE_PLAN_ALL 1871 BRANCHABLE_ATLAS OBSIDIA_BRANCHABLE_ATLAS_FULL_V0_5_DEEP_FINAL_AUDIT/docs/world_protocol_atlas/agents/rareearthtrace.json atlas/world_protocol_atlas/ rareearthtrace.json json P3_ATLAS_CONTENT F06 0 0 0 0 1  NOT_FOUND_LOCA","COGNITIVE_REVIEW_REQUIRED","COGNITIVE_REINTEGRATION_ADVISORY_ONLY","false","false","false","F07 audit/spec only; candidate for ContextPacket or PeripheralSignalPacket, never ACT"
"BRANCHABLE_ATLAS","atlas/world_protocol_atlas/","F06_ATLAS","FILE_PLAN_ALL 1872 BRANCHABLE_ATLAS OBSIDIA_BRANCHABLE_ATLAS_FULL_V0_5_DEEP_FINAL_AUDIT/docs/world_protocol_atlas/agents/rareearthtrace.md atlas/world_protocol_atlas/ rareearthtrace.md md P3_ATLAS_CONTENT F06 0 0 0 0 1  NOT_FOUND_LOCAL DUPL","COGNITIVE_REVIEW_REQUIRED","COGNITIVE_REINTEGRATION_ADVISORY_ONLY","false","false","false","F07 audit/spec only; candidate for ContextPacket or PeripheralSignalPacket, never ACT"
"BRANCHABLE_ATLAS","atlas/world_protocol_atlas/","F06_ATLAS","FILE_PLAN_ALL 1873 BRANCHABLE_ATLAS OBSIDIA_BRANCHABLE_ATLAS_FULL_V0_5_DEEP_FINAL_AUDIT/docs/world_protocol_atlas/agents/ray.json atlas/world_protocol_atlas/ ray.json json P3_ATLAS_CONTENT F06 0 0 0 0 1  NOT_FOUND_LOCAL DUPLICATE_SAFE CLEAN","COGNITIVE_REVIEW_REQUIRED","COGNITIVE_REINTEGRATION_ADVISORY_ONLY","false","false","false","F07 audit/spec only; candidate for ContextPacket or PeripheralSignalPacket, never ACT"
"BRANCHABLE_ATLAS","atlas/world_protocol_atlas/","F06_ATLAS","FILE_PLAN_ALL 1874 BRANCHABLE_ATLAS OBSIDIA_BRANCHABLE_ATLAS_FULL_V0_5_DEEP_FINAL_AUDIT/docs/world_protocol_atlas/agents/ray.md atlas/world_protocol_atlas/ ray.md md P3_ATLAS_CONTENT F06 0 0 0 0 1  NOT_FOUND_LOCAL DUPLICATE_SAFE CLEAN LOW K","COGNITIVE_REVIEW_REQUIRED","COGNITIVE_REINTEGRATION_ADVISORY_ONLY","false","false","false","F07 audit/spec only; candidate for ContextPacket or PeripheralSignalPacket, never ACT"
"BRANCHABLE_ATLAS","atlas/world_protocol_atlas/","F06_ATLAS","FILE_PLAN_ALL 1875 BRANCHABLE_ATLAS OBSIDIA_BRANCHABLE_ATLAS_FULL_V0_5_DEEP_FINAL_AUDIT/docs/world_protocol_atlas/agents/reka_ai_adapter.json atlas/world_protocol_atlas/ reka_ai_adapter.json json P3_ATLAS_CONTENT F06 0 0 0 0 1  NOT_FOUND_LO","COGNITIVE_REVIEW_REQUIRED","COGNITIVE_REINTEGRATION_ADVISORY_ONLY","false","false","false","F07 audit/spec only; candidate for ContextPacket or PeripheralSignalPacket, never ACT"
"BRANCHABLE_ATLAS","atlas/world_protocol_atlas/","F06_ATLAS","FILE_PLAN_ALL 1876 BRANCHABLE_ATLAS OBSIDIA_BRANCHABLE_ATLAS_FULL_V0_5_DEEP_FINAL_AUDIT/docs/world_protocol_atlas/agents/reka_ai_adapter.md atlas/world_protocol_atlas/ reka_ai_adapter.md md P3_ATLAS_CONTENT F06 0 0 0 0 1  NOT_FOUND_LOCAL DU","COGNITIVE_REVIEW_REQUIRED","COGNITIVE_REINTEGRATION_ADVISORY_ONLY","false","false","false","F07 audit/spec only; candidate for ContextPacket or PeripheralSignalPacket, never ACT"
"BRANCHABLE_ATLAS","atlas/world_protocol_atlas/","F06_ATLAS","FILE_PLAN_ALL 1877 BRANCHABLE_ATLAS OBSIDIA_BRANCHABLE_ATLAS_FULL_V0_5_DEEP_FINAL_AUDIT/docs/world_protocol_atlas/agents/reseau_fractal_d_alerte.json atlas/world_protocol_atlas/ reseau_fractal_d_alerte.json json P3_ATLAS_CONTENT F06 0 0 0 0","COGNITIVE_REVIEW_REQUIRED","COGNITIVE_REINTEGRATION_ADVISORY_ONLY","false","false","false","F07 audit/spec only; candidate for ContextPacket or PeripheralSignalPacket, never ACT"
"BRANCHABLE_ATLAS","atlas/world_protocol_atlas/","F06_ATLAS","FILE_PLAN_ALL 1878 BRANCHABLE_ATLAS OBSIDIA_BRANCHABLE_ATLAS_FULL_V0_5_DEEP_FINAL_AUDIT/docs/world_protocol_atlas/agents/reseau_fractal_d_alerte.md atlas/world_protocol_atlas/ reseau_fractal_d_alerte.md md P3_ATLAS_CONTENT F06 0 0 0 0 1  NO","COGNITIVE_REVIEW_REQUIRED","COGNITIVE_REINTEGRATION_ADVISORY_ONLY","false","false","false","F07 audit/spec only; candidate for ContextPacket or PeripheralSignalPacket, never ACT"
"BRANCHABLE_ATLAS","atlas/world_protocol_atlas/","F06_ATLAS","FILE_PLAN_ALL 1879 BRANCHABLE_ATLAS OBSIDIA_BRANCHABLE_ATLAS_FULL_V0_5_DEEP_FINAL_AUDIT/docs/world_protocol_atlas/agents/returnmap.json atlas/world_protocol_atlas/ returnmap.json json P3_ATLAS_CONTENT F06 0 0 0 0 1  NOT_FOUND_LOCAL DUPLICAT","COGNITIVE_REVIEW_REQUIRED","COGNITIVE_REINTEGRATION_ADVISORY_ONLY","false","false","false","F07 audit/spec only; candidate for ContextPacket or PeripheralSignalPacket, never ACT"
"BRANCHABLE_ATLAS","atlas/world_protocol_atlas/","F06_ATLAS","FILE_PLAN_ALL 1880 BRANCHABLE_ATLAS OBSIDIA_BRANCHABLE_ATLAS_FULL_V0_5_DEEP_FINAL_AUDIT/docs/world_protocol_atlas/agents/returnmap.md atlas/world_protocol_atlas/ returnmap.md md P3_ATLAS_CONTENT F06 0 0 0 0 1  NOT_FOUND_LOCAL DUPLICATE_SAFE","COGNITIVE_REVIEW_REQUIRED","COGNITIVE_REINTEGRATION_ADVISORY_ONLY","false","false","false","F07 audit/spec only; candidate for ContextPacket or PeripheralSignalPacket, never ACT"
"BRANCHABLE_ATLAS","atlas/world_protocol_atlas/","F06_ATLAS","FILE_PLAN_ALL 1881 BRANCHABLE_ATLAS OBSIDIA_BRANCHABLE_ATLAS_FULL_V0_5_DEEP_FINAL_AUDIT/docs/world_protocol_atlas/agents/reve_simule.json atlas/world_protocol_atlas/ reve_simule.json json P3_ATLAS_CONTENT F06 0 0 0 0 1  NOT_FOUND_LOCAL DUPL","COGNITIVE_REVIEW_REQUIRED","COGNITIVE_REINTEGRATION_ADVISORY_ONLY","false","false","false","F07 audit/spec only; candidate for ContextPacket or PeripheralSignalPacket, never ACT"
"BRANCHABLE_ATLAS","atlas/world_protocol_atlas/","F06_ATLAS","FILE_PLAN_ALL 1882 BRANCHABLE_ATLAS OBSIDIA_BRANCHABLE_ATLAS_FULL_V0_5_DEEP_FINAL_AUDIT/docs/world_protocol_atlas/agents/reve_simule.md atlas/world_protocol_atlas/ reve_simule.md md P3_ATLAS_CONTENT F06 0 0 0 0 1  NOT_FOUND_LOCAL DUPLICATE_","COGNITIVE_REVIEW_REQUIRED","COGNITIVE_REINTEGRATION_ADVISORY_ONLY","false","false","false","F07 audit/spec only; candidate for ContextPacket or PeripheralSignalPacket, never ACT"
"BRANCHABLE_ATLAS","atlas/world_protocol_atlas/","F06_ATLAS","FILE_PLAN_ALL 1883 BRANCHABLE_ATLAS OBSIDIA_BRANCHABLE_ATLAS_FULL_V0_5_DEEP_FINAL_AUDIT/docs/world_protocol_atlas/agents/riffusion.json atlas/world_protocol_atlas/ riffusion.json json P3_ATLAS_CONTENT F06 0 0 0 0 1  NOT_FOUND_LOCAL DUPLICAT","COGNITIVE_REVIEW_REQUIRED","COGNITIVE_REINTEGRATION_ADVISORY_ONLY","false","false","false","F07 audit/spec only; candidate for ContextPacket or PeripheralSignalPacket, never ACT"
"BRANCHABLE_ATLAS","atlas/world_protocol_atlas/","F06_ATLAS","FILE_PLAN_ALL 1884 BRANCHABLE_ATLAS OBSIDIA_BRANCHABLE_ATLAS_FULL_V0_5_DEEP_FINAL_AUDIT/docs/world_protocol_atlas/agents/riffusion.md atlas/world_protocol_atlas/ riffusion.md md P3_ATLAS_CONTENT F06 0 0 0 0 1  NOT_FOUND_LOCAL DUPLICATE_SAFE","COGNITIVE_REVIEW_REQUIRED","COGNITIVE_REINTEGRATION_ADVISORY_ONLY","false","false","false","F07 audit/spec only; candidate for ContextPacket or PeripheralSignalPacket, never ACT"
"BRANCHABLE_ATLAS","atlas/world_protocol_atlas/","F06_ATLAS","FILE_PLAN_ALL 1885 BRANCHABLE_ATLAS OBSIDIA_BRANCHABLE_ATLAS_FULL_V0_5_DEEP_FINAL_AUDIT/docs/world_protocol_atlas/agents/ritualcontext.json atlas/world_protocol_atlas/ ritualcontext.json json P3_ATLAS_CONTENT F06 0 0 0 0 1  NOT_FOUND_LOCAL ","COGNITIVE_REVIEW_REQUIRED","COGNITIVE_REINTEGRATION_ADVISORY_ONLY","false","false","false","F07 audit/spec only; candidate for ContextPacket or PeripheralSignalPacket, never ACT"
"BRANCHABLE_ATLAS","atlas/world_protocol_atlas/","F06_ATLAS","FILE_PLAN_ALL 1886 BRANCHABLE_ATLAS OBSIDIA_BRANCHABLE_ATLAS_FULL_V0_5_DEEP_FINAL_AUDIT/docs/world_protocol_atlas/agents/ritualcontext.md atlas/world_protocol_atlas/ ritualcontext.md md P3_ATLAS_CONTENT F06 0 0 0 0 1  NOT_FOUND_LOCAL DUPLIC","COGNITIVE_REVIEW_REQUIRED","COGNITIVE_REINTEGRATION_ADVISORY_ONLY","false","false","false","F07 audit/spec only; candidate for ContextPacket or PeripheralSignalPacket, never ACT"
"BRANCHABLE_ATLAS","atlas/world_protocol_atlas/","F06_ATLAS","FILE_PLAN_ALL 1887 BRANCHABLE_ATLAS OBSIDIA_BRANCHABLE_ATLAS_FULL_V0_5_DEEP_FINAL_AUDIT/docs/world_protocol_atlas/agents/runway_ml_adapter.json atlas/world_protocol_atlas/ runway_ml_adapter.json json P3_ATLAS_CONTENT F06 0 0 0 0 1  NOT_FOUN","COGNITIVE_REVIEW_REQUIRED","COGNITIVE_REINTEGRATION_ADVISORY_ONLY","false","false","false","F07 audit/spec only; candidate for ContextPacket or PeripheralSignalPacket, never ACT"
"BRANCHABLE_ATLAS","atlas/world_protocol_atlas/","F06_ATLAS","FILE_PLAN_ALL 1888 BRANCHABLE_ATLAS OBSIDIA_BRANCHABLE_ATLAS_FULL_V0_5_DEEP_FINAL_AUDIT/docs/world_protocol_atlas/agents/runway_ml_adapter.md atlas/world_protocol_atlas/ runway_ml_adapter.md md P3_ATLAS_CONTENT F06 0 0 0 0 1  NOT_FOUND_LOCA","COGNITIVE_REVIEW_REQUIRED","COGNITIVE_REINTEGRATION_ADVISORY_ONLY","false","false","false","F07 audit/spec only; candidate for ContextPacket or PeripheralSignalPacket, never ACT"
"BRANCHABLE_ATLAS","atlas/world_protocol_atlas/","F06_ATLAS","FILE_PLAN_ALL 1889 BRANCHABLE_ATLAS OBSIDIA_BRANCHABLE_ATLAS_FULL_V0_5_DEEP_FINAL_AUDIT/docs/world_protocol_atlas/agents/sanctuaire_cognitif.json atlas/world_protocol_atlas/ sanctuaire_cognitif.json json P3_ATLAS_CONTENT F06 0 0 0 0 1  NOT_","COGNITIVE_REVIEW_REQUIRED","COGNITIVE_REINTEGRATION_ADVISORY_ONLY","false","false","false","F07 audit/spec only; candidate for ContextPacket or PeripheralSignalPacket, never ACT"
"BRANCHABLE_ATLAS","atlas/world_protocol_atlas/","F06_ATLAS","FILE_PLAN_ALL 1890 BRANCHABLE_ATLAS OBSIDIA_BRANCHABLE_ATLAS_FULL_V0_5_DEEP_FINAL_AUDIT/docs/world_protocol_atlas/agents/sanctuaire_cognitif.md atlas/world_protocol_atlas/ sanctuaire_cognitif.md md P3_ATLAS_CONTENT F06 0 0 0 0 1  NOT_FOUND_","COGNITIVE_REVIEW_REQUIRED","COGNITIVE_REINTEGRATION_ADVISORY_ONLY","false","false","false","F07 audit/spec only; candidate for ContextPacket or PeripheralSignalPacket, never ACT"
"BRANCHABLE_ATLAS","atlas/world_protocol_atlas/","F06_ATLAS","FILE_PLAN_ALL 1891 BRANCHABLE_ATLAS OBSIDIA_BRANCHABLE_ATLAS_FULL_V0_5_DEEP_FINAL_AUDIT/docs/world_protocol_atlas/agents/sandbox_de_realite_augmentee.json atlas/world_protocol_atlas/ sandbox_de_realite_augmentee.json json P3_ATLAS_CONTENT F","COGNITIVE_REVIEW_REQUIRED","COGNITIVE_REINTEGRATION_ADVISORY_ONLY","false","false","false","F07 audit/spec only; candidate for ContextPacket or PeripheralSignalPacket, never ACT"
"BRANCHABLE_ATLAS","atlas/world_protocol_atlas/","F06_ATLAS","FILE_PLAN_ALL 1892 BRANCHABLE_ATLAS OBSIDIA_BRANCHABLE_ATLAS_FULL_V0_5_DEEP_FINAL_AUDIT/docs/world_protocol_atlas/agents/sandbox_de_realite_augmentee.md atlas/world_protocol_atlas/ sandbox_de_realite_augmentee.md md P3_ATLAS_CONTENT F06 0 0","COGNITIVE_REVIEW_REQUIRED","COGNITIVE_REINTEGRATION_ADVISORY_ONLY","false","false","false","F07 audit/spec only; candidate for ContextPacket or PeripheralSignalPacket, never ACT"
"BRANCHABLE_ATLAS","atlas/world_protocol_atlas/","F06_ATLAS","FILE_PLAN_ALL 1893 BRANCHABLE_ATLAS OBSIDIA_BRANCHABLE_ATLAS_FULL_V0_5_DEEP_FINAL_AUDIT/docs/world_protocol_atlas/agents/sarvam_ai_adapter.json atlas/world_protocol_atlas/ sarvam_ai_adapter.json json P3_ATLAS_CONTENT F06 0 0 0 0 1  NOT_FOUN","COGNITIVE_REVIEW_REQUIRED","COGNITIVE_REINTEGRATION_ADVISORY_ONLY","false","false","false","F07 audit/spec only; candidate for ContextPacket or PeripheralSignalPacket, never ACT"
"BRANCHABLE_ATLAS","atlas/world_protocol_atlas/","F06_ATLAS","FILE_PLAN_ALL 1894 BRANCHABLE_ATLAS OBSIDIA_BRANCHABLE_ATLAS_FULL_V0_5_DEEP_FINAL_AUDIT/docs/world_protocol_atlas/agents/sarvam_ai_adapter.md atlas/world_protocol_atlas/ sarvam_ai_adapter.md md P3_ATLAS_CONTENT F06 0 0 0 0 1  NOT_FOUND_LOCA","COGNITIVE_REVIEW_REQUIRED","COGNITIVE_REINTEGRATION_ADVISORY_ONLY","false","false","false","F07 audit/spec only; candidate for ContextPacket or PeripheralSignalPacket, never ACT"
"BRANCHABLE_ATLAS","atlas/world_protocol_atlas/","F06_ATLAS","FILE_PLAN_ALL 1895 BRANCHABLE_ATLAS OBSIDIA_BRANCHABLE_ATLAS_FULL_V0_5_DEEP_FINAL_AUDIT/docs/world_protocol_atlas/agents/scene_onirique.json atlas/world_protocol_atlas/ scene_onirique.json json P3_ATLAS_CONTENT F06 0 0 0 0 1  NOT_FOUND_LOCA","COGNITIVE_REVIEW_REQUIRED","COGNITIVE_REINTEGRATION_ADVISORY_ONLY","false","false","false","F07 audit/spec only; candidate for ContextPacket or PeripheralSignalPacket, never ACT"
"BRANCHABLE_ATLAS","atlas/world_protocol_atlas/","F06_ATLAS","FILE_PLAN_ALL 1896 BRANCHABLE_ATLAS OBSIDIA_BRANCHABLE_ATLAS_FULL_V0_5_DEEP_FINAL_AUDIT/docs/world_protocol_atlas/agents/scene_onirique.md atlas/world_protocol_atlas/ scene_onirique.md md P3_ATLAS_CONTENT F06 0 0 0 0 1  NOT_FOUND_LOCAL DUPL","COGNITIVE_REVIEW_REQUIRED","COGNITIVE_REINTEGRATION_ADVISORY_ONLY","false","false","false","F07 audit/spec only; candidate for ContextPacket or PeripheralSignalPacket, never ACT"
"BRANCHABLE_ATLAS","atlas/world_protocol_atlas/","F06_ATLAS","FILE_PLAN_ALL 1897 BRANCHABLE_ATLAS OBSIDIA_BRANCHABLE_ATLAS_FULL_V0_5_DEEP_FINAL_AUDIT/docs/world_protocol_atlas/agents/sentinelle_climatique.json atlas/world_protocol_atlas/ sentinelle_climatique.json json P3_ATLAS_CONTENT F06 0 0 0 0 1  ","COGNITIVE_REVIEW_REQUIRED","COGNITIVE_REINTEGRATION_ADVISORY_ONLY","false","false","false","F07 audit/spec only; candidate for ContextPacket or PeripheralSignalPacket, never ACT"
"BRANCHABLE_ATLAS","atlas/world_protocol_atlas/","F06_ATLAS","FILE_PLAN_ALL 1898 BRANCHABLE_ATLAS OBSIDIA_BRANCHABLE_ATLAS_FULL_V0_5_DEEP_FINAL_AUDIT/docs/world_protocol_atlas/agents/sentinelle_climatique.md atlas/world_protocol_atlas/ sentinelle_climatique.md md P3_ATLAS_CONTENT F06 0 0 0 0 1  NOT_FO","COGNITIVE_REVIEW_REQUIRED","COGNITIVE_REINTEGRATION_ADVISORY_ONLY","false","false","false","F07 audit/spec only; candidate for ContextPacket or PeripheralSignalPacket, never ACT"
"BRANCHABLE_ATLAS","atlas/world_protocol_atlas/","F06_ATLAS","FILE_PLAN_ALL 1899 BRANCHABLE_ATLAS OBSIDIA_BRANCHABLE_ATLAS_FULL_V0_5_DEEP_FINAL_AUDIT/docs/world_protocol_atlas/agents/simcivilization.json atlas/world_protocol_atlas/ simcivilization.json json P3_ATLAS_CONTENT F06 0 0 0 0 1  NOT_FOUND_LO","COGNITIVE_REVIEW_REQUIRED","COGNITIVE_REINTEGRATION_ADVISORY_ONLY","false","false","false","F07 audit/spec only; candidate for ContextPacket or PeripheralSignalPacket, never ACT"
"BRANCHABLE_ATLAS","atlas/world_protocol_atlas/","F06_ATLAS","FILE_PLAN_ALL 1900 BRANCHABLE_ATLAS OBSIDIA_BRANCHABLE_ATLAS_FULL_V0_5_DEEP_FINAL_AUDIT/docs/world_protocol_atlas/agents/simcivilization.md atlas/world_protocol_atlas/ simcivilization.md md P3_ATLAS_CONTENT F06 0 0 0 0 1  NOT_FOUND_LOCAL DU","COGNITIVE_REVIEW_REQUIRED","COGNITIVE_REINTEGRATION_ADVISORY_ONLY","false","false","false","F07 audit/spec only; candidate for ContextPacket or PeripheralSignalPacket, never ACT"
"BRANCHABLE_ATLAS","atlas/world_protocol_atlas/","F06_ATLAS","FILE_PLAN_ALL 1901 BRANCHABLE_ATLAS OBSIDIA_BRANCHABLE_ATLAS_FULL_V0_5_DEEP_FINAL_AUDIT/docs/world_protocol_atlas/agents/simulateur_fictionnel.json atlas/world_protocol_atlas/ simulateur_fictionnel.json json P3_ATLAS_CONTENT F06 0 0 0 0 1  ","COGNITIVE_REVIEW_REQUIRED","COGNITIVE_REINTEGRATION_ADVISORY_ONLY","false","false","false","F07 audit/spec only; candidate for ContextPacket or PeripheralSignalPacket, never ACT"
"BRANCHABLE_ATLAS","atlas/world_protocol_atlas/","F06_ATLAS","FILE_PLAN_ALL 1902 BRANCHABLE_ATLAS OBSIDIA_BRANCHABLE_ATLAS_FULL_V0_5_DEEP_FINAL_AUDIT/docs/world_protocol_atlas/agents/simulateur_fictionnel.md atlas/world_protocol_atlas/ simulateur_fictionnel.md md P3_ATLAS_CONTENT F06 0 0 0 0 1  NOT_FO","COGNITIVE_REVIEW_REQUIRED","COGNITIVE_REINTEGRATION_ADVISORY_ONLY","false","false","false","F07 audit/spec only; candidate for ContextPacket or PeripheralSignalPacket, never ACT"
"BRANCHABLE_ATLAS","atlas/world_protocol_atlas/","F06_ATLAS","FILE_PLAN_ALL 1903 BRANCHABLE_ATLAS OBSIDIA_BRANCHABLE_ATLAS_FULL_V0_5_DEEP_FINAL_AUDIT/docs/world_protocol_atlas/agents/simulateur_fractal.json atlas/world_protocol_atlas/ simulateur_fractal.json json P3_ATLAS_CONTENT F06 0 0 0 0 1  NOT_FO","COGNITIVE_REVIEW_REQUIRED","COGNITIVE_REINTEGRATION_ADVISORY_ONLY","false","false","false","F07 audit/spec only; candidate for ContextPacket or PeripheralSignalPacket, never ACT"
"BRANCHABLE_ATLAS","atlas/world_protocol_atlas/","F06_ATLAS","FILE_PLAN_ALL 1904 BRANCHABLE_ATLAS OBSIDIA_BRANCHABLE_ATLAS_FULL_V0_5_DEEP_FINAL_AUDIT/docs/world_protocol_atlas/agents/simulateur_fractal.md atlas/world_protocol_atlas/ simulateur_fractal.md md P3_ATLAS_CONTENT F06 0 0 0 0 1  NOT_FOUND_LO","COGNITIVE_REVIEW_REQUIRED","COGNITIVE_REINTEGRATION_ADVISORY_ONLY","false","false","false","F07 audit/spec only; candidate for ContextPacket or PeripheralSignalPacket, never ACT"
"BRANCHABLE_ATLAS","atlas/world_protocol_atlas/","F06_ATLAS","FILE_PLAN_ALL 1905 BRANCHABLE_ATLAS OBSIDIA_BRANCHABLE_ATLAS_FULL_V0_5_DEEP_FINAL_AUDIT/docs/world_protocol_atlas/agents/skypilot.json atlas/world_protocol_atlas/ skypilot.json json P3_ATLAS_CONTENT F06 0 0 0 0 1  NOT_FOUND_LOCAL DUPLICATE_","COGNITIVE_REVIEW_REQUIRED","COGNITIVE_REINTEGRATION_ADVISORY_ONLY","false","false","false","F07 audit/spec only; candidate for ContextPacket or PeripheralSignalPacket, never ACT"
"BRANCHABLE_ATLAS","atlas/world_protocol_atlas/","F06_ATLAS","FILE_PLAN_ALL 1906 BRANCHABLE_ATLAS OBSIDIA_BRANCHABLE_ATLAS_FULL_V0_5_DEEP_FINAL_AUDIT/docs/world_protocol_atlas/agents/skypilot.md atlas/world_protocol_atlas/ skypilot.md md P3_ATLAS_CONTENT F06 0 0 0 0 1  NOT_FOUND_LOCAL DUPLICATE_SAFE C","COGNITIVE_REVIEW_REQUIRED","COGNITIVE_REINTEGRATION_ADVISORY_ONLY","false","false","false","F07 audit/spec only; candidate for ContextPacket or PeripheralSignalPacket, never ACT"
"BRANCHABLE_ATLAS","atlas/world_protocol_atlas/","F06_ATLAS","FILE_PLAN_ALL 1907 BRANCHABLE_ATLAS OBSIDIA_BRANCHABLE_ATLAS_FULL_V0_5_DEEP_FINAL_AUDIT/docs/world_protocol_atlas/agents/skyportal.json atlas/world_protocol_atlas/ skyportal.json json P3_ATLAS_CONTENT F06 0 0 0 0 1  NOT_FOUND_LOCAL DUPLICAT","COGNITIVE_REVIEW_REQUIRED","COGNITIVE_REINTEGRATION_ADVISORY_ONLY","false","false","false","F07 audit/spec only; candidate for ContextPacket or PeripheralSignalPacket, never ACT"
"BRANCHABLE_ATLAS","atlas/world_protocol_atlas/","F06_ATLAS","FILE_PLAN_ALL 1908 BRANCHABLE_ATLAS OBSIDIA_BRANCHABLE_ATLAS_FULL_V0_5_DEEP_FINAL_AUDIT/docs/world_protocol_atlas/agents/skyportal.md atlas/world_protocol_atlas/ skyportal.md md P3_ATLAS_CONTENT F06 0 0 0 0 1  NOT_FOUND_LOCAL DUPLICATE_SAFE","COGNITIVE_REVIEW_REQUIRED","COGNITIVE_REINTEGRATION_ADVISORY_ONLY","false","false","false","F07 audit/spec only; candidate for ContextPacket or PeripheralSignalPacket, never ACT"
"BRANCHABLE_ATLAS","atlas/world_protocol_atlas/","F06_ATLAS","FILE_PLAN_ALL 1909 BRANCHABLE_ATLAS OBSIDIA_BRANCHABLE_ATLAS_FULL_V0_5_DEEP_FINAL_AUDIT/docs/world_protocol_atlas/agents/solinftec_adapter.json atlas/world_protocol_atlas/ solinftec_adapter.json json P3_ATLAS_CONTENT F06 0 0 0 0 1  NOT_FOUN","COGNITIVE_REVIEW_REQUIRED","COGNITIVE_REINTEGRATION_ADVISORY_ONLY","false","false","false","F07 audit/spec only; candidate for ContextPacket or PeripheralSignalPacket, never ACT"
"BRANCHABLE_ATLAS","atlas/world_protocol_atlas/","F06_ATLAS","FILE_PLAN_ALL 1910 BRANCHABLE_ATLAS OBSIDIA_BRANCHABLE_ATLAS_FULL_V0_5_DEEP_FINAL_AUDIT/docs/world_protocol_atlas/agents/solinftec_adapter.md atlas/world_protocol_atlas/ solinftec_adapter.md md P3_ATLAS_CONTENT F06 0 0 0 0 1  NOT_FOUND_LOCA","COGNITIVE_REVIEW_REQUIRED","COGNITIVE_REINTEGRATION_ADVISORY_ONLY","false","false","false","F07 audit/spec only; candidate for ContextPacket or PeripheralSignalPacket, never ACT"
"BRANCHABLE_ATLAS","atlas/world_protocol_atlas/","F06_ATLAS","FILE_PLAN_ALL 1911 BRANCHABLE_ATLAS OBSIDIA_BRANCHABLE_ATLAS_FULL_V0_5_DEEP_FINAL_AUDIT/docs/world_protocol_atlas/agents/sonarobsidia.json atlas/world_protocol_atlas/ sonarobsidia.json json P3_ATLAS_CONTENT F06 0 0 0 0 1  NOT_FOUND_LOCAL DU","COGNITIVE_REVIEW_REQUIRED","COGNITIVE_REINTEGRATION_ADVISORY_ONLY","false","false","false","F07 audit/spec only; candidate for ContextPacket or PeripheralSignalPacket, never ACT"
"BRANCHABLE_ATLAS","atlas/world_protocol_atlas/","F06_ATLAS","FILE_PLAN_ALL 1912 BRANCHABLE_ATLAS OBSIDIA_BRANCHABLE_ATLAS_FULL_V0_5_DEEP_FINAL_AUDIT/docs/world_protocol_atlas/agents/sonarobsidia.md atlas/world_protocol_atlas/ sonarobsidia.md md P3_ATLAS_CONTENT F06 0 0 0 0 1  NOT_FOUND_LOCAL DUPLICAT","COGNITIVE_REVIEW_REQUIRED","COGNITIVE_REINTEGRATION_ADVISORY_ONLY","false","false","false","F07 audit/spec only; candidate for ContextPacket or PeripheralSignalPacket, never ACT"
"BRANCHABLE_ATLAS","atlas/world_protocol_atlas/","F06_ATLAS","FILE_PLAN_ALL 1913 BRANCHABLE_ATLAS OBSIDIA_BRANCHABLE_ATLAS_FULL_V0_5_DEEP_FINAL_AUDIT/docs/world_protocol_atlas/agents/soulcareprotocol.json atlas/world_protocol_atlas/ soulcareprotocol.json json P3_ATLAS_CONTENT F06 0 0 0 0 1  NOT_FOUND_","COGNITIVE_REVIEW_REQUIRED","COGNITIVE_REINTEGRATION_ADVISORY_ONLY","false","false","false","F07 audit/spec only; candidate for ContextPacket or PeripheralSignalPacket, never ACT"
"BRANCHABLE_ATLAS","atlas/world_protocol_atlas/","F06_ATLAS","FILE_PLAN_ALL 1914 BRANCHABLE_ATLAS OBSIDIA_BRANCHABLE_ATLAS_FULL_V0_5_DEEP_FINAL_AUDIT/docs/world_protocol_atlas/agents/soulcareprotocol.md atlas/world_protocol_atlas/ soulcareprotocol.md md P3_ATLAS_CONTENT F06 0 0 0 0 1  NOT_FOUND_LOCAL ","COGNITIVE_REVIEW_REQUIRED","COGNITIVE_REINTEGRATION_ADVISORY_ONLY","false","false","false","F07 audit/spec only; candidate for ContextPacket or PeripheralSignalPacket, never ACT"
"BRANCHABLE_ATLAS","atlas/world_protocol_atlas/","F06_ATLAS","FILE_PLAN_ALL 1915 BRANCHABLE_ATLAS OBSIDIA_BRANCHABLE_ATLAS_FULL_V0_5_DEEP_FINAL_AUDIT/docs/world_protocol_atlas/agents/spiritbridge.json atlas/world_protocol_atlas/ spiritbridge.json json P3_ATLAS_CONTENT F06 0 0 0 0 1  NOT_FOUND_LOCAL DU","COGNITIVE_REVIEW_REQUIRED","COGNITIVE_REINTEGRATION_ADVISORY_ONLY","false","false","false","F07 audit/spec only; candidate for ContextPacket or PeripheralSignalPacket, never ACT"
"BRANCHABLE_ATLAS","atlas/world_protocol_atlas/","F06_ATLAS","FILE_PLAN_ALL 1916 BRANCHABLE_ATLAS OBSIDIA_BRANCHABLE_ATLAS_FULL_V0_5_DEEP_FINAL_AUDIT/docs/world_protocol_atlas/agents/spiritbridge.md atlas/world_protocol_atlas/ spiritbridge.md md P3_ATLAS_CONTENT F06 0 0 0 0 1  NOT_FOUND_LOCAL DUPLICAT","COGNITIVE_REVIEW_REQUIRED","COGNITIVE_REINTEGRATION_ADVISORY_ONLY","false","false","false","F07 audit/spec only; candidate for ContextPacket or PeripheralSignalPacket, never ACT"
"BRANCHABLE_ATLAS","atlas/world_protocol_atlas/","F06_ATLAS","FILE_PLAN_ALL 1917 BRANCHABLE_ATLAS OBSIDIA_BRANCHABLE_ATLAS_FULL_V0_5_DEEP_FINAL_AUDIT/docs/world_protocol_atlas/agents/stability_ai_adapter.json atlas/world_protocol_atlas/ stability_ai_adapter.json json P3_ATLAS_CONTENT F06 0 0 0 0 1  NO","COGNITIVE_REVIEW_REQUIRED","COGNITIVE_REINTEGRATION_ADVISORY_ONLY","false","false","false","F07 audit/spec only; candidate for ContextPacket or PeripheralSignalPacket, never ACT"
"BRANCHABLE_ATLAS","atlas/world_protocol_atlas/","F06_ATLAS","FILE_PLAN_ALL 1918 BRANCHABLE_ATLAS OBSIDIA_BRANCHABLE_ATLAS_FULL_V0_5_DEEP_FINAL_AUDIT/docs/world_protocol_atlas/agents/stability_ai_adapter.md atlas/world_protocol_atlas/ stability_ai_adapter.md md P3_ATLAS_CONTENT F06 0 0 0 0 1  NOT_FOUN","COGNITIVE_REVIEW_REQUIRED","COGNITIVE_REINTEGRATION_ADVISORY_ONLY","false","false","false","F07 audit/spec only; candidate for ContextPacket or PeripheralSignalPacket, never ACT"
"BRANCHABLE_ATLAS","atlas/world_protocol_atlas/","F06_ATLAS","FILE_PLAN_ALL 1919 BRANCHABLE_ATLAS OBSIDIA_BRANCHABLE_ATLAS_FULL_V0_5_DEEP_FINAL_AUDIT/docs/world_protocol_atlas/agents/submarinesitegraph.json atlas/world_protocol_atlas/ submarinesitegraph.json json P3_ATLAS_CONTENT F06 0 0 0 0 1  NOT_FO","COGNITIVE_REVIEW_REQUIRED","COGNITIVE_REINTEGRATION_ADVISORY_ONLY","false","false","false","F07 audit/spec only; candidate for ContextPacket or PeripheralSignalPacket, never ACT"
"BRANCHABLE_ATLAS","atlas/world_protocol_atlas/","F06_ATLAS","FILE_PLAN_ALL 1920 BRANCHABLE_ATLAS OBSIDIA_BRANCHABLE_ATLAS_FULL_V0_5_DEEP_FINAL_AUDIT/docs/world_protocol_atlas/agents/submarinesitegraph.md atlas/world_protocol_atlas/ submarinesitegraph.md md P3_ATLAS_CONTENT F06 0 0 0 0 1  NOT_FOUND_LO","COGNITIVE_REVIEW_REQUIRED","COGNITIVE_REINTEGRATION_ADVISORY_ONLY","false","false","false","F07 audit/spec only; candidate for ContextPacket or PeripheralSignalPacket, never ACT"
"BRANCHABLE_ATLAS","atlas/world_protocol_atlas/","F06_ATLAS","FILE_PLAN_ALL 1921 BRANCHABLE_ATLAS OBSIDIA_BRANCHABLE_ATLAS_FULL_V0_5_DEEP_FINAL_AUDIT/docs/world_protocol_atlas/agents/talismanparser.json atlas/world_protocol_atlas/ talismanparser.json json P3_ATLAS_CONTENT F06 0 0 0 0 1  NOT_FOUND_LOCA","COGNITIVE_REVIEW_REQUIRED","COGNITIVE_REINTEGRATION_ADVISORY_ONLY","false","false","false","F07 audit/spec only; candidate for ContextPacket or PeripheralSignalPacket, never ACT"
"BRANCHABLE_ATLAS","atlas/world_protocol_atlas/","F06_ATLAS","FILE_PLAN_ALL 1922 BRANCHABLE_ATLAS OBSIDIA_BRANCHABLE_ATLAS_FULL_V0_5_DEEP_FINAL_AUDIT/docs/world_protocol_atlas/agents/talismanparser.md atlas/world_protocol_atlas/ talismanparser.md md P3_ATLAS_CONTENT F06 0 0 0 0 1  NOT_FOUND_LOCAL DUPL","COGNITIVE_REVIEW_REQUIRED","COGNITIVE_REINTEGRATION_ADVISORY_ONLY","false","false","false","F07 audit/spec only; candidate for ContextPacket or PeripheralSignalPacket, never ACT"
"BRANCHABLE_ATLAS","atlas/world_protocol_atlas/","F06_ATLAS","FILE_PLAN_ALL 1923 BRANCHABLE_ATLAS OBSIDIA_BRANCHABLE_ATLAS_FULL_V0_5_DEEP_FINAL_AUDIT/docs/world_protocol_atlas/agents/terraancestor.json atlas/world_protocol_atlas/ terraancestor.json json P3_ATLAS_CONTENT F06 0 0 0 0 1  NOT_FOUND_LOCAL ","COGNITIVE_REVIEW_REQUIRED","COGNITIVE_REINTEGRATION_ADVISORY_ONLY","false","false","false","F07 audit/spec only; candidate for ContextPacket or PeripheralSignalPacket, never ACT"
"BRANCHABLE_ATLAS","atlas/world_protocol_atlas/","F06_ATLAS","FILE_PLAN_ALL 1924 BRANCHABLE_ATLAS OBSIDIA_BRANCHABLE_ATLAS_FULL_V0_5_DEEP_FINAL_AUDIT/docs/world_protocol_atlas/agents/terraancestor.md atlas/world_protocol_atlas/ terraancestor.md md P3_ATLAS_CONTENT F06 0 0 0 0 1  NOT_FOUND_LOCAL DUPLIC","COGNITIVE_REVIEW_REQUIRED","COGNITIVE_REINTEGRATION_ADVISORY_ONLY","false","false","false","F07 audit/spec only; candidate for ContextPacket or PeripheralSignalPacket, never ACT"
"BRANCHABLE_ATLAS","atlas/world_protocol_atlas/","F06_ATLAS","FILE_PLAN_ALL 1925 BRANCHABLE_ATLAS OBSIDIA_BRANCHABLE_ATLAS_FULL_V0_5_DEEP_FINAL_AUDIT/docs/world_protocol_atlas/agents/thanatologie_numerique.json atlas/world_protocol_atlas/ thanatologie_numerique.json json P3_ATLAS_CONTENT F06 0 0 0 0 1","COGNITIVE_REVIEW_REQUIRED","COGNITIVE_REINTEGRATION_ADVISORY_ONLY","false","false","false","F07 audit/spec only; candidate for ContextPacket or PeripheralSignalPacket, never ACT"
"BRANCHABLE_ATLAS","atlas/world_protocol_atlas/","F06_ATLAS","FILE_PLAN_ALL 1926 BRANCHABLE_ATLAS OBSIDIA_BRANCHABLE_ATLAS_FULL_V0_5_DEEP_FINAL_AUDIT/docs/world_protocol_atlas/agents/thanatologie_numerique.md atlas/world_protocol_atlas/ thanatologie_numerique.md md P3_ATLAS_CONTENT F06 0 0 0 0 1  NOT_","COGNITIVE_REVIEW_REQUIRED","COGNITIVE_REINTEGRATION_ADVISORY_ONLY","false","false","false","F07 audit/spec only; candidate for ContextPacket or PeripheralSignalPacket, never ACT"
"BRANCHABLE_ATLAS","atlas/world_protocol_atlas/","F06_ATLAS","FILE_PLAN_ALL 1927 BRANCHABLE_ATLAS OBSIDIA_BRANCHABLE_ATLAS_FULL_V0_5_DEEP_FINAL_AUDIT/docs/world_protocol_atlas/agents/theatre_cognitif.json atlas/world_protocol_atlas/ theatre_cognitif.json json P3_ATLAS_CONTENT F06 0 0 0 0 1  NOT_FOUND_","COGNITIVE_REVIEW_REQUIRED","COGNITIVE_REINTEGRATION_ADVISORY_ONLY","false","false","false","F07 audit/spec only; candidate for ContextPacket or PeripheralSignalPacket, never ACT"
"BRANCHABLE_ATLAS","atlas/world_protocol_atlas/","F06_ATLAS","FILE_PLAN_ALL 1928 BRANCHABLE_ATLAS OBSIDIA_BRANCHABLE_ATLAS_FULL_V0_5_DEEP_FINAL_AUDIT/docs/world_protocol_atlas/agents/theatre_cognitif.md atlas/world_protocol_atlas/ theatre_cognitif.md md P3_ATLAS_CONTENT F06 0 0 0 0 1  NOT_FOUND_LOCAL ","COGNITIVE_REVIEW_REQUIRED","COGNITIVE_REINTEGRATION_ADVISORY_ONLY","false","false","false","F07 audit/spec only; candidate for ContextPacket or PeripheralSignalPacket, never ACT"
"BRANCHABLE_ATLAS","atlas/world_protocol_atlas/","F06_ATLAS","FILE_PLAN_ALL 1929 BRANCHABLE_ATLAS OBSIDIA_BRANCHABLE_ATLAS_FULL_V0_5_DEEP_FINAL_AUDIT/docs/world_protocol_atlas/agents/themis.json atlas/world_protocol_atlas/ themis.json json P3_ATLAS_CONTENT F06 0 0 0 0 1  NOT_FOUND_LOCAL DUPLICATE_SAFE","COGNITIVE_REVIEW_REQUIRED","COGNITIVE_REINTEGRATION_ADVISORY_ONLY","false","false","false","F07 audit/spec only; candidate for ContextPacket or PeripheralSignalPacket, never ACT"
"BRANCHABLE_ATLAS","atlas/world_protocol_atlas/","F06_ATLAS","FILE_PLAN_ALL 1930 BRANCHABLE_ATLAS OBSIDIA_BRANCHABLE_ATLAS_FULL_V0_5_DEEP_FINAL_AUDIT/docs/world_protocol_atlas/agents/themis.md atlas/world_protocol_atlas/ themis.md md P3_ATLAS_CONTENT F06 0 0 0 0 1  NOT_FOUND_LOCAL DUPLICATE_SAFE CLEAN","COGNITIVE_REVIEW_REQUIRED","COGNITIVE_REINTEGRATION_ADVISORY_ONLY","false","false","false","F07 audit/spec only; candidate for ContextPacket or PeripheralSignalPacket, never ACT"
"BRANCHABLE_ATLAS","atlas/world_protocol_atlas/","F06_ATLAS","FILE_PLAN_ALL 1931 BRANCHABLE_ATLAS OBSIDIA_BRANCHABLE_ATLAS_FULL_V0_5_DEEP_FINAL_AUDIT/docs/world_protocol_atlas/agents/thunderforge.json atlas/world_protocol_atlas/ thunderforge.json json P3_ATLAS_CONTENT F06 0 0 0 0 1  NOT_FOUND_LOCAL DU","COGNITIVE_REVIEW_REQUIRED","COGNITIVE_REINTEGRATION_ADVISORY_ONLY","false","false","false","F07 audit/spec only; candidate for ContextPacket or PeripheralSignalPacket, never ACT"
"BRANCHABLE_ATLAS","atlas/world_protocol_atlas/","F06_ATLAS","FILE_PLAN_ALL 1932 BRANCHABLE_ATLAS OBSIDIA_BRANCHABLE_ATLAS_FULL_V0_5_DEEP_FINAL_AUDIT/docs/world_protocol_atlas/agents/thunderforge.md atlas/world_protocol_atlas/ thunderforge.md md P3_ATLAS_CONTENT F06 0 0 0 0 1  NOT_FOUND_LOCAL DUPLICAT","COGNITIVE_REVIEW_REQUIRED","COGNITIVE_REINTEGRATION_ADVISORY_ONLY","false","false","false","F07 audit/spec only; candidate for ContextPacket or PeripheralSignalPacket, never ACT"
"BRANCHABLE_ATLAS","atlas/world_protocol_atlas/","F06_ATLAS","FILE_PLAN_ALL 1933 BRANCHABLE_ATLAS OBSIDIA_BRANCHABLE_ATLAS_FULL_V0_5_DEEP_FINAL_AUDIT/docs/world_protocol_atlas/agents/ualabee_adapter.json atlas/world_protocol_atlas/ ualabee_adapter.json json P3_ATLAS_CONTENT F06 0 0 0 0 1  NOT_FOUND_LO","COGNITIVE_REVIEW_REQUIRED","COGNITIVE_REINTEGRATION_ADVISORY_ONLY","false","false","false","F07 audit/spec only; candidate for ContextPacket or PeripheralSignalPacket, never ACT"
"BRANCHABLE_ATLAS","atlas/world_protocol_atlas/","F06_ATLAS","FILE_PLAN_ALL 1934 BRANCHABLE_ATLAS OBSIDIA_BRANCHABLE_ATLAS_FULL_V0_5_DEEP_FINAL_AUDIT/docs/world_protocol_atlas/agents/ualabee_adapter.md atlas/world_protocol_atlas/ ualabee_adapter.md md P3_ATLAS_CONTENT F06 0 0 0 0 1  NOT_FOUND_LOCAL DU","COGNITIVE_REVIEW_REQUIRED","COGNITIVE_REINTEGRATION_ADVISORY_ONLY","false","false","false","F07 audit/spec only; candidate for ContextPacket or PeripheralSignalPacket, never ACT"
"BRANCHABLE_ATLAS","atlas/world_protocol_atlas/","F06_ATLAS","FILE_PLAN_ALL 1935 BRANCHABLE_ATLAS OBSIDIA_BRANCHABLE_ATLAS_FULL_V0_5_DEEP_FINAL_AUDIT/docs/world_protocol_atlas/agents/uccl.json atlas/world_protocol_atlas/ uccl.json json P3_ATLAS_CONTENT F06 0 0 0 0 1  NOT_FOUND_LOCAL DUPLICATE_SAFE CLE","COGNITIVE_REVIEW_REQUIRED","COGNITIVE_REINTEGRATION_ADVISORY_ONLY","false","false","false","F07 audit/spec only; candidate for ContextPacket or PeripheralSignalPacket, never ACT"
"BRANCHABLE_ATLAS","atlas/world_protocol_atlas/","F06_ATLAS","FILE_PLAN_ALL 1936 BRANCHABLE_ATLAS OBSIDIA_BRANCHABLE_ATLAS_FULL_V0_5_DEEP_FINAL_AUDIT/docs/world_protocol_atlas/agents/uccl.md atlas/world_protocol_atlas/ uccl.md md P3_ATLAS_CONTENT F06 0 0 0 0 1  NOT_FOUND_LOCAL DUPLICATE_SAFE CLEAN LOW","COGNITIVE_REVIEW_REQUIRED","COGNITIVE_REINTEGRATION_ADVISORY_ONLY","false","false","false","F07 audit/spec only; candidate for ContextPacket or PeripheralSignalPacket, never ACT"
"BRANCHABLE_ATLAS","atlas/world_protocol_atlas/","F06_ATLAS","FILE_PLAN_ALL 1937 BRANCHABLE_ATLAS OBSIDIA_BRANCHABLE_ATLAS_FULL_V0_5_DEEP_FINAL_AUDIT/docs/world_protocol_atlas/agents/uchronia_engine.json atlas/world_protocol_atlas/ uchronia_engine.json json P3_ATLAS_CONTENT F06 0 0 0 0 1  NOT_FOUND_LO","COGNITIVE_REVIEW_REQUIRED","COGNITIVE_REINTEGRATION_ADVISORY_ONLY","false","false","false","F07 audit/spec only; candidate for ContextPacket or PeripheralSignalPacket, never ACT"
"BRANCHABLE_ATLAS","atlas/world_protocol_atlas/","F06_ATLAS","FILE_PLAN_ALL 1938 BRANCHABLE_ATLAS OBSIDIA_BRANCHABLE_ATLAS_FULL_V0_5_DEEP_FINAL_AUDIT/docs/world_protocol_atlas/agents/uchronia_engine.md atlas/world_protocol_atlas/ uchronia_engine.md md P3_ATLAS_CONTENT F06 0 0 0 0 1  NOT_FOUND_LOCAL DU","COGNITIVE_REVIEW_REQUIRED","COGNITIVE_REINTEGRATION_ADVISORY_ONLY","false","false","false","F07 audit/spec only; candidate for ContextPacket or PeripheralSignalPacket, never ACT"
"BRANCHABLE_ATLAS","atlas/world_protocol_atlas/","F06_ATLAS","FILE_PLAN_ALL 1939 BRANCHABLE_ATLAS OBSIDIA_BRANCHABLE_ATLAS_FULL_V0_5_DEEP_FINAL_AUDIT/docs/world_protocol_atlas/agents/univers_fractaloides.json atlas/world_protocol_atlas/ univers_fractaloides.json json P3_ATLAS_CONTENT F06 0 0 0 0 1  NO","COGNITIVE_REVIEW_REQUIRED","COGNITIVE_REINTEGRATION_ADVISORY_ONLY","false","false","false","F07 audit/spec only; candidate for ContextPacket or PeripheralSignalPacket, never ACT"
"BRANCHABLE_ATLAS","atlas/world_protocol_atlas/","F06_ATLAS","FILE_PLAN_ALL 1940 BRANCHABLE_ATLAS OBSIDIA_BRANCHABLE_ATLAS_FULL_V0_5_DEEP_FINAL_AUDIT/docs/world_protocol_atlas/agents/univers_fractaloides.md atlas/world_protocol_atlas/ univers_fractaloides.md md P3_ATLAS_CONTENT F06 0 0 0 0 1  NOT_FOUN","COGNITIVE_REVIEW_REQUIRED","COGNITIVE_REINTEGRATION_ADVISORY_ONLY","false","false","false","F07 audit/spec only; candidate for ContextPacket or PeripheralSignalPacket, never ACT"
"BRANCHABLE_ATLAS","atlas/world_protocol_atlas/","F06_ATLAS","FILE_PLAN_ALL 1941 BRANCHABLE_ATLAS OBSIDIA_BRANCHABLE_ATLAS_FULL_V0_5_DEEP_FINAL_AUDIT/docs/world_protocol_atlas/agents/veille_tectonique_ia.json atlas/world_protocol_atlas/ veille_tectonique_ia.json json P3_ATLAS_CONTENT F06 0 0 0 0 1  NO","COGNITIVE_REVIEW_REQUIRED","COGNITIVE_REINTEGRATION_ADVISORY_ONLY","false","false","false","F07 audit/spec only; candidate for ContextPacket or PeripheralSignalPacket, never ACT"
"BRANCHABLE_ATLAS","atlas/world_protocol_atlas/","F06_ATLAS","FILE_PLAN_ALL 1942 BRANCHABLE_ATLAS OBSIDIA_BRANCHABLE_ATLAS_FULL_V0_5_DEEP_FINAL_AUDIT/docs/world_protocol_atlas/agents/veille_tectonique_ia.md atlas/world_protocol_atlas/ veille_tectonique_ia.md md P3_ATLAS_CONTENT F06 0 0 0 0 1  NOT_FOUN","COGNITIVE_REVIEW_REQUIRED","COGNITIVE_REINTEGRATION_ADVISORY_ONLY","false","false","false","F07 audit/spec only; candidate for ContextPacket or PeripheralSignalPacket, never ACT"
"BRANCHABLE_ATLAS","atlas/world_protocol_atlas/","F06_ATLAS","FILE_PLAN_ALL 1943 BRANCHABLE_ATLAS OBSIDIA_BRANCHABLE_ATLAS_FULL_V0_5_DEEP_FINAL_AUDIT/docs/world_protocol_atlas/agents/veille_virologique_ia.json atlas/world_protocol_atlas/ veille_virologique_ia.json json P3_ATLAS_CONTENT F06 0 0 0 0 1  ","COGNITIVE_REVIEW_REQUIRED","COGNITIVE_REINTEGRATION_ADVISORY_ONLY","false","false","false","F07 audit/spec only; candidate for ContextPacket or PeripheralSignalPacket, never ACT"
"BRANCHABLE_ATLAS","atlas/world_protocol_atlas/","F06_ATLAS","FILE_PLAN_ALL 1944 BRANCHABLE_ATLAS OBSIDIA_BRANCHABLE_ATLAS_FULL_V0_5_DEEP_FINAL_AUDIT/docs/world_protocol_atlas/agents/veille_virologique_ia.md atlas/world_protocol_atlas/ veille_virologique_ia.md md P3_ATLAS_CONTENT F06 0 0 0 0 1  NOT_FO","COGNITIVE_REVIEW_REQUIRED","COGNITIVE_REINTEGRATION_ADVISORY_ONLY","false","false","false","F07 audit/spec only; candidate for ContextPacket or PeripheralSignalPacket, never ACT"
"BRANCHABLE_ATLAS","atlas/world_protocol_atlas/","F06_ATLAS","FILE_PLAN_ALL 1945 BRANCHABLE_ATLAS OBSIDIA_BRANCHABLE_ATLAS_FULL_V0_5_DEEP_FINAL_AUDIT/docs/world_protocol_atlas/agents/vhsrevival.json atlas/world_protocol_atlas/ vhsrevival.json json P3_ATLAS_CONTENT F06 0 0 0 0 1  NOT_FOUND_LOCAL DUPLIC","COGNITIVE_REVIEW_REQUIRED","COGNITIVE_REINTEGRATION_ADVISORY_ONLY","false","false","false","F07 audit/spec only; candidate for ContextPacket or PeripheralSignalPacket, never ACT"
"BRANCHABLE_ATLAS","atlas/world_protocol_atlas/","F06_ATLAS","FILE_PLAN_ALL 1946 BRANCHABLE_ATLAS OBSIDIA_BRANCHABLE_ATLAS_FULL_V0_5_DEEP_FINAL_AUDIT/docs/world_protocol_atlas/agents/vhsrevival.md atlas/world_protocol_atlas/ vhsrevival.md md P3_ATLAS_CONTENT F06 0 0 0 0 1  NOT_FOUND_LOCAL DUPLICATE_SA","COGNITIVE_REVIEW_REQUIRED","COGNITIVE_REINTEGRATION_ADVISORY_ONLY","false","false","false","F07 audit/spec only; candidate for ContextPacket or PeripheralSignalPacket, never ACT"
"BRANCHABLE_ATLAS","atlas/world_protocol_atlas/","F06_ATLAS","FILE_PLAN_ALL 1947 BRANCHABLE_ATLAS OBSIDIA_BRANCHABLE_ATLAS_FULL_V0_5_DEEP_FINAL_AUDIT/docs/world_protocol_atlas/agents/vibrations_symboliques.json atlas/world_protocol_atlas/ vibrations_symboliques.json json P3_ATLAS_CONTENT F06 0 0 0 0 1","COGNITIVE_REVIEW_REQUIRED","COGNITIVE_REINTEGRATION_ADVISORY_ONLY","false","false","false","F07 audit/spec only; candidate for ContextPacket or PeripheralSignalPacket, never ACT"
"BRANCHABLE_ATLAS","atlas/world_protocol_atlas/","F06_ATLAS","FILE_PLAN_ALL 1948 BRANCHABLE_ATLAS OBSIDIA_BRANCHABLE_ATLAS_FULL_V0_5_DEEP_FINAL_AUDIT/docs/world_protocol_atlas/agents/vibrations_symboliques.md atlas/world_protocol_atlas/ vibrations_symboliques.md md P3_ATLAS_CONTENT F06 0 0 0 0 1  NOT_","COGNITIVE_REVIEW_REQUIRED","COGNITIVE_REINTEGRATION_ADVISORY_ONLY","false","false","false","F07 audit/spec only; candidate for ContextPacket or PeripheralSignalPacket, never ACT"
"BRANCHABLE_ATLAS","atlas/world_protocol_atlas/","F06_ATLAS","FILE_PLAN_ALL 1949 BRANCHABLE_ATLAS OBSIDIA_BRANCHABLE_ATLAS_FULL_V0_5_DEEP_FINAL_AUDIT/docs/world_protocol_atlas/agents/vllm.json atlas/world_protocol_atlas/ vllm.json json P3_ATLAS_CONTENT F06 0 0 0 0 1  NOT_FOUND_LOCAL DUPLICATE_SAFE CLE","COGNITIVE_REVIEW_REQUIRED","COGNITIVE_REINTEGRATION_ADVISORY_ONLY","false","false","false","F07 audit/spec only; candidate for ContextPacket or PeripheralSignalPacket, never ACT"
"BRANCHABLE_ATLAS","atlas/world_protocol_atlas/","F06_ATLAS","FILE_PLAN_ALL 1950 BRANCHABLE_ATLAS OBSIDIA_BRANCHABLE_ATLAS_FULL_V0_5_DEEP_FINAL_AUDIT/docs/world_protocol_atlas/agents/vllm.md atlas/world_protocol_atlas/ vllm.md md P3_ATLAS_CONTENT F06 0 0 0 0 1  NOT_FOUND_LOCAL DUPLICATE_SAFE CLEAN LOW","COGNITIVE_REVIEW_REQUIRED","COGNITIVE_REINTEGRATION_ADVISORY_ONLY","false","false","false","F07 audit/spec only; candidate for ContextPacket or PeripheralSignalPacket, never ACT"
"BRANCHABLE_ATLAS","atlas/world_protocol_atlas/","F06_ATLAS","FILE_PLAN_ALL 1951 BRANCHABLE_ATLAS OBSIDIA_BRANCHABLE_ATLAS_FULL_V0_5_DEEP_FINAL_AUDIT/docs/world_protocol_atlas/agents/voicecommonsbridge.json atlas/world_protocol_atlas/ voicecommonsbridge.json json P3_ATLAS_CONTENT F06 0 0 0 0 1  NOT_FO","COGNITIVE_REVIEW_REQUIRED","COGNITIVE_REINTEGRATION_ADVISORY_ONLY","false","false","false","F07 audit/spec only; candidate for ContextPacket or PeripheralSignalPacket, never ACT"
"BRANCHABLE_ATLAS","atlas/world_protocol_atlas/","F06_ATLAS","FILE_PLAN_ALL 1952 BRANCHABLE_ATLAS OBSIDIA_BRANCHABLE_ATLAS_FULL_V0_5_DEEP_FINAL_AUDIT/docs/world_protocol_atlas/agents/voicecommonsbridge.md atlas/world_protocol_atlas/ voicecommonsbridge.md md P3_ATLAS_CONTENT F06 0 0 0 0 1  NOT_FOUND_LO","COGNITIVE_REVIEW_REQUIRED","COGNITIVE_REINTEGRATION_ADVISORY_ONLY","false","false","false","F07 audit/spec only; candidate for ContextPacket or PeripheralSignalPacket, never ACT"
"BRANCHABLE_ATLAS","atlas/world_protocol_atlas/","F06_ATLAS","FILE_PLAN_ALL 1953 BRANCHABLE_ATLAS OBSIDIA_BRANCHABLE_ATLAS_FULL_V0_5_DEEP_FINAL_AUDIT/docs/world_protocol_atlas/agents/voie_des_possibles.json atlas/world_protocol_atlas/ voie_des_possibles.json json P3_ATLAS_CONTENT F06 0 0 0 0 1  NOT_FO","COGNITIVE_REVIEW_REQUIRED","COGNITIVE_REINTEGRATION_ADVISORY_ONLY","false","false","false","F07 audit/spec only; candidate for ContextPacket or PeripheralSignalPacket, never ACT"
"BRANCHABLE_ATLAS","atlas/world_protocol_atlas/","F06_ATLAS","FILE_PLAN_ALL 1954 BRANCHABLE_ATLAS OBSIDIA_BRANCHABLE_ATLAS_FULL_V0_5_DEEP_FINAL_AUDIT/docs/world_protocol_atlas/agents/voie_des_possibles.md atlas/world_protocol_atlas/ voie_des_possibles.md md P3_ATLAS_CONTENT F06 0 0 0 0 1  NOT_FOUND_LO","COGNITIVE_REVIEW_REQUIRED","COGNITIVE_REINTEGRATION_ADVISORY_ONLY","false","false","false","F07 audit/spec only; candidate for ContextPacket or PeripheralSignalPacket, never ACT"
"BRANCHABLE_ATLAS","atlas/world_protocol_atlas/","F06_ATLAS","FILE_PLAN_ALL 1955 BRANCHABLE_ATLAS OBSIDIA_BRANCHABLE_ATLAS_FULL_V0_5_DEEP_FINAL_AUDIT/docs/world_protocol_atlas/agents/vu_security_adapter.json atlas/world_protocol_atlas/ vu_security_adapter.json json P3_ATLAS_CONTENT F06 0 0 0 0 1  NOT_","COGNITIVE_REVIEW_REQUIRED","COGNITIVE_REINTEGRATION_ADVISORY_ONLY","false","false","false","F07 audit/spec only; candidate for ContextPacket or PeripheralSignalPacket, never ACT"
"BRANCHABLE_ATLAS","atlas/world_protocol_atlas/","F06_ATLAS","FILE_PLAN_ALL 1956 BRANCHABLE_ATLAS OBSIDIA_BRANCHABLE_ATLAS_FULL_V0_5_DEEP_FINAL_AUDIT/docs/world_protocol_atlas/agents/vu_security_adapter.md atlas/world_protocol_atlas/ vu_security_adapter.md md P3_ATLAS_CONTENT F06 0 0 0 0 1  NOT_FOUND_","COGNITIVE_REVIEW_REQUIRED","COGNITIVE_REINTEGRATION_ADVISORY_ONLY","false","false","false","F07 audit/spec only; candidate for ContextPacket or PeripheralSignalPacket, never ACT"
"BRANCHABLE_ATLAS","atlas/world_protocol_atlas/","F06_ATLAS","FILE_PLAN_ALL 1957 BRANCHABLE_ATLAS OBSIDIA_BRANCHABLE_ATLAS_FULL_V0_5_DEEP_FINAL_AUDIT/docs/world_protocol_atlas/agents/wikigraphconnector.json atlas/world_protocol_atlas/ wikigraphconnector.json json P3_ATLAS_CONTENT F06 0 0 0 0 1  NOT_FO","COGNITIVE_REVIEW_REQUIRED","COGNITIVE_REINTEGRATION_ADVISORY_ONLY","false","false","false","F07 audit/spec only; candidate for ContextPacket or PeripheralSignalPacket, never ACT"
"BRANCHABLE_ATLAS","atlas/world_protocol_atlas/","F06_ATLAS","FILE_PLAN_ALL 1958 BRANCHABLE_ATLAS OBSIDIA_BRANCHABLE_ATLAS_FULL_V0_5_DEEP_FINAL_AUDIT/docs/world_protocol_atlas/agents/wikigraphconnector.md atlas/world_protocol_atlas/ wikigraphconnector.md md P3_ATLAS_CONTENT F06 0 0 0 0 1  NOT_FOUND_LO","COGNITIVE_REVIEW_REQUIRED","COGNITIVE_REINTEGRATION_ADVISORY_ONLY","false","false","false","F07 audit/spec only; candidate for ContextPacket or PeripheralSignalPacket, never ACT"
"BRANCHABLE_ATLAS","atlas/world_protocol_atlas/","F06_ATLAS","FILE_PLAN_ALL 1959 BRANCHABLE_ATLAS OBSIDIA_BRANCHABLE_ATLAS_FULL_V0_5_DEEP_FINAL_AUDIT/docs/world_protocol_atlas/agents/xai_grok_adapter.json atlas/world_protocol_atlas/ xai_grok_adapter.json json P3_ATLAS_CONTENT F06 0 0 0 0 1  NOT_FOUND_","COGNITIVE_REVIEW_REQUIRED","COGNITIVE_REINTEGRATION_ADVISORY_ONLY","false","false","false","F07 audit/spec only; candidate for ContextPacket or PeripheralSignalPacket, never ACT"
"BRANCHABLE_ATLAS","atlas/world_protocol_atlas/","F06_ATLAS","FILE_PLAN_ALL 1960 BRANCHABLE_ATLAS OBSIDIA_BRANCHABLE_ATLAS_FULL_V0_5_DEEP_FINAL_AUDIT/docs/world_protocol_atlas/agents/xai_grok_adapter.md atlas/world_protocol_atlas/ xai_grok_adapter.md md P3_ATLAS_CONTENT F06 0 0 0 0 1  NOT_FOUND_LOCAL ","COGNITIVE_REVIEW_REQUIRED","COGNITIVE_REINTEGRATION_ADVISORY_ONLY","false","false","false","F07 audit/spec only; candidate for ContextPacket or PeripheralSignalPacket, never ACT"
"BRANCHABLE_ATLAS","atlas/world_protocol_atlas/","F06_ATLAS","FILE_PLAN_ALL 1961 BRANCHABLE_ATLAS OBSIDIA_BRANCHABLE_ATLAS_FULL_V0_5_DEEP_FINAL_AUDIT/docs/world_protocol_atlas/agents/ximantix_adapter.json atlas/world_protocol_atlas/ ximantix_adapter.json json P3_ATLAS_CONTENT F06 0 0 0 0 1  NOT_FOUND_","COGNITIVE_REVIEW_REQUIRED","COGNITIVE_REINTEGRATION_ADVISORY_ONLY","false","false","false","F07 audit/spec only; candidate for ContextPacket or PeripheralSignalPacket, never ACT"
"BRANCHABLE_ATLAS","atlas/world_protocol_atlas/","F06_ATLAS","FILE_PLAN_ALL 1962 BRANCHABLE_ATLAS OBSIDIA_BRANCHABLE_ATLAS_FULL_V0_5_DEEP_FINAL_AUDIT/docs/world_protocol_atlas/agents/ximantix_adapter.md atlas/world_protocol_atlas/ ximantix_adapter.md md P3_ATLAS_CONTENT F06 0 0 0 0 1  NOT_FOUND_LOCAL ","COGNITIVE_REVIEW_REQUIRED","COGNITIVE_REINTEGRATION_ADVISORY_ONLY","false","false","false","F07 audit/spec only; candidate for ContextPacket or PeripheralSignalPacket, never ACT"
"BRANCHABLE_ATLAS","atlas/world_protocol_atlas/","F06_ATLAS","FILE_PLAN_ALL 1963 BRANCHABLE_ATLAS OBSIDIA_BRANCHABLE_ATLAS_FULL_V0_5_DEEP_FINAL_AUDIT/docs/world_protocol_atlas/agents/zippedi_adapter.json atlas/world_protocol_atlas/ zippedi_adapter.json json P3_ATLAS_CONTENT F06 0 0 0 0 1  NOT_FOUND_LO","COGNITIVE_REVIEW_REQUIRED","COGNITIVE_REINTEGRATION_ADVISORY_ONLY","false","false","false","F07 audit/spec only; candidate for ContextPacket or PeripheralSignalPacket, never ACT"
"BRANCHABLE_ATLAS","atlas/world_protocol_atlas/","F06_ATLAS","FILE_PLAN_ALL 1964 BRANCHABLE_ATLAS OBSIDIA_BRANCHABLE_ATLAS_FULL_V0_5_DEEP_FINAL_AUDIT/docs/world_protocol_atlas/agents/zippedi_adapter.md atlas/world_protocol_atlas/ zippedi_adapter.md md P3_ATLAS_CONTENT F06 0 0 0 0 1  NOT_FOUND_LOCAL DU","COGNITIVE_REVIEW_REQUIRED","COGNITIVE_REINTEGRATION_ADVISORY_ONLY","false","false","false","F07 audit/spec only; candidate for ContextPacket or PeripheralSignalPacket, never ACT"
"BRANCHABLE_ATLAS","atlas/world_protocol_atlas/","F06_ATLAS","FILE_PLAN_ALL 2087 BRANCHABLE_ATLAS OBSIDIA_BRANCHABLE_ATLAS_FULL_V0_5_DEEP_FINAL_AUDIT/docs/world_protocol_atlas/protocols/avdrreasoningaugment.json atlas/world_protocol_atlas/ avdrreasoningaugment.json json P3_ATLAS_CONTENT F06 0 0 0 0 1 ","COGNITIVE_REVIEW_REQUIRED","COGNITIVE_REINTEGRATION_ADVISORY_ONLY","false","false","false","F07 audit/spec only; candidate for ContextPacket or PeripheralSignalPacket, never ACT"
"BRANCHABLE_ATLAS","atlas/world_protocol_atlas/","F06_ATLAS","FILE_PLAN_ALL 2088 BRANCHABLE_ATLAS OBSIDIA_BRANCHABLE_ATLAS_FULL_V0_5_DEEP_FINAL_AUDIT/docs/world_protocol_atlas/protocols/avdrreasoningaugment.md atlas/world_protocol_atlas/ avdrreasoningaugment.md md P3_ATLAS_CONTENT F06 0 0 0 0 1  NOT_F","COGNITIVE_REVIEW_REQUIRED","COGNITIVE_REINTEGRATION_ADVISORY_ONLY","false","false","false","F07 audit/spec only; candidate for ContextPacket or PeripheralSignalPacket, never ACT"
"BRANCHABLE_ATLAS","atlas/world_protocol_atlas/","F06_ATLAS","FILE_PLAN_ALL 2127 BRANCHABLE_ATLAS OBSIDIA_BRANCHABLE_ATLAS_FULL_V0_5_DEEP_FINAL_AUDIT/docs/world_protocol_atlas/protocols/constructioncodesignagents.json atlas/world_protocol_atlas/ constructioncodesignagents.json json P3_ATLAS_CONTENT F0","COGNITIVE_REVIEW_REQUIRED","COGNITIVE_REINTEGRATION_ADVISORY_ONLY","false","false","false","F07 audit/spec only; candidate for ContextPacket or PeripheralSignalPacket, never ACT"
"BRANCHABLE_ATLAS","atlas/world_protocol_atlas/","F06_ATLAS","FILE_PLAN_ALL 2128 BRANCHABLE_ATLAS OBSIDIA_BRANCHABLE_ATLAS_FULL_V0_5_DEEP_FINAL_AUDIT/docs/world_protocol_atlas/protocols/constructioncodesignagents.md atlas/world_protocol_atlas/ constructioncodesignagents.md md P3_ATLAS_CONTENT F06 0 0 ","COGNITIVE_REVIEW_REQUIRED","COGNITIVE_REINTEGRATION_ADVISORY_ONLY","false","false","false","F07 audit/spec only; candidate for ContextPacket or PeripheralSignalPacket, never ACT"
"BRANCHABLE_ATLAS","atlas/world_protocol_atlas/","F06_ATLAS","FILE_PLAN_ALL 2129 BRANCHABLE_ATLAS OBSIDIA_BRANCHABLE_ATLAS_FULL_V0_5_DEEP_FINAL_AUDIT/docs/world_protocol_atlas/protocols/contextualcognitivekernelcandidate.json atlas/world_protocol_atlas/ contextualcognitivekernelcandidate.json json P3_","INTEGRATE_TO_COGNITIVE_ADVISORY_SPEC_CANDIDATE","COGNITIVE_REINTEGRATION_ADVISORY_ONLY","false","false","false","F07 audit/spec only; candidate for ContextPacket or PeripheralSignalPacket, never ACT"
"BRANCHABLE_ATLAS","atlas/world_protocol_atlas/","F06_ATLAS","FILE_PLAN_ALL 2130 BRANCHABLE_ATLAS OBSIDIA_BRANCHABLE_ATLAS_FULL_V0_5_DEEP_FINAL_AUDIT/docs/world_protocol_atlas/protocols/contextualcognitivekernelcandidate.md atlas/world_protocol_atlas/ contextualcognitivekernelcandidate.md md P3_ATLAS_","INTEGRATE_TO_COGNITIVE_ADVISORY_SPEC_CANDIDATE","COGNITIVE_REINTEGRATION_ADVISORY_ONLY","false","false","false","F07 audit/spec only; candidate for ContextPacket or PeripheralSignalPacket, never ACT"
"BRANCHABLE_ATLAS","atlas/world_protocol_atlas/","F06_ATLAS","FILE_PLAN_ALL 2133 BRANCHABLE_ATLAS OBSIDIA_BRANCHABLE_ATLAS_FULL_V0_5_DEEP_FINAL_AUDIT/docs/world_protocol_atlas/protocols/coordination_agents_simples.json atlas/world_protocol_atlas/ coordination_agents_simples.json json P3_ATLAS_CONTENT ","COGNITIVE_REVIEW_REQUIRED","COGNITIVE_REINTEGRATION_ADVISORY_ONLY","false","false","false","F07 audit/spec only; candidate for ContextPacket or PeripheralSignalPacket, never ACT"
"BRANCHABLE_ATLAS","atlas/world_protocol_atlas/","F06_ATLAS","FILE_PLAN_ALL 2134 BRANCHABLE_ATLAS OBSIDIA_BRANCHABLE_ATLAS_FULL_V0_5_DEEP_FINAL_AUDIT/docs/world_protocol_atlas/protocols/coordination_agents_simples.md atlas/world_protocol_atlas/ coordination_agents_simples.md md P3_ATLAS_CONTENT F06 0 ","COGNITIVE_REVIEW_REQUIRED","COGNITIVE_REINTEGRATION_ADVISORY_ONLY","false","false","false","F07 audit/spec only; candidate for ContextPacket or PeripheralSignalPacket, never ACT"
"BRANCHABLE_ATLAS","atlas/world_protocol_atlas/","F06_ATLAS","FILE_PLAN_ALL 2175 BRANCHABLE_ATLAS OBSIDIA_BRANCHABLE_ATLAS_FULL_V0_5_DEEP_FINAL_AUDIT/docs/world_protocol_atlas/protocols/formalagentsimulation.json atlas/world_protocol_atlas/ formalagentsimulation.json json P3_ATLAS_CONTENT F06 0 0 0 0 ","COGNITIVE_REVIEW_REQUIRED","COGNITIVE_REINTEGRATION_ADVISORY_ONLY","false","false","false","F07 audit/spec only; candidate for ContextPacket or PeripheralSignalPacket, never ACT"
"BRANCHABLE_ATLAS","atlas/world_protocol_atlas/","F06_ATLAS","FILE_PLAN_ALL 2176 BRANCHABLE_ATLAS OBSIDIA_BRANCHABLE_ATLAS_FULL_V0_5_DEEP_FINAL_AUDIT/docs/world_protocol_atlas/protocols/formalagentsimulation.md atlas/world_protocol_atlas/ formalagentsimulation.md md P3_ATLAS_CONTENT F06 0 0 0 0 1  NOT","COGNITIVE_REVIEW_REQUIRED","COGNITIVE_REINTEGRATION_ADVISORY_ONLY","false","false","false","F07 audit/spec only; candidate for ContextPacket or PeripheralSignalPacket, never ACT"
"BRANCHABLE_ATLAS","atlas/world_protocol_atlas/","F06_ATLAS","FILE_PLAN_ALL 2301 BRANCHABLE_ATLAS OBSIDIA_BRANCHABLE_ATLAS_FULL_V0_5_DEEP_FINAL_AUDIT/docs/world_protocol_atlas/protocols/passageagent.json atlas/world_protocol_atlas/ passageagent.json json P3_ATLAS_CONTENT F06 0 0 0 0 1  NOT_FOUND_LOCAL","COGNITIVE_REVIEW_REQUIRED","COGNITIVE_REINTEGRATION_ADVISORY_ONLY","false","false","false","F07 audit/spec only; candidate for ContextPacket or PeripheralSignalPacket, never ACT"
"BRANCHABLE_ATLAS","atlas/world_protocol_atlas/","F06_ATLAS","FILE_PLAN_ALL 2302 BRANCHABLE_ATLAS OBSIDIA_BRANCHABLE_ATLAS_FULL_V0_5_DEEP_FINAL_AUDIT/docs/world_protocol_atlas/protocols/passageagent.md atlas/world_protocol_atlas/ passageagent.md md P3_ATLAS_CONTENT F06 0 0 0 0 1  NOT_FOUND_LOCAL DUPLI","COGNITIVE_REVIEW_REQUIRED","COGNITIVE_REINTEGRATION_ADVISORY_ONLY","false","false","false","F07 audit/spec only; candidate for ContextPacket or PeripheralSignalPacket, never ACT"
"BRANCHABLE_ATLAS","atlas/world_protocol_atlas/","F06_ATLAS","FILE_PLAN_ALL 2353 BRANCHABLE_ATLAS OBSIDIA_BRANCHABLE_ATLAS_FULL_V0_5_DEEP_FINAL_AUDIT/docs/world_protocol_atlas/protocols/simulation_multi_agents_par_tensions.json atlas/world_protocol_atlas/ simulation_multi_agents_par_tensions.json json","COGNITIVE_REVIEW_REQUIRED","COGNITIVE_REINTEGRATION_ADVISORY_ONLY","false","false","false","F07 audit/spec only; candidate for ContextPacket or PeripheralSignalPacket, never ACT"
"BRANCHABLE_ATLAS","atlas/world_protocol_atlas/","F06_ATLAS","FILE_PLAN_ALL 2354 BRANCHABLE_ATLAS OBSIDIA_BRANCHABLE_ATLAS_FULL_V0_5_DEEP_FINAL_AUDIT/docs/world_protocol_atlas/protocols/simulation_multi_agents_par_tensions.md atlas/world_protocol_atlas/ simulation_multi_agents_par_tensions.md md P3_AT","COGNITIVE_REVIEW_REQUIRED","COGNITIVE_REINTEGRATION_ADVISORY_ONLY","false","false","false","F07 audit/spec only; candidate for ContextPacket or PeripheralSignalPacket, never ACT"
"BRANCHABLE_ATLAS","archive/quarantine/generated_cache/","BLOCKED","FILE_PLAN_ALL 2425 BRANCHABLE_ATLAS OBSIDIA_BRANCHABLE_ATLAS_FULL_V0_5_DEEP_FINAL_AUDIT/periphery/world_protocol_atlas/__pycache__/agent_candidates.cpython-313.pyc archive/quarantine/generated_cache/ agent_candidates.cpython-313.pyc pyc P5_","KEEP_QUARANTINE","COGNITIVE_REINTEGRATION_ADVISORY_ONLY","false","false","false","F07 audit/spec only; candidate for ContextPacket or PeripheralSignalPacket, never ACT"
"BRANCHABLE_ATLAS","periphery/world_protocol_atlas/","REVIEW_REQUIRED","FILE_PLAN_ALL 2437 BRANCHABLE_ATLAS OBSIDIA_BRANCHABLE_ATLAS_FULL_V0_5_DEEP_FINAL_AUDIT/periphery/world_protocol_atlas/agent_candidates.py periphery/world_protocol_atlas/ agent_candidates.py py P2_ATLAS_BRANCHING F06 0 0 0 0 1  NOT_FOUND_LO","DO_NOT_IMPORT_RUNTIME","COGNITIVE_REINTEGRATION_ADVISORY_ONLY","false","false","false","F07 audit/spec only; candidate for ContextPacket or PeripheralSignalPacket, never ACT"
"BRANCHABLE_ATLAS","atlas/registry/","F06_ATLAS","FILE_PLAN_ALL 2451 BRANCHABLE_ATLAS OBSIDIA_BRANCHABLE_ATLAS_FULL_V0_5_DEEP_FINAL_AUDIT/registry/agent_registry.json atlas/registry/ agent_registry.json json P2_ATLAS_BRANCHING F06 0 0 0 0 1  NOT_FOUND_LOCAL DUPLICATE_SAFE CLEAN LOW KX108_O","COGNITIVE_REVIEW_REQUIRED","COGNITIVE_REINTEGRATION_ADVISORY_ONLY","false","false","false","F07 audit/spec only; candidate for ContextPacket or PeripheralSignalPacket, never ACT"
"RGPD_ISO","security/rssi/security_cases/","F03_RSSI_RGPD","FILE_PLAN_ALL 2514 RGPD_ISO OBSIDIA_RSSI_RGPD_ISO_READINESS_PACK_V2/docs/security_cases/CASE_002_AGENT_BYPASS_ATTEMPT.md security/rssi/security_cases/ CASE_002_AGENT_BYPASS_ATTEMPT.md md P3_DOCS_EVIDENCE F03 0 0 0 0 1  NOT_FOUND_LOCAL DUPLI","COGNITIVE_REVIEW_REQUIRED","COGNITIVE_REINTEGRATION_ADVISORY_ONLY","false","false","false","F07 audit/spec only; candidate for ContextPacket or PeripheralSignalPacket, never ACT"
"RGPD_ISO","security/rssi/modules/","F03_RSSI_RGPD","FILE_PLAN_ALL 2574 RGPD_ISO OBSIDIA_RSSI_RGPD_ISO_READINESS_PACK_V2/docs/modules/RSSI_018_RISQUE_AGENT_BYPASS.md security/rssi/modules/ RSSI_018_RISQUE_AGENT_BYPASS.md md P3_DOCS_EVIDENCE F03 0 0 0 0 1  NOT_FOUND_LOCAL DUPLICATE_SAFE CLEAN ","COGNITIVE_REVIEW_REQUIRED","COGNITIVE_REINTEGRATION_ADVISORY_ONLY","false","false","false","F07 audit/spec only; candidate for ContextPacket or PeripheralSignalPacket, never ACT"
"RGPD_ISO","docs/source_packs/rgpd_iso/","F03_RSSI_RGPD","FILE_PLAN_ALL 2710 RGPD_ISO OBSIDIA_RSSI_RGPD_ISO_READINESS_PACK_V2/ai_security/AGENT_ACTION_LIMITS.md docs/source_packs/rgpd_iso/ AGENT_ACTION_LIMITS.md md P3_DOCS_EVIDENCE F03 0 0 0 0 1  NOT_FOUND_LOCAL DUPLICATE_SAFE CLEAN MEDIUM KX108_O","COGNITIVE_REVIEW_REQUIRED","COGNITIVE_REINTEGRATION_ADVISORY_ONLY","false","false","false","F07 audit/spec only; candidate for ContextPacket or PeripheralSignalPacket, never ACT"
