"Category","Risk","State","SizeKB","Path","Action"
"REVIEW","MEDIUM","TRACKED","0","bank.db","Manual review"
"REVIEW","MEDIUM","TRACKED","485,15","Google.Protobuf.3.32.0/lib/net45/Google.Protobuf.dll","Manual review"
"REVIEW","MEDIUM","TRACKED","183,12","Google.Protobuf.3.32.0/lib/net45/Google.Protobuf.pdb","Manual review"
"REVIEW","MEDIUM","TRACKED","485,65","Google.Protobuf.3.32.0/lib/net5.0/Google.Protobuf.dll","Manual review"
"REVIEW","MEDIUM","TRACKED","188,97","Google.Protobuf.3.32.0/lib/net5.0/Google.Protobuf.pdb","Manual review"
"REVIEW","MEDIUM","TRACKED","485,15","Google.Protobuf.3.32.0/lib/netstandard1.1/Google.Protobuf.dll","Manual review"
"REVIEW","MEDIUM","TRACKED","181,36","Google.Protobuf.3.32.0/lib/netstandard1.1/Google.Protobuf.pdb","Manual review"
"REVIEW","MEDIUM","TRACKED","485,65","Google.Protobuf.3.32.0/lib/netstandard2.0/Google.Protobuf.dll","Manual review"
"REVIEW","MEDIUM","TRACKED","186,6","Google.Protobuf.3.32.0/lib/netstandard2.0/Google.Protobuf.pdb","Manual review"
"EXTERNAL_OR_STAGING_SOURCE","MEDIUM_TO_HIGH","TRACKED","3,12","MonProjet/allData/decision_trading_1777289197536.json","Do not delete yet; move to quarantine or separate private repo if not runtime"
"EXTERNAL_OR_STAGING_SOURCE","MEDIUM_TO_HIGH","TRACKED","3,12","MonProjet/allData/decision_trading_1777289200075.json","Do not delete yet; move to quarantine or separate private repo if not runtime"
"EXTERNAL_OR_STAGING_SOURCE","MEDIUM_TO_HIGH","TRACKED","3,12","MonProjet/allData/decision_trading_1777289202657.json","Do not delete yet; move to quarantine or separate private repo if not runtime"
"EXTERNAL_OR_STAGING_SOURCE","MEDIUM_TO_HIGH","TRACKED","3,12","MonProjet/allData/decision_trading_1777289205126.json","Do not delete yet; move to quarantine or separate private repo if not runtime"
"EXTERNAL_OR_STAGING_SOURCE","MEDIUM_TO_HIGH","TRACKED","3,12","MonProjet/allData/decision_trading_1777289207551.json","Do not delete yet; move to quarantine or separate private repo if not runtime"
"EXTERNAL_OR_STAGING_SOURCE","MEDIUM_TO_HIGH","TRACKED","3,12","MonProjet/allData/decision_trading_1777289209990.json","Do not delete yet; move to quarantine or separate private repo if not runtime"
"EXTERNAL_OR_STAGING_SOURCE","MEDIUM_TO_HIGH","TRACKED","3,12","MonProjet/allData/decision_trading_1777289212472.json","Do not delete yet; move to quarantine or separate private repo if not runtime"
"EXTERNAL_OR_STAGING_SOURCE","MEDIUM_TO_HIGH","TRACKED","3,12","MonProjet/allData/decision_trading_1777289214993.json","Do not delete yet; move to quarantine or separate private repo if not runtime"
"EXTERNAL_OR_STAGING_SOURCE","MEDIUM_TO_HIGH","TRACKED","3,12","MonProjet/allData/decision_trading_1777289217491.json","Do not delete yet; move to quarantine or separate private repo if not runtime"
"EXTERNAL_OR_STAGING_SOURCE","MEDIUM_TO_HIGH","TRACKED","3,12","MonProjet/allData/decision_trading_1777289220082.json","Do not delete yet; move to quarantine or separate private repo if not runtime"
"EXTERNAL_OR_STAGING_SOURCE","MEDIUM_TO_HIGH","TRACKED","3,12","MonProjet/allData/decision_trading_1777289222648.json","Do not delete yet; move to quarantine or separate private repo if not runtime"
"EXTERNAL_OR_STAGING_SOURCE","MEDIUM_TO_HIGH","TRACKED","3,12","MonProjet/allData/decision_trading_1777289225286.json","Do not delete yet; move to quarantine or separate private repo if not runtime"
"EXTERNAL_OR_STAGING_SOURCE","MEDIUM_TO_HIGH","TRACKED","3,12","MonProjet/allData/decision_trading_1777289227935.json","Do not delete yet; move to quarantine or separate private repo if not runtime"
"EXTERNAL_OR_STAGING_SOURCE","MEDIUM_TO_HIGH","TRACKED","3,12","MonProjet/allData/decision_trading_1777289230520.json","Do not delete yet; move to quarantine or separate private repo if not runtime"
"EXTERNAL_OR_STAGING_SOURCE","MEDIUM_TO_HIGH","TRACKED","3,12","MonProjet/allData/decision_trading_1777289233116.json","Do not delete yet; move to quarantine or separate private repo if not runtime"
"EXTERNAL_OR_STAGING_SOURCE","MEDIUM_TO_HIGH","TRACKED","3,12","MonProjet/allData/decision_trading_1777289235571.json","Do not delete yet; move to quarantine or separate private repo if not runtime"
"EXTERNAL_OR_STAGING_SOURCE","MEDIUM_TO_HIGH","TRACKED","3,12","MonProjet/allData/decision_trading_1777289238020.json","Do not delete yet; move to quarantine or separate private repo if not runtime"
"EXTERNAL_OR_STAGING_SOURCE","MEDIUM_TO_HIGH","TRACKED","3,12","MonProjet/allData/decision_trading_1777289240466.json","Do not delete yet; move to quarantine or separate private repo if not runtime"
"EXTERNAL_OR_STAGING_SOURCE","MEDIUM_TO_HIGH","TRACKED","3,12","MonProjet/allData/decision_trading_1777289242956.json","Do not delete yet; move to quarantine or separate private repo if not runtime"
"EXTERNAL_OR_STAGING_SOURCE","MEDIUM_TO_HIGH","TRACKED","3,12","MonProjet/allData/decision_trading_1777289245489.json","Do not delete yet; move to quarantine or separate private repo if not runtime"
"EXTERNAL_OR_STAGING_SOURCE","MEDIUM_TO_HIGH","TRACKED","3,12","MonProjet/allData/decision_trading_1777289248095.json","Do not delete yet; move to quarantine or separate private repo if not runtime"
"EXTERNAL_OR_STAGING_SOURCE","MEDIUM_TO_HIGH","TRACKED","3,12","MonProjet/allData/decision_trading_1777289250643.json","Do not delete yet; move to quarantine or separate private repo if not runtime"
"EXTERNAL_OR_STAGING_SOURCE","MEDIUM_TO_HIGH","TRACKED","3,12","MonProjet/allData/decision_trading_1777289253170.json","Do not delete yet; move to quarantine or separate private repo if not runtime"
"EXTERNAL_OR_STAGING_SOURCE","MEDIUM_TO_HIGH","TRACKED","3,12","MonProjet/allData/decision_trading_1777289255619.json","Do not delete yet; move to quarantine or separate private repo if not runtime"
"EXTERNAL_OR_STAGING_SOURCE","MEDIUM_TO_HIGH","TRACKED","3,12","MonProjet/allData/decision_trading_1777289258122.json","Do not delete yet; move to quarantine or separate private repo if not runtime"
"EXTERNAL_OR_STAGING_SOURCE","MEDIUM_TO_HIGH","TRACKED","3,12","MonProjet/allData/decision_trading_1777289260565.json","Do not delete yet; move to quarantine or separate private repo if not runtime"
"EXTERNAL_OR_STAGING_SOURCE","MEDIUM_TO_HIGH","TRACKED","3,12","MonProjet/allData/decision_trading_1777289263061.json","Do not delete yet; move to quarantine or separate private repo if not runtime"
"EXTERNAL_OR_STAGING_SOURCE","MEDIUM_TO_HIGH","TRACKED","3,12","MonProjet/allData/decision_trading_1777289265633.json","Do not delete yet; move to quarantine or separate private repo if not runtime"
"EXTERNAL_OR_STAGING_SOURCE","MEDIUM_TO_HIGH","TRACKED","3,12","MonProjet/allData/decision_trading_1777289268074.json","Do not delete yet; move to quarantine or separate private repo if not runtime"
"EXTERNAL_OR_STAGING_SOURCE","MEDIUM_TO_HIGH","TRACKED","3,12","MonProjet/allData/decision_trading_1777289270509.json","Do not delete yet; move to quarantine or separate private repo if not runtime"
"EXTERNAL_OR_STAGING_SOURCE","MEDIUM_TO_HIGH","TRACKED","3,12","MonProjet/allData/decision_trading_1777289272956.json","Do not delete yet; move to quarantine or separate private repo if not runtime"
"EXTERNAL_OR_STAGING_SOURCE","MEDIUM_TO_HIGH","TRACKED","3,12","MonProjet/allData/decision_trading_1777289275413.json","Do not delete yet; move to quarantine or separate private repo if not runtime"
"EXTERNAL_OR_STAGING_SOURCE","MEDIUM_TO_HIGH","TRACKED","3,12","MonProjet/allData/decision_trading_1777289277931.json","Do not delete yet; move to quarantine or separate private repo if not runtime"
"EXTERNAL_OR_STAGING_SOURCE","MEDIUM_TO_HIGH","TRACKED","3,12","MonProjet/allData/decision_trading_1777289280487.json","Do not delete yet; move to quarantine or separate private repo if not runtime"
"EXTERNAL_OR_STAGING_SOURCE","MEDIUM_TO_HIGH","TRACKED","3,12","MonProjet/allData/decision_trading_1777289283064.json","Do not delete yet; move to quarantine or separate private repo if not runtime"
"EXTERNAL_OR_STAGING_SOURCE","MEDIUM_TO_HIGH","TRACKED","3,12","MonProjet/allData/decision_trading_1777289285652.json","Do not delete yet; move to quarantine or separate private repo if not runtime"
"EXTERNAL_OR_STAGING_SOURCE","MEDIUM_TO_HIGH","TRACKED","3,12","MonProjet/allData/decision_trading_1777289288171.json","Do not delete yet; move to quarantine or separate private repo if not runtime"
"EXTERNAL_OR_STAGING_SOURCE","MEDIUM_TO_HIGH","TRACKED","3,12","MonProjet/allData/decision_trading_1777289290670.json","Do not delete yet; move to quarantine or separate private repo if not runtime"
"EXTERNAL_OR_STAGING_SOURCE","MEDIUM_TO_HIGH","TRACKED","3,12","MonProjet/allData/decision_trading_1777289293113.json","Do not delete yet; move to quarantine or separate private repo if not runtime"
"EXTERNAL_OR_STAGING_SOURCE","MEDIUM_TO_HIGH","TRACKED","3,12","MonProjet/allData/decision_trading_1777289295565.json","Do not delete yet; move to quarantine or separate private repo if not runtime"
"EXTERNAL_OR_STAGING_SOURCE","MEDIUM_TO_HIGH","TRACKED","3,12","MonProjet/allData/decision_trading_1777289298124.json","Do not delete yet; move to quarantine or separate private repo if not runtime"
"EXTERNAL_OR_STAGING_SOURCE","MEDIUM_TO_HIGH","TRACKED","3,12","MonProjet/allData/decision_trading_1777289300558.json","Do not delete yet; move to quarantine or separate private repo if not runtime"
"EXTERNAL_OR_STAGING_SOURCE","MEDIUM_TO_HIGH","TRACKED","3,12","MonProjet/allData/decision_trading_1777289303015.json","Do not delete yet; move to quarantine or separate private repo if not runtime"
"EXTERNAL_OR_STAGING_SOURCE","MEDIUM_TO_HIGH","TRACKED","3,12","MonProjet/allData/decision_trading_1777289305459.json","Do not delete yet; move to quarantine or separate private repo if not runtime"
"EXTERNAL_OR_STAGING_SOURCE","MEDIUM_TO_HIGH","TRACKED","3,12","MonProjet/allData/decision_trading_1777289307982.json","Do not delete yet; move to quarantine or separate private repo if not runtime"
"EXTERNAL_OR_STAGING_SOURCE","MEDIUM_TO_HIGH","TRACKED","3,12","MonProjet/allData/decision_trading_1777289310532.json","Do not delete yet; move to quarantine or separate private repo if not runtime"
"EXTERNAL_OR_STAGING_SOURCE","MEDIUM_TO_HIGH","TRACKED","3,12","MonProjet/allData/decision_trading_1777289313171.json","Do not delete yet; move to quarantine or separate private repo if not runtime"
"EXTERNAL_OR_STAGING_SOURCE","MEDIUM_TO_HIGH","TRACKED","3,12","MonProjet/allData/decision_trading_1777289315695.json","Do not delete yet; move to quarantine or separate private repo if not runtime"
"EXTERNAL_OR_STAGING_SOURCE","MEDIUM_TO_HIGH","TRACKED","3,12","MonProjet/allData/decision_trading_1777289318173.json","Do not delete yet; move to quarantine or separate private repo if not runtime"
"EXTERNAL_OR_STAGING_SOURCE","MEDIUM_TO_HIGH","TRACKED","3,12","MonProjet/allData/decision_trading_1777289320685.json","Do not delete yet; move to quarantine or separate private repo if not runtime"
"EXTERNAL_OR_STAGING_SOURCE","MEDIUM_TO_HIGH","TRACKED","3,12","MonProjet/allData/decision_trading_1777289323169.json","Do not delete yet; move to quarantine or separate private repo if not runtime"
"EXTERNAL_OR_STAGING_SOURCE","MEDIUM_TO_HIGH","TRACKED","3,12","MonProjet/allData/decision_trading_1777289325670.json","Do not delete yet; move to quarantine or separate private repo if not runtime"
"EXTERNAL_OR_STAGING_SOURCE","MEDIUM_TO_HIGH","TRACKED","3,12","MonProjet/allData/decision_trading_1777289328240.json","Do not delete yet; move to quarantine or separate private repo if not runtime"
"EXTERNAL_OR_STAGING_SOURCE","MEDIUM_TO_HIGH","TRACKED","3,12","MonProjet/allData/decision_trading_1777289330685.json","Do not delete yet; move to quarantine or separate private repo if not runtime"
"EXTERNAL_OR_STAGING_SOURCE","MEDIUM_TO_HIGH","TRACKED","3,12","MonProjet/allData/decision_trading_1777289333176.json","Do not delete yet; move to quarantine or separate private repo if not runtime"
"EXTERNAL_OR_STAGING_SOURCE","MEDIUM_TO_HIGH","TRACKED","3,12","MonProjet/allData/decision_trading_1777289335730.json","Do not delete yet; move to quarantine or separate private repo if not runtime"
"EXTERNAL_OR_STAGING_SOURCE","MEDIUM_TO_HIGH","TRACKED","3,12","MonProjet/allData/decision_trading_1777289338260.json","Do not delete yet; move to quarantine or separate private repo if not runtime"
"EXTERNAL_OR_STAGING_SOURCE","MEDIUM_TO_HIGH","TRACKED","3,12","MonProjet/allData/decision_trading_1777289340815.json","Do not delete yet; move to quarantine or separate private repo if not runtime"
"EXTERNAL_OR_STAGING_SOURCE","MEDIUM_TO_HIGH","TRACKED","3,12","MonProjet/allData/decision_trading_1777289343328.json","Do not delete yet; move to quarantine or separate private repo if not runtime"
"EXTERNAL_OR_STAGING_SOURCE","MEDIUM_TO_HIGH","TRACKED","3,12","MonProjet/allData/decision_trading_1777289345900.json","Do not delete yet; move to quarantine or separate private repo if not runtime"
"EXTERNAL_OR_STAGING_SOURCE","MEDIUM_TO_HIGH","TRACKED","3,12","MonProjet/allData/decision_trading_1777289348442.json","Do not delete yet; move to quarantine or separate private repo if not runtime"
"EXTERNAL_OR_STAGING_SOURCE","MEDIUM_TO_HIGH","TRACKED","3,12","MonProjet/allData/decision_trading_1777289350877.json","Do not delete yet; move to quarantine or separate private repo if not runtime"
"EXTERNAL_OR_STAGING_SOURCE","MEDIUM_TO_HIGH","TRACKED","3,12","MonProjet/allData/decision_trading_1777289353426.json","Do not delete yet; move to quarantine or separate private repo if not runtime"
"EXTERNAL_OR_STAGING_SOURCE","MEDIUM_TO_HIGH","TRACKED","3,12","MonProjet/allData/decision_trading_1777289355907.json","Do not delete yet; move to quarantine or separate private repo if not runtime"
"EXTERNAL_OR_STAGING_SOURCE","MEDIUM_TO_HIGH","TRACKED","3,12","MonProjet/allData/decision_trading_1777289358365.json","Do not delete yet; move to quarantine or separate private repo if not runtime"
"EXTERNAL_OR_STAGING_SOURCE","MEDIUM_TO_HIGH","TRACKED","3,12","MonProjet/allData/decision_trading_1777289360875.json","Do not delete yet; move to quarantine or separate private repo if not runtime"
"EXTERNAL_OR_STAGING_SOURCE","MEDIUM_TO_HIGH","TRACKED","3,12","MonProjet/allData/decision_trading_1777289363443.json","Do not delete yet; move to quarantine or separate private repo if not runtime"
"EXTERNAL_OR_STAGING_SOURCE","MEDIUM_TO_HIGH","TRACKED","3,12","MonProjet/allData/decision_trading_1777289366092.json","Do not delete yet; move to quarantine or separate private repo if not runtime"
"EXTERNAL_OR_STAGING_SOURCE","MEDIUM_TO_HIGH","TRACKED","3,12","MonProjet/allData/decision_trading_1777289368622.json","Do not delete yet; move to quarantine or separate private repo if not runtime"
"EXTERNAL_OR_STAGING_SOURCE","MEDIUM_TO_HIGH","TRACKED","3,12","MonProjet/allData/decision_trading_1777289371166.json","Do not delete yet; move to quarantine or separate private repo if not runtime"
"EXTERNAL_OR_STAGING_SOURCE","MEDIUM_TO_HIGH","TRACKED","3,12","MonProjet/allData/decision_trading_1777289373764.json","Do not delete yet; move to quarantine or separate private repo if not runtime"
"EXTERNAL_OR_STAGING_SOURCE","MEDIUM_TO_HIGH","TRACKED","3,12","MonProjet/allData/decision_trading_1777289376424.json","Do not delete yet; move to quarantine or separate private repo if not runtime"
"EXTERNAL_OR_STAGING_SOURCE","MEDIUM_TO_HIGH","TRACKED","3,12","MonProjet/allData/decision_trading_1777289378960.json","Do not delete yet; move to quarantine or separate private repo if not runtime"
"EXTERNAL_OR_STAGING_SOURCE","MEDIUM_TO_HIGH","TRACKED","3,12","MonProjet/allData/decision_trading_1777289381529.json","Do not delete yet; move to quarantine or separate private repo if not runtime"
"EXTERNAL_OR_STAGING_SOURCE","MEDIUM_TO_HIGH","TRACKED","3,12","MonProjet/allData/decision_trading_1777289384053.json","Do not delete yet; move to quarantine or separate private repo if not runtime"
"EXTERNAL_OR_STAGING_SOURCE","MEDIUM_TO_HIGH","TRACKED","3,12","MonProjet/allData/decision_trading_1777289386574.json","Do not delete yet; move to quarantine or separate private repo if not runtime"
"EXTERNAL_OR_STAGING_SOURCE","MEDIUM_TO_HIGH","TRACKED","3,12","MonProjet/allData/decision_trading_1777289389061.json","Do not delete yet; move to quarantine or separate private repo if not runtime"
"EXTERNAL_OR_STAGING_SOURCE","MEDIUM_TO_HIGH","TRACKED","3,12","MonProjet/allData/decision_trading_1777289391493.json","Do not delete yet; move to quarantine or separate private repo if not runtime"
"EXTERNAL_OR_STAGING_SOURCE","MEDIUM_TO_HIGH","TRACKED","3,12","MonProjet/allData/decision_trading_1777289393959.json","Do not delete yet; move to quarantine or separate private repo if not runtime"
"EXTERNAL_OR_STAGING_SOURCE","MEDIUM_TO_HIGH","TRACKED","3,12","MonProjet/allData/decision_trading_1777289396448.json","Do not delete yet; move to quarantine or separate private repo if not runtime"
"EXTERNAL_OR_STAGING_SOURCE","MEDIUM_TO_HIGH","TRACKED","3,12","MonProjet/allData/decision_trading_1777289399183.json","Do not delete yet; move to quarantine or separate private repo if not runtime"
"EXTERNAL_OR_STAGING_SOURCE","MEDIUM_TO_HIGH","TRACKED","3,12","MonProjet/allData/decision_trading_1777289401713.json","Do not delete yet; move to quarantine or separate private repo if not runtime"
"EXTERNAL_OR_STAGING_SOURCE","MEDIUM_TO_HIGH","TRACKED","3,12","MonProjet/allData/decision_trading_1777289404283.json","Do not delete yet; move to quarantine or separate private repo if not runtime"
"EXTERNAL_OR_STAGING_SOURCE","MEDIUM_TO_HIGH","TRACKED","3,12","MonProjet/allData/decision_trading_1777289406859.json","Do not delete yet; move to quarantine or separate private repo if not runtime"
"EXTERNAL_OR_STAGING_SOURCE","MEDIUM_TO_HIGH","TRACKED","3,12","MonProjet/allData/decision_trading_1777289409402.json","Do not delete yet; move to quarantine or separate private repo if not runtime"
"EXTERNAL_OR_STAGING_SOURCE","MEDIUM_TO_HIGH","TRACKED","3,12","MonProjet/allData/decision_trading_1777289411914.json","Do not delete yet; move to quarantine or separate private repo if not runtime"
"EXTERNAL_OR_STAGING_SOURCE","MEDIUM_TO_HIGH","TRACKED","3,12","MonProjet/allData/decision_trading_1777289414362.json","Do not delete yet; move to quarantine or separate private repo if not runtime"
"EXTERNAL_OR_STAGING_SOURCE","MEDIUM_TO_HIGH","TRACKED","3,12","MonProjet/allData/decision_trading_1777289416844.json","Do not delete yet; move to quarantine or separate private repo if not runtime"
"EXTERNAL_OR_STAGING_SOURCE","MEDIUM_TO_HIGH","TRACKED","3,12","MonProjet/allData/decision_trading_1777289419292.json","Do not delete yet; move to quarantine or separate private repo if not runtime"
"EXTERNAL_OR_STAGING_SOURCE","MEDIUM_TO_HIGH","TRACKED","3,12","MonProjet/allData/decision_trading_1777289421736.json","Do not delete yet; move to quarantine or separate private repo if not runtime"
"EXTERNAL_OR_STAGING_SOURCE","MEDIUM_TO_HIGH","TRACKED","3,12","MonProjet/allData/decision_trading_1777289424224.json","Do not delete yet; move to quarantine or separate private repo if not runtime"
"EXTERNAL_OR_STAGING_SOURCE","MEDIUM_TO_HIGH","TRACKED","3,12","MonProjet/allData/decision_trading_1777289426773.json","Do not delete yet; move to quarantine or separate private repo if not runtime"
"EXTERNAL_OR_STAGING_SOURCE","MEDIUM_TO_HIGH","TRACKED","3,12","MonProjet/allData/decision_trading_1777289429337.json","Do not delete yet; move to quarantine or separate private repo if not runtime"
"EXTERNAL_OR_STAGING_SOURCE","MEDIUM_TO_HIGH","TRACKED","3,12","MonProjet/allData/decision_trading_1777289431887.json","Do not delete yet; move to quarantine or separate private repo if not runtime"
"EXTERNAL_OR_STAGING_SOURCE","MEDIUM_TO_HIGH","TRACKED","3,12","MonProjet/allData/decision_trading_1777289434343.json","Do not delete yet; move to quarantine or separate private repo if not runtime"
"EXTERNAL_OR_STAGING_SOURCE","MEDIUM_TO_HIGH","TRACKED","3,12","MonProjet/allData/decision_trading_1777289436836.json","Do not delete yet; move to quarantine or separate private repo if not runtime"
"EXTERNAL_OR_STAGING_SOURCE","MEDIUM_TO_HIGH","TRACKED","3,12","MonProjet/allData/decision_trading_1777289439304.json","Do not delete yet; move to quarantine or separate private repo if not runtime"
"EXTERNAL_OR_STAGING_SOURCE","MEDIUM_TO_HIGH","TRACKED","3,12","MonProjet/allData/decision_trading_1777289441828.json","Do not delete yet; move to quarantine or separate private repo if not runtime"
"EXTERNAL_OR_STAGING_SOURCE","MEDIUM_TO_HIGH","TRACKED","3,12","MonProjet/allData/decision_trading_1777289444491.json","Do not delete yet; move to quarantine or separate private repo if not runtime"
"EXTERNAL_OR_STAGING_SOURCE","MEDIUM_TO_HIGH","TRACKED","3,12","MonProjet/allData/decision_trading_1777289447012.json","Do not delete yet; move to quarantine or separate private repo if not runtime"
"EXTERNAL_OR_STAGING_SOURCE","MEDIUM_TO_HIGH","TRACKED","3,12","MonProjet/allData/decision_trading_1777289449448.json","Do not delete yet; move to quarantine or separate private repo if not runtime"
"EXTERNAL_OR_STAGING_SOURCE","MEDIUM_TO_HIGH","TRACKED","3,12","MonProjet/allData/decision_trading_1777289451905.json","Do not delete yet; move to quarantine or separate private repo if not runtime"
"EXTERNAL_OR_STAGING_SOURCE","MEDIUM_TO_HIGH","TRACKED","3,12","MonProjet/allData/decision_trading_1777289454518.json","Do not delete yet; move to quarantine or separate private repo if not runtime"
"EXTERNAL_OR_STAGING_SOURCE","MEDIUM_TO_HIGH","TRACKED","3,12","MonProjet/allData/decision_trading_1777289458270.json","Do not delete yet; move to quarantine or separate private repo if not runtime"
"EXTERNAL_OR_STAGING_SOURCE","MEDIUM_TO_HIGH","TRACKED","3,12","MonProjet/allData/decision_trading_1777289461058.json","Do not delete yet; move to quarantine or separate private repo if not runtime"
"EXTERNAL_OR_STAGING_SOURCE","MEDIUM_TO_HIGH","TRACKED","3,12","MonProjet/allData/decision_trading_1777289463768.json","Do not delete yet; move to quarantine or separate private repo if not runtime"
"EXTERNAL_OR_STAGING_SOURCE","MEDIUM_TO_HIGH","TRACKED","3,12","MonProjet/allData/decision_trading_1777289466355.json","Do not delete yet; move to quarantine or separate private repo if not runtime"
"EXTERNAL_OR_STAGING_SOURCE","MEDIUM_TO_HIGH","TRACKED","3,12","MonProjet/allData/decision_trading_1777289468820.json","Do not delete yet; move to quarantine or separate private repo if not runtime"
"EXTERNAL_OR_STAGING_SOURCE","MEDIUM_TO_HIGH","TRACKED","3,12","MonProjet/allData/decision_trading_1777289471270.json","Do not delete yet; move to quarantine or separate private repo if not runtime"
"EXTERNAL_OR_STAGING_SOURCE","MEDIUM_TO_HIGH","TRACKED","3,12","MonProjet/allData/decision_trading_1777289473740.json","Do not delete yet; move to quarantine or separate private repo if not runtime"
"EXTERNAL_OR_STAGING_SOURCE","MEDIUM_TO_HIGH","TRACKED","3,12","MonProjet/allData/decision_trading_1777289476185.json","Do not delete yet; move to quarantine or separate private repo if not runtime"
"EXTERNAL_OR_STAGING_SOURCE","MEDIUM_TO_HIGH","TRACKED","3,12","MonProjet/allData/decision_trading_1777289478670.json","Do not delete yet; move to quarantine or separate private repo if not runtime"
"EXTERNAL_OR_STAGING_SOURCE","MEDIUM_TO_HIGH","TRACKED","3,12","MonProjet/allData/decision_trading_1777289481312.json","Do not delete yet; move to quarantine or separate private repo if not runtime"
"EXTERNAL_OR_STAGING_SOURCE","MEDIUM_TO_HIGH","TRACKED","3,12","MonProjet/allData/decision_trading_1777289483771.json","Do not delete yet; move to quarantine or separate private repo if not runtime"
"EXTERNAL_OR_STAGING_SOURCE","MEDIUM_TO_HIGH","TRACKED","3,12","MonProjet/allData/decision_trading_1777289486254.json","Do not delete yet; move to quarantine or separate private repo if not runtime"
"EXTERNAL_OR_STAGING_SOURCE","MEDIUM_TO_HIGH","TRACKED","3,12","MonProjet/allData/decision_trading_1777289488788.json","Do not delete yet; move to quarantine or separate private repo if not runtime"
"EXTERNAL_OR_STAGING_SOURCE","MEDIUM_TO_HIGH","TRACKED","3,12","MonProjet/allData/decision_trading_1777289491317.json","Do not delete yet; move to quarantine or separate private repo if not runtime"
"EXTERNAL_OR_STAGING_SOURCE","MEDIUM_TO_HIGH","TRACKED","3,12","MonProjet/allData/decision_trading_1777289493753.json","Do not delete yet; move to quarantine or separate private repo if not runtime"
"EXTERNAL_OR_STAGING_SOURCE","MEDIUM_TO_HIGH","TRACKED","3,12","MonProjet/allData/decision_trading_1777289496192.json","Do not delete yet; move to quarantine or separate private repo if not runtime"
"EXTERNAL_OR_STAGING_SOURCE","MEDIUM_TO_HIGH","TRACKED","3,12","MonProjet/allData/decision_trading_1777289498766.json","Do not delete yet; move to quarantine or separate private repo if not runtime"
"EXTERNAL_OR_STAGING_SOURCE","MEDIUM_TO_HIGH","TRACKED","3,12","MonProjet/allData/decision_trading_1777289501202.json","Do not delete yet; move to quarantine or separate private repo if not runtime"
"EXTERNAL_OR_STAGING_SOURCE","MEDIUM_TO_HIGH","TRACKED","3,12","MonProjet/allData/decision_trading_1777289503752.json","Do not delete yet; move to quarantine or separate private repo if not runtime"
"EXTERNAL_OR_STAGING_SOURCE","MEDIUM_TO_HIGH","TRACKED","3,12","MonProjet/allData/decision_trading_1777289506196.json","Do not delete yet; move to quarantine or separate private repo if not runtime"
"EXTERNAL_OR_STAGING_SOURCE","MEDIUM_TO_HIGH","TRACKED","3,12","MonProjet/allData/decision_trading_1777289508845.json","Do not delete yet; move to quarantine or separate private repo if not runtime"
"EXTERNAL_OR_STAGING_SOURCE","MEDIUM_TO_HIGH","TRACKED","3,12","MonProjet/allData/decision_trading_1777289511319.json","Do not delete yet; move to quarantine or separate private repo if not runtime"
"EXTERNAL_OR_STAGING_SOURCE","MEDIUM_TO_HIGH","TRACKED","3,12","MonProjet/allData/decision_trading_1777289513841.json","Do not delete yet; move to quarantine or separate private repo if not runtime"
"EXTERNAL_OR_STAGING_SOURCE","MEDIUM_TO_HIGH","TRACKED","3,12","MonProjet/allData/decision_trading_1777289516347.json","Do not delete yet; move to quarantine or separate private repo if not runtime"
"EXTERNAL_OR_STAGING_SOURCE","MEDIUM_TO_HIGH","TRACKED","3,12","MonProjet/allData/decision_trading_1777289518899.json","Do not delete yet; move to quarantine or separate private repo if not runtime"
"EXTERNAL_OR_STAGING_SOURCE","MEDIUM_TO_HIGH","TRACKED","3,12","MonProjet/allData/decision_trading_1777289521456.json","Do not delete yet; move to quarantine or separate private repo if not runtime"
"EXTERNAL_OR_STAGING_SOURCE","MEDIUM_TO_HIGH","TRACKED","3,12","MonProjet/allData/decision_trading_1777289523910.json","Do not delete yet; move to quarantine or separate private repo if not runtime"
"EXTERNAL_OR_STAGING_SOURCE","MEDIUM_TO_HIGH","TRACKED","3,12","MonProjet/allData/decision_trading_1777289526384.json","Do not delete yet; move to quarantine or separate private repo if not runtime"
"EXTERNAL_OR_STAGING_SOURCE","MEDIUM_TO_HIGH","TRACKED","3,12","MonProjet/allData/decision_trading_1777289528869.json","Do not delete yet; move to quarantine or separate private repo if not runtime"
"EXTERNAL_OR_STAGING_SOURCE","MEDIUM_TO_HIGH","TRACKED","3,12","MonProjet/allData/decision_trading_1777289531346.json","Do not delete yet; move to quarantine or separate private repo if not runtime"
"EXTERNAL_OR_STAGING_SOURCE","MEDIUM_TO_HIGH","TRACKED","3,12","MonProjet/allData/decision_trading_1777289533878.json","Do not delete yet; move to quarantine or separate private repo if not runtime"
"EXTERNAL_OR_STAGING_SOURCE","MEDIUM_TO_HIGH","TRACKED","3,12","MonProjet/allData/decision_trading_1777289538777.json","Do not delete yet; move to quarantine or separate private repo if not runtime"
"EXTERNAL_OR_STAGING_SOURCE","MEDIUM_TO_HIGH","TRACKED","3,12","MonProjet/allData/decision_trading_1777289541361.json","Do not delete yet; move to quarantine or separate private repo if not runtime"
"EXTERNAL_OR_STAGING_SOURCE","MEDIUM_TO_HIGH","TRACKED","3,12","MonProjet/allData/decision_trading_1777289544038.json","Do not delete yet; move to quarantine or separate private repo if not runtime"
"EXTERNAL_OR_STAGING_SOURCE","MEDIUM_TO_HIGH","TRACKED","3,12","MonProjet/allData/decision_trading_1777289546564.json","Do not delete yet; move to quarantine or separate private repo if not runtime"
"EXTERNAL_OR_STAGING_SOURCE","MEDIUM_TO_HIGH","TRACKED","3,12","MonProjet/allData/decision_trading_1777289549160.json","Do not delete yet; move to quarantine or separate private repo if not runtime"
"EXTERNAL_OR_STAGING_SOURCE","MEDIUM_TO_HIGH","TRACKED","3,12","MonProjet/allData/decision_trading_1777289551655.json","Do not delete yet; move to quarantine or separate private repo if not runtime"
"EXTERNAL_OR_STAGING_SOURCE","MEDIUM_TO_HIGH","TRACKED","3,12","MonProjet/allData/decision_trading_1777289554256.json","Do not delete yet; move to quarantine or separate private repo if not runtime"
"EXTERNAL_OR_STAGING_SOURCE","MEDIUM_TO_HIGH","TRACKED","3,12","MonProjet/allData/decision_trading_1777289556697.json","Do not delete yet; move to quarantine or separate private repo if not runtime"
"EXTERNAL_OR_STAGING_SOURCE","MEDIUM_TO_HIGH","TRACKED","3,12","MonProjet/allData/decision_trading_1777289559289.json","Do not delete yet; move to quarantine or separate private repo if not runtime"
"EXTERNAL_OR_STAGING_SOURCE","MEDIUM_TO_HIGH","TRACKED","3,12","MonProjet/allData/decision_trading_1777289561830.json","Do not delete yet; move to quarantine or separate private repo if not runtime"
"EXTERNAL_OR_STAGING_SOURCE","MEDIUM_TO_HIGH","TRACKED","3,12","MonProjet/allData/decision_trading_1777289564296.json","Do not delete yet; move to quarantine or separate private repo if not runtime"
"EXTERNAL_OR_STAGING_SOURCE","MEDIUM_TO_HIGH","TRACKED","3,12","MonProjet/allData/decision_trading_1777289566729.json","Do not delete yet; move to quarantine or separate private repo if not runtime"
"EXTERNAL_OR_STAGING_SOURCE","MEDIUM_TO_HIGH","TRACKED","3,12","MonProjet/allData/decision_trading_1777289569277.json","Do not delete yet; move to quarantine or separate private repo if not runtime"
"EXTERNAL_OR_STAGING_SOURCE","MEDIUM_TO_HIGH","TRACKED","3,12","MonProjet/allData/decision_trading_1777289571758.json","Do not delete yet; move to quarantine or separate private repo if not runtime"
"EXTERNAL_OR_STAGING_SOURCE","MEDIUM_TO_HIGH","TRACKED","3,12","MonProjet/allData/decision_trading_1777289574352.json","Do not delete yet; move to quarantine or separate private repo if not runtime"
"EXTERNAL_OR_STAGING_SOURCE","MEDIUM_TO_HIGH","TRACKED","3,12","MonProjet/allData/decision_trading_1777289576893.json","Do not delete yet; move to quarantine or separate private repo if not runtime"
"EXTERNAL_OR_STAGING_SOURCE","MEDIUM_TO_HIGH","TRACKED","3,12","MonProjet/allData/decision_trading_1777289579477.json","Do not delete yet; move to quarantine or separate private repo if not runtime"
"EXTERNAL_OR_STAGING_SOURCE","MEDIUM_TO_HIGH","TRACKED","3,12","MonProjet/allData/decision_trading_1777289582039.json","Do not delete yet; move to quarantine or separate private repo if not runtime"
"EXTERNAL_OR_STAGING_SOURCE","MEDIUM_TO_HIGH","TRACKED","3,12","MonProjet/allData/decision_trading_1777289584506.json","Do not delete yet; move to quarantine or separate private repo if not runtime"
"EXTERNAL_OR_STAGING_SOURCE","MEDIUM_TO_HIGH","TRACKED","3,12","MonProjet/allData/decision_trading_1777289586998.json","Do not delete yet; move to quarantine or separate private repo if not runtime"
"EXTERNAL_OR_STAGING_SOURCE","MEDIUM_TO_HIGH","TRACKED","3,12","MonProjet/allData/decision_trading_1777289589584.json","Do not delete yet; move to quarantine or separate private repo if not runtime"
"EXTERNAL_OR_STAGING_SOURCE","MEDIUM_TO_HIGH","TRACKED","3,12","MonProjet/allData/decision_trading_1777289592047.json","Do not delete yet; move to quarantine or separate private repo if not runtime"
"EXTERNAL_OR_STAGING_SOURCE","MEDIUM_TO_HIGH","TRACKED","3,12","MonProjet/allData/decision_trading_1777289594560.json","Do not delete yet; move to quarantine or separate private repo if not runtime"
"EXTERNAL_OR_STAGING_SOURCE","MEDIUM_TO_HIGH","TRACKED","3,12","MonProjet/allData/decision_trading_1777289597008.json","Do not delete yet; move to quarantine or separate private repo if not runtime"
"EXTERNAL_OR_STAGING_SOURCE","MEDIUM_TO_HIGH","TRACKED","3,12","MonProjet/allData/decision_trading_1777289599474.json","Do not delete yet; move to quarantine or separate private repo if not runtime"
"EXTERNAL_OR_STAGING_SOURCE","MEDIUM_TO_HIGH","TRACKED","3,12","MonProjet/allData/decision_trading_1777289602054.json","Do not delete yet; move to quarantine or separate private repo if not runtime"
"EXTERNAL_OR_STAGING_SOURCE","MEDIUM_TO_HIGH","TRACKED","3,12","MonProjet/allData/decision_trading_1777289604659.json","Do not delete yet; move to quarantine or separate private repo if not runtime"
"EXTERNAL_OR_STAGING_SOURCE","MEDIUM_TO_HIGH","TRACKED","3,12","MonProjet/allData/decision_trading_1777289607401.json","Do not delete yet; move to quarantine or separate private repo if not runtime"
"EXTERNAL_OR_STAGING_SOURCE","MEDIUM_TO_HIGH","TRACKED","3,12","MonProjet/allData/decision_trading_1777289610027.json","Do not delete yet; move to quarantine or separate private repo if not runtime"
"EXTERNAL_OR_STAGING_SOURCE","MEDIUM_TO_HIGH","TRACKED","3,12","MonProjet/allData/decision_trading_1777289612625.json","Do not delete yet; move to quarantine or separate private repo if not runtime"
"EXTERNAL_OR_STAGING_SOURCE","MEDIUM_TO_HIGH","TRACKED","3,12","MonProjet/allData/decision_trading_1777289615118.json","Do not delete yet; move to quarantine or separate private repo if not runtime"
"EXTERNAL_OR_STAGING_SOURCE","MEDIUM_TO_HIGH","TRACKED","3,12","MonProjet/allData/decision_trading_1777289617544.json","Do not delete yet; move to quarantine or separate private repo if not runtime"
"EXTERNAL_OR_STAGING_SOURCE","MEDIUM_TO_HIGH","TRACKED","3,12","MonProjet/allData/decision_trading_1777289620116.json","Do not delete yet; move to quarantine or separate private repo if not runtime"
"EXTERNAL_OR_STAGING_SOURCE","MEDIUM_TO_HIGH","TRACKED","3,12","MonProjet/allData/decision_trading_1777289622561.json","Do not delete yet; move to quarantine or separate private repo if not runtime"
"EXTERNAL_OR_STAGING_SOURCE","MEDIUM_TO_HIGH","TRACKED","3,12","MonProjet/allData/decision_trading_1777289625007.json","Do not delete yet; move to quarantine or separate private repo if not runtime"
"EXTERNAL_OR_STAGING_SOURCE","MEDIUM_TO_HIGH","TRACKED","3,12","MonProjet/allData/decision_trading_1777289627444.json","Do not delete yet; move to quarantine or separate private repo if not runtime"
"EXTERNAL_OR_STAGING_SOURCE","MEDIUM_TO_HIGH","TRACKED","3,12","MonProjet/allData/decision_trading_1777289629868.json","Do not delete yet; move to quarantine or separate private repo if not runtime"
"EXTERNAL_OR_STAGING_SOURCE","MEDIUM_TO_HIGH","TRACKED","3,12","MonProjet/allData/decision_trading_1777289632348.json","Do not delete yet; move to quarantine or separate private repo if not runtime"
"EXTERNAL_OR_STAGING_SOURCE","MEDIUM_TO_HIGH","TRACKED","3,12","MonProjet/allData/decision_trading_1777289634775.json","Do not delete yet; move to quarantine or separate private repo if not runtime"
"EXTERNAL_OR_STAGING_SOURCE","MEDIUM_TO_HIGH","TRACKED","3,12","MonProjet/allData/decision_trading_1777289637272.json","Do not delete yet; move to quarantine or separate private repo if not runtime"
"EXTERNAL_OR_STAGING_SOURCE","MEDIUM_TO_HIGH","TRACKED","3,12","MonProjet/allData/decision_trading_1777289639925.json","Do not delete yet; move to quarantine or separate private repo if not runtime"
"EXTERNAL_OR_STAGING_SOURCE","MEDIUM_TO_HIGH","TRACKED","3,12","MonProjet/allData/decision_trading_1777289642469.json","Do not delete yet; move to quarantine or separate private repo if not runtime"
"EXTERNAL_OR_STAGING_SOURCE","MEDIUM_TO_HIGH","TRACKED","3,12","MonProjet/allData/decision_trading_1777289645055.json","Do not delete yet; move to quarantine or separate private repo if not runtime"
"EXTERNAL_OR_STAGING_SOURCE","MEDIUM_TO_HIGH","TRACKED","3,12","MonProjet/allData/decision_trading_1777289647583.json","Do not delete yet; move to quarantine or separate private repo if not runtime"
"EXTERNAL_OR_STAGING_SOURCE","MEDIUM_TO_HIGH","TRACKED","3,12","MonProjet/allData/decision_trading_1777289650039.json","Do not delete yet; move to quarantine or separate private repo if not runtime"
"EXTERNAL_OR_STAGING_SOURCE","MEDIUM_TO_HIGH","TRACKED","3,12","MonProjet/allData/decision_trading_1777289652496.json","Do not delete yet; move to quarantine or separate private repo if not runtime"
"EXTERNAL_OR_STAGING_SOURCE","MEDIUM_TO_HIGH","TRACKED","3,12","MonProjet/allData/decision_trading_1777289654937.json","Do not delete yet; move to quarantine or separate private repo if not runtime"
"EXTERNAL_OR_STAGING_SOURCE","MEDIUM_TO_HIGH","TRACKED","3,12","MonProjet/allData/decision_trading_1777289657386.json","Do not delete yet; move to quarantine or separate private repo if not runtime"
"EXTERNAL_OR_STAGING_SOURCE","MEDIUM_TO_HIGH","TRACKED","3,12","MonProjet/allData/decision_trading_1777289659857.json","Do not delete yet; move to quarantine or separate private repo if not runtime"
"EXTERNAL_OR_STAGING_SOURCE","MEDIUM_TO_HIGH","TRACKED","3,12","MonProjet/allData/decision_trading_1777289662298.json","Do not delete yet; move to quarantine or separate private repo if not runtime"
"EXTERNAL_OR_STAGING_SOURCE","MEDIUM_TO_HIGH","TRACKED","3,12","MonProjet/allData/decision_trading_1777289664731.json","Do not delete yet; move to quarantine or separate private repo if not runtime"
"EXTERNAL_OR_STAGING_SOURCE","MEDIUM_TO_HIGH","TRACKED","3,12","MonProjet/allData/decision_trading_1777289667484.json","Do not delete yet; move to quarantine or separate private repo if not runtime"
"EXTERNAL_OR_STAGING_SOURCE","MEDIUM_TO_HIGH","TRACKED","3,12","MonProjet/allData/decision_trading_1777289670078.json","Do not delete yet; move to quarantine or separate private repo if not runtime"
"EXTERNAL_OR_STAGING_SOURCE","MEDIUM_TO_HIGH","TRACKED","3,12","MonProjet/allData/decision_trading_1777289672718.json","Do not delete yet; move to quarantine or separate private repo if not runtime"
"EXTERNAL_OR_STAGING_SOURCE","MEDIUM_TO_HIGH","TRACKED","3,12","MonProjet/allData/decision_trading_1777289675391.json","Do not delete yet; move to quarantine or separate private repo if not runtime"
"EXTERNAL_OR_STAGING_SOURCE","MEDIUM_TO_HIGH","TRACKED","3,12","MonProjet/allData/decision_trading_1777289677979.json","Do not delete yet; move to quarantine or separate private repo if not runtime"
"EXTERNAL_OR_STAGING_SOURCE","MEDIUM_TO_HIGH","TRACKED","3,12","MonProjet/allData/decision_trading_1777289680470.json","Do not delete yet; move to quarantine or separate private repo if not runtime"
"EXTERNAL_OR_STAGING_SOURCE","MEDIUM_TO_HIGH","TRACKED","3,12","MonProjet/allData/decision_trading_1777289682940.json","Do not delete yet; move to quarantine or separate private repo if not runtime"
"EXTERNAL_OR_STAGING_SOURCE","MEDIUM_TO_HIGH","TRACKED","3,12","MonProjet/allData/decision_trading_1777289685512.json","Do not delete yet; move to quarantine or separate private repo if not runtime"
"EXTERNAL_OR_STAGING_SOURCE","MEDIUM_TO_HIGH","TRACKED","3,12","MonProjet/allData/decision_trading_1777289688090.json","Do not delete yet; move to quarantine or separate private repo if not runtime"
"EXTERNAL_OR_STAGING_SOURCE","MEDIUM_TO_HIGH","TRACKED","3,12","MonProjet/allData/decision_trading_1777289690573.json","Do not delete yet; move to quarantine or separate private repo if not runtime"
"EXTERNAL_OR_STAGING_SOURCE","MEDIUM_TO_HIGH","TRACKED","3,12","MonProjet/allData/decision_trading_1777289693047.json","Do not delete yet; move to quarantine or separate private repo if not runtime"
"EXTERNAL_OR_STAGING_SOURCE","MEDIUM_TO_HIGH","TRACKED","3,12","MonProjet/allData/decision_trading_1777289695511.json","Do not delete yet; move to quarantine or separate private repo if not runtime"
"EXTERNAL_OR_STAGING_SOURCE","MEDIUM_TO_HIGH","TRACKED","3,12","MonProjet/allData/decision_trading_1777289698038.json","Do not delete yet; move to quarantine or separate private repo if not runtime"
"EXTERNAL_OR_STAGING_SOURCE","MEDIUM_TO_HIGH","TRACKED","3,12","MonProjet/allData/decision_trading_1777289700602.json","Do not delete yet; move to quarantine or separate private repo if not runtime"
"EXTERNAL_OR_STAGING_SOURCE","MEDIUM_TO_HIGH","TRACKED","3,12","MonProjet/allData/decision_trading_1777289703212.json","Do not delete yet; move to quarantine or separate private repo if not runtime"
"EXTERNAL_OR_STAGING_SOURCE","MEDIUM_TO_HIGH","TRACKED","3,12","MonProjet/allData/decision_trading_1777289705789.json","Do not delete yet; move to quarantine or separate private repo if not runtime"
"EXTERNAL_OR_STAGING_SOURCE","MEDIUM_TO_HIGH","TRACKED","3,12","MonProjet/allData/decision_trading_1777289708274.json","Do not delete yet; move to quarantine or separate private repo if not runtime"
"EXTERNAL_OR_STAGING_SOURCE","MEDIUM_TO_HIGH","TRACKED","3,12","MonProjet/allData/decision_trading_1777289710706.json","Do not delete yet; move to quarantine or separate private repo if not runtime"
"EXTERNAL_OR_STAGING_SOURCE","MEDIUM_TO_HIGH","TRACKED","3,12","MonProjet/allData/decision_trading_1777289713188.json","Do not delete yet; move to quarantine or separate private repo if not runtime"
"EXTERNAL_OR_STAGING_SOURCE","MEDIUM_TO_HIGH","TRACKED","3,12","MonProjet/allData/decision_trading_1777289715647.json","Do not delete yet; move to quarantine or separate private repo if not runtime"
"EXTERNAL_OR_STAGING_SOURCE","MEDIUM_TO_HIGH","TRACKED","3,12","MonProjet/allData/decision_trading_1777289718085.json","Do not delete yet; move to quarantine or separate private repo if not runtime"
"EXTERNAL_OR_STAGING_SOURCE","MEDIUM_TO_HIGH","TRACKED","3,12","MonProjet/allData/decision_trading_1777289720547.json","Do not delete yet; move to quarantine or separate private repo if not runtime"
"EXTERNAL_OR_STAGING_SOURCE","MEDIUM_TO_HIGH","TRACKED","3,12","MonProjet/allData/decision_trading_1777289723083.json","Do not delete yet; move to quarantine or separate private repo if not runtime"
"EXTERNAL_OR_STAGING_SOURCE","MEDIUM_TO_HIGH","TRACKED","3,12","MonProjet/allData/decision_trading_1777289725534.json","Do not delete yet; move to quarantine or separate private repo if not runtime"
"EXTERNAL_OR_STAGING_SOURCE","MEDIUM_TO_HIGH","TRACKED","3,12","MonProjet/allData/decision_trading_1777289728050.json","Do not delete yet; move to quarantine or separate private repo if not runtime"
"EXTERNAL_OR_STAGING_SOURCE","MEDIUM_TO_HIGH","TRACKED","3,12","MonProjet/allData/decision_trading_1777289730627.json","Do not delete yet; move to quarantine or separate private repo if not runtime"
"EXTERNAL_OR_STAGING_SOURCE","MEDIUM_TO_HIGH","TRACKED","3,12","MonProjet/allData/decision_trading_1777289733092.json","Do not delete yet; move to quarantine or separate private repo if not runtime"
"EXTERNAL_OR_STAGING_SOURCE","MEDIUM_TO_HIGH","TRACKED","3,12","MonProjet/allData/decision_trading_1777289735643.json","Do not delete yet; move to quarantine or separate private repo if not runtime"
"EXTERNAL_OR_STAGING_SOURCE","MEDIUM_TO_HIGH","TRACKED","3,12","MonProjet/allData/decision_trading_1777289738103.json","Do not delete yet; move to quarantine or separate private repo if not runtime"
"EXTERNAL_OR_STAGING_SOURCE","MEDIUM_TO_HIGH","TRACKED","3,12","MonProjet/allData/decision_trading_1777289740581.json","Do not delete yet; move to quarantine or separate private repo if not runtime"
"EXTERNAL_OR_STAGING_SOURCE","MEDIUM_TO_HIGH","TRACKED","3,12","MonProjet/allData/decision_trading_1777289743100.json","Do not delete yet; move to quarantine or separate private repo if not runtime"
"EXTERNAL_OR_STAGING_SOURCE","MEDIUM_TO_HIGH","TRACKED","3,12","MonProjet/allData/decision_trading_1777289745609.json","Do not delete yet; move to quarantine or separate private repo if not runtime"
"EXTERNAL_OR_STAGING_SOURCE","MEDIUM_TO_HIGH","TRACKED","3,12","MonProjet/allData/decision_trading_1777289748149.json","Do not delete yet; move to quarantine or separate private repo if not runtime"
"EXTERNAL_OR_STAGING_SOURCE","MEDIUM_TO_HIGH","TRACKED","3,12","MonProjet/allData/decision_trading_1777289750677.json","Do not delete yet; move to quarantine or separate private repo if not runtime"
"EXTERNAL_OR_STAGING_SOURCE","MEDIUM_TO_HIGH","TRACKED","3,12","MonProjet/allData/decision_trading_1777289753395.json","Do not delete yet; move to quarantine or separate private repo if not runtime"
"EXTERNAL_OR_STAGING_SOURCE","MEDIUM_TO_HIGH","TRACKED","3,12","MonProjet/allData/decision_trading_1777289755848.json","Do not delete yet; move to quarantine or separate private repo if not runtime"
"EXTERNAL_OR_STAGING_SOURCE","MEDIUM_TO_HIGH","TRACKED","3,12","MonProjet/allData/decision_trading_1777289758355.json","Do not delete yet; move to quarantine or separate private repo if not runtime"
"EXTERNAL_OR_STAGING_SOURCE","MEDIUM_TO_HIGH","TRACKED","3,12","MonProjet/allData/decision_trading_1777289760908.json","Do not delete yet; move to quarantine or separate private repo if not runtime"
"EXTERNAL_OR_STAGING_SOURCE","MEDIUM_TO_HIGH","TRACKED","3,12","MonProjet/allData/decision_trading_1777289763360.json","Do not delete yet; move to quarantine or separate private repo if not runtime"
"EXTERNAL_OR_STAGING_SOURCE","MEDIUM_TO_HIGH","TRACKED","3,12","MonProjet/allData/decision_trading_1777289765903.json","Do not delete yet; move to quarantine or separate private repo if not runtime"
"EXTERNAL_OR_STAGING_SOURCE","MEDIUM_TO_HIGH","TRACKED","3,12","MonProjet/allData/decision_trading_1777289768539.json","Do not delete yet; move to quarantine or separate private repo if not runtime"
"EXTERNAL_OR_STAGING_SOURCE","MEDIUM_TO_HIGH","TRACKED","3,12","MonProjet/allData/decision_trading_1777289771035.json","Do not delete yet; move to quarantine or separate private repo if not runtime"
"EXTERNAL_OR_STAGING_SOURCE","MEDIUM_TO_HIGH","TRACKED","3,12","MonProjet/allData/decision_trading_1777289773525.json","Do not delete yet; move to quarantine or separate private repo if not runtime"
"EXTERNAL_OR_STAGING_SOURCE","MEDIUM_TO_HIGH","TRACKED","3,12","MonProjet/allData/decision_trading_1777289775971.json","Do not delete yet; move to quarantine or separate private repo if not runtime"
"EXTERNAL_OR_STAGING_SOURCE","MEDIUM_TO_HIGH","TRACKED","3,12","MonProjet/allData/decision_trading_1777289778415.json","Do not delete yet; move to quarantine or separate private repo if not runtime"
"EXTERNAL_OR_STAGING_SOURCE","MEDIUM_TO_HIGH","TRACKED","3,12","MonProjet/allData/decision_trading_1777289780841.json","Do not delete yet; move to quarantine or separate private repo if not runtime"
"EXTERNAL_OR_STAGING_SOURCE","MEDIUM_TO_HIGH","TRACKED","3,12","MonProjet/allData/decision_trading_1777289783423.json","Do not delete yet; move to quarantine or separate private repo if not runtime"
"EXTERNAL_OR_STAGING_SOURCE","MEDIUM_TO_HIGH","TRACKED","3,12","MonProjet/allData/decision_trading_1777289785938.json","Do not delete yet; move to quarantine or separate private repo if not runtime"
"EXTERNAL_OR_STAGING_SOURCE","MEDIUM_TO_HIGH","TRACKED","3,12","MonProjet/allData/decision_trading_1777289788438.json","Do not delete yet; move to quarantine or separate private repo if not runtime"
"EXTERNAL_OR_STAGING_SOURCE","MEDIUM_TO_HIGH","TRACKED","3,12","MonProjet/allData/decision_trading_1777289790965.json","Do not delete yet; move to quarantine or separate private repo if not runtime"
"EXTERNAL_OR_STAGING_SOURCE","MEDIUM_TO_HIGH","TRACKED","3,12","MonProjet/allData/decision_trading_1777289793530.json","Do not delete yet; move to quarantine or separate private repo if not runtime"
"EXTERNAL_OR_STAGING_SOURCE","MEDIUM_TO_HIGH","TRACKED","3,12","MonProjet/allData/decision_trading_1777289795985.json","Do not delete yet; move to quarantine or separate private repo if not runtime"
"EXTERNAL_OR_STAGING_SOURCE","MEDIUM_TO_HIGH","TRACKED","3,12","MonProjet/allData/decision_trading_1777289798426.json","Do not delete yet; move to quarantine or separate private repo if not runtime"
"EXTERNAL_OR_STAGING_SOURCE","MEDIUM_TO_HIGH","TRACKED","3,12","MonProjet/allData/decision_trading_1777289800915.json","Do not delete yet; move to quarantine or separate private repo if not runtime"
"EXTERNAL_OR_STAGING_SOURCE","MEDIUM_TO_HIGH","TRACKED","3,12","MonProjet/allData/decision_trading_1777289803441.json","Do not delete yet; move to quarantine or separate private repo if not runtime"
"EXTERNAL_OR_STAGING_SOURCE","MEDIUM_TO_HIGH","TRACKED","3,12","MonProjet/allData/decision_trading_1777289805940.json","Do not delete yet; move to quarantine or separate private repo if not runtime"
"EXTERNAL_OR_STAGING_SOURCE","MEDIUM_TO_HIGH","TRACKED","3,12","MonProjet/allData/decision_trading_1777289808454.json","Do not delete yet; move to quarantine or separate private repo if not runtime"
"EXTERNAL_OR_STAGING_SOURCE","MEDIUM_TO_HIGH","TRACKED","3,12","MonProjet/allData/decision_trading_1777289810910.json","Do not delete yet; move to quarantine or separate private repo if not runtime"
"EXTERNAL_OR_STAGING_SOURCE","MEDIUM_TO_HIGH","TRACKED","3,12","MonProjet/allData/decision_trading_1777289813484.json","Do not delete yet; move to quarantine or separate private repo if not runtime"
"EXTERNAL_OR_STAGING_SOURCE","MEDIUM_TO_HIGH","TRACKED","3,12","MonProjet/allData/decision_trading_1777289816003.json","Do not delete yet; move to quarantine or separate private repo if not runtime"
"EXTERNAL_OR_STAGING_SOURCE","MEDIUM_TO_HIGH","TRACKED","3,12","MonProjet/allData/decision_trading_1777289818512.json","Do not delete yet; move to quarantine or separate private repo if not runtime"
"EXTERNAL_OR_STAGING_SOURCE","MEDIUM_TO_HIGH","TRACKED","3,12","MonProjet/allData/decision_trading_1777289821047.json","Do not delete yet; move to quarantine or separate private repo if not runtime"
"EXTERNAL_OR_STAGING_SOURCE","MEDIUM_TO_HIGH","TRACKED","3,12","MonProjet/allData/decision_trading_1777289823512.json","Do not delete yet; move to quarantine or separate private repo if not runtime"
"EXTERNAL_OR_STAGING_SOURCE","MEDIUM_TO_HIGH","TRACKED","3,12","MonProjet/allData/decision_trading_1777289825956.json","Do not delete yet; move to quarantine or separate private repo if not runtime"
"EXTERNAL_OR_STAGING_SOURCE","MEDIUM_TO_HIGH","TRACKED","3,12","MonProjet/allData/decision_trading_1777289828398.json","Do not delete yet; move to quarantine or separate private repo if not runtime"
"EXTERNAL_OR_STAGING_SOURCE","MEDIUM_TO_HIGH","TRACKED","3,12","MonProjet/allData/decision_trading_1777289830839.json","Do not delete yet; move to quarantine or separate private repo if not runtime"
"EXTERNAL_OR_STAGING_SOURCE","MEDIUM_TO_HIGH","TRACKED","3,12","MonProjet/allData/decision_trading_1777289833499.json","Do not delete yet; move to quarantine or separate private repo if not runtime"
"EXTERNAL_OR_STAGING_SOURCE","MEDIUM_TO_HIGH","TRACKED","3,12","MonProjet/allData/decision_trading_1777289835992.json","Do not delete yet; move to quarantine or separate private repo if not runtime"
"EXTERNAL_OR_STAGING_SOURCE","MEDIUM_TO_HIGH","TRACKED","3,12","MonProjet/allData/decision_trading_1777289838429.json","Do not delete yet; move to quarantine or separate private repo if not runtime"
"EXTERNAL_OR_STAGING_SOURCE","MEDIUM_TO_HIGH","TRACKED","3,12","MonProjet/allData/decision_trading_1777289840885.json","Do not delete yet; move to quarantine or separate private repo if not runtime"
"EXTERNAL_OR_STAGING_SOURCE","MEDIUM_TO_HIGH","TRACKED","3,12","MonProjet/allData/decision_trading_1777289843528.json","Do not delete yet; move to quarantine or separate private repo if not runtime"
"EXTERNAL_OR_STAGING_SOURCE","MEDIUM_TO_HIGH","TRACKED","3,12","MonProjet/allData/decision_trading_1777289846076.json","Do not delete yet; move to quarantine or separate private repo if not runtime"
"EXTERNAL_OR_STAGING_SOURCE","MEDIUM_TO_HIGH","TRACKED","3,12","MonProjet/allData/decision_trading_1777289848647.json","Do not delete yet; move to quarantine or separate private repo if not runtime"
"EXTERNAL_OR_STAGING_SOURCE","MEDIUM_TO_HIGH","TRACKED","3,12","MonProjet/allData/decision_trading_1777289851247.json","Do not delete yet; move to quarantine or separate private repo if not runtime"
"EXTERNAL_OR_STAGING_SOURCE","MEDIUM_TO_HIGH","TRACKED","3,12","MonProjet/allData/decision_trading_1777289853825.json","Do not delete yet; move to quarantine or separate private repo if not runtime"
"EXTERNAL_OR_STAGING_SOURCE","MEDIUM_TO_HIGH","TRACKED","3,12","MonProjet/allData/decision_trading_1777289856295.json","Do not delete yet; move to quarantine or separate private repo if not runtime"
"EXTERNAL_OR_STAGING_SOURCE","MEDIUM_TO_HIGH","TRACKED","3,12","MonProjet/allData/decision_trading_1777289858909.json","Do not delete yet; move to quarantine or separate private repo if not runtime"
"EXTERNAL_OR_STAGING_SOURCE","MEDIUM_TO_HIGH","TRACKED","3,12","MonProjet/allData/decision_trading_1777289861384.json","Do not delete yet; move to quarantine or separate private repo if not runtime"
"EXTERNAL_OR_STAGING_SOURCE","MEDIUM_TO_HIGH","TRACKED","3,12","MonProjet/allData/decision_trading_1777289863854.json","Do not delete yet; move to quarantine or separate private repo if not runtime"
"EXTERNAL_OR_STAGING_SOURCE","MEDIUM_TO_HIGH","TRACKED","3,12","MonProjet/allData/decision_trading_1777289866319.json","Do not delete yet; move to quarantine or separate private repo if not runtime"
"EXTERNAL_OR_STAGING_SOURCE","MEDIUM_TO_HIGH","TRACKED","3,12","MonProjet/allData/decision_trading_1777289868753.json","Do not delete yet; move to quarantine or separate private repo if not runtime"
"EXTERNAL_OR_STAGING_SOURCE","MEDIUM_TO_HIGH","TRACKED","3,12","MonProjet/allData/decision_trading_1777289871221.json","Do not delete yet; move to quarantine or separate private repo if not runtime"
"EXTERNAL_OR_STAGING_SOURCE","MEDIUM_TO_HIGH","TRACKED","3,12","MonProjet/allData/decision_trading_1777289873731.json","Do not delete yet; move to quarantine or separate private repo if not runtime"
"EXTERNAL_OR_STAGING_SOURCE","MEDIUM_TO_HIGH","TRACKED","3,12","MonProjet/allData/decision_trading_1777289876186.json","Do not delete yet; move to quarantine or separate private repo if not runtime"
"EXTERNAL_OR_STAGING_SOURCE","MEDIUM_TO_HIGH","TRACKED","3,12","MonProjet/allData/decision_trading_1777289878723.json","Do not delete yet; move to quarantine or separate private repo if not runtime"
"EXTERNAL_OR_STAGING_SOURCE","MEDIUM_TO_HIGH","TRACKED","3,12","MonProjet/allData/decision_trading_1777289881315.json","Do not delete yet; move to quarantine or separate private repo if not runtime"
"EXTERNAL_OR_STAGING_SOURCE","MEDIUM_TO_HIGH","TRACKED","3,12","MonProjet/allData/decision_trading_1777289883769.json","Do not delete yet; move to quarantine or separate private repo if not runtime"
"EXTERNAL_OR_STAGING_SOURCE","MEDIUM_TO_HIGH","TRACKED","3,12","MonProjet/allData/decision_trading_1777289886294.json","Do not delete yet; move to quarantine or separate private repo if not runtime"
"EXTERNAL_OR_STAGING_SOURCE","MEDIUM_TO_HIGH","TRACKED","3,12","MonProjet/allData/decision_trading_1777289888908.json","Do not delete yet; move to quarantine or separate private repo if not runtime"
"EXTERNAL_OR_STAGING_SOURCE","MEDIUM_TO_HIGH","TRACKED","3,12","MonProjet/allData/decision_trading_1777289891359.json","Do not delete yet; move to quarantine or separate private repo if not runtime"
"EXTERNAL_OR_STAGING_SOURCE","MEDIUM_TO_HIGH","TRACKED","3,12","MonProjet/allData/decision_trading_1777289893788.json","Do not delete yet; move to quarantine or separate private repo if not runtime"
"EXTERNAL_OR_STAGING_SOURCE","MEDIUM_TO_HIGH","TRACKED","3,12","MonProjet/allData/decision_trading_1777289896258.json","Do not delete yet; move to quarantine or separate private repo if not runtime"
"EXTERNAL_OR_STAGING_SOURCE","MEDIUM_TO_HIGH","TRACKED","3,12","MonProjet/allData/decision_trading_1777289898769.json","Do not delete yet; move to quarantine or separate private repo if not runtime"
"EXTERNAL_OR_STAGING_SOURCE","MEDIUM_TO_HIGH","TRACKED","3,12","MonProjet/allData/decision_trading_1777289901250.json","Do not delete yet; move to quarantine or separate private repo if not runtime"
"EXTERNAL_OR_STAGING_SOURCE","MEDIUM_TO_HIGH","TRACKED","3,12","MonProjet/allData/decision_trading_1777289903697.json","Do not delete yet; move to quarantine or separate private repo if not runtime"
"EXTERNAL_OR_STAGING_SOURCE","MEDIUM_TO_HIGH","TRACKED","3,12","MonProjet/allData/decision_trading_1777289906216.json","Do not delete yet; move to quarantine or separate private repo if not runtime"
"EXTERNAL_OR_STAGING_SOURCE","MEDIUM_TO_HIGH","TRACKED","3,12","MonProjet/allData/decision_trading_1777289908732.json","Do not delete yet; move to quarantine or separate private repo if not runtime"
"EXTERNAL_OR_STAGING_SOURCE","MEDIUM_TO_HIGH","TRACKED","3,12","MonProjet/allData/decision_trading_1777289911276.json","Do not delete yet; move to quarantine or separate private repo if not runtime"
"EXTERNAL_OR_STAGING_SOURCE","MEDIUM_TO_HIGH","TRACKED","3,12","MonProjet/allData/decision_trading_1777289913721.json","Do not delete yet; move to quarantine or separate private repo if not runtime"
"EXTERNAL_OR_STAGING_SOURCE","MEDIUM_TO_HIGH","TRACKED","3,12","MonProjet/allData/decision_trading_1777289916237.json","Do not delete yet; move to quarantine or separate private repo if not runtime"
"EXTERNAL_OR_STAGING_SOURCE","MEDIUM_TO_HIGH","TRACKED","3,12","MonProjet/allData/decision_trading_1777289918746.json","Do not delete yet; move to quarantine or separate private repo if not runtime"
"EXTERNAL_OR_STAGING_SOURCE","MEDIUM_TO_HIGH","TRACKED","3,12","MonProjet/allData/decision_trading_1777289921237.json","Do not delete yet; move to quarantine or separate private repo if not runtime"
"EXTERNAL_OR_STAGING_SOURCE","MEDIUM_TO_HIGH","TRACKED","3,12","MonProjet/allData/decision_trading_1777289923840.json","Do not delete yet; move to quarantine or separate private repo if not runtime"
"EXTERNAL_OR_STAGING_SOURCE","MEDIUM_TO_HIGH","TRACKED","3,12","MonProjet/allData/decision_trading_1777289926557.json","Do not delete yet; move to quarantine or separate private repo if not runtime"
"EXTERNAL_OR_STAGING_SOURCE","MEDIUM_TO_HIGH","TRACKED","3,12","MonProjet/allData/decision_trading_1777289929085.json","Do not delete yet; move to quarantine or separate private repo if not runtime"
"EXTERNAL_OR_STAGING_SOURCE","MEDIUM_TO_HIGH","TRACKED","3,12","MonProjet/allData/decision_trading_1777289931621.json","Do not delete yet; move to quarantine or separate private repo if not runtime"
"EXTERNAL_OR_STAGING_SOURCE","MEDIUM_TO_HIGH","TRACKED","3,12","MonProjet/allData/decision_trading_1777289934118.json","Do not delete yet; move to quarantine or separate private repo if not runtime"
"EXTERNAL_OR_STAGING_SOURCE","MEDIUM_TO_HIGH","TRACKED","3,12","MonProjet/allData/decision_trading_1777289936686.json","Do not delete yet; move to quarantine or separate private repo if not runtime"
"EXTERNAL_OR_STAGING_SOURCE","MEDIUM_TO_HIGH","TRACKED","3,12","MonProjet/allData/decision_trading_1777289939224.json","Do not delete yet; move to quarantine or separate private repo if not runtime"
"EXTERNAL_OR_STAGING_SOURCE","MEDIUM_TO_HIGH","TRACKED","3,12","MonProjet/allData/decision_trading_1777289941792.json","Do not delete yet; move to quarantine or separate private repo if not runtime"
"EXTERNAL_OR_STAGING_SOURCE","MEDIUM_TO_HIGH","TRACKED","3,12","MonProjet/allData/decision_trading_1777289944267.json","Do not delete yet; move to quarantine or separate private repo if not runtime"
"EXTERNAL_OR_STAGING_SOURCE","MEDIUM_TO_HIGH","TRACKED","3,12","MonProjet/allData/decision_trading_1777289946822.json","Do not delete yet; move to quarantine or separate private repo if not runtime"
"EXTERNAL_OR_STAGING_SOURCE","MEDIUM_TO_HIGH","TRACKED","3,12","MonProjet/allData/decision_trading_1777289949292.json","Do not delete yet; move to quarantine or separate private repo if not runtime"
"EXTERNAL_OR_STAGING_SOURCE","MEDIUM_TO_HIGH","TRACKED","3,12","MonProjet/allData/decision_trading_1777289951770.json","Do not delete yet; move to quarantine or separate private repo if not runtime"
"EXTERNAL_OR_STAGING_SOURCE","MEDIUM_TO_HIGH","TRACKED","3,12","MonProjet/allData/decision_trading_1777289954209.json","Do not delete yet; move to quarantine or separate private repo if not runtime"
"EXTERNAL_OR_STAGING_SOURCE","MEDIUM_TO_HIGH","TRACKED","3,12","MonProjet/allData/decision_trading_1777289956668.json","Do not delete yet; move to quarantine or separate private repo if not runtime"
"EXTERNAL_OR_STAGING_SOURCE","MEDIUM_TO_HIGH","TRACKED","3,12","MonProjet/allData/decision_trading_1777289959160.json","Do not delete yet; move to quarantine or separate private repo if not runtime"
"EXTERNAL_OR_STAGING_SOURCE","MEDIUM_TO_HIGH","TRACKED","3,12","MonProjet/allData/decision_trading_1777289961680.json","Do not delete yet; move to quarantine or separate private repo if not runtime"
"EXTERNAL_OR_STAGING_SOURCE","MEDIUM_TO_HIGH","TRACKED","3,12","MonProjet/allData/decision_trading_1777289964234.json","Do not delete yet; move to quarantine or separate private repo if not runtime"
"EXTERNAL_OR_STAGING_SOURCE","MEDIUM_TO_HIGH","TRACKED","3,12","MonProjet/allData/decision_trading_1777289967114.json","Do not delete yet; move to quarantine or separate private repo if not runtime"
"EXTERNAL_OR_STAGING_SOURCE","MEDIUM_TO_HIGH","TRACKED","3,12","MonProjet/allData/decision_trading_1777289969637.json","Do not delete yet; move to quarantine or separate private repo if not runtime"
"EXTERNAL_OR_STAGING_SOURCE","MEDIUM_TO_HIGH","TRACKED","3,12","MonProjet/allData/decision_trading_1777289972234.json","Do not delete yet; move to quarantine or separate private repo if not runtime"
"EXTERNAL_OR_STAGING_SOURCE","MEDIUM_TO_HIGH","TRACKED","3,12","MonProjet/allData/decision_trading_1777289974769.json","Do not delete yet; move to quarantine or separate private repo if not runtime"
"EXTERNAL_OR_STAGING_SOURCE","MEDIUM_TO_HIGH","TRACKED","3,12","MonProjet/allData/decision_trading_1777289977365.json","Do not delete yet; move to quarantine or separate private repo if not runtime"
"EXTERNAL_OR_STAGING_SOURCE","MEDIUM_TO_HIGH","TRACKED","3,12","MonProjet/allData/decision_trading_1777289979990.json","Do not delete yet; move to quarantine or separate private repo if not runtime"
"EXTERNAL_OR_STAGING_SOURCE","MEDIUM_TO_HIGH","TRACKED","3,12","MonProjet/allData/decision_trading_1777289982455.json","Do not delete yet; move to quarantine or separate private repo if not runtime"
"EXTERNAL_OR_STAGING_SOURCE","MEDIUM_TO_HIGH","TRACKED","3,12","MonProjet/allData/decision_trading_1777289984922.json","Do not delete yet; move to quarantine or separate private repo if not runtime"
"EXTERNAL_OR_STAGING_SOURCE","MEDIUM_TO_HIGH","TRACKED","3,12","MonProjet/allData/decision_trading_1777289987469.json","Do not delete yet; move to quarantine or separate private repo if not runtime"
"EXTERNAL_OR_STAGING_SOURCE","MEDIUM_TO_HIGH","TRACKED","3,12","MonProjet/allData/decision_trading_1777289990062.json","Do not delete yet; move to quarantine or separate private repo if not runtime"
"EXTERNAL_OR_STAGING_SOURCE","MEDIUM_TO_HIGH","TRACKED","3,12","MonProjet/allData/decision_trading_1777289992615.json","Do not delete yet; move to quarantine or separate private repo if not runtime"
"EXTERNAL_OR_STAGING_SOURCE","MEDIUM_TO_HIGH","TRACKED","3,12","MonProjet/allData/decision_trading_1777289995212.json","Do not delete yet; move to quarantine or separate private repo if not runtime"
"EXTERNAL_OR_STAGING_SOURCE","MEDIUM_TO_HIGH","TRACKED","3,12","MonProjet/allData/decision_trading_1777289997856.json","Do not delete yet; move to quarantine or separate private repo if not runtime"
"EXTERNAL_OR_STAGING_SOURCE","MEDIUM_TO_HIGH","TRACKED","3,12","MonProjet/allData/decision_trading_1777290000458.json","Do not delete yet; move to quarantine or separate private repo if not runtime"
"EXTERNAL_OR_STAGING_SOURCE","MEDIUM_TO_HIGH","TRACKED","3,12","MonProjet/allData/decision_trading_1777290003030.json","Do not delete yet; move to quarantine or separate private repo if not runtime"
"EXTERNAL_OR_STAGING_SOURCE","MEDIUM_TO_HIGH","TRACKED","485,65","MonProjet/bin/Debug/net9.0/Google.Protobuf.dll","Do not delete yet; move to quarantine or separate private repo if not runtime"
"EXTERNAL_OR_STAGING_SOURCE","MEDIUM_TO_HIGH","TRACKED","4,65","MonProjet/bin/Debug/net9.0/MonProjet.deps.json","Do not delete yet; move to quarantine or separate private repo if not runtime"
"EXTERNAL_OR_STAGING_SOURCE","MEDIUM_TO_HIGH","TRACKED","4,5","MonProjet/bin/Debug/net9.0/MonProjet.dll","Do not delete yet; move to quarantine or separate private repo if not runtime"
"EXTERNAL_OR_STAGING_SOURCE","MEDIUM_TO_HIGH","TRACKED","154,5","MonProjet/bin/Debug/net9.0/MonProjet.exe","Do not delete yet; move to quarantine or separate private repo if not runtime"
"EXTERNAL_OR_STAGING_SOURCE","MEDIUM_TO_HIGH","TRACKED","10,91","MonProjet/bin/Debug/net9.0/MonProjet.pdb","Do not delete yet; move to quarantine or separate private repo if not runtime"
"EXTERNAL_OR_STAGING_SOURCE","MEDIUM_TO_HIGH","TRACKED","0,26","MonProjet/bin/Debug/net9.0/MonProjet.runtimeconfig.json","Do not delete yet; move to quarantine or separate private repo if not runtime"
"EXTERNAL_OR_STAGING_SOURCE","MEDIUM_TO_HIGH","TRACKED","172,8","MonProjet/bin/Debug/net9.0/runtimes/win/lib/net9.0/System.Diagnostics.EventLog.dll","Do not delete yet; move to quarantine or separate private repo if not runtime"
"EXTERNAL_OR_STAGING_SOURCE","MEDIUM_TO_HIGH","TRACKED","782,26","MonProjet/bin/Debug/net9.0/runtimes/win/lib/net9.0/System.Diagnostics.EventLog.Messages.dll","Do not delete yet; move to quarantine or separate private repo if not runtime"
"EXTERNAL_OR_STAGING_SOURCE","MEDIUM_TO_HIGH","TRACKED","434,26","MonProjet/bin/Debug/net9.0/System.Configuration.ConfigurationManager.dll","Do not delete yet; move to quarantine or separate private repo if not runtime"
"EXTERNAL_OR_STAGING_SOURCE","MEDIUM_TO_HIGH","TRACKED","388,5","MonProjet/bin/Debug/net9.0/System.Data.SQLite.dll","Do not delete yet; move to quarantine or separate private repo if not runtime"
"EXTERNAL_OR_STAGING_SOURCE","MEDIUM_TO_HIGH","TRACKED","52,76","MonProjet/bin/Debug/net9.0/System.Diagnostics.EventLog.dll","Do not delete yet; move to quarantine or separate private repo if not runtime"
"EXTERNAL_OR_STAGING_SOURCE","MEDIUM_TO_HIGH","TRACKED","39,3","MonProjet/bin/Debug/net9.0/System.Security.Cryptography.ProtectedData.dll","Do not delete yet; move to quarantine or separate private repo if not runtime"
"EXTERNAL_OR_STAGING_SOURCE","MEDIUM_TO_HIGH","TRACKED","0","MonProjet/MonProjet/bank.db","Do not delete yet; move to quarantine or separate private repo if not runtime"
"EXTERNAL_OR_STAGING_SOURCE","MEDIUM_TO_HIGH","TRACKED","3,19","MonProjet/MonProjet/BankApi/obj/BankApi.csproj.nuget.dgspec.json","Do not delete yet; move to quarantine or separate private repo if not runtime"
"EXTERNAL_OR_STAGING_SOURCE","MEDIUM_TO_HIGH","TRACKED","1,27","MonProjet/MonProjet/BankApi/obj/BankApi.csproj.nuget.g.props","Do not delete yet; move to quarantine or separate private repo if not runtime"
"EXTERNAL_OR_STAGING_SOURCE","MEDIUM_TO_HIGH","TRACKED","0,57","MonProjet/MonProjet/BankApi/obj/BankApi.csproj.nuget.g.targets","Do not delete yet; move to quarantine or separate private repo if not runtime"
"EXTERNAL_OR_STAGING_SOURCE","MEDIUM_TO_HIGH","TRACKED","0,19","MonProjet/MonProjet/BankApi/obj/Debug/net9.0/.NETCoreApp,Version=v9.0.AssemblyAttributes.cs","Do not delete yet; move to quarantine or separate private repo if not runtime"
"EXTERNAL_OR_STAGING_SOURCE","MEDIUM_TO_HIGH","TRACKED","0,97","MonProjet/MonProjet/BankApi/obj/Debug/net9.0/BankApi.AssemblyInfo.cs","Do not delete yet; move to quarantine or separate private repo if not runtime"
"EXTERNAL_OR_STAGING_SOURCE","MEDIUM_TO_HIGH","TRACKED","0,06","MonProjet/MonProjet/BankApi/obj/Debug/net9.0/BankApi.AssemblyInfoInputs.cache","Do not delete yet; move to quarantine or separate private repo if not runtime"
"EXTERNAL_OR_STAGING_SOURCE","MEDIUM_TO_HIGH","TRACKED","12,71","MonProjet/MonProjet/BankApi/obj/Debug/net9.0/BankApi.assets.cache","Do not delete yet; move to quarantine or separate private repo if not runtime"
"EXTERNAL_OR_STAGING_SOURCE","MEDIUM_TO_HIGH","TRACKED","6,37","MonProjet/MonProjet/BankApi/obj/Debug/net9.0/BankApi.csproj.AssemblyReference.cache","Do not delete yet; move to quarantine or separate private repo if not runtime"
"EXTERNAL_OR_STAGING_SOURCE","MEDIUM_TO_HIGH","TRACKED","0,06","MonProjet/MonProjet/BankApi/obj/Debug/net9.0/BankApi.csproj.CoreCompileInputs.cache","Do not delete yet; move to quarantine or separate private repo if not runtime"
"EXTERNAL_OR_STAGING_SOURCE","MEDIUM_TO_HIGH","TRACKED","1,31","MonProjet/MonProjet/BankApi/obj/Debug/net9.0/BankApi.csproj.FileListAbsolute.txt","Do not delete yet; move to quarantine or separate private repo if not runtime"
"EXTERNAL_OR_STAGING_SOURCE","MEDIUM_TO_HIGH","TRACKED","1,09","MonProjet/MonProjet/BankApi/obj/Debug/net9.0/BankApi.GeneratedMSBuildEditorConfig.editorconfig","Do not delete yet; move to quarantine or separate private repo if not runtime"
"EXTERNAL_OR_STAGING_SOURCE","MEDIUM_TO_HIGH","TRACKED","0,75","MonProjet/MonProjet/BankApi/obj/Debug/net9.0/BankApi.GlobalUsings.g.cs","Do not delete yet; move to quarantine or separate private repo if not runtime"
"EXTERNAL_OR_STAGING_SOURCE","MEDIUM_TO_HIGH","TRACKED","0","MonProjet/MonProjet/BankApi/obj/Debug/net9.0/BankApi.MvcApplicationPartsAssemblyInfo.cache","Do not delete yet; move to quarantine or separate private repo if not runtime"
"EXTERNAL_OR_STAGING_SOURCE","MEDIUM_TO_HIGH","TRACKED","0,57","MonProjet/MonProjet/BankApi/obj/Debug/net9.0/BankApi.MvcApplicationPartsAssemblyInfo.cs","Do not delete yet; move to quarantine or separate private repo if not runtime"
"EXTERNAL_OR_STAGING_SOURCE","MEDIUM_TO_HIGH","TRACKED","0,2","MonProjet/MonProjet/BankApi/obj/Debug/net9.0/BankApi.sourcelink.json","Do not delete yet; move to quarantine or separate private repo if not runtime"
"EXTERNAL_OR_STAGING_SOURCE","MEDIUM_TO_HIGH","TRACKED","0,36","MonProjet/MonProjet/BankApi/obj/Debug/net9.0/rpswa.dswa.cache.json","Do not delete yet; move to quarantine or separate private repo if not runtime"
"EXTERNAL_OR_STAGING_SOURCE","MEDIUM_TO_HIGH","TRACKED","36,52","MonProjet/MonProjet/BankApi/obj/project.assets.json","Do not delete yet; move to quarantine or separate private repo if not runtime"
"EXTERNAL_OR_STAGING_SOURCE","MEDIUM_TO_HIGH","TRACKED","2,42","MonProjet/MonProjet/BankApi/obj/project.nuget.cache","Do not delete yet; move to quarantine or separate private repo if not runtime"
"EXTERNAL_OR_STAGING_SOURCE","MEDIUM_TO_HIGH","TRACKED","485,65","MonProjet/MonProjet/bin/Debug/net9.0/Google.Protobuf.dll","Do not delete yet; move to quarantine or separate private repo if not runtime"
"EXTERNAL_OR_STAGING_SOURCE","MEDIUM_TO_HIGH","TRACKED","13,51","MonProjet/MonProjet/bin/Debug/net9.0/MonProjet.deps.json","Do not delete yet; move to quarantine or separate private repo if not runtime"
"EXTERNAL_OR_STAGING_SOURCE","MEDIUM_TO_HIGH","TRACKED","5","MonProjet/MonProjet/bin/Debug/net9.0/MonProjet.dll","Do not delete yet; move to quarantine or separate private repo if not runtime"
"EXTERNAL_OR_STAGING_SOURCE","MEDIUM_TO_HIGH","TRACKED","154,5","MonProjet/MonProjet/bin/Debug/net9.0/MonProjet.exe","Do not delete yet; move to quarantine or separate private repo if not runtime"
"EXTERNAL_OR_STAGING_SOURCE","MEDIUM_TO_HIGH","TRACKED","11,23","MonProjet/MonProjet/bin/Debug/net9.0/MonProjet.pdb","Do not delete yet; move to quarantine or separate private repo if not runtime"
"EXTERNAL_OR_STAGING_SOURCE","MEDIUM_TO_HIGH","TRACKED","0,26","MonProjet/MonProjet/bin/Debug/net9.0/MonProjet.runtimeconfig.json","Do not delete yet; move to quarantine or separate private repo if not runtime"
"EXTERNAL_OR_STAGING_SOURCE","MEDIUM_TO_HIGH","TRACKED","1184,64","MonProjet/MonProjet/bin/Debug/net9.0/runtimes/android-arm/native/libe_sqlite3.so","Do not delete yet; move to quarantine or separate private repo if not runtime"
"EXTERNAL_OR_STAGING_SOURCE","MEDIUM_TO_HIGH","TRACKED","1687,58","MonProjet/MonProjet/bin/Debug/net9.0/runtimes/android-arm64/native/libe_sqlite3.so","Do not delete yet; move to quarantine or separate private repo if not runtime"
"EXTERNAL_OR_STAGING_SOURCE","MEDIUM_TO_HIGH","TRACKED","1718,79","MonProjet/MonProjet/bin/Debug/net9.0/runtimes/android-x64/native/libe_sqlite3.so","Do not delete yet; move to quarantine or separate private repo if not runtime"
"EXTERNAL_OR_STAGING_SOURCE","MEDIUM_TO_HIGH","TRACKED","1729,71","MonProjet/MonProjet/bin/Debug/net9.0/runtimes/android-x86/native/libe_sqlite3.so","Do not delete yet; move to quarantine or separate private repo if not runtime"
"EXTERNAL_OR_STAGING_SOURCE","MEDIUM_TO_HIGH","TRACKED","1243,43","MonProjet/MonProjet/bin/Debug/net9.0/runtimes/browser-wasm/nativeassets/net9.0/e_sqlite3.a","Do not delete yet; move to quarantine or separate private repo if not runtime"
"EXTERNAL_OR_STAGING_SOURCE","MEDIUM_TO_HIGH","TRACKED","5337,3","MonProjet/MonProjet/bin/Debug/net9.0/runtimes/ios-arm/native/e_sqlite3.a","Do not delete yet; move to quarantine or separate private repo if not runtime"
"EXTERNAL_OR_STAGING_SOURCE","MEDIUM_TO_HIGH","TRACKED","5337,3","MonProjet/MonProjet/bin/Debug/net9.0/runtimes/ios-arm64/native/e_sqlite3.a","Do not delete yet; move to quarantine or separate private repo if not runtime"
"EXTERNAL_OR_STAGING_SOURCE","MEDIUM_TO_HIGH","TRACKED","6224,69","MonProjet/MonProjet/bin/Debug/net9.0/runtimes/iossimulator-arm64/native/e_sqlite3.a","Do not delete yet; move to quarantine or separate private repo if not runtime"
"EXTERNAL_OR_STAGING_SOURCE","MEDIUM_TO_HIGH","TRACKED","6224,69","MonProjet/MonProjet/bin/Debug/net9.0/runtimes/iossimulator-x64/native/e_sqlite3.a","Do not delete yet; move to quarantine or separate private repo if not runtime"
"EXTERNAL_OR_STAGING_SOURCE","MEDIUM_TO_HIGH","TRACKED","6224,69","MonProjet/MonProjet/bin/Debug/net9.0/runtimes/iossimulator-x86/native/e_sqlite3.a","Do not delete yet; move to quarantine or separate private repo if not runtime"
"EXTERNAL_OR_STAGING_SOURCE","MEDIUM_TO_HIGH","TRACKED","930,47","MonProjet/MonProjet/bin/Debug/net9.0/runtimes/linux-arm/native/libe_sqlite3.so","Do not delete yet; move to quarantine or separate private repo if not runtime"
"EXTERNAL_OR_STAGING_SOURCE","MEDIUM_TO_HIGH","TRACKED","1494,73","MonProjet/MonProjet/bin/Debug/net9.0/runtimes/linux-arm64/native/libe_sqlite3.so","Do not delete yet; move to quarantine or separate private repo if not runtime"
"EXTERNAL_OR_STAGING_SOURCE","MEDIUM_TO_HIGH","TRACKED","1306,38","MonProjet/MonProjet/bin/Debug/net9.0/runtimes/linux-armel/native/libe_sqlite3.so","Do not delete yet; move to quarantine or separate private repo if not runtime"
"EXTERNAL_OR_STAGING_SOURCE","MEDIUM_TO_HIGH","TRACKED","1709,66","MonProjet/MonProjet/bin/Debug/net9.0/runtimes/linux-mips64/native/libe_sqlite3.so","Do not delete yet; move to quarantine or separate private repo if not runtime"
"EXTERNAL_OR_STAGING_SOURCE","MEDIUM_TO_HIGH","TRACKED","1255,63","MonProjet/MonProjet/bin/Debug/net9.0/runtimes/linux-musl-arm/native/libe_sqlite3.so","Do not delete yet; move to quarantine or separate private repo if not runtime"
"EXTERNAL_OR_STAGING_SOURCE","MEDIUM_TO_HIGH","TRACKED","1381,12","MonProjet/MonProjet/bin/Debug/net9.0/runtimes/linux-musl-arm64/native/libe_sqlite3.so","Do not delete yet; move to quarantine or separate private repo if not runtime"
"EXTERNAL_OR_STAGING_SOURCE","MEDIUM_TO_HIGH","TRACKED","972,48","MonProjet/MonProjet/bin/Debug/net9.0/runtimes/linux-musl-riscv64/native/libe_sqlite3.so","Do not delete yet; move to quarantine or separate private repo if not runtime"
"EXTERNAL_OR_STAGING_SOURCE","MEDIUM_TO_HIGH","TRACKED","1606,59","MonProjet/MonProjet/bin/Debug/net9.0/runtimes/linux-musl-s390x/native/libe_sqlite3.so","Do not delete yet; move to quarantine or separate private repo if not runtime"
"EXTERNAL_OR_STAGING_SOURCE","MEDIUM_TO_HIGH","TRACKED","1371,99","MonProjet/MonProjet/bin/Debug/net9.0/runtimes/linux-musl-x64/native/libe_sqlite3.so","Do not delete yet; move to quarantine or separate private repo if not runtime"
"EXTERNAL_OR_STAGING_SOURCE","MEDIUM_TO_HIGH","TRACKED","1824,36","MonProjet/MonProjet/bin/Debug/net9.0/runtimes/linux-ppc64le/native/libe_sqlite3.so","Do not delete yet; move to quarantine or separate private repo if not runtime"
"EXTERNAL_OR_STAGING_SOURCE","MEDIUM_TO_HIGH","TRACKED","1234,09","MonProjet/MonProjet/bin/Debug/net9.0/runtimes/linux-riscv64/native/libe_sqlite3.so","Do not delete yet; move to quarantine or separate private repo if not runtime"
"EXTERNAL_OR_STAGING_SOURCE","MEDIUM_TO_HIGH","TRACKED","1573,41","MonProjet/MonProjet/bin/Debug/net9.0/runtimes/linux-s390x/native/libe_sqlite3.so","Do not delete yet; move to quarantine or separate private repo if not runtime"
"EXTERNAL_OR_STAGING_SOURCE","MEDIUM_TO_HIGH","TRACKED","1400,88","MonProjet/MonProjet/bin/Debug/net9.0/runtimes/linux-x64/native/libe_sqlite3.so","Do not delete yet; move to quarantine or separate private repo if not runtime"
"EXTERNAL_OR_STAGING_SOURCE","MEDIUM_TO_HIGH","TRACKED","1472,5","MonProjet/MonProjet/bin/Debug/net9.0/runtimes/linux-x86/native/libe_sqlite3.so","Do not delete yet; move to quarantine or separate private repo if not runtime"
"EXTERNAL_OR_STAGING_SOURCE","MEDIUM_TO_HIGH","TRACKED","1637,11","MonProjet/MonProjet/bin/Debug/net9.0/runtimes/maccatalyst-arm64/native/libe_sqlite3.dylib","Do not delete yet; move to quarantine or separate private repo if not runtime"
"EXTERNAL_OR_STAGING_SOURCE","MEDIUM_TO_HIGH","TRACKED","1673,52","MonProjet/MonProjet/bin/Debug/net9.0/runtimes/maccatalyst-x64/native/libe_sqlite3.dylib","Do not delete yet; move to quarantine or separate private repo if not runtime"
"EXTERNAL_OR_STAGING_SOURCE","MEDIUM_TO_HIGH","TRACKED","1622,27","MonProjet/MonProjet/bin/Debug/net9.0/runtimes/osx-arm64/native/libe_sqlite3.dylib","Do not delete yet; move to quarantine or separate private repo if not runtime"
"EXTERNAL_OR_STAGING_SOURCE","MEDIUM_TO_HIGH","TRACKED","1641,59","MonProjet/MonProjet/bin/Debug/net9.0/runtimes/osx-x64/native/libe_sqlite3.dylib","Do not delete yet; move to quarantine or separate private repo if not runtime"
"EXTERNAL_OR_STAGING_SOURCE","MEDIUM_TO_HIGH","TRACKED","172,8","MonProjet/MonProjet/bin/Debug/net9.0/runtimes/win/lib/net9.0/System.Diagnostics.EventLog.dll","Do not delete yet; move to quarantine or separate private repo if not runtime"
"EXTERNAL_OR_STAGING_SOURCE","MEDIUM_TO_HIGH","TRACKED","782,26","MonProjet/MonProjet/bin/Debug/net9.0/runtimes/win/lib/net9.0/System.Diagnostics.EventLog.Messages.dll","Do not delete yet; move to quarantine or separate private repo if not runtime"
"EXTERNAL_OR_STAGING_SOURCE","MEDIUM_TO_HIGH","TRACKED","1655,5","MonProjet/MonProjet/bin/Debug/net9.0/runtimes/win-arm64/native/e_sqlite3.dll","Do not delete yet; move to quarantine or separate private repo if not runtime"
"EXTERNAL_OR_STAGING_SOURCE","MEDIUM_TO_HIGH","TRACKED","1866","MonProjet/MonProjet/bin/Debug/net9.0/runtimes/win-x64/native/e_sqlite3.dll","Do not delete yet; move to quarantine or separate private repo if not runtime"
"EXTERNAL_OR_STAGING_SOURCE","MEDIUM_TO_HIGH","TRACKED","1467,5","MonProjet/MonProjet/bin/Debug/net9.0/runtimes/win-x86/native/e_sqlite3.dll","Do not delete yet; move to quarantine or separate private repo if not runtime"
"EXTERNAL_OR_STAGING_SOURCE","MEDIUM_TO_HIGH","TRACKED","5,5","MonProjet/MonProjet/bin/Debug/net9.0/SQLitePCLRaw.batteries_v2.dll","Do not delete yet; move to quarantine or separate private repo if not runtime"
"EXTERNAL_OR_STAGING_SOURCE","MEDIUM_TO_HIGH","TRACKED","50","MonProjet/MonProjet/bin/Debug/net9.0/SQLitePCLRaw.core.dll","Do not delete yet; move to quarantine or separate private repo if not runtime"
"EXTERNAL_OR_STAGING_SOURCE","MEDIUM_TO_HIGH","TRACKED","36","MonProjet/MonProjet/bin/Debug/net9.0/SQLitePCLRaw.provider.e_sqlite3.dll","Do not delete yet; move to quarantine or separate private repo if not runtime"
"EXTERNAL_OR_STAGING_SOURCE","MEDIUM_TO_HIGH","TRACKED","434,26","MonProjet/MonProjet/bin/Debug/net9.0/System.Configuration.ConfigurationManager.dll","Do not delete yet; move to quarantine or separate private repo if not runtime"
"EXTERNAL_OR_STAGING_SOURCE","MEDIUM_TO_HIGH","TRACKED","388,5","MonProjet/MonProjet/bin/Debug/net9.0/System.Data.SQLite.dll","Do not delete yet; move to quarantine or separate private repo if not runtime"
"EXTERNAL_OR_STAGING_SOURCE","MEDIUM_TO_HIGH","TRACKED","52,76","MonProjet/MonProjet/bin/Debug/net9.0/System.Diagnostics.EventLog.dll","Do not delete yet; move to quarantine or separate private repo if not runtime"
"EXTERNAL_OR_STAGING_SOURCE","MEDIUM_TO_HIGH","TRACKED","39,3","MonProjet/MonProjet/bin/Debug/net9.0/System.Security.Cryptography.ProtectedData.dll","Do not delete yet; move to quarantine or separate private repo if not runtime"
"EXTERNAL_OR_STAGING_SOURCE","MEDIUM_TO_HIGH","TRACKED","0","MonProjet/MonProjet/MonProjet/bank.db","Do not delete yet; move to quarantine or separate private repo if not runtime"
"EXTERNAL_OR_STAGING_SOURCE","MEDIUM_TO_HIGH","TRACKED","0,19","MonProjet/MonProjet/MonProjet/obj/Debug/net6.0/.NETCoreApp,Version=v6.0.AssemblyAttributes.cs","Do not delete yet; move to quarantine or separate private repo if not runtime"
"EXTERNAL_OR_STAGING_SOURCE","MEDIUM_TO_HIGH","TRACKED","0,98","MonProjet/MonProjet/MonProjet/obj/Debug/net6.0/MonProjet.AssemblyInfo.cs","Do not delete yet; move to quarantine or separate private repo if not runtime"
"EXTERNAL_OR_STAGING_SOURCE","MEDIUM_TO_HIGH","TRACKED","0,06","MonProjet/MonProjet/MonProjet/obj/Debug/net6.0/MonProjet.AssemblyInfoInputs.cache","Do not delete yet; move to quarantine or separate private repo if not runtime"
"EXTERNAL_OR_STAGING_SOURCE","MEDIUM_TO_HIGH","TRACKED","28,08","MonProjet/MonProjet/MonProjet/obj/Debug/net6.0/MonProjet.assets.cache","Do not delete yet; move to quarantine or separate private repo if not runtime"
"EXTERNAL_OR_STAGING_SOURCE","MEDIUM_TO_HIGH","TRACKED","5,6","MonProjet/MonProjet/MonProjet/obj/Debug/net6.0/MonProjet.csproj.AssemblyReference.cache","Do not delete yet; move to quarantine or separate private repo if not runtime"
"EXTERNAL_OR_STAGING_SOURCE","MEDIUM_TO_HIGH","TRACKED","0,06","MonProjet/MonProjet/MonProjet/obj/Debug/net6.0/MonProjet.csproj.CoreCompileInputs.cache","Do not delete yet; move to quarantine or separate private repo if not runtime"
"EXTERNAL_OR_STAGING_SOURCE","MEDIUM_TO_HIGH","TRACKED","1,19","MonProjet/MonProjet/MonProjet/obj/Debug/net6.0/MonProjet.csproj.FileListAbsolute.txt","Do not delete yet; move to quarantine or separate private repo if not runtime"
"EXTERNAL_OR_STAGING_SOURCE","MEDIUM_TO_HIGH","TRACKED","1,1","MonProjet/MonProjet/MonProjet/obj/Debug/net6.0/MonProjet.GeneratedMSBuildEditorConfig.editorconfig","Do not delete yet; move to quarantine or separate private repo if not runtime"
"EXTERNAL_OR_STAGING_SOURCE","MEDIUM_TO_HIGH","TRACKED","0","MonProjet/MonProjet/MonProjet/obj/Debug/net6.0/MonProjet.MvcApplicationPartsAssemblyInfo.cache","Do not delete yet; move to quarantine or separate private repo if not runtime"
"EXTERNAL_OR_STAGING_SOURCE","MEDIUM_TO_HIGH","TRACKED","0,2","MonProjet/MonProjet/MonProjet/obj/Debug/net6.0/MonProjet.sourcelink.json","Do not delete yet; move to quarantine or separate private repo if not runtime"
"EXTERNAL_OR_STAGING_SOURCE","MEDIUM_TO_HIGH","TRACKED","0,32","MonProjet/MonProjet/MonProjet/obj/Debug/net6.0/rpswa.dswa.cache.json","Do not delete yet; move to quarantine or separate private repo if not runtime"
"EXTERNAL_OR_STAGING_SOURCE","MEDIUM_TO_HIGH","TRACKED","4,46","MonProjet/MonProjet/MonProjet/obj/MonProjet.csproj.nuget.dgspec.json","Do not delete yet; move to quarantine or separate private repo if not runtime"
"EXTERNAL_OR_STAGING_SOURCE","MEDIUM_TO_HIGH","TRACKED","2,96","MonProjet/MonProjet/MonProjet/obj/MonProjet.csproj.nuget.g.props","Do not delete yet; move to quarantine or separate private repo if not runtime"
"EXTERNAL_OR_STAGING_SOURCE","MEDIUM_TO_HIGH","TRACKED","1,15","MonProjet/MonProjet/MonProjet/obj/MonProjet.csproj.nuget.g.targets","Do not delete yet; move to quarantine or separate private repo if not runtime"
"EXTERNAL_OR_STAGING_SOURCE","MEDIUM_TO_HIGH","TRACKED","388,7","MonProjet/MonProjet/MonProjet/obj/project.assets.json","Do not delete yet; move to quarantine or separate private repo if not runtime"
"EXTERNAL_OR_STAGING_SOURCE","MEDIUM_TO_HIGH","TRACKED","25,85","MonProjet/MonProjet/MonProjet/obj/project.nuget.cache","Do not delete yet; move to quarantine or separate private repo if not runtime"
"EXTERNAL_OR_STAGING_SOURCE","MEDIUM_TO_HIGH","TRACKED","0,19","MonProjet/MonProjet/obj/Debug/net9.0/.NETCoreApp,Version=v9.0.AssemblyAttributes.cs","Do not delete yet; move to quarantine or separate private repo if not runtime"
"EXTERNAL_OR_STAGING_SOURCE","MEDIUM_TO_HIGH","TRACKED","154,5","MonProjet/MonProjet/obj/Debug/net9.0/apphost.exe","Do not delete yet; move to quarantine or separate private repo if not runtime"
"EXTERNAL_OR_STAGING_SOURCE","MEDIUM_TO_HIGH","TRACKED","0,98","MonProjet/MonProjet/obj/Debug/net9.0/MonProjet.AssemblyInfo.cs","Do not delete yet; move to quarantine or separate private repo if not runtime"
"EXTERNAL_OR_STAGING_SOURCE","MEDIUM_TO_HIGH","TRACKED","0,06","MonProjet/MonProjet/obj/Debug/net9.0/MonProjet.AssemblyInfoInputs.cache","Do not delete yet; move to quarantine or separate private repo if not runtime"
"EXTERNAL_OR_STAGING_SOURCE","MEDIUM_TO_HIGH","TRACKED","15,26","MonProjet/MonProjet/obj/Debug/net9.0/MonProjet.assets.cache","Do not delete yet; move to quarantine or separate private repo if not runtime"
"EXTERNAL_OR_STAGING_SOURCE","MEDIUM_TO_HIGH","TRACKED","3,83","MonProjet/MonProjet/obj/Debug/net9.0/MonProjet.csproj.AssemblyReference.cache","Do not delete yet; move to quarantine or separate private repo if not runtime"
"EXTERNAL_OR_STAGING_SOURCE","MEDIUM_TO_HIGH","TRACKED","0,06","MonProjet/MonProjet/obj/Debug/net9.0/MonProjet.csproj.CoreCompileInputs.cache","Do not delete yet; move to quarantine or separate private repo if not runtime"
"EXTERNAL_OR_STAGING_SOURCE","MEDIUM_TO_HIGH","TRACKED","8,16","MonProjet/MonProjet/obj/Debug/net9.0/MonProjet.csproj.FileListAbsolute.txt","Do not delete yet; move to quarantine or separate private repo if not runtime"
"EXTERNAL_OR_STAGING_SOURCE","MEDIUM_TO_HIGH","TRACKED","0","MonProjet/MonProjet/obj/Debug/net9.0/MonProjet.csproj.Up2Date","Do not delete yet; move to quarantine or separate private repo if not runtime"
"EXTERNAL_OR_STAGING_SOURCE","MEDIUM_TO_HIGH","TRACKED","5","MonProjet/MonProjet/obj/Debug/net9.0/MonProjet.dll","Do not delete yet; move to quarantine or separate private repo if not runtime"
"EXTERNAL_OR_STAGING_SOURCE","MEDIUM_TO_HIGH","TRACKED","0,71","MonProjet/MonProjet/obj/Debug/net9.0/MonProjet.GeneratedMSBuildEditorConfig.editorconfig","Do not delete yet; move to quarantine or separate private repo if not runtime"
"EXTERNAL_OR_STAGING_SOURCE","MEDIUM_TO_HIGH","TRACKED","0,06","MonProjet/MonProjet/obj/Debug/net9.0/MonProjet.genruntimeconfig.cache","Do not delete yet; move to quarantine or separate private repo if not runtime"
"EXTERNAL_OR_STAGING_SOURCE","MEDIUM_TO_HIGH","TRACKED","0,29","MonProjet/MonProjet/obj/Debug/net9.0/MonProjet.GlobalUsings.g.cs","Do not delete yet; move to quarantine or separate private repo if not runtime"
"EXTERNAL_OR_STAGING_SOURCE","MEDIUM_TO_HIGH","TRACKED","11,23","MonProjet/MonProjet/obj/Debug/net9.0/MonProjet.pdb","Do not delete yet; move to quarantine or separate private repo if not runtime"
"EXTERNAL_OR_STAGING_SOURCE","MEDIUM_TO_HIGH","TRACKED","0,2","MonProjet/MonProjet/obj/Debug/net9.0/MonProjet.sourcelink.json","Do not delete yet; move to quarantine or separate private repo if not runtime"
"EXTERNAL_OR_STAGING_SOURCE","MEDIUM_TO_HIGH","TRACKED","5,5","MonProjet/MonProjet/obj/Debug/net9.0/ref/MonProjet.dll","Do not delete yet; move to quarantine or separate private repo if not runtime"
"EXTERNAL_OR_STAGING_SOURCE","MEDIUM_TO_HIGH","TRACKED","5,5","MonProjet/MonProjet/obj/Debug/net9.0/refint/MonProjet.dll","Do not delete yet; move to quarantine or separate private repo if not runtime"
"EXTERNAL_OR_STAGING_SOURCE","MEDIUM_TO_HIGH","TRACKED","3,36","MonProjet/MonProjet/obj/MonProjet.csproj.nuget.dgspec.json","Do not delete yet; move to quarantine or separate private repo if not runtime"
"EXTERNAL_OR_STAGING_SOURCE","MEDIUM_TO_HIGH","TRACKED","1,27","MonProjet/MonProjet/obj/MonProjet.csproj.nuget.g.props","Do not delete yet; move to quarantine or separate private repo if not runtime"
"EXTERNAL_OR_STAGING_SOURCE","MEDIUM_TO_HIGH","TRACKED","0,48","MonProjet/MonProjet/obj/MonProjet.csproj.nuget.g.targets","Do not delete yet; move to quarantine or separate private repo if not runtime"
"EXTERNAL_OR_STAGING_SOURCE","MEDIUM_TO_HIGH","TRACKED","25,62","MonProjet/MonProjet/obj/project.assets.json","Do not delete yet; move to quarantine or separate private repo if not runtime"
"EXTERNAL_OR_STAGING_SOURCE","MEDIUM_TO_HIGH","TRACKED","1,72","MonProjet/MonProjet/obj/project.nuget.cache","Do not delete yet; move to quarantine or separate private repo if not runtime"
"EXTERNAL_OR_STAGING_SOURCE","MEDIUM_TO_HIGH","TRACKED","0,19","MonProjet/obj/Debug/net9.0/.NETCoreApp,Version=v9.0.AssemblyAttributes.cs","Do not delete yet; move to quarantine or separate private repo if not runtime"
"EXTERNAL_OR_STAGING_SOURCE","MEDIUM_TO_HIGH","TRACKED","154,5","MonProjet/obj/Debug/net9.0/apphost.exe","Do not delete yet; move to quarantine or separate private repo if not runtime"
"EXTERNAL_OR_STAGING_SOURCE","MEDIUM_TO_HIGH","TRACKED","0,98","MonProjet/obj/Debug/net9.0/MonProjet.AssemblyInfo.cs","Do not delete yet; move to quarantine or separate private repo if not runtime"
"EXTERNAL_OR_STAGING_SOURCE","MEDIUM_TO_HIGH","TRACKED","0,06","MonProjet/obj/Debug/net9.0/MonProjet.AssemblyInfoInputs.cache","Do not delete yet; move to quarantine or separate private repo if not runtime"
"EXTERNAL_OR_STAGING_SOURCE","MEDIUM_TO_HIGH","TRACKED","10,33","MonProjet/obj/Debug/net9.0/MonProjet.assets.cache","Do not delete yet; move to quarantine or separate private repo if not runtime"
"EXTERNAL_OR_STAGING_SOURCE","MEDIUM_TO_HIGH","TRACKED","5,99","MonProjet/obj/Debug/net9.0/MonProjet.csproj.AssemblyReference.cache","Do not delete yet; move to quarantine or separate private repo if not runtime"
"EXTERNAL_OR_STAGING_SOURCE","MEDIUM_TO_HIGH","TRACKED","0,06","MonProjet/obj/Debug/net9.0/MonProjet.csproj.CoreCompileInputs.cache","Do not delete yet; move to quarantine or separate private repo if not runtime"
"EXTERNAL_OR_STAGING_SOURCE","MEDIUM_TO_HIGH","TRACKED","2,96","MonProjet/obj/Debug/net9.0/MonProjet.csproj.FileListAbsolute.txt","Do not delete yet; move to quarantine or separate private repo if not runtime"
"EXTERNAL_OR_STAGING_SOURCE","MEDIUM_TO_HIGH","TRACKED","0","MonProjet/obj/Debug/net9.0/MonProjet.csproj.Up2Date","Do not delete yet; move to quarantine or separate private repo if not runtime"
"EXTERNAL_OR_STAGING_SOURCE","MEDIUM_TO_HIGH","TRACKED","4,5","MonProjet/obj/Debug/net9.0/MonProjet.dll","Do not delete yet; move to quarantine or separate private repo if not runtime"
"EXTERNAL_OR_STAGING_SOURCE","MEDIUM_TO_HIGH","TRACKED","0,7","MonProjet/obj/Debug/net9.0/MonProjet.GeneratedMSBuildEditorConfig.editorconfig","Do not delete yet; move to quarantine or separate private repo if not runtime"
"EXTERNAL_OR_STAGING_SOURCE","MEDIUM_TO_HIGH","TRACKED","0,06","MonProjet/obj/Debug/net9.0/MonProjet.genruntimeconfig.cache","Do not delete yet; move to quarantine or separate private repo if not runtime"
"EXTERNAL_OR_STAGING_SOURCE","MEDIUM_TO_HIGH","TRACKED","0,29","MonProjet/obj/Debug/net9.0/MonProjet.GlobalUsings.g.cs","Do not delete yet; move to quarantine or separate private repo if not runtime"
"EXTERNAL_OR_STAGING_SOURCE","MEDIUM_TO_HIGH","TRACKED","10,91","MonProjet/obj/Debug/net9.0/MonProjet.pdb","Do not delete yet; move to quarantine or separate private repo if not runtime"
"EXTERNAL_OR_STAGING_SOURCE","MEDIUM_TO_HIGH","TRACKED","0,2","MonProjet/obj/Debug/net9.0/MonProjet.sourcelink.json","Do not delete yet; move to quarantine or separate private repo if not runtime"
"EXTERNAL_OR_STAGING_SOURCE","MEDIUM_TO_HIGH","TRACKED","5,5","MonProjet/obj/Debug/net9.0/ref/MonProjet.dll","Do not delete yet; move to quarantine or separate private repo if not runtime"
"EXTERNAL_OR_STAGING_SOURCE","MEDIUM_TO_HIGH","TRACKED","5,5","MonProjet/obj/Debug/net9.0/refint/MonProjet.dll","Do not delete yet; move to quarantine or separate private repo if not runtime"
"EXTERNAL_OR_STAGING_SOURCE","MEDIUM_TO_HIGH","TRACKED","3,29","MonProjet/obj/MonProjet.csproj.nuget.dgspec.json","Do not delete yet; move to quarantine or separate private repo if not runtime"
"EXTERNAL_OR_STAGING_SOURCE","MEDIUM_TO_HIGH","TRACKED","1,27","MonProjet/obj/MonProjet.csproj.nuget.g.props","Do not delete yet; move to quarantine or separate private repo if not runtime"
"EXTERNAL_OR_STAGING_SOURCE","MEDIUM_TO_HIGH","TRACKED","0,15","MonProjet/obj/MonProjet.csproj.nuget.g.targets","Do not delete yet; move to quarantine or separate private repo if not runtime"
"EXTERNAL_OR_STAGING_SOURCE","MEDIUM_TO_HIGH","TRACKED","27,1","MonProjet/obj/project.assets.json","Do not delete yet; move to quarantine or separate private repo if not runtime"
"EXTERNAL_OR_STAGING_SOURCE","MEDIUM_TO_HIGH","TRACKED","2,01","MonProjet/obj/project.nuget.cache","Do not delete yet; move to quarantine or separate private repo if not runtime"
"REVIEW","MEDIUM","TRACKED","27,19","System.Buffers.4.4.0/lib/netstandard1.1/System.Buffers.dll","Manual review"
"REVIEW","MEDIUM","TRACKED","27,34","System.Buffers.4.4.0/lib/netstandard2.0/System.Buffers.dll","Manual review"
"REVIEW","MEDIUM","TRACKED","21,34","System.Buffers.4.4.0/ref/netstandard1.1/System.Buffers.dll","Manual review"
"REVIEW","MEDIUM","TRACKED","21,34","System.Buffers.4.4.0/ref/netstandard2.0/System.Buffers.dll","Manual review"
"REVIEW","MEDIUM","TRACKED","20,37","System.Buffers.4.5.1/lib/net461/System.Buffers.dll","Manual review"
"REVIEW","MEDIUM","TRACKED","20,38","System.Buffers.4.5.1/lib/netstandard1.1/System.Buffers.dll","Manual review"
"REVIEW","MEDIUM","TRACKED","20,88","System.Buffers.4.5.1/lib/netstandard2.0/System.Buffers.dll","Manual review"
"REVIEW","MEDIUM","TRACKED","14,38","System.Buffers.4.5.1/ref/net45/System.Buffers.dll","Manual review"
"REVIEW","MEDIUM","TRACKED","14,37","System.Buffers.4.5.1/ref/netstandard1.1/System.Buffers.dll","Manual review"
"REVIEW","MEDIUM","TRACKED","14,38","System.Buffers.4.5.1/ref/netstandard2.0/System.Buffers.dll","Manual review"
"REVIEW","MEDIUM","TRACKED","434,27","System.Configuration.ConfigurationManager.10.0.7/lib/net10.0/System.Configuration.ConfigurationManager.dll","Manual review"
"REVIEW","MEDIUM","TRACKED","93,26","System.Configuration.ConfigurationManager.10.0.7/lib/net462/System.Configuration.ConfigurationManager.dll","Manual review"
"REVIEW","MEDIUM","TRACKED","433,26","System.Configuration.ConfigurationManager.10.0.7/lib/net8.0/System.Configuration.ConfigurationManager.dll","Manual review"
"REVIEW","MEDIUM","TRACKED","434,26","System.Configuration.ConfigurationManager.10.0.7/lib/net9.0/System.Configuration.ConfigurationManager.dll","Manual review"
"REVIEW","MEDIUM","TRACKED","421,27","System.Configuration.ConfigurationManager.10.0.7/lib/netstandard2.0/System.Configuration.ConfigurationManager.dll","Manual review"
"REVIEW","MEDIUM","TRACKED","140,55","System.Memory.4.5.3/lib/netstandard1.1/System.Memory.dll","Manual review"
"REVIEW","MEDIUM","TRACKED","145,27","System.Memory.4.5.3/lib/netstandard2.0/System.Memory.dll","Manual review"
"REVIEW","MEDIUM","TRACKED","137,88","System.Memory.4.5.4/lib/net461/System.Memory.dll","Manual review"
"REVIEW","MEDIUM","TRACKED","133,88","System.Memory.4.5.4/lib/netstandard1.1/System.Memory.dll","Manual review"
"REVIEW","MEDIUM","TRACKED","138,37","System.Memory.4.5.4/lib/netstandard2.0/System.Memory.dll","Manual review"
"REVIEW","MEDIUM","TRACKED","113,22","System.Numerics.Vectors.4.4.0/lib/net46/System.Numerics.Vectors.dll","Manual review"
"REVIEW","MEDIUM","TRACKED","157,38","System.Numerics.Vectors.4.4.0/lib/netstandard1.0/System.Numerics.Vectors.dll","Manual review"
"REVIEW","MEDIUM","TRACKED","159,88","System.Numerics.Vectors.4.4.0/lib/netstandard2.0/System.Numerics.Vectors.dll","Manual review"
"REVIEW","MEDIUM","TRACKED","157,38","System.Numerics.Vectors.4.4.0/lib/portable-net45+win8+wp8+wpa81/System.Numerics.Vectors.dll","Manual review"
"REVIEW","MEDIUM","TRACKED","28,88","System.Numerics.Vectors.4.4.0/ref/net46/System.Numerics.Vectors.dll","Manual review"
"REVIEW","MEDIUM","TRACKED","37,38","System.Numerics.Vectors.4.4.0/ref/netstandard1.0/System.Numerics.Vectors.dll","Manual review"
"REVIEW","MEDIUM","TRACKED","37,38","System.Numerics.Vectors.4.4.0/ref/netstandard2.0/System.Numerics.Vectors.dll","Manual review"
"REVIEW","MEDIUM","TRACKED","113,14","System.Numerics.Vectors.4.5.0/lib/net46/System.Numerics.Vectors.dll","Manual review"
"REVIEW","MEDIUM","TRACKED","157,14","System.Numerics.Vectors.4.5.0/lib/netstandard1.0/System.Numerics.Vectors.dll","Manual review"
"REVIEW","MEDIUM","TRACKED","159,63","System.Numerics.Vectors.4.5.0/lib/netstandard2.0/System.Numerics.Vectors.dll","Manual review"
"REVIEW","MEDIUM","TRACKED","157,14","System.Numerics.Vectors.4.5.0/lib/portable-net45+win8+wp8+wpa81/System.Numerics.Vectors.dll","Manual review"
"REVIEW","MEDIUM","TRACKED","37,14","System.Numerics.Vectors.4.5.0/ref/net45/System.Numerics.Vectors.dll","Manual review"
"REVIEW","MEDIUM","TRACKED","28,63","System.Numerics.Vectors.4.5.0/ref/net46/System.Numerics.Vectors.dll","Manual review"
"REVIEW","MEDIUM","TRACKED","37,38","System.Numerics.Vectors.4.5.0/ref/netstandard1.0/System.Numerics.Vectors.dll","Manual review"
"REVIEW","MEDIUM","TRACKED","37,38","System.Numerics.Vectors.4.5.0/ref/netstandard2.0/System.Numerics.Vectors.dll","Manual review"
"REVIEW","MEDIUM","TRACKED","22,55","System.Runtime.CompilerServices.Unsafe.4.5.2/lib/netcoreapp2.0/System.Runtime.CompilerServices.Unsafe.dll","Manual review"
"REVIEW","MEDIUM","TRACKED","23,05","System.Runtime.CompilerServices.Unsafe.4.5.2/lib/netstandard1.0/System.Runtime.CompilerServices.Unsafe.dll","Manual review"
"REVIEW","MEDIUM","TRACKED","23,05","System.Runtime.CompilerServices.Unsafe.4.5.2/lib/netstandard2.0/System.Runtime.CompilerServices.Unsafe.dll","Manual review"
"REVIEW","MEDIUM","TRACKED","22,76","System.Runtime.CompilerServices.Unsafe.4.5.2/ref/netstandard1.0/System.Runtime.CompilerServices.Unsafe.dll","Manual review"
"REVIEW","MEDIUM","TRACKED","23,26","System.Runtime.CompilerServices.Unsafe.4.5.2/ref/netstandard2.0/System.Runtime.CompilerServices.Unsafe.dll","Manual review"
"REVIEW","MEDIUM","TRACKED","16,38","System.Runtime.CompilerServices.Unsafe.4.5.3/lib/net461/System.Runtime.CompilerServices.Unsafe.dll","Manual review"
"REVIEW","MEDIUM","TRACKED","15,87","System.Runtime.CompilerServices.Unsafe.4.5.3/lib/netcoreapp2.0/System.Runtime.CompilerServices.Unsafe.dll","Manual review"
"REVIEW","MEDIUM","TRACKED","16,38","System.Runtime.CompilerServices.Unsafe.4.5.3/lib/netstandard1.0/System.Runtime.CompilerServices.Unsafe.dll","Manual review"
"REVIEW","MEDIUM","TRACKED","16,38","System.Runtime.CompilerServices.Unsafe.4.5.3/lib/netstandard2.0/System.Runtime.CompilerServices.Unsafe.dll","Manual review"
"REVIEW","MEDIUM","TRACKED","15,87","System.Runtime.CompilerServices.Unsafe.4.5.3/ref/net461/System.Runtime.CompilerServices.Unsafe.dll","Manual review"
"REVIEW","MEDIUM","TRACKED","15,87","System.Runtime.CompilerServices.Unsafe.4.5.3/ref/netstandard1.0/System.Runtime.CompilerServices.Unsafe.dll","Manual review"
"REVIEW","MEDIUM","TRACKED","16,58","System.Runtime.CompilerServices.Unsafe.4.5.3/ref/netstandard2.0/System.Runtime.CompilerServices.Unsafe.dll","Manual review"
"REVIEW","MEDIUM","TRACKED","18,77","System.Runtime.CompilerServices.Unsafe.6.1.0/lib/net462/System.Runtime.CompilerServices.Unsafe.dll","Manual review"
"REVIEW","MEDIUM","TRACKED","18,77","System.Runtime.CompilerServices.Unsafe.6.1.0/lib/netstandard2.0/System.Runtime.CompilerServices.Unsafe.dll","Manual review"
"REVIEW","MEDIUM","TRACKED","35,11","System.Security.AccessControl.6.0.0/lib/net461/System.Security.AccessControl.dll","Manual review"
"REVIEW","MEDIUM","TRACKED","55,62","System.Security.AccessControl.6.0.0/lib/net6.0/System.Security.AccessControl.dll","Manual review"
"REVIEW","MEDIUM","TRACKED","57,61","System.Security.AccessControl.6.0.0/lib/netstandard2.0/System.Security.AccessControl.dll","Manual review"
"REVIEW","MEDIUM","TRACKED","35,11","System.Security.AccessControl.6.0.0/runtimes/win/lib/net461/System.Security.AccessControl.dll","Manual review"
"REVIEW","MEDIUM","TRACKED","91,6","System.Security.AccessControl.6.0.0/runtimes/win/lib/net6.0/System.Security.AccessControl.dll","Manual review"
"REVIEW","MEDIUM","TRACKED","104,12","System.Security.AccessControl.6.0.0/runtimes/win/lib/netstandard2.0/System.Security.AccessControl.dll","Manual review"
"REVIEW","MEDIUM","TRACKED","115,76","System.Security.Permissions.10.0.7/lib/net10.0/System.Security.Permissions.dll","Manual review"
"REVIEW","MEDIUM","TRACKED","34,26","System.Security.Permissions.10.0.7/lib/net462/System.Security.Permissions.dll","Manual review"
"REVIEW","MEDIUM","TRACKED","114,76","System.Security.Permissions.10.0.7/lib/net8.0/System.Security.Permissions.dll","Manual review"
"REVIEW","MEDIUM","TRACKED","115,77","System.Security.Permissions.10.0.7/lib/net9.0/System.Security.Permissions.dll","Manual review"
"REVIEW","MEDIUM","TRACKED","119,8","System.Security.Permissions.10.0.7/lib/netstandard2.0/System.Security.Permissions.dll","Manual review"
"REVIEW","MEDIUM","TRACKED","22,91","System.Security.Principal.Windows.5.0.0/lib/net46/System.Security.Principal.Windows.dll","Manual review"
"REVIEW","MEDIUM","TRACKED","17,88","System.Security.Principal.Windows.5.0.0/lib/net461/System.Security.Principal.Windows.dll","Manual review"
"REVIEW","MEDIUM","TRACKED","28,91","System.Security.Principal.Windows.5.0.0/lib/netstandard1.3/System.Security.Principal.Windows.dll","Manual review"
"REVIEW","MEDIUM","TRACKED","36,88","System.Security.Principal.Windows.5.0.0/lib/netstandard2.0/System.Security.Principal.Windows.dll","Manual review"
"REVIEW","MEDIUM","TRACKED","22,91","System.Security.Principal.Windows.5.0.0/ref/net46/System.Security.Principal.Windows.dll","Manual review"
"REVIEW","MEDIUM","TRACKED","18,38","System.Security.Principal.Windows.5.0.0/ref/net461/System.Security.Principal.Windows.dll","Manual review"
"REVIEW","MEDIUM","TRACKED","25,88","System.Security.Principal.Windows.5.0.0/ref/netcoreapp3.0/System.Security.Principal.Windows.dll","Manual review"
"REVIEW","MEDIUM","TRACKED","28,26","System.Security.Principal.Windows.5.0.0/ref/netstandard1.3/System.Security.Principal.Windows.dll","Manual review"
"REVIEW","MEDIUM","TRACKED","27,88","System.Security.Principal.Windows.5.0.0/ref/netstandard2.0/System.Security.Principal.Windows.dll","Manual review"
"REVIEW","MEDIUM","TRACKED","36,88","System.Security.Principal.Windows.5.0.0/runtimes/unix/lib/netcoreapp2.0/System.Security.Principal.Windows.dll","Manual review"
"REVIEW","MEDIUM","TRACKED","36,88","System.Security.Principal.Windows.5.0.0/runtimes/unix/lib/netcoreapp2.1/System.Security.Principal.Windows.dll","Manual review"
"REVIEW","MEDIUM","TRACKED","22,91","System.Security.Principal.Windows.5.0.0/runtimes/win/lib/net46/System.Security.Principal.Windows.dll","Manual review"
"REVIEW","MEDIUM","TRACKED","17,88","System.Security.Principal.Windows.5.0.0/runtimes/win/lib/net461/System.Security.Principal.Windows.dll","Manual review"
"REVIEW","MEDIUM","TRACKED","79,38","System.Security.Principal.Windows.5.0.0/runtimes/win/lib/netcoreapp2.0/System.Security.Principal.Windows.dll","Manual review"
"REVIEW","MEDIUM","TRACKED","79,88","System.Security.Principal.Windows.5.0.0/runtimes/win/lib/netcoreapp2.1/System.Security.Principal.Windows.dll","Manual review"
"REVIEW","MEDIUM","TRACKED","79,41","System.Security.Principal.Windows.5.0.0/runtimes/win/lib/netstandard1.3/System.Security.Principal.Windows.dll","Manual review"
"REVIEW","MEDIUM","TRACKED","27,29","System.Threading.Tasks.Extensions.4.6.0/lib/net462/System.Threading.Tasks.Extensions.dll","Manual review"
"REVIEW","MEDIUM","TRACKED","27,3","System.Threading.Tasks.Extensions.4.6.0/lib/netstandard2.0/System.Threading.Tasks.Extensions.dll","Manual review"
