"source_hint","target_hint","declared_phase","matched_text","recommended_decision","boundary_required","runtime_allowed_now","emits_act","emits_decision","memory_write_allowed","graph_write_allowed","notes"
"BRANCHABLE_ATLAS","archive/quarantine/generated_cache/","BLOCKED","FILE_PLAN_ALL 723 BRANCHABLE_ATLAS OBSIDIA_BRANCHABLE_ATLAS_FULL_V0_5_DEEP_FINAL_AUDIT/.pytest_cache/.gitignore archive/quarantine/generated_cache/ .gitignore gitignore P5_QUARANTINE F06 0 0 0 0 1  NOT_FOUND_LOCAL DUPLICATE_SAFE QUARANTINE ","KEEP_QUARANTINE","ATLAS_READONLY_ADVISORY_ONLY","false","false","false","false","false","F06 audit/spec only; Atlas scenario/context candidate; never runtime reality claim"
"BRANCHABLE_ATLAS","archive/quarantine/generated_cache/","BLOCKED","FILE_PLAN_ALL 724 BRANCHABLE_ATLAS OBSIDIA_BRANCHABLE_ATLAS_FULL_V0_5_DEEP_FINAL_AUDIT/.pytest_cache/CACHEDIR.TAG archive/quarantine/generated_cache/ CACHEDIR.TAG tag P5_QUARANTINE F06 0 0 0 0 1  NOT_FOUND_LOCAL DUPLICATE_SAFE QUARANTINE LO","KEEP_QUARANTINE","ATLAS_READONLY_ADVISORY_ONLY","false","false","false","false","false","F06 audit/spec only; Atlas scenario/context candidate; never runtime reality claim"
"BRANCHABLE_ATLAS","archive/quarantine/generated_cache/","BLOCKED","FILE_PLAN_ALL 725 BRANCHABLE_ATLAS OBSIDIA_BRANCHABLE_ATLAS_FULL_V0_5_DEEP_FINAL_AUDIT/.pytest_cache/README.md archive/quarantine/generated_cache/ README.md md P5_QUARANTINE F06 1 1 0 0 1  SAME_NAME DUPLICATE_SAFE QUARANTINE LOW KX108_ONLY;","KEEP_QUARANTINE","ATLAS_READONLY_ADVISORY_ONLY","false","false","false","false","false","F06 audit/spec only; Atlas scenario/context candidate; never runtime reality claim"
"BRANCHABLE_ATLAS","archive/quarantine/generated_cache/","BLOCKED","FILE_PLAN_ALL 726 BRANCHABLE_ATLAS OBSIDIA_BRANCHABLE_ATLAS_FULL_V0_5_DEEP_FINAL_AUDIT/.pytest_cache/v/cache/lastfailed archive/quarantine/generated_cache/ lastfailed NO_EXT P5_QUARANTINE F06 0 0 0 0 1  NOT_FOUND_LOCAL DUPLICATE_SAFE QUARAN","KEEP_QUARANTINE","ATLAS_READONLY_ADVISORY_ONLY","false","false","false","false","false","F06 audit/spec only; Atlas scenario/context candidate; never runtime reality claim"
"BRANCHABLE_ATLAS","archive/quarantine/generated_cache/","BLOCKED","FILE_PLAN_ALL 727 BRANCHABLE_ATLAS OBSIDIA_BRANCHABLE_ATLAS_FULL_V0_5_DEEP_FINAL_AUDIT/.pytest_cache/v/cache/nodeids archive/quarantine/generated_cache/ nodeids NO_EXT P5_QUARANTINE F06 0 0 0 0 1  NOT_FOUND_LOCAL DUPLICATE_SAFE QUARANTINE L","KEEP_QUARANTINE","ATLAS_READONLY_ADVISORY_ONLY","false","false","false","false","false","F06 audit/spec only; Atlas scenario/context candidate; never runtime reality claim"
"BRANCHABLE_ATLAS","audit/freezes/atlas/","SOURCE_ONLY","FILE_PLAN_ALL 728 BRANCHABLE_ATLAS OBSIDIA_BRANCHABLE_ATLAS_FULL_V0_5_DEEP_FINAL_AUDIT/.runtime_freezes/WORLD_PROTOCOL_ATLAS_FULL_V0/MANIFEST_SHA256.json audit/freezes/atlas/ MANIFEST_SHA256.json json P4_ATLAS_EVIDENCE_OR_DOCS F06 0 0 0 0 1","ARCHIVE_ONLY","ATLAS_READONLY_ADVISORY_ONLY","false","false","false","false","false","F06 audit/spec only; Atlas scenario/context candidate; never runtime reality claim"
"BRANCHABLE_ATLAS","audit/freezes/atlas/","SOURCE_ONLY","FILE_PLAN_ALL 729 BRANCHABLE_ATLAS OBSIDIA_BRANCHABLE_ATLAS_FULL_V0_5_DEEP_FINAL_AUDIT/.runtime_freezes/WORLD_PROTOCOL_ATLAS_FULL_V0/audit_report.json audit/freezes/atlas/ audit_report.json json P4_ATLAS_EVIDENCE_OR_DOCS F06 0 0 0 0 1  NOT_","ARCHIVE_ONLY","ATLAS_READONLY_ADVISORY_ONLY","false","false","false","false","false","F06 audit/spec only; Atlas scenario/context candidate; never runtime reality claim"
"BRANCHABLE_ATLAS","audit/freezes/atlas/","SOURCE_ONLY","FILE_PLAN_ALL 730 BRANCHABLE_ATLAS OBSIDIA_BRANCHABLE_ATLAS_FULL_V0_5_DEEP_FINAL_AUDIT/.runtime_freezes/WORLD_PROTOCOL_ATLAS_FULL_V0/context_packets_snapshot.json audit/freezes/atlas/ context_packets_snapshot.json json P4_ATLAS_EVIDENCE_OR_","ARCHIVE_ONLY","ATLAS_READONLY_ADVISORY_ONLY","false","false","false","false","false","F06 audit/spec only; Atlas scenario/context candidate; never runtime reality claim"
"BRANCHABLE_ATLAS","audit/freezes/atlas/","SOURCE_ONLY","FILE_PLAN_ALL 731 BRANCHABLE_ATLAS OBSIDIA_BRANCHABLE_ATLAS_FULL_V0_5_DEEP_FINAL_AUDIT/.runtime_freezes/WORLD_PROTOCOL_ATLAS_FULL_V0/graphiti_nodes_snapshot.json audit/freezes/atlas/ graphiti_nodes_snapshot.json json P4_ATLAS_EVIDENCE_OR_DO","ARCHIVE_ONLY","ATLAS_READONLY_ADVISORY_ONLY","false","false","false","false","false","F06 audit/spec only; Atlas scenario/context candidate; never runtime reality claim"
"BRANCHABLE_ATLAS","audit/freezes/atlas/","SOURCE_ONLY","FILE_PLAN_ALL 732 BRANCHABLE_ATLAS OBSIDIA_BRANCHABLE_ATLAS_FULL_V0_5_DEEP_FINAL_AUDIT/.runtime_freezes/WORLD_PROTOCOL_ATLAS_FULL_V0/registry_snapshot.json audit/freezes/atlas/ registry_snapshot.json json P4_ATLAS_EVIDENCE_OR_DOCS F06 0 0 0","ARCHIVE_ONLY","ATLAS_READONLY_ADVISORY_ONLY","false","false","false","false","false","F06 audit/spec only; Atlas scenario/context candidate; never runtime reality claim"
"BRANCHABLE_ATLAS","audit/freezes/atlas/","SOURCE_ONLY","FILE_PLAN_ALL 733 BRANCHABLE_ATLAS OBSIDIA_BRANCHABLE_ATLAS_FULL_V0_5_DEEP_FINAL_AUDIT/.runtime_freezes/WORLD_PROTOCOL_ATLAS_FULL_V0/scenario_candidates_snapshot.json audit/freezes/atlas/ scenario_candidates_snapshot.json json P4_ATLAS_EVID","ARCHIVE_ONLY","ATLAS_READONLY_ADVISORY_ONLY","false","false","false","false","false","F06 audit/spec only; Atlas scenario/context candidate; never runtime reality claim"
"BRANCHABLE_ATLAS","audit/freezes/atlas/","SOURCE_ONLY","FILE_PLAN_ALL 734 BRANCHABLE_ATLAS OBSIDIA_BRANCHABLE_ATLAS_FULL_V0_5_DEEP_FINAL_AUDIT/.runtime_freezes/WORLD_PROTOCOL_ATLAS_FULL_V0_1_EXHAUSTIVE/ALL_TABLES_RAW.json audit/freezes/atlas/ ALL_TABLES_RAW.json json P4_ATLAS_EVIDENCE_OR_DOCS F0","ARCHIVE_ONLY","ATLAS_READONLY_ADVISORY_ONLY","false","false","false","false","false","F06 audit/spec only; Atlas scenario/context candidate; never runtime reality claim"
"BRANCHABLE_ATLAS","audit/freezes/atlas/","SOURCE_ONLY","FILE_PLAN_ALL 735 BRANCHABLE_ATLAS OBSIDIA_BRANCHABLE_ATLAS_FULL_V0_5_DEEP_FINAL_AUDIT/.runtime_freezes/WORLD_PROTOCOL_ATLAS_FULL_V0_1_EXHAUSTIVE/AUTO_AGENT_CANDIDATES_RAW.json audit/freezes/atlas/ AUTO_AGENT_CANDIDATES_RAW.json json P4_ATL","ARCHIVE_ONLY","ATLAS_READONLY_ADVISORY_ONLY","false","false","false","false","false","F06 audit/spec only; Atlas scenario/context candidate; never runtime reality claim"
"BRANCHABLE_ATLAS","audit/freezes/atlas/","SOURCE_ONLY","FILE_PLAN_ALL 736 BRANCHABLE_ATLAS OBSIDIA_BRANCHABLE_ATLAS_FULL_V0_5_DEEP_FINAL_AUDIT/.runtime_freezes/WORLD_PROTOCOL_ATLAS_FULL_V0_1_EXHAUSTIVE/AUTO_CARDS_CANDIDATES.json audit/freezes/atlas/ AUTO_CARDS_CANDIDATES.json json P4_ATLAS_EVIDE","ARCHIVE_ONLY","ATLAS_READONLY_ADVISORY_ONLY","false","false","false","false","false","F06 audit/spec only; Atlas scenario/context candidate; never runtime reality claim"
"BRANCHABLE_ATLAS","audit/freezes/atlas/","SOURCE_ONLY","FILE_PLAN_ALL 737 BRANCHABLE_ATLAS OBSIDIA_BRANCHABLE_ATLAS_FULL_V0_5_DEEP_FINAL_AUDIT/.runtime_freezes/WORLD_PROTOCOL_ATLAS_FULL_V0_1_EXHAUSTIVE/AUTO_MODULE_HEADING_CANDIDATES.json audit/freezes/atlas/ AUTO_MODULE_HEADING_CANDIDATES.json j","ARCHIVE_ONLY","ATLAS_READONLY_ADVISORY_ONLY","false","false","false","false","false","F06 audit/spec only; Atlas scenario/context candidate; never runtime reality claim"
"BRANCHABLE_ATLAS","audit/freezes/atlas/","SOURCE_ONLY","FILE_PLAN_ALL 738 BRANCHABLE_ATLAS OBSIDIA_BRANCHABLE_ATLAS_FULL_V0_5_DEEP_FINAL_AUDIT/.runtime_freezes/WORLD_PROTOCOL_ATLAS_FULL_V0_1_EXHAUSTIVE/AUTO_PROTOCOL_CANDIDATES_RAW.json audit/freezes/atlas/ AUTO_PROTOCOL_CANDIDATES_RAW.json json ","ARCHIVE_ONLY","ATLAS_READONLY_ADVISORY_ONLY","false","false","false","false","false","F06 audit/spec only; Atlas scenario/context candidate; never runtime reality claim"
"BRANCHABLE_ATLAS","audit/freezes/atlas/","SOURCE_ONLY","FILE_PLAN_ALL 739 BRANCHABLE_ATLAS OBSIDIA_BRANCHABLE_ATLAS_FULL_V0_5_DEEP_FINAL_AUDIT/.runtime_freezes/WORLD_PROTOCOL_ATLAS_FULL_V0_1_EXHAUSTIVE/CARD_REGISTRY_V0_1.json audit/freezes/atlas/ CARD_REGISTRY_V0_1.json json P4_ATLAS_EVIDENCE_OR","ARCHIVE_ONLY","ATLAS_READONLY_ADVISORY_ONLY","false","false","false","false","false","F06 audit/spec only; Atlas scenario/context candidate; never runtime reality claim"
"BRANCHABLE_ATLAS","audit/freezes/atlas/","SOURCE_ONLY","FILE_PLAN_ALL 740 BRANCHABLE_ATLAS OBSIDIA_BRANCHABLE_ATLAS_FULL_V0_5_DEEP_FINAL_AUDIT/.runtime_freezes/WORLD_PROTOCOL_ATLAS_FULL_V0_1_EXHAUSTIVE/GAP_REPORT_V0_TO_V0_1.md audit/freezes/atlas/ GAP_REPORT_V0_TO_V0_1.md md P4_ATLAS_EVIDENCE_OR","ARCHIVE_ONLY","ATLAS_READONLY_ADVISORY_ONLY","false","false","false","false","false","F06 audit/spec only; Atlas scenario/context candidate; never runtime reality claim"
"BRANCHABLE_ATLAS","audit/freezes/atlas/","SOURCE_ONLY","FILE_PLAN_ALL 741 BRANCHABLE_ATLAS OBSIDIA_BRANCHABLE_ATLAS_FULL_V0_5_DEEP_FINAL_AUDIT/.runtime_freezes/WORLD_PROTOCOL_ATLAS_FULL_V0_1_EXHAUSTIVE/MANIFEST_SHA256.json audit/freezes/atlas/ MANIFEST_SHA256.json json P4_ATLAS_EVIDENCE_OR_DOCS ","ARCHIVE_ONLY","ATLAS_READONLY_ADVISORY_ONLY","false","false","false","false","false","F06 audit/spec only; Atlas scenario/context candidate; never runtime reality claim"
"BRANCHABLE_ATLAS","audit/freezes/atlas/","SOURCE_ONLY","FILE_PLAN_ALL 742 BRANCHABLE_ATLAS OBSIDIA_BRANCHABLE_ATLAS_FULL_V0_5_DEEP_FINAL_AUDIT/.runtime_freezes/WORLD_PROTOCOL_ATLAS_FULL_V0_1_EXHAUSTIVE/OBSIDIA_WORLD_PROTOCOL_ATLAS_V0_1_EXHAUSTIVE_AUDIT.json audit/freezes/atlas/ OBSIDIA_WORLD_PRO","ARCHIVE_ONLY","ATLAS_READONLY_ADVISORY_ONLY","false","false","false","false","false","F06 audit/spec only; Atlas scenario/context candidate; never runtime reality claim"
"BRANCHABLE_ATLAS","audit/freezes/atlas/","SOURCE_ONLY","FILE_PLAN_ALL 743 BRANCHABLE_ATLAS OBSIDIA_BRANCHABLE_ATLAS_FULL_V0_5_DEEP_FINAL_AUDIT/.runtime_freezes/WORLD_PROTOCOL_ATLAS_FULL_V0_1_EXHAUSTIVE/TEST_OUTPUT_V0_1.txt audit/freezes/atlas/ TEST_OUTPUT_V0_1.txt txt P4_ATLAS_EVIDENCE_OR_DOCS F","ARCHIVE_ONLY","ATLAS_READONLY_ADVISORY_ONLY","false","false","false","false","false","F06 audit/spec only; Atlas scenario/context candidate; never runtime reality claim"
"BRANCHABLE_ATLAS","audit/freezes/atlas/","SOURCE_ONLY","FILE_PLAN_ALL 744 BRANCHABLE_ATLAS OBSIDIA_BRANCHABLE_ATLAS_FULL_V0_5_DEEP_FINAL_AUDIT/.runtime_freezes/WORLD_PROTOCOL_ATLAS_FULL_V0_1_EXHAUSTIVE/VERIFICATION_REPORT_V0_1.json audit/freezes/atlas/ VERIFICATION_REPORT_V0_1.json json P4_ATLAS","ARCHIVE_ONLY","ATLAS_READONLY_ADVISORY_ONLY","false","false","false","false","false","F06 audit/spec only; Atlas scenario/context candidate; never runtime reality claim"
"BRANCHABLE_ATLAS","audit/freezes/atlas/","SOURCE_ONLY","FILE_PLAN_ALL 745 BRANCHABLE_ATLAS OBSIDIA_BRANCHABLE_ATLAS_FULL_V0_5_DEEP_FINAL_AUDIT/.runtime_freezes/WORLD_PROTOCOL_ATLAS_FULL_V0_1_EXHAUSTIVE/VERIFICATION_REPORT_V0_1.md audit/freezes/atlas/ VERIFICATION_REPORT_V0_1.md md P4_ATLAS_EVIDE","ARCHIVE_ONLY","ATLAS_READONLY_ADVISORY_ONLY","false","false","false","false","false","F06 audit/spec only; Atlas scenario/context candidate; never runtime reality claim"
"BRANCHABLE_ATLAS","audit/freezes/atlas/","SOURCE_ONLY","FILE_PLAN_ALL 746 BRANCHABLE_ATLAS OBSIDIA_BRANCHABLE_ATLAS_FULL_V0_5_DEEP_FINAL_AUDIT/.runtime_freezes/WORLD_PROTOCOL_ATLAS_V0/MANIFEST_SHA256.json audit/freezes/atlas/ MANIFEST_SHA256.json json P4_ATLAS_EVIDENCE_OR_DOCS F06 0 0 0 0 1  NOT","ARCHIVE_ONLY","ATLAS_READONLY_ADVISORY_ONLY","false","false","false","false","false","F06 audit/spec only; Atlas scenario/context candidate; never runtime reality claim"
"BRANCHABLE_ATLAS","audit/freezes/atlas/","SOURCE_ONLY","FILE_PLAN_ALL 747 BRANCHABLE_ATLAS OBSIDIA_BRANCHABLE_ATLAS_FULL_V0_5_DEEP_FINAL_AUDIT/.runtime_freezes/WORLD_PROTOCOL_ATLAS_V0/audit_report.json audit/freezes/atlas/ audit_report.json json P4_ATLAS_EVIDENCE_OR_DOCS F06 0 0 0 0 1  NOT_FOUND","ARCHIVE_ONLY","ATLAS_READONLY_ADVISORY_ONLY","false","false","false","false","false","F06 audit/spec only; Atlas scenario/context candidate; never runtime reality claim"
"BRANCHABLE_ATLAS","audit/freezes/atlas/","SOURCE_ONLY","FILE_PLAN_ALL 748 BRANCHABLE_ATLAS OBSIDIA_BRANCHABLE_ATLAS_FULL_V0_5_DEEP_FINAL_AUDIT/.runtime_freezes/WORLD_PROTOCOL_ATLAS_V0/context_packets_snapshot.json audit/freezes/atlas/ context_packets_snapshot.json json P4_ATLAS_EVIDENCE_OR_DOCS ","ARCHIVE_ONLY","ATLAS_READONLY_ADVISORY_ONLY","false","false","false","false","false","F06 audit/spec only; Atlas scenario/context candidate; never runtime reality claim"
"BRANCHABLE_ATLAS","audit/freezes/atlas/","SOURCE_ONLY","FILE_PLAN_ALL 749 BRANCHABLE_ATLAS OBSIDIA_BRANCHABLE_ATLAS_FULL_V0_5_DEEP_FINAL_AUDIT/.runtime_freezes/WORLD_PROTOCOL_ATLAS_V0/graphiti_nodes_snapshot.json audit/freezes/atlas/ graphiti_nodes_snapshot.json json P4_ATLAS_EVIDENCE_OR_DOCS F0","ARCHIVE_ONLY","ATLAS_READONLY_ADVISORY_ONLY","false","false","false","false","false","F06 audit/spec only; Atlas scenario/context candidate; never runtime reality claim"
"BRANCHABLE_ATLAS","audit/freezes/atlas/","SOURCE_ONLY","FILE_PLAN_ALL 750 BRANCHABLE_ATLAS OBSIDIA_BRANCHABLE_ATLAS_FULL_V0_5_DEEP_FINAL_AUDIT/.runtime_freezes/WORLD_PROTOCOL_ATLAS_V0/registry_snapshot.json audit/freezes/atlas/ registry_snapshot.json json P4_ATLAS_EVIDENCE_OR_DOCS F06 0 0 0 0 1 ","ARCHIVE_ONLY","ATLAS_READONLY_ADVISORY_ONLY","false","false","false","false","false","F06 audit/spec only; Atlas scenario/context candidate; never runtime reality claim"
"BRANCHABLE_ATLAS","audit/freezes/atlas/","SOURCE_ONLY","FILE_PLAN_ALL 751 BRANCHABLE_ATLAS OBSIDIA_BRANCHABLE_ATLAS_FULL_V0_5_DEEP_FINAL_AUDIT/.runtime_freezes/WORLD_PROTOCOL_ATLAS_V0/scenario_candidates_snapshot.json audit/freezes/atlas/ scenario_candidates_snapshot.json json P4_ATLAS_EVIDENCE_","ARCHIVE_ONLY","ATLAS_READONLY_ADVISORY_ONLY","false","false","false","false","false","F06 audit/spec only; Atlas scenario/context candidate; never runtime reality claim"
"BRANCHABLE_ATLAS","audit/evidence/atlas/","F06_ATLAS","FILE_PLAN_ALL 752 BRANCHABLE_ATLAS OBSIDIA_BRANCHABLE_ATLAS_FULL_V0_5_DEEP_FINAL_AUDIT/COMPLETION_AUDIT_V0_3.json audit/evidence/atlas/ COMPLETION_AUDIT_V0_3.json json P4_ATLAS_EVIDENCE_OR_DOCS F06 0 0 0 0 1  NOT_FOUND_LOCAL DUPLICATE_SAFE ","INTEGRATE_TO_ATLAS_READONLY_SCENARIO_SPEC_CANDIDATE","ATLAS_READONLY_ADVISORY_ONLY","false","false","false","false","false","F06 audit/spec only; Atlas scenario/context candidate; never runtime reality claim"
"BRANCHABLE_ATLAS","audit/evidence/atlas/","F06_ATLAS","FILE_PLAN_ALL 753 BRANCHABLE_ATLAS OBSIDIA_BRANCHABLE_ATLAS_FULL_V0_5_DEEP_FINAL_AUDIT/COMPLETION_AUDIT_V0_3.md audit/evidence/atlas/ COMPLETION_AUDIT_V0_3.md md P4_ATLAS_EVIDENCE_OR_DOCS F06 0 0 0 0 1  NOT_FOUND_LOCAL DUPLICATE_SAFE CLEAN ","INTEGRATE_TO_ATLAS_READONLY_SCENARIO_SPEC_CANDIDATE","ATLAS_READONLY_ADVISORY_ONLY","false","false","false","false","false","F06 audit/spec only; Atlas scenario/context candidate; never runtime reality claim"
"BRANCHABLE_ATLAS","audit/evidence/atlas/","F06_ATLAS","FILE_PLAN_ALL 754 BRANCHABLE_ATLAS OBSIDIA_BRANCHABLE_ATLAS_FULL_V0_5_DEEP_FINAL_AUDIT/DEEP_FINAL_AUDIT_V0_5.json audit/evidence/atlas/ DEEP_FINAL_AUDIT_V0_5.json json P4_ATLAS_EVIDENCE_OR_DOCS F06 0 0 0 0 1  NOT_FOUND_LOCAL DUPLICATE_SAFE ","INTEGRATE_TO_ATLAS_READONLY_SCENARIO_SPEC_CANDIDATE","ATLAS_READONLY_ADVISORY_ONLY","false","false","false","false","false","F06 audit/spec only; Atlas scenario/context candidate; never runtime reality claim"
"BRANCHABLE_ATLAS","audit/evidence/atlas/","F06_ATLAS","FILE_PLAN_ALL 755 BRANCHABLE_ATLAS OBSIDIA_BRANCHABLE_ATLAS_FULL_V0_5_DEEP_FINAL_AUDIT/DEEP_FINAL_AUDIT_V0_5.md audit/evidence/atlas/ DEEP_FINAL_AUDIT_V0_5.md md P4_ATLAS_EVIDENCE_OR_DOCS F06 0 0 0 0 1  NOT_FOUND_LOCAL DUPLICATE_SAFE CLEAN ","INTEGRATE_TO_ATLAS_READONLY_SCENARIO_SPEC_CANDIDATE","ATLAS_READONLY_ADVISORY_ONLY","false","false","false","false","false","F06 audit/spec only; Atlas scenario/context candidate; never runtime reality claim"
"BRANCHABLE_ATLAS","docs/source_packs/atlas/","F06_ATLAS","FILE_PLAN_ALL 756 BRANCHABLE_ATLAS OBSIDIA_BRANCHABLE_ATLAS_FULL_V0_5_DEEP_FINAL_AUDIT/FILE_INDEX_COMPLETE.md docs/source_packs/atlas/ FILE_INDEX_COMPLETE.md md P4_ATLAS_EVIDENCE_OR_DOCS F06 0 0 0 0 1  NOT_FOUND_LOCAL DUPLICATE_SAFE CLEAN L","INTEGRATE_TO_ATLAS_READONLY_SCENARIO_SPEC_CANDIDATE","ATLAS_READONLY_ADVISORY_ONLY","false","false","false","false","false","F06 audit/spec only; Atlas scenario/context candidate; never runtime reality claim"
"BRANCHABLE_ATLAS","docs/source_packs/atlas/","F06_ATLAS","FILE_PLAN_ALL 757 BRANCHABLE_ATLAS OBSIDIA_BRANCHABLE_ATLAS_FULL_V0_5_DEEP_FINAL_AUDIT/FINAL_NO_MISSING_CHECK_V0_3.json docs/source_packs/atlas/ FINAL_NO_MISSING_CHECK_V0_3.json json P4_ATLAS_EVIDENCE_OR_DOCS F06 0 0 0 0 1  NOT_FOUND_LOCAL ","INTEGRATE_TO_ATLAS_READONLY_SCENARIO_SPEC_CANDIDATE","ATLAS_READONLY_ADVISORY_ONLY","false","false","false","false","false","F06 audit/spec only; Atlas scenario/context candidate; never runtime reality claim"
"BRANCHABLE_ATLAS","audit/evidence/atlas/","F06_ATLAS","FILE_PLAN_ALL 758 BRANCHABLE_ATLAS OBSIDIA_BRANCHABLE_ATLAS_FULL_V0_5_DEEP_FINAL_AUDIT/FINAL_PASS_AUDIT_V0_6.json audit/evidence/atlas/ FINAL_PASS_AUDIT_V0_6.json json P4_ATLAS_EVIDENCE_OR_DOCS F06 0 0 0 0 1  NOT_FOUND_LOCAL DUPLICATE_SAFE ","INTEGRATE_TO_ATLAS_READONLY_SCENARIO_SPEC_CANDIDATE","ATLAS_READONLY_ADVISORY_ONLY","false","false","false","false","false","F06 audit/spec only; Atlas scenario/context candidate; never runtime reality claim"
"BRANCHABLE_ATLAS","audit/evidence/atlas/","F06_ATLAS","FILE_PLAN_ALL 759 BRANCHABLE_ATLAS OBSIDIA_BRANCHABLE_ATLAS_FULL_V0_5_DEEP_FINAL_AUDIT/FINAL_PASS_AUDIT_V0_6.md audit/evidence/atlas/ FINAL_PASS_AUDIT_V0_6.md md P4_ATLAS_EVIDENCE_OR_DOCS F06 0 0 0 0 1  NOT_FOUND_LOCAL DUPLICATE_SAFE CLEAN ","INTEGRATE_TO_ATLAS_READONLY_SCENARIO_SPEC_CANDIDATE","ATLAS_READONLY_ADVISORY_ONLY","false","false","false","false","false","F06 audit/spec only; Atlas scenario/context candidate; never runtime reality claim"
"BRANCHABLE_ATLAS","audit/evidence/atlas/","F06_ATLAS","FILE_PLAN_ALL 760 BRANCHABLE_ATLAS OBSIDIA_BRANCHABLE_ATLAS_FULL_V0_5_DEEP_FINAL_AUDIT/FINAL_PASS_AUDIT_V0_7.json audit/evidence/atlas/ FINAL_PASS_AUDIT_V0_7.json json P4_ATLAS_EVIDENCE_OR_DOCS F06 0 0 0 0 1  NOT_FOUND_LOCAL DUPLICATE_SAFE ","INTEGRATE_TO_ATLAS_READONLY_SCENARIO_SPEC_CANDIDATE","ATLAS_READONLY_ADVISORY_ONLY","false","false","false","false","false","F06 audit/spec only; Atlas scenario/context candidate; never runtime reality claim"
"BRANCHABLE_ATLAS","audit/evidence/atlas/","F06_ATLAS","FILE_PLAN_ALL 761 BRANCHABLE_ATLAS OBSIDIA_BRANCHABLE_ATLAS_FULL_V0_5_DEEP_FINAL_AUDIT/FINAL_PASS_AUDIT_V0_7.md audit/evidence/atlas/ FINAL_PASS_AUDIT_V0_7.md md P4_ATLAS_EVIDENCE_OR_DOCS F06 0 0 0 0 1  NOT_FOUND_LOCAL DUPLICATE_SAFE CLEAN ","INTEGRATE_TO_ATLAS_READONLY_SCENARIO_SPEC_CANDIDATE","ATLAS_READONLY_ADVISORY_ONLY","false","false","false","false","false","F06 audit/spec only; Atlas scenario/context candidate; never runtime reality claim"
"BRANCHABLE_ATLAS","docs/source_packs/atlas/","F06_ATLAS","FILE_PLAN_ALL 762 BRANCHABLE_ATLAS OBSIDIA_BRANCHABLE_ATLAS_FULL_V0_5_DEEP_FINAL_AUDIT/FINAL_SELF_CHECK_V0_5.json docs/source_packs/atlas/ FINAL_SELF_CHECK_V0_5.json json P4_ATLAS_EVIDENCE_OR_DOCS F06 0 0 0 0 1  NOT_FOUND_LOCAL DUPLICATE_SA","INTEGRATE_TO_ATLAS_READONLY_SCENARIO_SPEC_CANDIDATE","ATLAS_READONLY_ADVISORY_ONLY","false","false","false","false","false","F06 audit/spec only; Atlas scenario/context candidate; never runtime reality claim"
"BRANCHABLE_ATLAS","audit/evidence/atlas/","F06_ATLAS","FILE_PLAN_ALL 763 BRANCHABLE_ATLAS OBSIDIA_BRANCHABLE_ATLAS_FULL_V0_5_DEEP_FINAL_AUDIT/GAP_REPORT_V0_TO_V0_1.md audit/evidence/atlas/ GAP_REPORT_V0_TO_V0_1.md md P4_ATLAS_EVIDENCE_OR_DOCS F06 0 0 0 0 1  NOT_FOUND_LOCAL DUPLICATE_SAFE CLEAN ","INTEGRATE_TO_ATLAS_READONLY_SCENARIO_SPEC_CANDIDATE","ATLAS_READONLY_ADVISORY_ONLY","false","false","false","false","false","F06 audit/spec only; Atlas scenario/context candidate; never runtime reality claim"
"BRANCHABLE_ATLAS","audit/evidence/atlas/","F06_ATLAS","FILE_PLAN_ALL 764 BRANCHABLE_ATLAS OBSIDIA_BRANCHABLE_ATLAS_FULL_V0_5_DEEP_FINAL_AUDIT/MANIFEST_SHA256_ALL_FILES.json audit/evidence/atlas/ MANIFEST_SHA256_ALL_FILES.json json P4_ATLAS_EVIDENCE_OR_DOCS F06 0 0 0 0 1  NOT_FOUND_LOCAL DUPLICA","INTEGRATE_TO_ATLAS_READONLY_SCENARIO_SPEC_CANDIDATE","ATLAS_READONLY_ADVISORY_ONLY","false","false","false","false","false","F06 audit/spec only; Atlas scenario/context candidate; never runtime reality claim"
"BRANCHABLE_ATLAS","audit/evidence/atlas/","F06_ATLAS","FILE_PLAN_ALL 765 BRANCHABLE_ATLAS OBSIDIA_BRANCHABLE_ATLAS_FULL_V0_5_DEEP_FINAL_AUDIT/MANIFEST_SHA256_ALL_FILES_V0_1.json audit/evidence/atlas/ MANIFEST_SHA256_ALL_FILES_V0_1.json json P4_ATLAS_EVIDENCE_OR_DOCS F06 0 0 0 0 1  NOT_FOUND_LOC","INTEGRATE_TO_ATLAS_READONLY_SCENARIO_SPEC_CANDIDATE","ATLAS_READONLY_ADVISORY_ONLY","false","false","false","false","false","F06 audit/spec only; Atlas scenario/context candidate; never runtime reality claim"
"BRANCHABLE_ATLAS","audit/evidence/atlas/","F06_ATLAS","FILE_PLAN_ALL 766 BRANCHABLE_ATLAS OBSIDIA_BRANCHABLE_ATLAS_FULL_V0_5_DEEP_FINAL_AUDIT/MANIFEST_SHA256_ALL_FILES_V0_1_VERIFIED.json audit/evidence/atlas/ MANIFEST_SHA256_ALL_FILES_V0_1_VERIFIED.json json P4_ATLAS_EVIDENCE_OR_DOCS F06 0 0 0 ","INTEGRATE_TO_ATLAS_READONLY_SCENARIO_SPEC_CANDIDATE","ATLAS_READONLY_ADVISORY_ONLY","false","false","false","false","false","F06 audit/spec only; Atlas scenario/context candidate; never runtime reality claim"
"BRANCHABLE_ATLAS","audit/evidence/atlas/","F06_ATLAS","FILE_PLAN_ALL 767 BRANCHABLE_ATLAS OBSIDIA_BRANCHABLE_ATLAS_FULL_V0_5_DEEP_FINAL_AUDIT/MANIFEST_SHA256_ALL_FILES_V0_2_METRICS_FILLED.json audit/evidence/atlas/ MANIFEST_SHA256_ALL_FILES_V0_2_METRICS_FILLED.json json P4_ATLAS_EVIDENCE_OR_DOC","INTEGRATE_TO_ATLAS_READONLY_SCENARIO_SPEC_CANDIDATE","ATLAS_READONLY_ADVISORY_ONLY","false","false","false","false","false","F06 audit/spec only; Atlas scenario/context candidate; never runtime reality claim"
"BRANCHABLE_ATLAS","audit/evidence/atlas/","F06_ATLAS","FILE_PLAN_ALL 768 BRANCHABLE_ATLAS OBSIDIA_BRANCHABLE_ATLAS_FULL_V0_5_DEEP_FINAL_AUDIT/MANIFEST_SHA256_ALL_FILES_V0_3_COMPLETION_AUDIT.json audit/evidence/atlas/ MANIFEST_SHA256_ALL_FILES_V0_3_COMPLETION_AUDIT.json json P4_ATLAS_EVIDENCE_OR","INTEGRATE_TO_ATLAS_READONLY_SCENARIO_SPEC_CANDIDATE","ATLAS_READONLY_ADVISORY_ONLY","false","false","false","false","false","F06 audit/spec only; Atlas scenario/context candidate; never runtime reality claim"
"BRANCHABLE_ATLAS","audit/evidence/atlas/","F06_ATLAS","FILE_PLAN_ALL 769 BRANCHABLE_ATLAS OBSIDIA_BRANCHABLE_ATLAS_FULL_V0_5_DEEP_FINAL_AUDIT/MANIFEST_SHA256_ALL_FILES_V0_4_SPECIFIC_METRICS.json audit/evidence/atlas/ MANIFEST_SHA256_ALL_FILES_V0_4_SPECIFIC_METRICS.json json P4_ATLAS_EVIDENCE_OR","INTEGRATE_TO_ATLAS_READONLY_SCENARIO_SPEC_CANDIDATE","ATLAS_READONLY_ADVISORY_ONLY","false","false","false","false","false","F06 audit/spec only; Atlas scenario/context candidate; never runtime reality claim"
"BRANCHABLE_ATLAS","audit/evidence/atlas/","F06_ATLAS","FILE_PLAN_ALL 770 BRANCHABLE_ATLAS OBSIDIA_BRANCHABLE_ATLAS_FULL_V0_5_DEEP_FINAL_AUDIT/MANIFEST_SHA256_ALL_FILES_V0_5_DEEP_FINAL_AUDIT.json audit/evidence/atlas/ MANIFEST_SHA256_ALL_FILES_V0_5_DEEP_FINAL_AUDIT.json json P4_ATLAS_EVIDENCE_OR","INTEGRATE_TO_ATLAS_READONLY_SCENARIO_SPEC_CANDIDATE","ATLAS_READONLY_ADVISORY_ONLY","false","false","false","false","false","F06 audit/spec only; Atlas scenario/context candidate; never runtime reality claim"
"BRANCHABLE_ATLAS","audit/evidence/atlas/","F06_ATLAS","FILE_PLAN_ALL 771 BRANCHABLE_ATLAS OBSIDIA_BRANCHABLE_ATLAS_FULL_V0_5_DEEP_FINAL_AUDIT/MANIFEST_SHA256_ALL_FILES_V0_6_FINAL_PASS.json audit/evidence/atlas/ MANIFEST_SHA256_ALL_FILES_V0_6_FINAL_PASS.json json P4_ATLAS_EVIDENCE_OR_DOCS F06 0 ","INTEGRATE_TO_ATLAS_READONLY_SCENARIO_SPEC_CANDIDATE","ATLAS_READONLY_ADVISORY_ONLY","false","false","false","false","false","F06 audit/spec only; Atlas scenario/context candidate; never runtime reality claim"
"BRANCHABLE_ATLAS","audit/evidence/atlas/","F06_ATLAS","FILE_PLAN_ALL 772 BRANCHABLE_ATLAS OBSIDIA_BRANCHABLE_ATLAS_FULL_V0_5_DEEP_FINAL_AUDIT/MANIFEST_SHA256_ALL_FILES_V0_7_FINAL_PASS.json audit/evidence/atlas/ MANIFEST_SHA256_ALL_FILES_V0_7_FINAL_PASS.json json P4_ATLAS_EVIDENCE_OR_DOCS F06 0 ","INTEGRATE_TO_ATLAS_READONLY_SCENARIO_SPEC_CANDIDATE","ATLAS_READONLY_ADVISORY_ONLY","false","false","false","false","false","F06 audit/spec only; Atlas scenario/context candidate; never runtime reality claim"
"BRANCHABLE_ATLAS","docs/source_packs/atlas/","F06_ATLAS","FILE_PLAN_ALL 773 BRANCHABLE_ATLAS OBSIDIA_BRANCHABLE_ATLAS_FULL_V0_5_DEEP_FINAL_AUDIT/NO_REPO_MUTATION_NOTICE.md docs/source_packs/atlas/ NO_REPO_MUTATION_NOTICE.md md P4_ATLAS_EVIDENCE_OR_DOCS F06 0 0 0 0 1  NOT_FOUND_LOCAL DUPLICATE_SAFE","INTEGRATE_TO_ATLAS_READONLY_SCENARIO_SPEC_CANDIDATE","ATLAS_READONLY_ADVISORY_ONLY","false","false","false","false","false","F06 audit/spec only; Atlas scenario/context candidate; never runtime reality claim"
"BRANCHABLE_ATLAS","docs/source_packs/atlas/","F06_ATLAS","FILE_PLAN_ALL 774 BRANCHABLE_ATLAS OBSIDIA_BRANCHABLE_ATLAS_FULL_V0_5_DEEP_FINAL_AUDIT/README.md docs/source_packs/atlas/ README.md md P4_ATLAS_EVIDENCE_OR_DOCS F06 1 1 0 0 1  SAME_NAME DUPLICATE_SAFE CLEAN LOW KX108_ONLY; ATLAS_CONTEXT_ONL","INTEGRATE_TO_ATLAS_READONLY_SCENARIO_SPEC_CANDIDATE","ATLAS_READONLY_ADVISORY_ONLY","false","false","false","false","false","F06 audit/spec only; Atlas scenario/context candidate; never runtime reality claim"
"BRANCHABLE_ATLAS","audit/evidence/atlas/","F06_ATLAS","FILE_PLAN_ALL 775 BRANCHABLE_ATLAS OBSIDIA_BRANCHABLE_ATLAS_FULL_V0_5_DEEP_FINAL_AUDIT/TEST_OUTPUT.txt audit/evidence/atlas/ TEST_OUTPUT.txt txt P4_ATLAS_EVIDENCE_OR_DOCS F06 0 0 0 0 1  NOT_FOUND_LOCAL DUPLICATE_SAFE CLEAN LOW KX108_ONLY; A","INTEGRATE_TO_ATLAS_READONLY_SCENARIO_SPEC_CANDIDATE","ATLAS_READONLY_ADVISORY_ONLY","false","false","false","false","false","F06 audit/spec only; Atlas scenario/context candidate; never runtime reality claim"
"BRANCHABLE_ATLAS","audit/evidence/atlas/","F06_ATLAS","FILE_PLAN_ALL 776 BRANCHABLE_ATLAS OBSIDIA_BRANCHABLE_ATLAS_FULL_V0_5_DEEP_FINAL_AUDIT/TEST_OUTPUT_V0_1.txt audit/evidence/atlas/ TEST_OUTPUT_V0_1.txt txt P4_ATLAS_EVIDENCE_OR_DOCS F06 0 0 0 0 1  NOT_FOUND_LOCAL DUPLICATE_SAFE CLEAN LOW KX1","INTEGRATE_TO_ATLAS_READONLY_SCENARIO_SPEC_CANDIDATE","ATLAS_READONLY_ADVISORY_ONLY","false","false","false","false","false","F06 audit/spec only; Atlas scenario/context candidate; never runtime reality claim"
"BRANCHABLE_ATLAS","audit/evidence/atlas/","F06_ATLAS","FILE_PLAN_ALL 777 BRANCHABLE_ATLAS OBSIDIA_BRANCHABLE_ATLAS_FULL_V0_5_DEEP_FINAL_AUDIT/TEST_OUTPUT_V0_2.txt audit/evidence/atlas/ TEST_OUTPUT_V0_2.txt txt P4_ATLAS_EVIDENCE_OR_DOCS F06 0 0 0 0 1  NOT_FOUND_LOCAL DUPLICATE_SAFE CLEAN LOW KX1","INTEGRATE_TO_ATLAS_READONLY_SCENARIO_SPEC_CANDIDATE","ATLAS_READONLY_ADVISORY_ONLY","false","false","false","false","false","F06 audit/spec only; Atlas scenario/context candidate; never runtime reality claim"
"BRANCHABLE_ATLAS","audit/evidence/atlas/","F06_ATLAS","FILE_PLAN_ALL 778 BRANCHABLE_ATLAS OBSIDIA_BRANCHABLE_ATLAS_FULL_V0_5_DEEP_FINAL_AUDIT/TEST_OUTPUT_V0_3.txt audit/evidence/atlas/ TEST_OUTPUT_V0_3.txt txt P4_ATLAS_EVIDENCE_OR_DOCS F06 0 0 0 0 1  NOT_FOUND_LOCAL DUPLICATE_SAFE CLEAN LOW KX1","INTEGRATE_TO_ATLAS_READONLY_SCENARIO_SPEC_CANDIDATE","ATLAS_READONLY_ADVISORY_ONLY","false","false","false","false","false","F06 audit/spec only; Atlas scenario/context candidate; never runtime reality claim"
"BRANCHABLE_ATLAS","audit/evidence/atlas/","F06_ATLAS","FILE_PLAN_ALL 779 BRANCHABLE_ATLAS OBSIDIA_BRANCHABLE_ATLAS_FULL_V0_5_DEEP_FINAL_AUDIT/TEST_OUTPUT_V0_4.txt audit/evidence/atlas/ TEST_OUTPUT_V0_4.txt txt P4_ATLAS_EVIDENCE_OR_DOCS F06 0 0 0 0 1  NOT_FOUND_LOCAL DUPLICATE_SAFE CLEAN LOW KX1","INTEGRATE_TO_ATLAS_READONLY_SCENARIO_SPEC_CANDIDATE","ATLAS_READONLY_ADVISORY_ONLY","false","false","false","false","false","F06 audit/spec only; Atlas scenario/context candidate; never runtime reality claim"
"BRANCHABLE_ATLAS","audit/evidence/atlas/","F06_ATLAS","FILE_PLAN_ALL 780 BRANCHABLE_ATLAS OBSIDIA_BRANCHABLE_ATLAS_FULL_V0_5_DEEP_FINAL_AUDIT/VERIFICATION_REPORT_V0_1.json audit/evidence/atlas/ VERIFICATION_REPORT_V0_1.json json P4_ATLAS_EVIDENCE_OR_DOCS F06 0 0 0 0 1  NOT_FOUND_LOCAL DUPLICATE","INTEGRATE_TO_ATLAS_READONLY_SCENARIO_SPEC_CANDIDATE","ATLAS_READONLY_ADVISORY_ONLY","false","false","false","false","false","F06 audit/spec only; Atlas scenario/context candidate; never runtime reality claim"
"BRANCHABLE_ATLAS","audit/evidence/atlas/","F06_ATLAS","FILE_PLAN_ALL 781 BRANCHABLE_ATLAS OBSIDIA_BRANCHABLE_ATLAS_FULL_V0_5_DEEP_FINAL_AUDIT/VERIFICATION_REPORT_V0_1.md audit/evidence/atlas/ VERIFICATION_REPORT_V0_1.md md P4_ATLAS_EVIDENCE_OR_DOCS F06 0 0 0 0 1  NOT_FOUND_LOCAL DUPLICATE_SAFE ","INTEGRATE_TO_ATLAS_READONLY_SCENARIO_SPEC_CANDIDATE","ATLAS_READONLY_ADVISORY_ONLY","false","false","false","false","false","F06 audit/spec only; Atlas scenario/context candidate; never runtime reality claim"
"BRANCHABLE_ATLAS","atlas/source_extraction/","F06_ATLAS","FILE_PLAN_ALL 782 BRANCHABLE_ATLAS OBSIDIA_BRANCHABLE_ATLAS_FULL_V0_5_DEEP_FINAL_AUDIT/docs/full_doc_extraction/ALL_TABLES_RAW.json atlas/source_extraction/ ALL_TABLES_RAW.json json P4_ATLAS_EVIDENCE_OR_DOCS F06 0 0 0 0 1  NOT_FOUND_LOCAL D","INTEGRATE_TO_ATLAS_READONLY_SCENARIO_SPEC_CANDIDATE","ATLAS_READONLY_ADVISORY_ONLY","false","false","false","false","false","F06 audit/spec only; Atlas scenario/context candidate; never runtime reality claim"
"BRANCHABLE_ATLAS","atlas/source_extraction/","F06_ATLAS","FILE_PLAN_ALL 783 BRANCHABLE_ATLAS OBSIDIA_BRANCHABLE_ATLAS_FULL_V0_5_DEEP_FINAL_AUDIT/docs/full_doc_extraction/ALL_TABLES_RAW.md atlas/source_extraction/ ALL_TABLES_RAW.md md P4_ATLAS_EVIDENCE_OR_DOCS F06 0 0 0 0 1  NOT_FOUND_LOCAL DUPLICA","INTEGRATE_TO_ATLAS_READONLY_SCENARIO_SPEC_CANDIDATE","ATLAS_READONLY_ADVISORY_ONLY","false","false","false","false","false","F06 audit/spec only; Atlas scenario/context candidate; never runtime reality claim"
"BRANCHABLE_ATLAS","atlas/source_extraction/","F06_ATLAS","FILE_PLAN_ALL 784 BRANCHABLE_ATLAS OBSIDIA_BRANCHABLE_ATLAS_FULL_V0_5_DEEP_FINAL_AUDIT/docs/full_doc_extraction/AUTO_AGENT_CANDIDATES_RAW.json atlas/source_extraction/ AUTO_AGENT_CANDIDATES_RAW.json json P4_ATLAS_EVIDENCE_OR_DOCS F06 0 0 0 ","INTEGRATE_TO_ATLAS_READONLY_SCENARIO_SPEC_CANDIDATE","ATLAS_READONLY_ADVISORY_ONLY","false","false","false","false","false","F06 audit/spec only; Atlas scenario/context candidate; never runtime reality claim"
"BRANCHABLE_ATLAS","atlas/source_extraction/","F06_ATLAS","FILE_PLAN_ALL 785 BRANCHABLE_ATLAS OBSIDIA_BRANCHABLE_ATLAS_FULL_V0_5_DEEP_FINAL_AUDIT/docs/full_doc_extraction/AUTO_AGENT_CANDIDATES_RAW.md atlas/source_extraction/ AUTO_AGENT_CANDIDATES_RAW.md md P4_ATLAS_EVIDENCE_OR_DOCS F06 0 0 0 0 1  N","INTEGRATE_TO_ATLAS_READONLY_SCENARIO_SPEC_CANDIDATE","ATLAS_READONLY_ADVISORY_ONLY","false","false","false","false","false","F06 audit/spec only; Atlas scenario/context candidate; never runtime reality claim"
"BRANCHABLE_ATLAS","atlas/source_extraction/","F06_ATLAS","FILE_PLAN_ALL 786 BRANCHABLE_ATLAS OBSIDIA_BRANCHABLE_ATLAS_FULL_V0_5_DEEP_FINAL_AUDIT/docs/full_doc_extraction/AUTO_CARDS_CANDIDATES.json atlas/source_extraction/ AUTO_CARDS_CANDIDATES.json json P4_ATLAS_EVIDENCE_OR_DOCS F06 0 0 0 0 1  NOT","INTEGRATE_TO_ATLAS_READONLY_SCENARIO_SPEC_CANDIDATE","ATLAS_READONLY_ADVISORY_ONLY","false","false","false","false","false","F06 audit/spec only; Atlas scenario/context candidate; never runtime reality claim"
"BRANCHABLE_ATLAS","atlas/source_extraction/","F06_ATLAS","FILE_PLAN_ALL 787 BRANCHABLE_ATLAS OBSIDIA_BRANCHABLE_ATLAS_FULL_V0_5_DEEP_FINAL_AUDIT/docs/full_doc_extraction/AUTO_CARDS_CANDIDATES.md atlas/source_extraction/ AUTO_CARDS_CANDIDATES.md md P4_ATLAS_EVIDENCE_OR_DOCS F06 0 0 0 0 1  NOT_FOUND","INTEGRATE_TO_ATLAS_READONLY_SCENARIO_SPEC_CANDIDATE","ATLAS_READONLY_ADVISORY_ONLY","false","false","false","false","false","F06 audit/spec only; Atlas scenario/context candidate; never runtime reality claim"
"BRANCHABLE_ATLAS","atlas/source_extraction/","F06_ATLAS","FILE_PLAN_ALL 788 BRANCHABLE_ATLAS OBSIDIA_BRANCHABLE_ATLAS_FULL_V0_5_DEEP_FINAL_AUDIT/docs/full_doc_extraction/AUTO_MODULE_HEADING_CANDIDATES.json atlas/source_extraction/ AUTO_MODULE_HEADING_CANDIDATES.json json P4_ATLAS_EVIDENCE_OR_DOCS ","INTEGRATE_TO_ATLAS_READONLY_SCENARIO_SPEC_CANDIDATE","ATLAS_READONLY_ADVISORY_ONLY","false","false","false","false","false","F06 audit/spec only; Atlas scenario/context candidate; never runtime reality claim"
"BRANCHABLE_ATLAS","atlas/source_extraction/","F06_ATLAS","FILE_PLAN_ALL 789 BRANCHABLE_ATLAS OBSIDIA_BRANCHABLE_ATLAS_FULL_V0_5_DEEP_FINAL_AUDIT/docs/full_doc_extraction/AUTO_MODULE_HEADING_CANDIDATES.md atlas/source_extraction/ AUTO_MODULE_HEADING_CANDIDATES.md md P4_ATLAS_EVIDENCE_OR_DOCS F06 0 ","INTEGRATE_TO_ATLAS_READONLY_SCENARIO_SPEC_CANDIDATE","ATLAS_READONLY_ADVISORY_ONLY","false","false","false","false","false","F06 audit/spec only; Atlas scenario/context candidate; never runtime reality claim"
"BRANCHABLE_ATLAS","atlas/source_extraction/","F06_ATLAS","FILE_PLAN_ALL 790 BRANCHABLE_ATLAS OBSIDIA_BRANCHABLE_ATLAS_FULL_V0_5_DEEP_FINAL_AUDIT/docs/full_doc_extraction/AUTO_PROTOCOL_CANDIDATES_RAW.json atlas/source_extraction/ AUTO_PROTOCOL_CANDIDATES_RAW.json json P4_ATLAS_EVIDENCE_OR_DOCS F06 ","INTEGRATE_TO_ATLAS_READONLY_SCENARIO_SPEC_CANDIDATE","ATLAS_READONLY_ADVISORY_ONLY","false","false","false","false","false","F06 audit/spec only; Atlas scenario/context candidate; never runtime reality claim"
"BRANCHABLE_ATLAS","atlas/source_extraction/","F06_ATLAS","FILE_PLAN_ALL 791 BRANCHABLE_ATLAS OBSIDIA_BRANCHABLE_ATLAS_FULL_V0_5_DEEP_FINAL_AUDIT/docs/full_doc_extraction/AUTO_PROTOCOL_CANDIDATES_RAW.md atlas/source_extraction/ AUTO_PROTOCOL_CANDIDATES_RAW.md md P4_ATLAS_EVIDENCE_OR_DOCS F06 0 0 0 ","INTEGRATE_TO_ATLAS_READONLY_SCENARIO_SPEC_CANDIDATE","ATLAS_READONLY_ADVISORY_ONLY","false","false","false","false","false","F06 audit/spec only; Atlas scenario/context candidate; never runtime reality claim"
"BRANCHABLE_ATLAS","atlas/source_extraction/","F06_ATLAS","FILE_PLAN_ALL 792 BRANCHABLE_ATLAS OBSIDIA_BRANCHABLE_ATLAS_FULL_V0_5_DEEP_FINAL_AUDIT/docs/full_doc_extraction/FULL_DOC_TEXT_RAW.txt atlas/source_extraction/ FULL_DOC_TEXT_RAW.txt txt P4_ATLAS_EVIDENCE_OR_DOCS F06 0 0 0 0 1  NOT_FOUND_LOCA","INTEGRATE_TO_ATLAS_READONLY_SCENARIO_SPEC_CANDIDATE","ATLAS_READONLY_ADVISORY_ONLY","false","false","false","false","false","F06 audit/spec only; Atlas scenario/context candidate; never runtime reality claim"
"BRANCHABLE_ATLAS","atlas/source_extraction/","F06_ATLAS","FILE_PLAN_ALL 793 BRANCHABLE_ATLAS OBSIDIA_BRANCHABLE_ATLAS_FULL_V0_5_DEEP_FINAL_AUDIT/docs/full_doc_extraction/tables/DOCX_TABLE_0001.md atlas/source_extraction/ DOCX_TABLE_0001.md md P4_ATLAS_EVIDENCE_OR_DOCS F06 0 0 0 0 1  NOT_FOUND_LOCA","INTEGRATE_TO_ATLAS_READONLY_SCENARIO_SPEC_CANDIDATE","ATLAS_READONLY_ADVISORY_ONLY","false","false","false","false","false","F06 audit/spec only; Atlas scenario/context candidate; never runtime reality claim"
"BRANCHABLE_ATLAS","atlas/source_extraction/","F06_ATLAS","FILE_PLAN_ALL 794 BRANCHABLE_ATLAS OBSIDIA_BRANCHABLE_ATLAS_FULL_V0_5_DEEP_FINAL_AUDIT/docs/full_doc_extraction/tables/DOCX_TABLE_0002.md atlas/source_extraction/ DOCX_TABLE_0002.md md P4_ATLAS_EVIDENCE_OR_DOCS F06 0 0 0 0 1  NOT_FOUND_LOCA","INTEGRATE_TO_ATLAS_READONLY_SCENARIO_SPEC_CANDIDATE","ATLAS_READONLY_ADVISORY_ONLY","false","false","false","false","false","F06 audit/spec only; Atlas scenario/context candidate; never runtime reality claim"
"BRANCHABLE_ATLAS","atlas/source_extraction/","F06_ATLAS","FILE_PLAN_ALL 795 BRANCHABLE_ATLAS OBSIDIA_BRANCHABLE_ATLAS_FULL_V0_5_DEEP_FINAL_AUDIT/docs/full_doc_extraction/tables/DOCX_TABLE_0003.md atlas/source_extraction/ DOCX_TABLE_0003.md md P4_ATLAS_EVIDENCE_OR_DOCS F06 0 0 0 0 1  NOT_FOUND_LOCA","INTEGRATE_TO_ATLAS_READONLY_SCENARIO_SPEC_CANDIDATE","ATLAS_READONLY_ADVISORY_ONLY","false","false","false","false","false","F06 audit/spec only; Atlas scenario/context candidate; never runtime reality claim"
"BRANCHABLE_ATLAS","atlas/source_extraction/","F06_ATLAS","FILE_PLAN_ALL 796 BRANCHABLE_ATLAS OBSIDIA_BRANCHABLE_ATLAS_FULL_V0_5_DEEP_FINAL_AUDIT/docs/full_doc_extraction/tables/DOCX_TABLE_0004.md atlas/source_extraction/ DOCX_TABLE_0004.md md P4_ATLAS_EVIDENCE_OR_DOCS F06 0 0 0 0 1  NOT_FOUND_LOCA","INTEGRATE_TO_ATLAS_READONLY_SCENARIO_SPEC_CANDIDATE","ATLAS_READONLY_ADVISORY_ONLY","false","false","false","false","false","F06 audit/spec only; Atlas scenario/context candidate; never runtime reality claim"
"BRANCHABLE_ATLAS","atlas/source_extraction/","F06_ATLAS","FILE_PLAN_ALL 797 BRANCHABLE_ATLAS OBSIDIA_BRANCHABLE_ATLAS_FULL_V0_5_DEEP_FINAL_AUDIT/docs/full_doc_extraction/tables/DOCX_TABLE_0005.md atlas/source_extraction/ DOCX_TABLE_0005.md md P4_ATLAS_EVIDENCE_OR_DOCS F06 0 0 0 0 1  NOT_FOUND_LOCA","INTEGRATE_TO_ATLAS_READONLY_SCENARIO_SPEC_CANDIDATE","ATLAS_READONLY_ADVISORY_ONLY","false","false","false","false","false","F06 audit/spec only; Atlas scenario/context candidate; never runtime reality claim"
"BRANCHABLE_ATLAS","atlas/source_extraction/","F06_ATLAS","FILE_PLAN_ALL 798 BRANCHABLE_ATLAS OBSIDIA_BRANCHABLE_ATLAS_FULL_V0_5_DEEP_FINAL_AUDIT/docs/full_doc_extraction/tables/DOCX_TABLE_0006.md atlas/source_extraction/ DOCX_TABLE_0006.md md P4_ATLAS_EVIDENCE_OR_DOCS F06 0 0 0 0 1  NOT_FOUND_LOCA","INTEGRATE_TO_ATLAS_READONLY_SCENARIO_SPEC_CANDIDATE","ATLAS_READONLY_ADVISORY_ONLY","false","false","false","false","false","F06 audit/spec only; Atlas scenario/context candidate; never runtime reality claim"
"BRANCHABLE_ATLAS","atlas/source_extraction/","F06_ATLAS","FILE_PLAN_ALL 799 BRANCHABLE_ATLAS OBSIDIA_BRANCHABLE_ATLAS_FULL_V0_5_DEEP_FINAL_AUDIT/docs/full_doc_extraction/tables/DOCX_TABLE_0007.md atlas/source_extraction/ DOCX_TABLE_0007.md md P4_ATLAS_EVIDENCE_OR_DOCS F06 0 0 0 0 1  NOT_FOUND_LOCA","INTEGRATE_TO_ATLAS_READONLY_SCENARIO_SPEC_CANDIDATE","ATLAS_READONLY_ADVISORY_ONLY","false","false","false","false","false","F06 audit/spec only; Atlas scenario/context candidate; never runtime reality claim"
"BRANCHABLE_ATLAS","atlas/source_extraction/","F06_ATLAS","FILE_PLAN_ALL 800 BRANCHABLE_ATLAS OBSIDIA_BRANCHABLE_ATLAS_FULL_V0_5_DEEP_FINAL_AUDIT/docs/full_doc_extraction/tables/DOCX_TABLE_0008.md atlas/source_extraction/ DOCX_TABLE_0008.md md P4_ATLAS_EVIDENCE_OR_DOCS F06 0 0 0 0 1  NOT_FOUND_LOCA","INTEGRATE_TO_ATLAS_READONLY_SCENARIO_SPEC_CANDIDATE","ATLAS_READONLY_ADVISORY_ONLY","false","false","false","false","false","F06 audit/spec only; Atlas scenario/context candidate; never runtime reality claim"
"BRANCHABLE_ATLAS","atlas/source_extraction/","F06_ATLAS","FILE_PLAN_ALL 801 BRANCHABLE_ATLAS OBSIDIA_BRANCHABLE_ATLAS_FULL_V0_5_DEEP_FINAL_AUDIT/docs/full_doc_extraction/tables/DOCX_TABLE_0009.md atlas/source_extraction/ DOCX_TABLE_0009.md md P4_ATLAS_EVIDENCE_OR_DOCS F06 0 0 0 0 1  NOT_FOUND_LOCA","INTEGRATE_TO_ATLAS_READONLY_SCENARIO_SPEC_CANDIDATE","ATLAS_READONLY_ADVISORY_ONLY","false","false","false","false","false","F06 audit/spec only; Atlas scenario/context candidate; never runtime reality claim"
"BRANCHABLE_ATLAS","atlas/source_extraction/","F06_ATLAS","FILE_PLAN_ALL 802 BRANCHABLE_ATLAS OBSIDIA_BRANCHABLE_ATLAS_FULL_V0_5_DEEP_FINAL_AUDIT/docs/full_doc_extraction/tables/DOCX_TABLE_0010.md atlas/source_extraction/ DOCX_TABLE_0010.md md P4_ATLAS_EVIDENCE_OR_DOCS F06 0 0 0 0 1  NOT_FOUND_LOCA","INTEGRATE_TO_ATLAS_READONLY_SCENARIO_SPEC_CANDIDATE","ATLAS_READONLY_ADVISORY_ONLY","false","false","false","false","false","F06 audit/spec only; Atlas scenario/context candidate; never runtime reality claim"
"BRANCHABLE_ATLAS","atlas/source_extraction/","F06_ATLAS","FILE_PLAN_ALL 803 BRANCHABLE_ATLAS OBSIDIA_BRANCHABLE_ATLAS_FULL_V0_5_DEEP_FINAL_AUDIT/docs/full_doc_extraction/tables/DOCX_TABLE_0011.md atlas/source_extraction/ DOCX_TABLE_0011.md md P4_ATLAS_EVIDENCE_OR_DOCS F06 0 0 0 0 1  NOT_FOUND_LOCA","INTEGRATE_TO_ATLAS_READONLY_SCENARIO_SPEC_CANDIDATE","ATLAS_READONLY_ADVISORY_ONLY","false","false","false","false","false","F06 audit/spec only; Atlas scenario/context candidate; never runtime reality claim"
"BRANCHABLE_ATLAS","atlas/source_extraction/","F06_ATLAS","FILE_PLAN_ALL 804 BRANCHABLE_ATLAS OBSIDIA_BRANCHABLE_ATLAS_FULL_V0_5_DEEP_FINAL_AUDIT/docs/full_doc_extraction/tables/DOCX_TABLE_0012.md atlas/source_extraction/ DOCX_TABLE_0012.md md P4_ATLAS_EVIDENCE_OR_DOCS F06 0 0 0 0 1  NOT_FOUND_LOCA","INTEGRATE_TO_ATLAS_READONLY_SCENARIO_SPEC_CANDIDATE","ATLAS_READONLY_ADVISORY_ONLY","false","false","false","false","false","F06 audit/spec only; Atlas scenario/context candidate; never runtime reality claim"
"BRANCHABLE_ATLAS","atlas/source_extraction/","F06_ATLAS","FILE_PLAN_ALL 805 BRANCHABLE_ATLAS OBSIDIA_BRANCHABLE_ATLAS_FULL_V0_5_DEEP_FINAL_AUDIT/docs/full_doc_extraction/tables/DOCX_TABLE_0013.md atlas/source_extraction/ DOCX_TABLE_0013.md md P4_ATLAS_EVIDENCE_OR_DOCS F06 0 0 0 0 1  NOT_FOUND_LOCA","INTEGRATE_TO_ATLAS_READONLY_SCENARIO_SPEC_CANDIDATE","ATLAS_READONLY_ADVISORY_ONLY","false","false","false","false","false","F06 audit/spec only; Atlas scenario/context candidate; never runtime reality claim"
"BRANCHABLE_ATLAS","atlas/source_extraction/","F06_ATLAS","FILE_PLAN_ALL 806 BRANCHABLE_ATLAS OBSIDIA_BRANCHABLE_ATLAS_FULL_V0_5_DEEP_FINAL_AUDIT/docs/full_doc_extraction/tables/DOCX_TABLE_0014.md atlas/source_extraction/ DOCX_TABLE_0014.md md P4_ATLAS_EVIDENCE_OR_DOCS F06 0 0 0 0 1  NOT_FOUND_LOCA","INTEGRATE_TO_ATLAS_READONLY_SCENARIO_SPEC_CANDIDATE","ATLAS_READONLY_ADVISORY_ONLY","false","false","false","false","false","F06 audit/spec only; Atlas scenario/context candidate; never runtime reality claim"
"BRANCHABLE_ATLAS","atlas/source_extraction/","F06_ATLAS","FILE_PLAN_ALL 807 BRANCHABLE_ATLAS OBSIDIA_BRANCHABLE_ATLAS_FULL_V0_5_DEEP_FINAL_AUDIT/docs/full_doc_extraction/tables/DOCX_TABLE_0015.md atlas/source_extraction/ DOCX_TABLE_0015.md md P4_ATLAS_EVIDENCE_OR_DOCS F06 0 0 0 0 1  NOT_FOUND_LOCA","INTEGRATE_TO_ATLAS_READONLY_SCENARIO_SPEC_CANDIDATE","ATLAS_READONLY_ADVISORY_ONLY","false","false","false","false","false","F06 audit/spec only; Atlas scenario/context candidate; never runtime reality claim"
"BRANCHABLE_ATLAS","atlas/source_extraction/","F06_ATLAS","FILE_PLAN_ALL 808 BRANCHABLE_ATLAS OBSIDIA_BRANCHABLE_ATLAS_FULL_V0_5_DEEP_FINAL_AUDIT/docs/full_doc_extraction/tables/DOCX_TABLE_0016.md atlas/source_extraction/ DOCX_TABLE_0016.md md P4_ATLAS_EVIDENCE_OR_DOCS F06 0 0 0 0 1  NOT_FOUND_LOCA","INTEGRATE_TO_ATLAS_READONLY_SCENARIO_SPEC_CANDIDATE","ATLAS_READONLY_ADVISORY_ONLY","false","false","false","false","false","F06 audit/spec only; Atlas scenario/context candidate; never runtime reality claim"
"BRANCHABLE_ATLAS","atlas/source_extraction/","F06_ATLAS","FILE_PLAN_ALL 809 BRANCHABLE_ATLAS OBSIDIA_BRANCHABLE_ATLAS_FULL_V0_5_DEEP_FINAL_AUDIT/docs/full_doc_extraction/tables/DOCX_TABLE_0017.md atlas/source_extraction/ DOCX_TABLE_0017.md md P4_ATLAS_EVIDENCE_OR_DOCS F06 0 0 0 0 1  NOT_FOUND_LOCA","INTEGRATE_TO_ATLAS_READONLY_SCENARIO_SPEC_CANDIDATE","ATLAS_READONLY_ADVISORY_ONLY","false","false","false","false","false","F06 audit/spec only; Atlas scenario/context candidate; never runtime reality claim"
"BRANCHABLE_ATLAS","atlas/source_extraction/","F06_ATLAS","FILE_PLAN_ALL 810 BRANCHABLE_ATLAS OBSIDIA_BRANCHABLE_ATLAS_FULL_V0_5_DEEP_FINAL_AUDIT/docs/full_doc_extraction/tables/DOCX_TABLE_0018.md atlas/source_extraction/ DOCX_TABLE_0018.md md P4_ATLAS_EVIDENCE_OR_DOCS F06 0 0 0 0 1  NOT_FOUND_LOCA","INTEGRATE_TO_ATLAS_READONLY_SCENARIO_SPEC_CANDIDATE","ATLAS_READONLY_ADVISORY_ONLY","false","false","false","false","false","F06 audit/spec only; Atlas scenario/context candidate; never runtime reality claim"
"BRANCHABLE_ATLAS","atlas/source_extraction/","F06_ATLAS","FILE_PLAN_ALL 811 BRANCHABLE_ATLAS OBSIDIA_BRANCHABLE_ATLAS_FULL_V0_5_DEEP_FINAL_AUDIT/docs/full_doc_extraction/tables/DOCX_TABLE_0019.md atlas/source_extraction/ DOCX_TABLE_0019.md md P4_ATLAS_EVIDENCE_OR_DOCS F06 0 0 0 0 1  NOT_FOUND_LOCA","INTEGRATE_TO_ATLAS_READONLY_SCENARIO_SPEC_CANDIDATE","ATLAS_READONLY_ADVISORY_ONLY","false","false","false","false","false","F06 audit/spec only; Atlas scenario/context candidate; never runtime reality claim"
"BRANCHABLE_ATLAS","atlas/source_extraction/","F06_ATLAS","FILE_PLAN_ALL 812 BRANCHABLE_ATLAS OBSIDIA_BRANCHABLE_ATLAS_FULL_V0_5_DEEP_FINAL_AUDIT/docs/full_doc_extraction/tables/DOCX_TABLE_0020.md atlas/source_extraction/ DOCX_TABLE_0020.md md P4_ATLAS_EVIDENCE_OR_DOCS F06 0 0 0 0 1  NOT_FOUND_LOCA","INTEGRATE_TO_ATLAS_READONLY_SCENARIO_SPEC_CANDIDATE","ATLAS_READONLY_ADVISORY_ONLY","false","false","false","false","false","F06 audit/spec only; Atlas scenario/context candidate; never runtime reality claim"
"BRANCHABLE_ATLAS","atlas/source_extraction/","F06_ATLAS","FILE_PLAN_ALL 813 BRANCHABLE_ATLAS OBSIDIA_BRANCHABLE_ATLAS_FULL_V0_5_DEEP_FINAL_AUDIT/docs/full_doc_extraction/tables/DOCX_TABLE_0021.md atlas/source_extraction/ DOCX_TABLE_0021.md md P4_ATLAS_EVIDENCE_OR_DOCS F06 0 0 0 0 1  NOT_FOUND_LOCA","INTEGRATE_TO_ATLAS_READONLY_SCENARIO_SPEC_CANDIDATE","ATLAS_READONLY_ADVISORY_ONLY","false","false","false","false","false","F06 audit/spec only; Atlas scenario/context candidate; never runtime reality claim"
"BRANCHABLE_ATLAS","atlas/source_extraction/","F06_ATLAS","FILE_PLAN_ALL 814 BRANCHABLE_ATLAS OBSIDIA_BRANCHABLE_ATLAS_FULL_V0_5_DEEP_FINAL_AUDIT/docs/full_doc_extraction/tables/DOCX_TABLE_0022.md atlas/source_extraction/ DOCX_TABLE_0022.md md P4_ATLAS_EVIDENCE_OR_DOCS F06 0 0 0 0 1  NOT_FOUND_LOCA","INTEGRATE_TO_ATLAS_READONLY_SCENARIO_SPEC_CANDIDATE","ATLAS_READONLY_ADVISORY_ONLY","false","false","false","false","false","F06 audit/spec only; Atlas scenario/context candidate; never runtime reality claim"
"BRANCHABLE_ATLAS","atlas/source_extraction/","F06_ATLAS","FILE_PLAN_ALL 815 BRANCHABLE_ATLAS OBSIDIA_BRANCHABLE_ATLAS_FULL_V0_5_DEEP_FINAL_AUDIT/docs/full_doc_extraction/tables/DOCX_TABLE_0023.md atlas/source_extraction/ DOCX_TABLE_0023.md md P4_ATLAS_EVIDENCE_OR_DOCS F06 0 0 0 0 1  NOT_FOUND_LOCA","INTEGRATE_TO_ATLAS_READONLY_SCENARIO_SPEC_CANDIDATE","ATLAS_READONLY_ADVISORY_ONLY","false","false","false","false","false","F06 audit/spec only; Atlas scenario/context candidate; never runtime reality claim"
"BRANCHABLE_ATLAS","atlas/source_extraction/","F06_ATLAS","FILE_PLAN_ALL 816 BRANCHABLE_ATLAS OBSIDIA_BRANCHABLE_ATLAS_FULL_V0_5_DEEP_FINAL_AUDIT/docs/full_doc_extraction/tables/DOCX_TABLE_0024.md atlas/source_extraction/ DOCX_TABLE_0024.md md P4_ATLAS_EVIDENCE_OR_DOCS F06 0 0 0 0 1  NOT_FOUND_LOCA","INTEGRATE_TO_ATLAS_READONLY_SCENARIO_SPEC_CANDIDATE","ATLAS_READONLY_ADVISORY_ONLY","false","false","false","false","false","F06 audit/spec only; Atlas scenario/context candidate; never runtime reality claim"
"BRANCHABLE_ATLAS","atlas/source_extraction/","F06_ATLAS","FILE_PLAN_ALL 817 BRANCHABLE_ATLAS OBSIDIA_BRANCHABLE_ATLAS_FULL_V0_5_DEEP_FINAL_AUDIT/docs/full_doc_extraction/tables/DOCX_TABLE_0025.md atlas/source_extraction/ DOCX_TABLE_0025.md md P4_ATLAS_EVIDENCE_OR_DOCS F06 0 0 0 0 1  NOT_FOUND_LOCA","INTEGRATE_TO_ATLAS_READONLY_SCENARIO_SPEC_CANDIDATE","ATLAS_READONLY_ADVISORY_ONLY","false","false","false","false","false","F06 audit/spec only; Atlas scenario/context candidate; never runtime reality claim"
"BRANCHABLE_ATLAS","atlas/source_extraction/","F06_ATLAS","FILE_PLAN_ALL 818 BRANCHABLE_ATLAS OBSIDIA_BRANCHABLE_ATLAS_FULL_V0_5_DEEP_FINAL_AUDIT/docs/full_doc_extraction/tables/DOCX_TABLE_0026.md atlas/source_extraction/ DOCX_TABLE_0026.md md P4_ATLAS_EVIDENCE_OR_DOCS F06 0 0 0 0 1  NOT_FOUND_LOCA","INTEGRATE_TO_ATLAS_READONLY_SCENARIO_SPEC_CANDIDATE","ATLAS_READONLY_ADVISORY_ONLY","false","false","false","false","false","F06 audit/spec only; Atlas scenario/context candidate; never runtime reality claim"
"BRANCHABLE_ATLAS","atlas/source_extraction/","F06_ATLAS","FILE_PLAN_ALL 819 BRANCHABLE_ATLAS OBSIDIA_BRANCHABLE_ATLAS_FULL_V0_5_DEEP_FINAL_AUDIT/docs/full_doc_extraction/tables/DOCX_TABLE_0027.md atlas/source_extraction/ DOCX_TABLE_0027.md md P4_ATLAS_EVIDENCE_OR_DOCS F06 0 0 0 0 1  NOT_FOUND_LOCA","INTEGRATE_TO_ATLAS_READONLY_SCENARIO_SPEC_CANDIDATE","ATLAS_READONLY_ADVISORY_ONLY","false","false","false","false","false","F06 audit/spec only; Atlas scenario/context candidate; never runtime reality claim"
"BRANCHABLE_ATLAS","atlas/source_extraction/","F06_ATLAS","FILE_PLAN_ALL 820 BRANCHABLE_ATLAS OBSIDIA_BRANCHABLE_ATLAS_FULL_V0_5_DEEP_FINAL_AUDIT/docs/full_doc_extraction/tables/DOCX_TABLE_0028.md atlas/source_extraction/ DOCX_TABLE_0028.md md P4_ATLAS_EVIDENCE_OR_DOCS F06 0 0 0 0 1  NOT_FOUND_LOCA","INTEGRATE_TO_ATLAS_READONLY_SCENARIO_SPEC_CANDIDATE","ATLAS_READONLY_ADVISORY_ONLY","false","false","false","false","false","F06 audit/spec only; Atlas scenario/context candidate; never runtime reality claim"
"BRANCHABLE_ATLAS","atlas/source_extraction/","F06_ATLAS","FILE_PLAN_ALL 821 BRANCHABLE_ATLAS OBSIDIA_BRANCHABLE_ATLAS_FULL_V0_5_DEEP_FINAL_AUDIT/docs/full_doc_extraction/tables/DOCX_TABLE_0029.md atlas/source_extraction/ DOCX_TABLE_0029.md md P4_ATLAS_EVIDENCE_OR_DOCS F06 0 0 0 0 1  NOT_FOUND_LOCA","INTEGRATE_TO_ATLAS_READONLY_SCENARIO_SPEC_CANDIDATE","ATLAS_READONLY_ADVISORY_ONLY","false","false","false","false","false","F06 audit/spec only; Atlas scenario/context candidate; never runtime reality claim"
"BRANCHABLE_ATLAS","atlas/source_extraction/","F06_ATLAS","FILE_PLAN_ALL 822 BRANCHABLE_ATLAS OBSIDIA_BRANCHABLE_ATLAS_FULL_V0_5_DEEP_FINAL_AUDIT/docs/full_doc_extraction/tables/DOCX_TABLE_0030.md atlas/source_extraction/ DOCX_TABLE_0030.md md P4_ATLAS_EVIDENCE_OR_DOCS F06 0 0 0 0 1  NOT_FOUND_LOCA","INTEGRATE_TO_ATLAS_READONLY_SCENARIO_SPEC_CANDIDATE","ATLAS_READONLY_ADVISORY_ONLY","false","false","false","false","false","F06 audit/spec only; Atlas scenario/context candidate; never runtime reality claim"
"BRANCHABLE_ATLAS","atlas/source_extraction/","F06_ATLAS","FILE_PLAN_ALL 823 BRANCHABLE_ATLAS OBSIDIA_BRANCHABLE_ATLAS_FULL_V0_5_DEEP_FINAL_AUDIT/docs/full_doc_extraction/tables/DOCX_TABLE_0031.md atlas/source_extraction/ DOCX_TABLE_0031.md md P4_ATLAS_EVIDENCE_OR_DOCS F06 0 0 0 0 1  NOT_FOUND_LOCA","INTEGRATE_TO_ATLAS_READONLY_SCENARIO_SPEC_CANDIDATE","ATLAS_READONLY_ADVISORY_ONLY","false","false","false","false","false","F06 audit/spec only; Atlas scenario/context candidate; never runtime reality claim"
"BRANCHABLE_ATLAS","atlas/source_extraction/","F06_ATLAS","FILE_PLAN_ALL 824 BRANCHABLE_ATLAS OBSIDIA_BRANCHABLE_ATLAS_FULL_V0_5_DEEP_FINAL_AUDIT/docs/full_doc_extraction/tables/DOCX_TABLE_0032.md atlas/source_extraction/ DOCX_TABLE_0032.md md P4_ATLAS_EVIDENCE_OR_DOCS F06 0 0 0 0 1  NOT_FOUND_LOCA","INTEGRATE_TO_ATLAS_READONLY_SCENARIO_SPEC_CANDIDATE","ATLAS_READONLY_ADVISORY_ONLY","false","false","false","false","false","F06 audit/spec only; Atlas scenario/context candidate; never runtime reality claim"
"BRANCHABLE_ATLAS","atlas/source_extraction/","F06_ATLAS","FILE_PLAN_ALL 825 BRANCHABLE_ATLAS OBSIDIA_BRANCHABLE_ATLAS_FULL_V0_5_DEEP_FINAL_AUDIT/docs/full_doc_extraction/tables/DOCX_TABLE_0033.md atlas/source_extraction/ DOCX_TABLE_0033.md md P4_ATLAS_EVIDENCE_OR_DOCS F06 0 0 0 0 1  NOT_FOUND_LOCA","INTEGRATE_TO_ATLAS_READONLY_SCENARIO_SPEC_CANDIDATE","ATLAS_READONLY_ADVISORY_ONLY","false","false","false","false","false","F06 audit/spec only; Atlas scenario/context candidate; never runtime reality claim"
"BRANCHABLE_ATLAS","atlas/source_extraction/","F06_ATLAS","FILE_PLAN_ALL 826 BRANCHABLE_ATLAS OBSIDIA_BRANCHABLE_ATLAS_FULL_V0_5_DEEP_FINAL_AUDIT/docs/full_doc_extraction/tables/DOCX_TABLE_0034.md atlas/source_extraction/ DOCX_TABLE_0034.md md P4_ATLAS_EVIDENCE_OR_DOCS F06 0 0 0 0 1  NOT_FOUND_LOCA","INTEGRATE_TO_ATLAS_READONLY_SCENARIO_SPEC_CANDIDATE","ATLAS_READONLY_ADVISORY_ONLY","false","false","false","false","false","F06 audit/spec only; Atlas scenario/context candidate; never runtime reality claim"
"BRANCHABLE_ATLAS","atlas/source_extraction/","F06_ATLAS","FILE_PLAN_ALL 827 BRANCHABLE_ATLAS OBSIDIA_BRANCHABLE_ATLAS_FULL_V0_5_DEEP_FINAL_AUDIT/docs/full_doc_extraction/tables/DOCX_TABLE_0035.md atlas/source_extraction/ DOCX_TABLE_0035.md md P4_ATLAS_EVIDENCE_OR_DOCS F06 0 0 0 0 1  NOT_FOUND_LOCA","INTEGRATE_TO_ATLAS_READONLY_SCENARIO_SPEC_CANDIDATE","ATLAS_READONLY_ADVISORY_ONLY","false","false","false","false","false","F06 audit/spec only; Atlas scenario/context candidate; never runtime reality claim"
"BRANCHABLE_ATLAS","atlas/source_extraction/","F06_ATLAS","FILE_PLAN_ALL 828 BRANCHABLE_ATLAS OBSIDIA_BRANCHABLE_ATLAS_FULL_V0_5_DEEP_FINAL_AUDIT/docs/full_doc_extraction/tables/DOCX_TABLE_0036.md atlas/source_extraction/ DOCX_TABLE_0036.md md P4_ATLAS_EVIDENCE_OR_DOCS F06 0 0 0 0 1  NOT_FOUND_LOCA","INTEGRATE_TO_ATLAS_READONLY_SCENARIO_SPEC_CANDIDATE","ATLAS_READONLY_ADVISORY_ONLY","false","false","false","false","false","F06 audit/spec only; Atlas scenario/context candidate; never runtime reality claim"
"BRANCHABLE_ATLAS","atlas/source_extraction/","F06_ATLAS","FILE_PLAN_ALL 829 BRANCHABLE_ATLAS OBSIDIA_BRANCHABLE_ATLAS_FULL_V0_5_DEEP_FINAL_AUDIT/docs/full_doc_extraction/tables/DOCX_TABLE_0037.md atlas/source_extraction/ DOCX_TABLE_0037.md md P4_ATLAS_EVIDENCE_OR_DOCS F06 0 0 0 0 1  NOT_FOUND_LOCA","INTEGRATE_TO_ATLAS_READONLY_SCENARIO_SPEC_CANDIDATE","ATLAS_READONLY_ADVISORY_ONLY","false","false","false","false","false","F06 audit/spec only; Atlas scenario/context candidate; never runtime reality claim"
"BRANCHABLE_ATLAS","atlas/source_extraction/","F06_ATLAS","FILE_PLAN_ALL 830 BRANCHABLE_ATLAS OBSIDIA_BRANCHABLE_ATLAS_FULL_V0_5_DEEP_FINAL_AUDIT/docs/full_doc_extraction/tables/DOCX_TABLE_0038.md atlas/source_extraction/ DOCX_TABLE_0038.md md P4_ATLAS_EVIDENCE_OR_DOCS F06 0 0 0 0 1  NOT_FOUND_LOCA","INTEGRATE_TO_ATLAS_READONLY_SCENARIO_SPEC_CANDIDATE","ATLAS_READONLY_ADVISORY_ONLY","false","false","false","false","false","F06 audit/spec only; Atlas scenario/context candidate; never runtime reality claim"
"BRANCHABLE_ATLAS","atlas/source_extraction/","F06_ATLAS","FILE_PLAN_ALL 831 BRANCHABLE_ATLAS OBSIDIA_BRANCHABLE_ATLAS_FULL_V0_5_DEEP_FINAL_AUDIT/docs/full_doc_extraction/tables/DOCX_TABLE_0039.md atlas/source_extraction/ DOCX_TABLE_0039.md md P4_ATLAS_EVIDENCE_OR_DOCS F06 0 0 0 0 1  NOT_FOUND_LOCA","INTEGRATE_TO_ATLAS_READONLY_SCENARIO_SPEC_CANDIDATE","ATLAS_READONLY_ADVISORY_ONLY","false","false","false","false","false","F06 audit/spec only; Atlas scenario/context candidate; never runtime reality claim"
"BRANCHABLE_ATLAS","atlas/source_extraction/","F06_ATLAS","FILE_PLAN_ALL 832 BRANCHABLE_ATLAS OBSIDIA_BRANCHABLE_ATLAS_FULL_V0_5_DEEP_FINAL_AUDIT/docs/full_doc_extraction/tables/DOCX_TABLE_0040.md atlas/source_extraction/ DOCX_TABLE_0040.md md P4_ATLAS_EVIDENCE_OR_DOCS F06 0 0 0 0 1  NOT_FOUND_LOCA","INTEGRATE_TO_ATLAS_READONLY_SCENARIO_SPEC_CANDIDATE","ATLAS_READONLY_ADVISORY_ONLY","false","false","false","false","false","F06 audit/spec only; Atlas scenario/context candidate; never runtime reality claim"
"BRANCHABLE_ATLAS","atlas/source_extraction/","F06_ATLAS","FILE_PLAN_ALL 833 BRANCHABLE_ATLAS OBSIDIA_BRANCHABLE_ATLAS_FULL_V0_5_DEEP_FINAL_AUDIT/docs/full_doc_extraction/tables/DOCX_TABLE_0041.md atlas/source_extraction/ DOCX_TABLE_0041.md md P4_ATLAS_EVIDENCE_OR_DOCS F06 0 0 0 0 1  NOT_FOUND_LOCA","INTEGRATE_TO_ATLAS_READONLY_SCENARIO_SPEC_CANDIDATE","ATLAS_READONLY_ADVISORY_ONLY","false","false","false","false","false","F06 audit/spec only; Atlas scenario/context candidate; never runtime reality claim"
"BRANCHABLE_ATLAS","atlas/source_extraction/","F06_ATLAS","FILE_PLAN_ALL 834 BRANCHABLE_ATLAS OBSIDIA_BRANCHABLE_ATLAS_FULL_V0_5_DEEP_FINAL_AUDIT/docs/full_doc_extraction/tables/DOCX_TABLE_0042.md atlas/source_extraction/ DOCX_TABLE_0042.md md P4_ATLAS_EVIDENCE_OR_DOCS F06 0 0 0 0 1  NOT_FOUND_LOCA","INTEGRATE_TO_ATLAS_READONLY_SCENARIO_SPEC_CANDIDATE","ATLAS_READONLY_ADVISORY_ONLY","false","false","false","false","false","F06 audit/spec only; Atlas scenario/context candidate; never runtime reality claim"
"BRANCHABLE_ATLAS","atlas/source_extraction/","F06_ATLAS","FILE_PLAN_ALL 835 BRANCHABLE_ATLAS OBSIDIA_BRANCHABLE_ATLAS_FULL_V0_5_DEEP_FINAL_AUDIT/docs/full_doc_extraction/tables/DOCX_TABLE_0043.md atlas/source_extraction/ DOCX_TABLE_0043.md md P4_ATLAS_EVIDENCE_OR_DOCS F06 0 0 0 0 1  NOT_FOUND_LOCA","INTEGRATE_TO_ATLAS_READONLY_SCENARIO_SPEC_CANDIDATE","ATLAS_READONLY_ADVISORY_ONLY","false","false","false","false","false","F06 audit/spec only; Atlas scenario/context candidate; never runtime reality claim"
"BRANCHABLE_ATLAS","atlas/source_extraction/","F06_ATLAS","FILE_PLAN_ALL 836 BRANCHABLE_ATLAS OBSIDIA_BRANCHABLE_ATLAS_FULL_V0_5_DEEP_FINAL_AUDIT/docs/full_doc_extraction/tables/DOCX_TABLE_0044.md atlas/source_extraction/ DOCX_TABLE_0044.md md P4_ATLAS_EVIDENCE_OR_DOCS F06 0 0 0 0 1  NOT_FOUND_LOCA","INTEGRATE_TO_ATLAS_READONLY_SCENARIO_SPEC_CANDIDATE","ATLAS_READONLY_ADVISORY_ONLY","false","false","false","false","false","F06 audit/spec only; Atlas scenario/context candidate; never runtime reality claim"
"BRANCHABLE_ATLAS","atlas/source_extraction/","F06_ATLAS","FILE_PLAN_ALL 837 BRANCHABLE_ATLAS OBSIDIA_BRANCHABLE_ATLAS_FULL_V0_5_DEEP_FINAL_AUDIT/docs/full_doc_extraction/tables/DOCX_TABLE_0045.md atlas/source_extraction/ DOCX_TABLE_0045.md md P4_ATLAS_EVIDENCE_OR_DOCS F06 0 0 0 0 1  NOT_FOUND_LOCA","INTEGRATE_TO_ATLAS_READONLY_SCENARIO_SPEC_CANDIDATE","ATLAS_READONLY_ADVISORY_ONLY","false","false","false","false","false","F06 audit/spec only; Atlas scenario/context candidate; never runtime reality claim"
"BRANCHABLE_ATLAS","atlas/source_extraction/","F06_ATLAS","FILE_PLAN_ALL 838 BRANCHABLE_ATLAS OBSIDIA_BRANCHABLE_ATLAS_FULL_V0_5_DEEP_FINAL_AUDIT/docs/full_doc_extraction/tables/DOCX_TABLE_0046.md atlas/source_extraction/ DOCX_TABLE_0046.md md P4_ATLAS_EVIDENCE_OR_DOCS F06 0 0 0 0 1  NOT_FOUND_LOCA","INTEGRATE_TO_ATLAS_READONLY_SCENARIO_SPEC_CANDIDATE","ATLAS_READONLY_ADVISORY_ONLY","false","false","false","false","false","F06 audit/spec only; Atlas scenario/context candidate; never runtime reality claim"
"BRANCHABLE_ATLAS","atlas/source_extraction/","F06_ATLAS","FILE_PLAN_ALL 839 BRANCHABLE_ATLAS OBSIDIA_BRANCHABLE_ATLAS_FULL_V0_5_DEEP_FINAL_AUDIT/docs/full_doc_extraction/tables/DOCX_TABLE_0047.md atlas/source_extraction/ DOCX_TABLE_0047.md md P4_ATLAS_EVIDENCE_OR_DOCS F06 0 0 0 0 1  NOT_FOUND_LOCA","INTEGRATE_TO_ATLAS_READONLY_SCENARIO_SPEC_CANDIDATE","ATLAS_READONLY_ADVISORY_ONLY","false","false","false","false","false","F06 audit/spec only; Atlas scenario/context candidate; never runtime reality claim"
"BRANCHABLE_ATLAS","atlas/source_extraction/","F06_ATLAS","FILE_PLAN_ALL 840 BRANCHABLE_ATLAS OBSIDIA_BRANCHABLE_ATLAS_FULL_V0_5_DEEP_FINAL_AUDIT/docs/full_doc_extraction/tables/DOCX_TABLE_0048.md atlas/source_extraction/ DOCX_TABLE_0048.md md P4_ATLAS_EVIDENCE_OR_DOCS F06 0 0 0 0 1  NOT_FOUND_LOCA","INTEGRATE_TO_ATLAS_READONLY_SCENARIO_SPEC_CANDIDATE","ATLAS_READONLY_ADVISORY_ONLY","false","false","false","false","false","F06 audit/spec only; Atlas scenario/context candidate; never runtime reality claim"
"BRANCHABLE_ATLAS","atlas/source_extraction/","F06_ATLAS","FILE_PLAN_ALL 841 BRANCHABLE_ATLAS OBSIDIA_BRANCHABLE_ATLAS_FULL_V0_5_DEEP_FINAL_AUDIT/docs/full_doc_extraction/tables/DOCX_TABLE_0049.md atlas/source_extraction/ DOCX_TABLE_0049.md md P4_ATLAS_EVIDENCE_OR_DOCS F06 0 0 0 0 1  NOT_FOUND_LOCA","INTEGRATE_TO_ATLAS_READONLY_SCENARIO_SPEC_CANDIDATE","ATLAS_READONLY_ADVISORY_ONLY","false","false","false","false","false","F06 audit/spec only; Atlas scenario/context candidate; never runtime reality claim"
"BRANCHABLE_ATLAS","atlas/source_extraction/","F06_ATLAS","FILE_PLAN_ALL 842 BRANCHABLE_ATLAS OBSIDIA_BRANCHABLE_ATLAS_FULL_V0_5_DEEP_FINAL_AUDIT/docs/full_doc_extraction/tables/DOCX_TABLE_0050.md atlas/source_extraction/ DOCX_TABLE_0050.md md P4_ATLAS_EVIDENCE_OR_DOCS F06 0 0 0 0 1  NOT_FOUND_LOCA","INTEGRATE_TO_ATLAS_READONLY_SCENARIO_SPEC_CANDIDATE","ATLAS_READONLY_ADVISORY_ONLY","false","false","false","false","false","F06 audit/spec only; Atlas scenario/context candidate; never runtime reality claim"
"BRANCHABLE_ATLAS","atlas/source_extraction/","F06_ATLAS","FILE_PLAN_ALL 843 BRANCHABLE_ATLAS OBSIDIA_BRANCHABLE_ATLAS_FULL_V0_5_DEEP_FINAL_AUDIT/docs/full_doc_extraction/tables/DOCX_TABLE_0051.md atlas/source_extraction/ DOCX_TABLE_0051.md md P4_ATLAS_EVIDENCE_OR_DOCS F06 0 0 0 0 1  NOT_FOUND_LOCA","INTEGRATE_TO_ATLAS_READONLY_SCENARIO_SPEC_CANDIDATE","ATLAS_READONLY_ADVISORY_ONLY","false","false","false","false","false","F06 audit/spec only; Atlas scenario/context candidate; never runtime reality claim"
"BRANCHABLE_ATLAS","atlas/source_extraction/","F06_ATLAS","FILE_PLAN_ALL 844 BRANCHABLE_ATLAS OBSIDIA_BRANCHABLE_ATLAS_FULL_V0_5_DEEP_FINAL_AUDIT/docs/full_doc_extraction/tables/DOCX_TABLE_0052.md atlas/source_extraction/ DOCX_TABLE_0052.md md P4_ATLAS_EVIDENCE_OR_DOCS F06 0 0 0 0 1  NOT_FOUND_LOCA","INTEGRATE_TO_ATLAS_READONLY_SCENARIO_SPEC_CANDIDATE","ATLAS_READONLY_ADVISORY_ONLY","false","false","false","false","false","F06 audit/spec only; Atlas scenario/context candidate; never runtime reality claim"
"BRANCHABLE_ATLAS","atlas/source_extraction/","F06_ATLAS","FILE_PLAN_ALL 845 BRANCHABLE_ATLAS OBSIDIA_BRANCHABLE_ATLAS_FULL_V0_5_DEEP_FINAL_AUDIT/docs/full_doc_extraction/tables/DOCX_TABLE_0053.md atlas/source_extraction/ DOCX_TABLE_0053.md md P4_ATLAS_EVIDENCE_OR_DOCS F06 0 0 0 0 1  NOT_FOUND_LOCA","INTEGRATE_TO_ATLAS_READONLY_SCENARIO_SPEC_CANDIDATE","ATLAS_READONLY_ADVISORY_ONLY","false","false","false","false","false","F06 audit/spec only; Atlas scenario/context candidate; never runtime reality claim"
"BRANCHABLE_ATLAS","atlas/source_extraction/","F06_ATLAS","FILE_PLAN_ALL 846 BRANCHABLE_ATLAS OBSIDIA_BRANCHABLE_ATLAS_FULL_V0_5_DEEP_FINAL_AUDIT/docs/full_doc_extraction/tables/DOCX_TABLE_0054.md atlas/source_extraction/ DOCX_TABLE_0054.md md P4_ATLAS_EVIDENCE_OR_DOCS F06 0 0 0 0 1  NOT_FOUND_LOCA","INTEGRATE_TO_ATLAS_READONLY_SCENARIO_SPEC_CANDIDATE","ATLAS_READONLY_ADVISORY_ONLY","false","false","false","false","false","F06 audit/spec only; Atlas scenario/context candidate; never runtime reality claim"
"BRANCHABLE_ATLAS","atlas/source_extraction/","F06_ATLAS","FILE_PLAN_ALL 847 BRANCHABLE_ATLAS OBSIDIA_BRANCHABLE_ATLAS_FULL_V0_5_DEEP_FINAL_AUDIT/docs/full_doc_extraction/tables/DOCX_TABLE_0055.md atlas/source_extraction/ DOCX_TABLE_0055.md md P4_ATLAS_EVIDENCE_OR_DOCS F06 0 0 0 0 1  NOT_FOUND_LOCA","INTEGRATE_TO_ATLAS_READONLY_SCENARIO_SPEC_CANDIDATE","ATLAS_READONLY_ADVISORY_ONLY","false","false","false","false","false","F06 audit/spec only; Atlas scenario/context candidate; never runtime reality claim"
"BRANCHABLE_ATLAS","atlas/source_extraction/","F06_ATLAS","FILE_PLAN_ALL 848 BRANCHABLE_ATLAS OBSIDIA_BRANCHABLE_ATLAS_FULL_V0_5_DEEP_FINAL_AUDIT/docs/full_doc_extraction/tables/DOCX_TABLE_0056.md atlas/source_extraction/ DOCX_TABLE_0056.md md P4_ATLAS_EVIDENCE_OR_DOCS F06 0 0 0 0 1  NOT_FOUND_LOCA","INTEGRATE_TO_ATLAS_READONLY_SCENARIO_SPEC_CANDIDATE","ATLAS_READONLY_ADVISORY_ONLY","false","false","false","false","false","F06 audit/spec only; Atlas scenario/context candidate; never runtime reality claim"
"BRANCHABLE_ATLAS","atlas/source_extraction/","F06_ATLAS","FILE_PLAN_ALL 849 BRANCHABLE_ATLAS OBSIDIA_BRANCHABLE_ATLAS_FULL_V0_5_DEEP_FINAL_AUDIT/docs/full_doc_extraction/tables/DOCX_TABLE_0057.md atlas/source_extraction/ DOCX_TABLE_0057.md md P4_ATLAS_EVIDENCE_OR_DOCS F06 0 0 0 0 1  NOT_FOUND_LOCA","INTEGRATE_TO_ATLAS_READONLY_SCENARIO_SPEC_CANDIDATE","ATLAS_READONLY_ADVISORY_ONLY","false","false","false","false","false","F06 audit/spec only; Atlas scenario/context candidate; never runtime reality claim"
"BRANCHABLE_ATLAS","atlas/source_extraction/","F06_ATLAS","FILE_PLAN_ALL 850 BRANCHABLE_ATLAS OBSIDIA_BRANCHABLE_ATLAS_FULL_V0_5_DEEP_FINAL_AUDIT/docs/full_doc_extraction/tables/DOCX_TABLE_0058.md atlas/source_extraction/ DOCX_TABLE_0058.md md P4_ATLAS_EVIDENCE_OR_DOCS F06 0 0 0 0 1  NOT_FOUND_LOCA","INTEGRATE_TO_ATLAS_READONLY_SCENARIO_SPEC_CANDIDATE","ATLAS_READONLY_ADVISORY_ONLY","false","false","false","false","false","F06 audit/spec only; Atlas scenario/context candidate; never runtime reality claim"
"BRANCHABLE_ATLAS","atlas/source_extraction/","F06_ATLAS","FILE_PLAN_ALL 851 BRANCHABLE_ATLAS OBSIDIA_BRANCHABLE_ATLAS_FULL_V0_5_DEEP_FINAL_AUDIT/docs/full_doc_extraction/tables/DOCX_TABLE_0059.md atlas/source_extraction/ DOCX_TABLE_0059.md md P4_ATLAS_EVIDENCE_OR_DOCS F06 0 0 0 0 1  NOT_FOUND_LOCA","INTEGRATE_TO_ATLAS_READONLY_SCENARIO_SPEC_CANDIDATE","ATLAS_READONLY_ADVISORY_ONLY","false","false","false","false","false","F06 audit/spec only; Atlas scenario/context candidate; never runtime reality claim"
"BRANCHABLE_ATLAS","atlas/source_extraction/","F06_ATLAS","FILE_PLAN_ALL 852 BRANCHABLE_ATLAS OBSIDIA_BRANCHABLE_ATLAS_FULL_V0_5_DEEP_FINAL_AUDIT/docs/full_doc_extraction/tables/DOCX_TABLE_0060.md atlas/source_extraction/ DOCX_TABLE_0060.md md P4_ATLAS_EVIDENCE_OR_DOCS F06 0 0 0 0 1  NOT_FOUND_LOCA","INTEGRATE_TO_ATLAS_READONLY_SCENARIO_SPEC_CANDIDATE","ATLAS_READONLY_ADVISORY_ONLY","false","false","false","false","false","F06 audit/spec only; Atlas scenario/context candidate; never runtime reality claim"
"BRANCHABLE_ATLAS","atlas/source_extraction/","F06_ATLAS","FILE_PLAN_ALL 853 BRANCHABLE_ATLAS OBSIDIA_BRANCHABLE_ATLAS_FULL_V0_5_DEEP_FINAL_AUDIT/docs/full_doc_extraction/tables/DOCX_TABLE_0061.md atlas/source_extraction/ DOCX_TABLE_0061.md md P4_ATLAS_EVIDENCE_OR_DOCS F06 0 0 0 0 1  NOT_FOUND_LOCA","INTEGRATE_TO_ATLAS_READONLY_SCENARIO_SPEC_CANDIDATE","ATLAS_READONLY_ADVISORY_ONLY","false","false","false","false","false","F06 audit/spec only; Atlas scenario/context candidate; never runtime reality claim"
"BRANCHABLE_ATLAS","atlas/source_extraction/","F06_ATLAS","FILE_PLAN_ALL 854 BRANCHABLE_ATLAS OBSIDIA_BRANCHABLE_ATLAS_FULL_V0_5_DEEP_FINAL_AUDIT/docs/full_doc_extraction/tables/DOCX_TABLE_0062.md atlas/source_extraction/ DOCX_TABLE_0062.md md P4_ATLAS_EVIDENCE_OR_DOCS F06 0 0 0 0 1  NOT_FOUND_LOCA","INTEGRATE_TO_ATLAS_READONLY_SCENARIO_SPEC_CANDIDATE","ATLAS_READONLY_ADVISORY_ONLY","false","false","false","false","false","F06 audit/spec only; Atlas scenario/context candidate; never runtime reality claim"
"BRANCHABLE_ATLAS","atlas/source_extraction/","F06_ATLAS","FILE_PLAN_ALL 855 BRANCHABLE_ATLAS OBSIDIA_BRANCHABLE_ATLAS_FULL_V0_5_DEEP_FINAL_AUDIT/docs/full_doc_extraction/tables/DOCX_TABLE_0063.md atlas/source_extraction/ DOCX_TABLE_0063.md md P4_ATLAS_EVIDENCE_OR_DOCS F06 0 0 0 0 1  NOT_FOUND_LOCA","INTEGRATE_TO_ATLAS_READONLY_SCENARIO_SPEC_CANDIDATE","ATLAS_READONLY_ADVISORY_ONLY","false","false","false","false","false","F06 audit/spec only; Atlas scenario/context candidate; never runtime reality claim"
"BRANCHABLE_ATLAS","atlas/source_extraction/","F06_ATLAS","FILE_PLAN_ALL 856 BRANCHABLE_ATLAS OBSIDIA_BRANCHABLE_ATLAS_FULL_V0_5_DEEP_FINAL_AUDIT/docs/full_doc_extraction/tables/DOCX_TABLE_0064.md atlas/source_extraction/ DOCX_TABLE_0064.md md P4_ATLAS_EVIDENCE_OR_DOCS F06 0 0 0 0 1  NOT_FOUND_LOCA","INTEGRATE_TO_ATLAS_READONLY_SCENARIO_SPEC_CANDIDATE","ATLAS_READONLY_ADVISORY_ONLY","false","false","false","false","false","F06 audit/spec only; Atlas scenario/context candidate; never runtime reality claim"
"BRANCHABLE_ATLAS","atlas/source_extraction/","F06_ATLAS","FILE_PLAN_ALL 857 BRANCHABLE_ATLAS OBSIDIA_BRANCHABLE_ATLAS_FULL_V0_5_DEEP_FINAL_AUDIT/docs/full_doc_extraction/tables/DOCX_TABLE_0065.md atlas/source_extraction/ DOCX_TABLE_0065.md md P4_ATLAS_EVIDENCE_OR_DOCS F06 0 0 0 0 1  NOT_FOUND_LOCA","INTEGRATE_TO_ATLAS_READONLY_SCENARIO_SPEC_CANDIDATE","ATLAS_READONLY_ADVISORY_ONLY","false","false","false","false","false","F06 audit/spec only; Atlas scenario/context candidate; never runtime reality claim"
"BRANCHABLE_ATLAS","atlas/source_extraction/","F06_ATLAS","FILE_PLAN_ALL 858 BRANCHABLE_ATLAS OBSIDIA_BRANCHABLE_ATLAS_FULL_V0_5_DEEP_FINAL_AUDIT/docs/full_doc_extraction/tables/DOCX_TABLE_0066.md atlas/source_extraction/ DOCX_TABLE_0066.md md P4_ATLAS_EVIDENCE_OR_DOCS F06 0 0 0 0 1  NOT_FOUND_LOCA","INTEGRATE_TO_ATLAS_READONLY_SCENARIO_SPEC_CANDIDATE","ATLAS_READONLY_ADVISORY_ONLY","false","false","false","false","false","F06 audit/spec only; Atlas scenario/context candidate; never runtime reality claim"
"BRANCHABLE_ATLAS","atlas/source_extraction/","F06_ATLAS","FILE_PLAN_ALL 859 BRANCHABLE_ATLAS OBSIDIA_BRANCHABLE_ATLAS_FULL_V0_5_DEEP_FINAL_AUDIT/docs/full_doc_extraction/tables/DOCX_TABLE_0067.md atlas/source_extraction/ DOCX_TABLE_0067.md md P4_ATLAS_EVIDENCE_OR_DOCS F06 0 0 0 0 1  NOT_FOUND_LOCA","INTEGRATE_TO_ATLAS_READONLY_SCENARIO_SPEC_CANDIDATE","ATLAS_READONLY_ADVISORY_ONLY","false","false","false","false","false","F06 audit/spec only; Atlas scenario/context candidate; never runtime reality claim"
"BRANCHABLE_ATLAS","atlas/source_extraction/","F06_ATLAS","FILE_PLAN_ALL 860 BRANCHABLE_ATLAS OBSIDIA_BRANCHABLE_ATLAS_FULL_V0_5_DEEP_FINAL_AUDIT/docs/full_doc_extraction/tables/DOCX_TABLE_0068.md atlas/source_extraction/ DOCX_TABLE_0068.md md P4_ATLAS_EVIDENCE_OR_DOCS F06 0 0 0 0 1  NOT_FOUND_LOCA","INTEGRATE_TO_ATLAS_READONLY_SCENARIO_SPEC_CANDIDATE","ATLAS_READONLY_ADVISORY_ONLY","false","false","false","false","false","F06 audit/spec only; Atlas scenario/context candidate; never runtime reality claim"
"BRANCHABLE_ATLAS","atlas/source_extraction/","F06_ATLAS","FILE_PLAN_ALL 861 BRANCHABLE_ATLAS OBSIDIA_BRANCHABLE_ATLAS_FULL_V0_5_DEEP_FINAL_AUDIT/docs/full_doc_extraction/tables/DOCX_TABLE_0069.md atlas/source_extraction/ DOCX_TABLE_0069.md md P4_ATLAS_EVIDENCE_OR_DOCS F06 0 0 0 0 1  NOT_FOUND_LOCA","INTEGRATE_TO_ATLAS_READONLY_SCENARIO_SPEC_CANDIDATE","ATLAS_READONLY_ADVISORY_ONLY","false","false","false","false","false","F06 audit/spec only; Atlas scenario/context candidate; never runtime reality claim"
"BRANCHABLE_ATLAS","atlas/source_extraction/","F06_ATLAS","FILE_PLAN_ALL 862 BRANCHABLE_ATLAS OBSIDIA_BRANCHABLE_ATLAS_FULL_V0_5_DEEP_FINAL_AUDIT/docs/full_doc_extraction/tables/DOCX_TABLE_0070.md atlas/source_extraction/ DOCX_TABLE_0070.md md P4_ATLAS_EVIDENCE_OR_DOCS F06 0 0 0 0 1  NOT_FOUND_LOCA","INTEGRATE_TO_ATLAS_READONLY_SCENARIO_SPEC_CANDIDATE","ATLAS_READONLY_ADVISORY_ONLY","false","false","false","false","false","F06 audit/spec only; Atlas scenario/context candidate; never runtime reality claim"
"BRANCHABLE_ATLAS","atlas/source_extraction/","F06_ATLAS","FILE_PLAN_ALL 863 BRANCHABLE_ATLAS OBSIDIA_BRANCHABLE_ATLAS_FULL_V0_5_DEEP_FINAL_AUDIT/docs/full_doc_extraction/tables/DOCX_TABLE_0071.md atlas/source_extraction/ DOCX_TABLE_0071.md md P4_ATLAS_EVIDENCE_OR_DOCS F06 0 0 0 0 1  NOT_FOUND_LOCA","INTEGRATE_TO_ATLAS_READONLY_SCENARIO_SPEC_CANDIDATE","ATLAS_READONLY_ADVISORY_ONLY","false","false","false","false","false","F06 audit/spec only; Atlas scenario/context candidate; never runtime reality claim"
"BRANCHABLE_ATLAS","atlas/source_extraction/","F06_ATLAS","FILE_PLAN_ALL 864 BRANCHABLE_ATLAS OBSIDIA_BRANCHABLE_ATLAS_FULL_V0_5_DEEP_FINAL_AUDIT/docs/full_doc_extraction/tables/DOCX_TABLE_0072.md atlas/source_extraction/ DOCX_TABLE_0072.md md P4_ATLAS_EVIDENCE_OR_DOCS F06 0 0 0 0 1  NOT_FOUND_LOCA","INTEGRATE_TO_ATLAS_READONLY_SCENARIO_SPEC_CANDIDATE","ATLAS_READONLY_ADVISORY_ONLY","false","false","false","false","false","F06 audit/spec only; Atlas scenario/context candidate; never runtime reality claim"
"BRANCHABLE_ATLAS","atlas/source_extraction/","F06_ATLAS","FILE_PLAN_ALL 865 BRANCHABLE_ATLAS OBSIDIA_BRANCHABLE_ATLAS_FULL_V0_5_DEEP_FINAL_AUDIT/docs/full_doc_extraction/tables/DOCX_TABLE_0073.md atlas/source_extraction/ DOCX_TABLE_0073.md md P4_ATLAS_EVIDENCE_OR_DOCS F06 0 0 0 0 1  NOT_FOUND_LOCA","INTEGRATE_TO_ATLAS_READONLY_SCENARIO_SPEC_CANDIDATE","ATLAS_READONLY_ADVISORY_ONLY","false","false","false","false","false","F06 audit/spec only; Atlas scenario/context candidate; never runtime reality claim"
"BRANCHABLE_ATLAS","atlas/source_extraction/","F06_ATLAS","FILE_PLAN_ALL 866 BRANCHABLE_ATLAS OBSIDIA_BRANCHABLE_ATLAS_FULL_V0_5_DEEP_FINAL_AUDIT/docs/full_doc_extraction/tables/DOCX_TABLE_0074.md atlas/source_extraction/ DOCX_TABLE_0074.md md P4_ATLAS_EVIDENCE_OR_DOCS F06 0 0 0 0 1  NOT_FOUND_LOCA","INTEGRATE_TO_ATLAS_READONLY_SCENARIO_SPEC_CANDIDATE","ATLAS_READONLY_ADVISORY_ONLY","false","false","false","false","false","F06 audit/spec only; Atlas scenario/context candidate; never runtime reality claim"
"BRANCHABLE_ATLAS","atlas/source_extraction/","F06_ATLAS","FILE_PLAN_ALL 867 BRANCHABLE_ATLAS OBSIDIA_BRANCHABLE_ATLAS_FULL_V0_5_DEEP_FINAL_AUDIT/docs/full_doc_extraction/tables/DOCX_TABLE_0075.md atlas/source_extraction/ DOCX_TABLE_0075.md md P4_ATLAS_EVIDENCE_OR_DOCS F06 0 0 0 0 1  NOT_FOUND_LOCA","INTEGRATE_TO_ATLAS_READONLY_SCENARIO_SPEC_CANDIDATE","ATLAS_READONLY_ADVISORY_ONLY","false","false","false","false","false","F06 audit/spec only; Atlas scenario/context candidate; never runtime reality claim"
"BRANCHABLE_ATLAS","atlas/source_extraction/","F06_ATLAS","FILE_PLAN_ALL 868 BRANCHABLE_ATLAS OBSIDIA_BRANCHABLE_ATLAS_FULL_V0_5_DEEP_FINAL_AUDIT/docs/full_doc_extraction/tables/DOCX_TABLE_0076.md atlas/source_extraction/ DOCX_TABLE_0076.md md P4_ATLAS_EVIDENCE_OR_DOCS F06 0 0 0 0 1  NOT_FOUND_LOCA","INTEGRATE_TO_ATLAS_READONLY_SCENARIO_SPEC_CANDIDATE","ATLAS_READONLY_ADVISORY_ONLY","false","false","false","false","false","F06 audit/spec only; Atlas scenario/context candidate; never runtime reality claim"
"BRANCHABLE_ATLAS","atlas/source_extraction/","F06_ATLAS","FILE_PLAN_ALL 869 BRANCHABLE_ATLAS OBSIDIA_BRANCHABLE_ATLAS_FULL_V0_5_DEEP_FINAL_AUDIT/docs/full_doc_extraction/tables/DOCX_TABLE_0077.md atlas/source_extraction/ DOCX_TABLE_0077.md md P4_ATLAS_EVIDENCE_OR_DOCS F06 0 0 0 0 1  NOT_FOUND_LOCA","INTEGRATE_TO_ATLAS_READONLY_SCENARIO_SPEC_CANDIDATE","ATLAS_READONLY_ADVISORY_ONLY","false","false","false","false","false","F06 audit/spec only; Atlas scenario/context candidate; never runtime reality claim"
"BRANCHABLE_ATLAS","atlas/source_extraction/","F06_ATLAS","FILE_PLAN_ALL 870 BRANCHABLE_ATLAS OBSIDIA_BRANCHABLE_ATLAS_FULL_V0_5_DEEP_FINAL_AUDIT/docs/full_doc_extraction/tables/DOCX_TABLE_0078.md atlas/source_extraction/ DOCX_TABLE_0078.md md P4_ATLAS_EVIDENCE_OR_DOCS F06 0 0 0 0 1  NOT_FOUND_LOCA","INTEGRATE_TO_ATLAS_READONLY_SCENARIO_SPEC_CANDIDATE","ATLAS_READONLY_ADVISORY_ONLY","false","false","false","false","false","F06 audit/spec only; Atlas scenario/context candidate; never runtime reality claim"
"BRANCHABLE_ATLAS","atlas/source_extraction/","F06_ATLAS","FILE_PLAN_ALL 871 BRANCHABLE_ATLAS OBSIDIA_BRANCHABLE_ATLAS_FULL_V0_5_DEEP_FINAL_AUDIT/docs/full_doc_extraction/tables/DOCX_TABLE_0079.md atlas/source_extraction/ DOCX_TABLE_0079.md md P4_ATLAS_EVIDENCE_OR_DOCS F06 0 0 0 0 1  NOT_FOUND_LOCA","INTEGRATE_TO_ATLAS_READONLY_SCENARIO_SPEC_CANDIDATE","ATLAS_READONLY_ADVISORY_ONLY","false","false","false","false","false","F06 audit/spec only; Atlas scenario/context candidate; never runtime reality claim"
"BRANCHABLE_ATLAS","atlas/source_extraction/","F06_ATLAS","FILE_PLAN_ALL 872 BRANCHABLE_ATLAS OBSIDIA_BRANCHABLE_ATLAS_FULL_V0_5_DEEP_FINAL_AUDIT/docs/full_doc_extraction/tables/DOCX_TABLE_0080.md atlas/source_extraction/ DOCX_TABLE_0080.md md P4_ATLAS_EVIDENCE_OR_DOCS F06 0 0 0 0 1  NOT_FOUND_LOCA","INTEGRATE_TO_ATLAS_READONLY_SCENARIO_SPEC_CANDIDATE","ATLAS_READONLY_ADVISORY_ONLY","false","false","false","false","false","F06 audit/spec only; Atlas scenario/context candidate; never runtime reality claim"
"BRANCHABLE_ATLAS","atlas/source_extraction/","F06_ATLAS","FILE_PLAN_ALL 873 BRANCHABLE_ATLAS OBSIDIA_BRANCHABLE_ATLAS_FULL_V0_5_DEEP_FINAL_AUDIT/docs/full_doc_extraction/tables/DOCX_TABLE_0081.md atlas/source_extraction/ DOCX_TABLE_0081.md md P4_ATLAS_EVIDENCE_OR_DOCS F06 0 0 0 0 1  NOT_FOUND_LOCA","INTEGRATE_TO_ATLAS_READONLY_SCENARIO_SPEC_CANDIDATE","ATLAS_READONLY_ADVISORY_ONLY","false","false","false","false","false","F06 audit/spec only; Atlas scenario/context candidate; never runtime reality claim"
"BRANCHABLE_ATLAS","atlas/source_extraction/","F06_ATLAS","FILE_PLAN_ALL 874 BRANCHABLE_ATLAS OBSIDIA_BRANCHABLE_ATLAS_FULL_V0_5_DEEP_FINAL_AUDIT/docs/full_doc_extraction/tables/DOCX_TABLE_0082.md atlas/source_extraction/ DOCX_TABLE_0082.md md P4_ATLAS_EVIDENCE_OR_DOCS F06 0 0 0 0 1  NOT_FOUND_LOCA","INTEGRATE_TO_ATLAS_READONLY_SCENARIO_SPEC_CANDIDATE","ATLAS_READONLY_ADVISORY_ONLY","false","false","false","false","false","F06 audit/spec only; Atlas scenario/context candidate; never runtime reality claim"
"BRANCHABLE_ATLAS","atlas/source_extraction/","F06_ATLAS","FILE_PLAN_ALL 875 BRANCHABLE_ATLAS OBSIDIA_BRANCHABLE_ATLAS_FULL_V0_5_DEEP_FINAL_AUDIT/docs/full_doc_extraction/tables/DOCX_TABLE_0083.md atlas/source_extraction/ DOCX_TABLE_0083.md md P4_ATLAS_EVIDENCE_OR_DOCS F06 0 0 0 0 1  NOT_FOUND_LOCA","INTEGRATE_TO_ATLAS_READONLY_SCENARIO_SPEC_CANDIDATE","ATLAS_READONLY_ADVISORY_ONLY","false","false","false","false","false","F06 audit/spec only; Atlas scenario/context candidate; never runtime reality claim"
"BRANCHABLE_ATLAS","atlas/source_extraction/","F06_ATLAS","FILE_PLAN_ALL 876 BRANCHABLE_ATLAS OBSIDIA_BRANCHABLE_ATLAS_FULL_V0_5_DEEP_FINAL_AUDIT/docs/full_doc_extraction/tables/DOCX_TABLE_0084.md atlas/source_extraction/ DOCX_TABLE_0084.md md P4_ATLAS_EVIDENCE_OR_DOCS F06 0 0 0 0 1  NOT_FOUND_LOCA","INTEGRATE_TO_ATLAS_READONLY_SCENARIO_SPEC_CANDIDATE","ATLAS_READONLY_ADVISORY_ONLY","false","false","false","false","false","F06 audit/spec only; Atlas scenario/context candidate; never runtime reality claim"
"BRANCHABLE_ATLAS","atlas/source_extraction/","F06_ATLAS","FILE_PLAN_ALL 877 BRANCHABLE_ATLAS OBSIDIA_BRANCHABLE_ATLAS_FULL_V0_5_DEEP_FINAL_AUDIT/docs/full_doc_extraction/tables/DOCX_TABLE_0085.md atlas/source_extraction/ DOCX_TABLE_0085.md md P4_ATLAS_EVIDENCE_OR_DOCS F06 0 0 0 0 1  NOT_FOUND_LOCA","INTEGRATE_TO_ATLAS_READONLY_SCENARIO_SPEC_CANDIDATE","ATLAS_READONLY_ADVISORY_ONLY","false","false","false","false","false","F06 audit/spec only; Atlas scenario/context candidate; never runtime reality claim"
"BRANCHABLE_ATLAS","atlas/source_extraction/","F06_ATLAS","FILE_PLAN_ALL 878 BRANCHABLE_ATLAS OBSIDIA_BRANCHABLE_ATLAS_FULL_V0_5_DEEP_FINAL_AUDIT/docs/full_doc_extraction/tables/DOCX_TABLE_0086.md atlas/source_extraction/ DOCX_TABLE_0086.md md P4_ATLAS_EVIDENCE_OR_DOCS F06 0 0 0 0 1  NOT_FOUND_LOCA","INTEGRATE_TO_ATLAS_READONLY_SCENARIO_SPEC_CANDIDATE","ATLAS_READONLY_ADVISORY_ONLY","false","false","false","false","false","F06 audit/spec only; Atlas scenario/context candidate; never runtime reality claim"
"BRANCHABLE_ATLAS","atlas/source_extraction/","F06_ATLAS","FILE_PLAN_ALL 879 BRANCHABLE_ATLAS OBSIDIA_BRANCHABLE_ATLAS_FULL_V0_5_DEEP_FINAL_AUDIT/docs/full_doc_extraction/tables/DOCX_TABLE_0087.md atlas/source_extraction/ DOCX_TABLE_0087.md md P4_ATLAS_EVIDENCE_OR_DOCS F06 0 0 0 0 1  NOT_FOUND_LOCA","INTEGRATE_TO_ATLAS_READONLY_SCENARIO_SPEC_CANDIDATE","ATLAS_READONLY_ADVISORY_ONLY","false","false","false","false","false","F06 audit/spec only; Atlas scenario/context candidate; never runtime reality claim"
"BRANCHABLE_ATLAS","atlas/source_extraction/","F06_ATLAS","FILE_PLAN_ALL 880 BRANCHABLE_ATLAS OBSIDIA_BRANCHABLE_ATLAS_FULL_V0_5_DEEP_FINAL_AUDIT/docs/full_doc_extraction/tables/DOCX_TABLE_0088.md atlas/source_extraction/ DOCX_TABLE_0088.md md P4_ATLAS_EVIDENCE_OR_DOCS F06 0 0 0 0 1  NOT_FOUND_LOCA","INTEGRATE_TO_ATLAS_READONLY_SCENARIO_SPEC_CANDIDATE","ATLAS_READONLY_ADVISORY_ONLY","false","false","false","false","false","F06 audit/spec only; Atlas scenario/context candidate; never runtime reality claim"
"BRANCHABLE_ATLAS","atlas/source_extraction/","F06_ATLAS","FILE_PLAN_ALL 881 BRANCHABLE_ATLAS OBSIDIA_BRANCHABLE_ATLAS_FULL_V0_5_DEEP_FINAL_AUDIT/docs/full_doc_extraction/tables/DOCX_TABLE_0089.md atlas/source_extraction/ DOCX_TABLE_0089.md md P4_ATLAS_EVIDENCE_OR_DOCS F06 0 0 0 0 1  NOT_FOUND_LOCA","INTEGRATE_TO_ATLAS_READONLY_SCENARIO_SPEC_CANDIDATE","ATLAS_READONLY_ADVISORY_ONLY","false","false","false","false","false","F06 audit/spec only; Atlas scenario/context candidate; never runtime reality claim"
"BRANCHABLE_ATLAS","atlas/source_extraction/","F06_ATLAS","FILE_PLAN_ALL 882 BRANCHABLE_ATLAS OBSIDIA_BRANCHABLE_ATLAS_FULL_V0_5_DEEP_FINAL_AUDIT/docs/full_doc_extraction/tables/DOCX_TABLE_0090.md atlas/source_extraction/ DOCX_TABLE_0090.md md P4_ATLAS_EVIDENCE_OR_DOCS F06 0 0 0 0 1  NOT_FOUND_LOCA","INTEGRATE_TO_ATLAS_READONLY_SCENARIO_SPEC_CANDIDATE","ATLAS_READONLY_ADVISORY_ONLY","false","false","false","false","false","F06 audit/spec only; Atlas scenario/context candidate; never runtime reality claim"
"BRANCHABLE_ATLAS","atlas/source_extraction/","F06_ATLAS","FILE_PLAN_ALL 883 BRANCHABLE_ATLAS OBSIDIA_BRANCHABLE_ATLAS_FULL_V0_5_DEEP_FINAL_AUDIT/docs/full_doc_extraction/tables/DOCX_TABLE_0091.md atlas/source_extraction/ DOCX_TABLE_0091.md md P4_ATLAS_EVIDENCE_OR_DOCS F06 0 0 0 0 1  NOT_FOUND_LOCA","INTEGRATE_TO_ATLAS_READONLY_SCENARIO_SPEC_CANDIDATE","ATLAS_READONLY_ADVISORY_ONLY","false","false","false","false","false","F06 audit/spec only; Atlas scenario/context candidate; never runtime reality claim"
"BRANCHABLE_ATLAS","atlas/source_extraction/","F06_ATLAS","FILE_PLAN_ALL 884 BRANCHABLE_ATLAS OBSIDIA_BRANCHABLE_ATLAS_FULL_V0_5_DEEP_FINAL_AUDIT/docs/full_doc_extraction/tables/DOCX_TABLE_0092.md atlas/source_extraction/ DOCX_TABLE_0092.md md P4_ATLAS_EVIDENCE_OR_DOCS F06 0 0 0 0 1  NOT_FOUND_LOCA","INTEGRATE_TO_ATLAS_READONLY_SCENARIO_SPEC_CANDIDATE","ATLAS_READONLY_ADVISORY_ONLY","false","false","false","false","false","F06 audit/spec only; Atlas scenario/context candidate; never runtime reality claim"
"BRANCHABLE_ATLAS","atlas/source_extraction/","F06_ATLAS","FILE_PLAN_ALL 885 BRANCHABLE_ATLAS OBSIDIA_BRANCHABLE_ATLAS_FULL_V0_5_DEEP_FINAL_AUDIT/docs/full_doc_extraction/tables/DOCX_TABLE_0093.md atlas/source_extraction/ DOCX_TABLE_0093.md md P4_ATLAS_EVIDENCE_OR_DOCS F06 0 0 0 0 1  NOT_FOUND_LOCA","INTEGRATE_TO_ATLAS_READONLY_SCENARIO_SPEC_CANDIDATE","ATLAS_READONLY_ADVISORY_ONLY","false","false","false","false","false","F06 audit/spec only; Atlas scenario/context candidate; never runtime reality claim"
"BRANCHABLE_ATLAS","atlas/source_extraction/","F06_ATLAS","FILE_PLAN_ALL 886 BRANCHABLE_ATLAS OBSIDIA_BRANCHABLE_ATLAS_FULL_V0_5_DEEP_FINAL_AUDIT/docs/full_doc_extraction/tables/DOCX_TABLE_0094.md atlas/source_extraction/ DOCX_TABLE_0094.md md P4_ATLAS_EVIDENCE_OR_DOCS F06 0 0 0 0 1  NOT_FOUND_LOCA","INTEGRATE_TO_ATLAS_READONLY_SCENARIO_SPEC_CANDIDATE","ATLAS_READONLY_ADVISORY_ONLY","false","false","false","false","false","F06 audit/spec only; Atlas scenario/context candidate; never runtime reality claim"
"BRANCHABLE_ATLAS","atlas/source_extraction/","F06_ATLAS","FILE_PLAN_ALL 887 BRANCHABLE_ATLAS OBSIDIA_BRANCHABLE_ATLAS_FULL_V0_5_DEEP_FINAL_AUDIT/docs/full_doc_extraction/tables/DOCX_TABLE_0095.md atlas/source_extraction/ DOCX_TABLE_0095.md md P4_ATLAS_EVIDENCE_OR_DOCS F06 0 0 0 0 1  NOT_FOUND_LOCA","INTEGRATE_TO_ATLAS_READONLY_SCENARIO_SPEC_CANDIDATE","ATLAS_READONLY_ADVISORY_ONLY","false","false","false","false","false","F06 audit/spec only; Atlas scenario/context candidate; never runtime reality claim"
"BRANCHABLE_ATLAS","atlas/source_extraction/","F06_ATLAS","FILE_PLAN_ALL 888 BRANCHABLE_ATLAS OBSIDIA_BRANCHABLE_ATLAS_FULL_V0_5_DEEP_FINAL_AUDIT/docs/full_doc_extraction/tables/DOCX_TABLE_0096.md atlas/source_extraction/ DOCX_TABLE_0096.md md P4_ATLAS_EVIDENCE_OR_DOCS F06 0 0 0 0 1  NOT_FOUND_LOCA","INTEGRATE_TO_ATLAS_READONLY_SCENARIO_SPEC_CANDIDATE","ATLAS_READONLY_ADVISORY_ONLY","false","false","false","false","false","F06 audit/spec only; Atlas scenario/context candidate; never runtime reality claim"
"BRANCHABLE_ATLAS","atlas/source_extraction/","F06_ATLAS","FILE_PLAN_ALL 889 BRANCHABLE_ATLAS OBSIDIA_BRANCHABLE_ATLAS_FULL_V0_5_DEEP_FINAL_AUDIT/docs/full_doc_extraction/tables/DOCX_TABLE_0097.md atlas/source_extraction/ DOCX_TABLE_0097.md md P4_ATLAS_EVIDENCE_OR_DOCS F06 0 0 0 0 1  NOT_FOUND_LOCA","INTEGRATE_TO_ATLAS_READONLY_SCENARIO_SPEC_CANDIDATE","ATLAS_READONLY_ADVISORY_ONLY","false","false","false","false","false","F06 audit/spec only; Atlas scenario/context candidate; never runtime reality claim"
"BRANCHABLE_ATLAS","atlas/source_extraction/","F06_ATLAS","FILE_PLAN_ALL 890 BRANCHABLE_ATLAS OBSIDIA_BRANCHABLE_ATLAS_FULL_V0_5_DEEP_FINAL_AUDIT/docs/full_doc_extraction/tables/DOCX_TABLE_0098.md atlas/source_extraction/ DOCX_TABLE_0098.md md P4_ATLAS_EVIDENCE_OR_DOCS F06 0 0 0 0 1  NOT_FOUND_LOCA","INTEGRATE_TO_ATLAS_READONLY_SCENARIO_SPEC_CANDIDATE","ATLAS_READONLY_ADVISORY_ONLY","false","false","false","false","false","F06 audit/spec only; Atlas scenario/context candidate; never runtime reality claim"
"BRANCHABLE_ATLAS","atlas/source_extraction/","F06_ATLAS","FILE_PLAN_ALL 891 BRANCHABLE_ATLAS OBSIDIA_BRANCHABLE_ATLAS_FULL_V0_5_DEEP_FINAL_AUDIT/docs/full_doc_extraction/tables/DOCX_TABLE_0099.md atlas/source_extraction/ DOCX_TABLE_0099.md md P4_ATLAS_EVIDENCE_OR_DOCS F06 0 0 0 0 1  NOT_FOUND_LOCA","INTEGRATE_TO_ATLAS_READONLY_SCENARIO_SPEC_CANDIDATE","ATLAS_READONLY_ADVISORY_ONLY","false","false","false","false","false","F06 audit/spec only; Atlas scenario/context candidate; never runtime reality claim"
"BRANCHABLE_ATLAS","atlas/source_extraction/","F06_ATLAS","FILE_PLAN_ALL 892 BRANCHABLE_ATLAS OBSIDIA_BRANCHABLE_ATLAS_FULL_V0_5_DEEP_FINAL_AUDIT/docs/full_doc_extraction/tables/DOCX_TABLE_0100.md atlas/source_extraction/ DOCX_TABLE_0100.md md P4_ATLAS_EVIDENCE_OR_DOCS F06 0 0 0 0 1  NOT_FOUND_LOCA","INTEGRATE_TO_ATLAS_READONLY_SCENARIO_SPEC_CANDIDATE","ATLAS_READONLY_ADVISORY_ONLY","false","false","false","false","false","F06 audit/spec only; Atlas scenario/context candidate; never runtime reality claim"
"BRANCHABLE_ATLAS","atlas/source_extraction/","F06_ATLAS","FILE_PLAN_ALL 893 BRANCHABLE_ATLAS OBSIDIA_BRANCHABLE_ATLAS_FULL_V0_5_DEEP_FINAL_AUDIT/docs/full_doc_extraction/tables/DOCX_TABLE_0101.md atlas/source_extraction/ DOCX_TABLE_0101.md md P4_ATLAS_EVIDENCE_OR_DOCS F06 0 0 0 0 1  NOT_FOUND_LOCA","INTEGRATE_TO_ATLAS_READONLY_SCENARIO_SPEC_CANDIDATE","ATLAS_READONLY_ADVISORY_ONLY","false","false","false","false","false","F06 audit/spec only; Atlas scenario/context candidate; never runtime reality claim"
"BRANCHABLE_ATLAS","atlas/source_extraction/","F06_ATLAS","FILE_PLAN_ALL 894 BRANCHABLE_ATLAS OBSIDIA_BRANCHABLE_ATLAS_FULL_V0_5_DEEP_FINAL_AUDIT/docs/full_doc_extraction/tables/DOCX_TABLE_0102.md atlas/source_extraction/ DOCX_TABLE_0102.md md P4_ATLAS_EVIDENCE_OR_DOCS F06 0 0 0 0 1  NOT_FOUND_LOCA","INTEGRATE_TO_ATLAS_READONLY_SCENARIO_SPEC_CANDIDATE","ATLAS_READONLY_ADVISORY_ONLY","false","false","false","false","false","F06 audit/spec only; Atlas scenario/context candidate; never runtime reality claim"
"BRANCHABLE_ATLAS","atlas/source_extraction/","F06_ATLAS","FILE_PLAN_ALL 895 BRANCHABLE_ATLAS OBSIDIA_BRANCHABLE_ATLAS_FULL_V0_5_DEEP_FINAL_AUDIT/docs/full_doc_extraction/tables/DOCX_TABLE_0103.md atlas/source_extraction/ DOCX_TABLE_0103.md md P4_ATLAS_EVIDENCE_OR_DOCS F06 0 0 0 0 1  NOT_FOUND_LOCA","INTEGRATE_TO_ATLAS_READONLY_SCENARIO_SPEC_CANDIDATE","ATLAS_READONLY_ADVISORY_ONLY","false","false","false","false","false","F06 audit/spec only; Atlas scenario/context candidate; never runtime reality claim"
"BRANCHABLE_ATLAS","atlas/source_extraction/","F06_ATLAS","FILE_PLAN_ALL 896 BRANCHABLE_ATLAS OBSIDIA_BRANCHABLE_ATLAS_FULL_V0_5_DEEP_FINAL_AUDIT/docs/full_doc_extraction/tables/DOCX_TABLE_0104.md atlas/source_extraction/ DOCX_TABLE_0104.md md P4_ATLAS_EVIDENCE_OR_DOCS F06 0 0 0 0 1  NOT_FOUND_LOCA","INTEGRATE_TO_ATLAS_READONLY_SCENARIO_SPEC_CANDIDATE","ATLAS_READONLY_ADVISORY_ONLY","false","false","false","false","false","F06 audit/spec only; Atlas scenario/context candidate; never runtime reality claim"
"BRANCHABLE_ATLAS","atlas/source_extraction/","F06_ATLAS","FILE_PLAN_ALL 897 BRANCHABLE_ATLAS OBSIDIA_BRANCHABLE_ATLAS_FULL_V0_5_DEEP_FINAL_AUDIT/docs/full_doc_extraction/tables/DOCX_TABLE_0105.md atlas/source_extraction/ DOCX_TABLE_0105.md md P4_ATLAS_EVIDENCE_OR_DOCS F06 0 0 0 0 1  NOT_FOUND_LOCA","INTEGRATE_TO_ATLAS_READONLY_SCENARIO_SPEC_CANDIDATE","ATLAS_READONLY_ADVISORY_ONLY","false","false","false","false","false","F06 audit/spec only; Atlas scenario/context candidate; never runtime reality claim"
"BRANCHABLE_ATLAS","atlas/source_extraction/","F06_ATLAS","FILE_PLAN_ALL 898 BRANCHABLE_ATLAS OBSIDIA_BRANCHABLE_ATLAS_FULL_V0_5_DEEP_FINAL_AUDIT/docs/full_doc_extraction/tables/DOCX_TABLE_0106.md atlas/source_extraction/ DOCX_TABLE_0106.md md P4_ATLAS_EVIDENCE_OR_DOCS F06 0 0 0 0 1  NOT_FOUND_LOCA","INTEGRATE_TO_ATLAS_READONLY_SCENARIO_SPEC_CANDIDATE","ATLAS_READONLY_ADVISORY_ONLY","false","false","false","false","false","F06 audit/spec only; Atlas scenario/context candidate; never runtime reality claim"
"BRANCHABLE_ATLAS","atlas/source_extraction/","F06_ATLAS","FILE_PLAN_ALL 899 BRANCHABLE_ATLAS OBSIDIA_BRANCHABLE_ATLAS_FULL_V0_5_DEEP_FINAL_AUDIT/docs/full_doc_extraction/tables/DOCX_TABLE_0107.md atlas/source_extraction/ DOCX_TABLE_0107.md md P4_ATLAS_EVIDENCE_OR_DOCS F06 0 0 0 0 1  NOT_FOUND_LOCA","INTEGRATE_TO_ATLAS_READONLY_SCENARIO_SPEC_CANDIDATE","ATLAS_READONLY_ADVISORY_ONLY","false","false","false","false","false","F06 audit/spec only; Atlas scenario/context candidate; never runtime reality claim"
"BRANCHABLE_ATLAS","atlas/source_extraction/","F06_ATLAS","FILE_PLAN_ALL 900 BRANCHABLE_ATLAS OBSIDIA_BRANCHABLE_ATLAS_FULL_V0_5_DEEP_FINAL_AUDIT/docs/full_doc_extraction/tables/DOCX_TABLE_0108.md atlas/source_extraction/ DOCX_TABLE_0108.md md P4_ATLAS_EVIDENCE_OR_DOCS F06 0 0 0 0 1  NOT_FOUND_LOCA","INTEGRATE_TO_ATLAS_READONLY_SCENARIO_SPEC_CANDIDATE","ATLAS_READONLY_ADVISORY_ONLY","false","false","false","false","false","F06 audit/spec only; Atlas scenario/context candidate; never runtime reality claim"
"BRANCHABLE_ATLAS","atlas/source_extraction/","F06_ATLAS","FILE_PLAN_ALL 901 BRANCHABLE_ATLAS OBSIDIA_BRANCHABLE_ATLAS_FULL_V0_5_DEEP_FINAL_AUDIT/docs/full_doc_extraction/tables/DOCX_TABLE_0109.md atlas/source_extraction/ DOCX_TABLE_0109.md md P4_ATLAS_EVIDENCE_OR_DOCS F06 0 0 0 0 1  NOT_FOUND_LOCA","INTEGRATE_TO_ATLAS_READONLY_SCENARIO_SPEC_CANDIDATE","ATLAS_READONLY_ADVISORY_ONLY","false","false","false","false","false","F06 audit/spec only; Atlas scenario/context candidate; never runtime reality claim"
"BRANCHABLE_ATLAS","atlas/source_extraction/","F06_ATLAS","FILE_PLAN_ALL 902 BRANCHABLE_ATLAS OBSIDIA_BRANCHABLE_ATLAS_FULL_V0_5_DEEP_FINAL_AUDIT/docs/full_doc_extraction/tables/DOCX_TABLE_0110.md atlas/source_extraction/ DOCX_TABLE_0110.md md P4_ATLAS_EVIDENCE_OR_DOCS F06 0 0 0 0 1  NOT_FOUND_LOCA","INTEGRATE_TO_ATLAS_READONLY_SCENARIO_SPEC_CANDIDATE","ATLAS_READONLY_ADVISORY_ONLY","false","false","false","false","false","F06 audit/spec only; Atlas scenario/context candidate; never runtime reality claim"
"BRANCHABLE_ATLAS","atlas/source_extraction/","F06_ATLAS","FILE_PLAN_ALL 903 BRANCHABLE_ATLAS OBSIDIA_BRANCHABLE_ATLAS_FULL_V0_5_DEEP_FINAL_AUDIT/docs/full_doc_extraction/tables/DOCX_TABLE_0111.md atlas/source_extraction/ DOCX_TABLE_0111.md md P4_ATLAS_EVIDENCE_OR_DOCS F06 0 0 0 0 1  NOT_FOUND_LOCA","INTEGRATE_TO_ATLAS_READONLY_SCENARIO_SPEC_CANDIDATE","ATLAS_READONLY_ADVISORY_ONLY","false","false","false","false","false","F06 audit/spec only; Atlas scenario/context candidate; never runtime reality claim"
"BRANCHABLE_ATLAS","atlas/source_extraction/","F06_ATLAS","FILE_PLAN_ALL 904 BRANCHABLE_ATLAS OBSIDIA_BRANCHABLE_ATLAS_FULL_V0_5_DEEP_FINAL_AUDIT/docs/full_doc_extraction/tables/DOCX_TABLE_0112.md atlas/source_extraction/ DOCX_TABLE_0112.md md P4_ATLAS_EVIDENCE_OR_DOCS F06 0 0 0 0 1  NOT_FOUND_LOCA","INTEGRATE_TO_ATLAS_READONLY_SCENARIO_SPEC_CANDIDATE","ATLAS_READONLY_ADVISORY_ONLY","false","false","false","false","false","F06 audit/spec only; Atlas scenario/context candidate; never runtime reality claim"
"BRANCHABLE_ATLAS","atlas/source_extraction/","F06_ATLAS","FILE_PLAN_ALL 905 BRANCHABLE_ATLAS OBSIDIA_BRANCHABLE_ATLAS_FULL_V0_5_DEEP_FINAL_AUDIT/docs/full_doc_extraction/tables/DOCX_TABLE_0113.md atlas/source_extraction/ DOCX_TABLE_0113.md md P4_ATLAS_EVIDENCE_OR_DOCS F06 0 0 0 0 1  NOT_FOUND_LOCA","INTEGRATE_TO_ATLAS_READONLY_SCENARIO_SPEC_CANDIDATE","ATLAS_READONLY_ADVISORY_ONLY","false","false","false","false","false","F06 audit/spec only; Atlas scenario/context candidate; never runtime reality claim"
"BRANCHABLE_ATLAS","atlas/source_extraction/","F06_ATLAS","FILE_PLAN_ALL 906 BRANCHABLE_ATLAS OBSIDIA_BRANCHABLE_ATLAS_FULL_V0_5_DEEP_FINAL_AUDIT/docs/full_doc_extraction/tables/DOCX_TABLE_0114.md atlas/source_extraction/ DOCX_TABLE_0114.md md P4_ATLAS_EVIDENCE_OR_DOCS F06 0 0 0 0 1  NOT_FOUND_LOCA","INTEGRATE_TO_ATLAS_READONLY_SCENARIO_SPEC_CANDIDATE","ATLAS_READONLY_ADVISORY_ONLY","false","false","false","false","false","F06 audit/spec only; Atlas scenario/context candidate; never runtime reality claim"
"BRANCHABLE_ATLAS","atlas/source_extraction/","F06_ATLAS","FILE_PLAN_ALL 907 BRANCHABLE_ATLAS OBSIDIA_BRANCHABLE_ATLAS_FULL_V0_5_DEEP_FINAL_AUDIT/docs/full_doc_extraction/tables/DOCX_TABLE_0115.md atlas/source_extraction/ DOCX_TABLE_0115.md md P4_ATLAS_EVIDENCE_OR_DOCS F06 0 0 0 0 1  NOT_FOUND_LOCA","INTEGRATE_TO_ATLAS_READONLY_SCENARIO_SPEC_CANDIDATE","ATLAS_READONLY_ADVISORY_ONLY","false","false","false","false","false","F06 audit/spec only; Atlas scenario/context candidate; never runtime reality claim"
"BRANCHABLE_ATLAS","atlas/source_extraction/","F06_ATLAS","FILE_PLAN_ALL 908 BRANCHABLE_ATLAS OBSIDIA_BRANCHABLE_ATLAS_FULL_V0_5_DEEP_FINAL_AUDIT/docs/full_doc_extraction/tables/DOCX_TABLE_0116.md atlas/source_extraction/ DOCX_TABLE_0116.md md P4_ATLAS_EVIDENCE_OR_DOCS F06 0 0 0 0 1  NOT_FOUND_LOCA","INTEGRATE_TO_ATLAS_READONLY_SCENARIO_SPEC_CANDIDATE","ATLAS_READONLY_ADVISORY_ONLY","false","false","false","false","false","F06 audit/spec only; Atlas scenario/context candidate; never runtime reality claim"
"BRANCHABLE_ATLAS","atlas/source_extraction/","F06_ATLAS","FILE_PLAN_ALL 909 BRANCHABLE_ATLAS OBSIDIA_BRANCHABLE_ATLAS_FULL_V0_5_DEEP_FINAL_AUDIT/docs/full_doc_extraction/tables/DOCX_TABLE_0117.md atlas/source_extraction/ DOCX_TABLE_0117.md md P4_ATLAS_EVIDENCE_OR_DOCS F06 0 0 0 0 1  NOT_FOUND_LOCA","INTEGRATE_TO_ATLAS_READONLY_SCENARIO_SPEC_CANDIDATE","ATLAS_READONLY_ADVISORY_ONLY","false","false","false","false","false","F06 audit/spec only; Atlas scenario/context candidate; never runtime reality claim"
"BRANCHABLE_ATLAS","atlas/source_extraction/","F06_ATLAS","FILE_PLAN_ALL 910 BRANCHABLE_ATLAS OBSIDIA_BRANCHABLE_ATLAS_FULL_V0_5_DEEP_FINAL_AUDIT/docs/full_doc_extraction/tables/DOCX_TABLE_0118.md atlas/source_extraction/ DOCX_TABLE_0118.md md P4_ATLAS_EVIDENCE_OR_DOCS F06 0 0 0 0 1  NOT_FOUND_LOCA","INTEGRATE_TO_ATLAS_READONLY_SCENARIO_SPEC_CANDIDATE","ATLAS_READONLY_ADVISORY_ONLY","false","false","false","false","false","F06 audit/spec only; Atlas scenario/context candidate; never runtime reality claim"
"BRANCHABLE_ATLAS","atlas/source_extraction/","F06_ATLAS","FILE_PLAN_ALL 911 BRANCHABLE_ATLAS OBSIDIA_BRANCHABLE_ATLAS_FULL_V0_5_DEEP_FINAL_AUDIT/docs/full_doc_extraction/tables/DOCX_TABLE_0119.md atlas/source_extraction/ DOCX_TABLE_0119.md md P4_ATLAS_EVIDENCE_OR_DOCS F06 0 0 0 0 1  NOT_FOUND_LOCA","INTEGRATE_TO_ATLAS_READONLY_SCENARIO_SPEC_CANDIDATE","ATLAS_READONLY_ADVISORY_ONLY","false","false","false","false","false","F06 audit/spec only; Atlas scenario/context candidate; never runtime reality claim"
"BRANCHABLE_ATLAS","atlas/source_extraction/","F06_ATLAS","FILE_PLAN_ALL 912 BRANCHABLE_ATLAS OBSIDIA_BRANCHABLE_ATLAS_FULL_V0_5_DEEP_FINAL_AUDIT/docs/full_doc_extraction/tables/DOCX_TABLE_0120.md atlas/source_extraction/ DOCX_TABLE_0120.md md P4_ATLAS_EVIDENCE_OR_DOCS F06 0 0 0 0 1  NOT_FOUND_LOCA","INTEGRATE_TO_ATLAS_READONLY_SCENARIO_SPEC_CANDIDATE","ATLAS_READONLY_ADVISORY_ONLY","false","false","false","false","false","F06 audit/spec only; Atlas scenario/context candidate; never runtime reality claim"
"BRANCHABLE_ATLAS","atlas/source_extraction/","F06_ATLAS","FILE_PLAN_ALL 913 BRANCHABLE_ATLAS OBSIDIA_BRANCHABLE_ATLAS_FULL_V0_5_DEEP_FINAL_AUDIT/docs/full_doc_extraction/tables/DOCX_TABLE_0121.md atlas/source_extraction/ DOCX_TABLE_0121.md md P4_ATLAS_EVIDENCE_OR_DOCS F06 0 0 0 0 1  NOT_FOUND_LOCA","INTEGRATE_TO_ATLAS_READONLY_SCENARIO_SPEC_CANDIDATE","ATLAS_READONLY_ADVISORY_ONLY","false","false","false","false","false","F06 audit/spec only; Atlas scenario/context candidate; never runtime reality claim"
"BRANCHABLE_ATLAS","atlas/source_extraction/","F06_ATLAS","FILE_PLAN_ALL 914 BRANCHABLE_ATLAS OBSIDIA_BRANCHABLE_ATLAS_FULL_V0_5_DEEP_FINAL_AUDIT/docs/full_doc_extraction/tables/DOCX_TABLE_0122.md atlas/source_extraction/ DOCX_TABLE_0122.md md P4_ATLAS_EVIDENCE_OR_DOCS F06 0 0 0 0 1  NOT_FOUND_LOCA","INTEGRATE_TO_ATLAS_READONLY_SCENARIO_SPEC_CANDIDATE","ATLAS_READONLY_ADVISORY_ONLY","false","false","false","false","false","F06 audit/spec only; Atlas scenario/context candidate; never runtime reality claim"
"BRANCHABLE_ATLAS","atlas/source_extraction/","F06_ATLAS","FILE_PLAN_ALL 915 BRANCHABLE_ATLAS OBSIDIA_BRANCHABLE_ATLAS_FULL_V0_5_DEEP_FINAL_AUDIT/docs/full_doc_extraction/tables/DOCX_TABLE_0123.md atlas/source_extraction/ DOCX_TABLE_0123.md md P4_ATLAS_EVIDENCE_OR_DOCS F06 0 0 0 0 1  NOT_FOUND_LOCA","INTEGRATE_TO_ATLAS_READONLY_SCENARIO_SPEC_CANDIDATE","ATLAS_READONLY_ADVISORY_ONLY","false","false","false","false","false","F06 audit/spec only; Atlas scenario/context candidate; never runtime reality claim"
"BRANCHABLE_ATLAS","atlas/source_extraction/","F06_ATLAS","FILE_PLAN_ALL 916 BRANCHABLE_ATLAS OBSIDIA_BRANCHABLE_ATLAS_FULL_V0_5_DEEP_FINAL_AUDIT/docs/full_doc_extraction/tables/DOCX_TABLE_0124.md atlas/source_extraction/ DOCX_TABLE_0124.md md P4_ATLAS_EVIDENCE_OR_DOCS F06 0 0 0 0 1  NOT_FOUND_LOCA","INTEGRATE_TO_ATLAS_READONLY_SCENARIO_SPEC_CANDIDATE","ATLAS_READONLY_ADVISORY_ONLY","false","false","false","false","false","F06 audit/spec only; Atlas scenario/context candidate; never runtime reality claim"
"BRANCHABLE_ATLAS","atlas/source_extraction/","F06_ATLAS","FILE_PLAN_ALL 917 BRANCHABLE_ATLAS OBSIDIA_BRANCHABLE_ATLAS_FULL_V0_5_DEEP_FINAL_AUDIT/docs/full_doc_extraction/tables/DOCX_TABLE_0125.md atlas/source_extraction/ DOCX_TABLE_0125.md md P4_ATLAS_EVIDENCE_OR_DOCS F06 0 0 0 0 1  NOT_FOUND_LOCA","INTEGRATE_TO_ATLAS_READONLY_SCENARIO_SPEC_CANDIDATE","ATLAS_READONLY_ADVISORY_ONLY","false","false","false","false","false","F06 audit/spec only; Atlas scenario/context candidate; never runtime reality claim"
"BRANCHABLE_ATLAS","atlas/source_extraction/","F06_ATLAS","FILE_PLAN_ALL 918 BRANCHABLE_ATLAS OBSIDIA_BRANCHABLE_ATLAS_FULL_V0_5_DEEP_FINAL_AUDIT/docs/full_doc_extraction/tables/DOCX_TABLE_0126.md atlas/source_extraction/ DOCX_TABLE_0126.md md P4_ATLAS_EVIDENCE_OR_DOCS F06 0 0 0 0 1  NOT_FOUND_LOCA","INTEGRATE_TO_ATLAS_READONLY_SCENARIO_SPEC_CANDIDATE","ATLAS_READONLY_ADVISORY_ONLY","false","false","false","false","false","F06 audit/spec only; Atlas scenario/context candidate; never runtime reality claim"
"BRANCHABLE_ATLAS","atlas/source_extraction/","F06_ATLAS","FILE_PLAN_ALL 919 BRANCHABLE_ATLAS OBSIDIA_BRANCHABLE_ATLAS_FULL_V0_5_DEEP_FINAL_AUDIT/docs/full_doc_extraction/tables/DOCX_TABLE_0127.md atlas/source_extraction/ DOCX_TABLE_0127.md md P4_ATLAS_EVIDENCE_OR_DOCS F06 0 0 0 0 1  NOT_FOUND_LOCA","INTEGRATE_TO_ATLAS_READONLY_SCENARIO_SPEC_CANDIDATE","ATLAS_READONLY_ADVISORY_ONLY","false","false","false","false","false","F06 audit/spec only; Atlas scenario/context candidate; never runtime reality claim"
"BRANCHABLE_ATLAS","atlas/source_extraction/","F06_ATLAS","FILE_PLAN_ALL 920 BRANCHABLE_ATLAS OBSIDIA_BRANCHABLE_ATLAS_FULL_V0_5_DEEP_FINAL_AUDIT/docs/full_doc_extraction/tables/DOCX_TABLE_0128.md atlas/source_extraction/ DOCX_TABLE_0128.md md P4_ATLAS_EVIDENCE_OR_DOCS F06 0 0 0 0 1  NOT_FOUND_LOCA","INTEGRATE_TO_ATLAS_READONLY_SCENARIO_SPEC_CANDIDATE","ATLAS_READONLY_ADVISORY_ONLY","false","false","false","false","false","F06 audit/spec only; Atlas scenario/context candidate; never runtime reality claim"
"BRANCHABLE_ATLAS","atlas/source_extraction/","F06_ATLAS","FILE_PLAN_ALL 921 BRANCHABLE_ATLAS OBSIDIA_BRANCHABLE_ATLAS_FULL_V0_5_DEEP_FINAL_AUDIT/docs/full_doc_extraction/tables/DOCX_TABLE_0129.md atlas/source_extraction/ DOCX_TABLE_0129.md md P4_ATLAS_EVIDENCE_OR_DOCS F06 0 0 0 0 1  NOT_FOUND_LOCA","INTEGRATE_TO_ATLAS_READONLY_SCENARIO_SPEC_CANDIDATE","ATLAS_READONLY_ADVISORY_ONLY","false","false","false","false","false","F06 audit/spec only; Atlas scenario/context candidate; never runtime reality claim"
"BRANCHABLE_ATLAS","atlas/source_extraction/","F06_ATLAS","FILE_PLAN_ALL 922 BRANCHABLE_ATLAS OBSIDIA_BRANCHABLE_ATLAS_FULL_V0_5_DEEP_FINAL_AUDIT/docs/full_doc_extraction/tables/DOCX_TABLE_0130.md atlas/source_extraction/ DOCX_TABLE_0130.md md P4_ATLAS_EVIDENCE_OR_DOCS F06 0 0 0 0 1  NOT_FOUND_LOCA","INTEGRATE_TO_ATLAS_READONLY_SCENARIO_SPEC_CANDIDATE","ATLAS_READONLY_ADVISORY_ONLY","false","false","false","false","false","F06 audit/spec only; Atlas scenario/context candidate; never runtime reality claim"
"BRANCHABLE_ATLAS","atlas/source_extraction/","F06_ATLAS","FILE_PLAN_ALL 923 BRANCHABLE_ATLAS OBSIDIA_BRANCHABLE_ATLAS_FULL_V0_5_DEEP_FINAL_AUDIT/docs/full_doc_extraction/tables/DOCX_TABLE_0131.md atlas/source_extraction/ DOCX_TABLE_0131.md md P4_ATLAS_EVIDENCE_OR_DOCS F06 0 0 0 0 1  NOT_FOUND_LOCA","INTEGRATE_TO_ATLAS_READONLY_SCENARIO_SPEC_CANDIDATE","ATLAS_READONLY_ADVISORY_ONLY","false","false","false","false","false","F06 audit/spec only; Atlas scenario/context candidate; never runtime reality claim"
"BRANCHABLE_ATLAS","atlas/source_extraction/","F06_ATLAS","FILE_PLAN_ALL 924 BRANCHABLE_ATLAS OBSIDIA_BRANCHABLE_ATLAS_FULL_V0_5_DEEP_FINAL_AUDIT/docs/full_doc_extraction/tables/DOCX_TABLE_0132.md atlas/source_extraction/ DOCX_TABLE_0132.md md P4_ATLAS_EVIDENCE_OR_DOCS F06 0 0 0 0 1  NOT_FOUND_LOCA","INTEGRATE_TO_ATLAS_READONLY_SCENARIO_SPEC_CANDIDATE","ATLAS_READONLY_ADVISORY_ONLY","false","false","false","false","false","F06 audit/spec only; Atlas scenario/context candidate; never runtime reality claim"
"BRANCHABLE_ATLAS","atlas/source_extraction/","F06_ATLAS","FILE_PLAN_ALL 925 BRANCHABLE_ATLAS OBSIDIA_BRANCHABLE_ATLAS_FULL_V0_5_DEEP_FINAL_AUDIT/docs/full_doc_extraction/tables/DOCX_TABLE_0133.md atlas/source_extraction/ DOCX_TABLE_0133.md md P4_ATLAS_EVIDENCE_OR_DOCS F06 0 0 0 0 1  NOT_FOUND_LOCA","INTEGRATE_TO_ATLAS_READONLY_SCENARIO_SPEC_CANDIDATE","ATLAS_READONLY_ADVISORY_ONLY","false","false","false","false","false","F06 audit/spec only; Atlas scenario/context candidate; never runtime reality claim"
"BRANCHABLE_ATLAS","atlas/source_extraction/","F06_ATLAS","FILE_PLAN_ALL 926 BRANCHABLE_ATLAS OBSIDIA_BRANCHABLE_ATLAS_FULL_V0_5_DEEP_FINAL_AUDIT/docs/full_doc_extraction/tables/DOCX_TABLE_0134.md atlas/source_extraction/ DOCX_TABLE_0134.md md P4_ATLAS_EVIDENCE_OR_DOCS F06 0 0 0 0 1  NOT_FOUND_LOCA","INTEGRATE_TO_ATLAS_READONLY_SCENARIO_SPEC_CANDIDATE","ATLAS_READONLY_ADVISORY_ONLY","false","false","false","false","false","F06 audit/spec only; Atlas scenario/context candidate; never runtime reality claim"
"BRANCHABLE_ATLAS","atlas/source_extraction/","F06_ATLAS","FILE_PLAN_ALL 927 BRANCHABLE_ATLAS OBSIDIA_BRANCHABLE_ATLAS_FULL_V0_5_DEEP_FINAL_AUDIT/docs/full_doc_extraction/tables/DOCX_TABLE_0135.md atlas/source_extraction/ DOCX_TABLE_0135.md md P4_ATLAS_EVIDENCE_OR_DOCS F06 0 0 0 0 1  NOT_FOUND_LOCA","INTEGRATE_TO_ATLAS_READONLY_SCENARIO_SPEC_CANDIDATE","ATLAS_READONLY_ADVISORY_ONLY","false","false","false","false","false","F06 audit/spec only; Atlas scenario/context candidate; never runtime reality claim"
"BRANCHABLE_ATLAS","atlas/source_extraction/","F06_ATLAS","FILE_PLAN_ALL 928 BRANCHABLE_ATLAS OBSIDIA_BRANCHABLE_ATLAS_FULL_V0_5_DEEP_FINAL_AUDIT/docs/full_doc_extraction/tables/DOCX_TABLE_0136.md atlas/source_extraction/ DOCX_TABLE_0136.md md P4_ATLAS_EVIDENCE_OR_DOCS F06 0 0 0 0 1  NOT_FOUND_LOCA","INTEGRATE_TO_ATLAS_READONLY_SCENARIO_SPEC_CANDIDATE","ATLAS_READONLY_ADVISORY_ONLY","false","false","false","false","false","F06 audit/spec only; Atlas scenario/context candidate; never runtime reality claim"
"BRANCHABLE_ATLAS","atlas/source_extraction/","F06_ATLAS","FILE_PLAN_ALL 929 BRANCHABLE_ATLAS OBSIDIA_BRANCHABLE_ATLAS_FULL_V0_5_DEEP_FINAL_AUDIT/docs/full_doc_extraction/tables/DOCX_TABLE_0137.md atlas/source_extraction/ DOCX_TABLE_0137.md md P4_ATLAS_EVIDENCE_OR_DOCS F06 0 0 0 0 1  NOT_FOUND_LOCA","INTEGRATE_TO_ATLAS_READONLY_SCENARIO_SPEC_CANDIDATE","ATLAS_READONLY_ADVISORY_ONLY","false","false","false","false","false","F06 audit/spec only; Atlas scenario/context candidate; never runtime reality claim"
"BRANCHABLE_ATLAS","atlas/source_extraction/","F06_ATLAS","FILE_PLAN_ALL 930 BRANCHABLE_ATLAS OBSIDIA_BRANCHABLE_ATLAS_FULL_V0_5_DEEP_FINAL_AUDIT/docs/full_doc_extraction/tables/DOCX_TABLE_0138.md atlas/source_extraction/ DOCX_TABLE_0138.md md P4_ATLAS_EVIDENCE_OR_DOCS F06 0 0 0 0 1  NOT_FOUND_LOCA","INTEGRATE_TO_ATLAS_READONLY_SCENARIO_SPEC_CANDIDATE","ATLAS_READONLY_ADVISORY_ONLY","false","false","false","false","false","F06 audit/spec only; Atlas scenario/context candidate; never runtime reality claim"
"BRANCHABLE_ATLAS","atlas/source_extraction/","F06_ATLAS","FILE_PLAN_ALL 931 BRANCHABLE_ATLAS OBSIDIA_BRANCHABLE_ATLAS_FULL_V0_5_DEEP_FINAL_AUDIT/docs/full_doc_extraction/tables/DOCX_TABLE_0139.md atlas/source_extraction/ DOCX_TABLE_0139.md md P4_ATLAS_EVIDENCE_OR_DOCS F06 0 0 0 0 1  NOT_FOUND_LOCA","INTEGRATE_TO_ATLAS_READONLY_SCENARIO_SPEC_CANDIDATE","ATLAS_READONLY_ADVISORY_ONLY","false","false","false","false","false","F06 audit/spec only; Atlas scenario/context candidate; never runtime reality claim"
"BRANCHABLE_ATLAS","atlas/source_extraction/","F06_ATLAS","FILE_PLAN_ALL 932 BRANCHABLE_ATLAS OBSIDIA_BRANCHABLE_ATLAS_FULL_V0_5_DEEP_FINAL_AUDIT/docs/full_doc_extraction/tables/DOCX_TABLE_0140.md atlas/source_extraction/ DOCX_TABLE_0140.md md P4_ATLAS_EVIDENCE_OR_DOCS F06 0 0 0 0 1  NOT_FOUND_LOCA","INTEGRATE_TO_ATLAS_READONLY_SCENARIO_SPEC_CANDIDATE","ATLAS_READONLY_ADVISORY_ONLY","false","false","false","false","false","F06 audit/spec only; Atlas scenario/context candidate; never runtime reality claim"
"BRANCHABLE_ATLAS","atlas/source_extraction/","F06_ATLAS","FILE_PLAN_ALL 933 BRANCHABLE_ATLAS OBSIDIA_BRANCHABLE_ATLAS_FULL_V0_5_DEEP_FINAL_AUDIT/docs/full_doc_extraction/tables/DOCX_TABLE_0141.md atlas/source_extraction/ DOCX_TABLE_0141.md md P4_ATLAS_EVIDENCE_OR_DOCS F06 0 0 0 0 1  NOT_FOUND_LOCA","INTEGRATE_TO_ATLAS_READONLY_SCENARIO_SPEC_CANDIDATE","ATLAS_READONLY_ADVISORY_ONLY","false","false","false","false","false","F06 audit/spec only; Atlas scenario/context candidate; never runtime reality claim"
"BRANCHABLE_ATLAS","atlas/source_extraction/","F06_ATLAS","FILE_PLAN_ALL 934 BRANCHABLE_ATLAS OBSIDIA_BRANCHABLE_ATLAS_FULL_V0_5_DEEP_FINAL_AUDIT/docs/full_doc_extraction/tables/DOCX_TABLE_0142.md atlas/source_extraction/ DOCX_TABLE_0142.md md P4_ATLAS_EVIDENCE_OR_DOCS F06 0 0 0 0 1  NOT_FOUND_LOCA","INTEGRATE_TO_ATLAS_READONLY_SCENARIO_SPEC_CANDIDATE","ATLAS_READONLY_ADVISORY_ONLY","false","false","false","false","false","F06 audit/spec only; Atlas scenario/context candidate; never runtime reality claim"
"BRANCHABLE_ATLAS","atlas/source_extraction/","F06_ATLAS","FILE_PLAN_ALL 935 BRANCHABLE_ATLAS OBSIDIA_BRANCHABLE_ATLAS_FULL_V0_5_DEEP_FINAL_AUDIT/docs/full_doc_extraction/tables/DOCX_TABLE_0143.md atlas/source_extraction/ DOCX_TABLE_0143.md md P4_ATLAS_EVIDENCE_OR_DOCS F06 0 0 0 0 1  NOT_FOUND_LOCA","INTEGRATE_TO_ATLAS_READONLY_SCENARIO_SPEC_CANDIDATE","ATLAS_READONLY_ADVISORY_ONLY","false","false","false","false","false","F06 audit/spec only; Atlas scenario/context candidate; never runtime reality claim"
"BRANCHABLE_ATLAS","atlas/source_extraction/","F06_ATLAS","FILE_PLAN_ALL 936 BRANCHABLE_ATLAS OBSIDIA_BRANCHABLE_ATLAS_FULL_V0_5_DEEP_FINAL_AUDIT/docs/full_doc_extraction/tables/DOCX_TABLE_0144.md atlas/source_extraction/ DOCX_TABLE_0144.md md P4_ATLAS_EVIDENCE_OR_DOCS F06 0 0 0 0 1  NOT_FOUND_LOCA","INTEGRATE_TO_ATLAS_READONLY_SCENARIO_SPEC_CANDIDATE","ATLAS_READONLY_ADVISORY_ONLY","false","false","false","false","false","F06 audit/spec only; Atlas scenario/context candidate; never runtime reality claim"
"BRANCHABLE_ATLAS","atlas/source_extraction/","F06_ATLAS","FILE_PLAN_ALL 937 BRANCHABLE_ATLAS OBSIDIA_BRANCHABLE_ATLAS_FULL_V0_5_DEEP_FINAL_AUDIT/docs/full_doc_extraction/tables/DOCX_TABLE_0145.md atlas/source_extraction/ DOCX_TABLE_0145.md md P4_ATLAS_EVIDENCE_OR_DOCS F06 0 0 0 0 1  NOT_FOUND_LOCA","INTEGRATE_TO_ATLAS_READONLY_SCENARIO_SPEC_CANDIDATE","ATLAS_READONLY_ADVISORY_ONLY","false","false","false","false","false","F06 audit/spec only; Atlas scenario/context candidate; never runtime reality claim"
"BRANCHABLE_ATLAS","atlas/source_extraction/","F06_ATLAS","FILE_PLAN_ALL 938 BRANCHABLE_ATLAS OBSIDIA_BRANCHABLE_ATLAS_FULL_V0_5_DEEP_FINAL_AUDIT/docs/full_doc_extraction/tables/DOCX_TABLE_0146.md atlas/source_extraction/ DOCX_TABLE_0146.md md P4_ATLAS_EVIDENCE_OR_DOCS F06 0 0 0 0 1  NOT_FOUND_LOCA","INTEGRATE_TO_ATLAS_READONLY_SCENARIO_SPEC_CANDIDATE","ATLAS_READONLY_ADVISORY_ONLY","false","false","false","false","false","F06 audit/spec only; Atlas scenario/context candidate; never runtime reality claim"
"BRANCHABLE_ATLAS","atlas/source_extraction/","F06_ATLAS","FILE_PLAN_ALL 939 BRANCHABLE_ATLAS OBSIDIA_BRANCHABLE_ATLAS_FULL_V0_5_DEEP_FINAL_AUDIT/docs/full_doc_extraction/tables/DOCX_TABLE_0147.md atlas/source_extraction/ DOCX_TABLE_0147.md md P4_ATLAS_EVIDENCE_OR_DOCS F06 0 0 0 0 1  NOT_FOUND_LOCA","INTEGRATE_TO_ATLAS_READONLY_SCENARIO_SPEC_CANDIDATE","ATLAS_READONLY_ADVISORY_ONLY","false","false","false","false","false","F06 audit/spec only; Atlas scenario/context candidate; never runtime reality claim"
"BRANCHABLE_ATLAS","atlas/source_extraction/","F06_ATLAS","FILE_PLAN_ALL 940 BRANCHABLE_ATLAS OBSIDIA_BRANCHABLE_ATLAS_FULL_V0_5_DEEP_FINAL_AUDIT/docs/full_doc_extraction/tables/DOCX_TABLE_0148.md atlas/source_extraction/ DOCX_TABLE_0148.md md P4_ATLAS_EVIDENCE_OR_DOCS F06 0 0 0 0 1  NOT_FOUND_LOCA","INTEGRATE_TO_ATLAS_READONLY_SCENARIO_SPEC_CANDIDATE","ATLAS_READONLY_ADVISORY_ONLY","false","false","false","false","false","F06 audit/spec only; Atlas scenario/context candidate; never runtime reality claim"
"BRANCHABLE_ATLAS","atlas/source_extraction/","F06_ATLAS","FILE_PLAN_ALL 941 BRANCHABLE_ATLAS OBSIDIA_BRANCHABLE_ATLAS_FULL_V0_5_DEEP_FINAL_AUDIT/docs/full_doc_extraction/tables/DOCX_TABLE_0149.md atlas/source_extraction/ DOCX_TABLE_0149.md md P4_ATLAS_EVIDENCE_OR_DOCS F06 0 0 0 0 1  NOT_FOUND_LOCA","INTEGRATE_TO_ATLAS_READONLY_SCENARIO_SPEC_CANDIDATE","ATLAS_READONLY_ADVISORY_ONLY","false","false","false","false","false","F06 audit/spec only; Atlas scenario/context candidate; never runtime reality claim"
"BRANCHABLE_ATLAS","atlas/source_extraction/","F06_ATLAS","FILE_PLAN_ALL 942 BRANCHABLE_ATLAS OBSIDIA_BRANCHABLE_ATLAS_FULL_V0_5_DEEP_FINAL_AUDIT/docs/full_doc_extraction/tables/DOCX_TABLE_0150.md atlas/source_extraction/ DOCX_TABLE_0150.md md P4_ATLAS_EVIDENCE_OR_DOCS F06 0 0 0 0 1  NOT_FOUND_LOCA","INTEGRATE_TO_ATLAS_READONLY_SCENARIO_SPEC_CANDIDATE","ATLAS_READONLY_ADVISORY_ONLY","false","false","false","false","false","F06 audit/spec only; Atlas scenario/context candidate; never runtime reality claim"
"BRANCHABLE_ATLAS","atlas/source_extraction/","F06_ATLAS","FILE_PLAN_ALL 943 BRANCHABLE_ATLAS OBSIDIA_BRANCHABLE_ATLAS_FULL_V0_5_DEEP_FINAL_AUDIT/docs/full_doc_extraction/tables/DOCX_TABLE_0151.md atlas/source_extraction/ DOCX_TABLE_0151.md md P4_ATLAS_EVIDENCE_OR_DOCS F06 0 0 0 0 1  NOT_FOUND_LOCA","INTEGRATE_TO_ATLAS_READONLY_SCENARIO_SPEC_CANDIDATE","ATLAS_READONLY_ADVISORY_ONLY","false","false","false","false","false","F06 audit/spec only; Atlas scenario/context candidate; never runtime reality claim"
"BRANCHABLE_ATLAS","atlas/source_extraction/","F06_ATLAS","FILE_PLAN_ALL 944 BRANCHABLE_ATLAS OBSIDIA_BRANCHABLE_ATLAS_FULL_V0_5_DEEP_FINAL_AUDIT/docs/full_doc_extraction/tables/DOCX_TABLE_0152.md atlas/source_extraction/ DOCX_TABLE_0152.md md P4_ATLAS_EVIDENCE_OR_DOCS F06 0 0 0 0 1  NOT_FOUND_LOCA","INTEGRATE_TO_ATLAS_READONLY_SCENARIO_SPEC_CANDIDATE","ATLAS_READONLY_ADVISORY_ONLY","false","false","false","false","false","F06 audit/spec only; Atlas scenario/context candidate; never runtime reality claim"
"BRANCHABLE_ATLAS","atlas/source_extraction/","F06_ATLAS","FILE_PLAN_ALL 945 BRANCHABLE_ATLAS OBSIDIA_BRANCHABLE_ATLAS_FULL_V0_5_DEEP_FINAL_AUDIT/docs/full_doc_extraction/tables/DOCX_TABLE_0153.md atlas/source_extraction/ DOCX_TABLE_0153.md md P4_ATLAS_EVIDENCE_OR_DOCS F06 0 0 0 0 1  NOT_FOUND_LOCA","INTEGRATE_TO_ATLAS_READONLY_SCENARIO_SPEC_CANDIDATE","ATLAS_READONLY_ADVISORY_ONLY","false","false","false","false","false","F06 audit/spec only; Atlas scenario/context candidate; never runtime reality claim"
"BRANCHABLE_ATLAS","atlas/source_extraction/","F06_ATLAS","FILE_PLAN_ALL 946 BRANCHABLE_ATLAS OBSIDIA_BRANCHABLE_ATLAS_FULL_V0_5_DEEP_FINAL_AUDIT/docs/full_doc_extraction/tables/DOCX_TABLE_0154.md atlas/source_extraction/ DOCX_TABLE_0154.md md P4_ATLAS_EVIDENCE_OR_DOCS F06 0 0 0 0 1  NOT_FOUND_LOCA","INTEGRATE_TO_ATLAS_READONLY_SCENARIO_SPEC_CANDIDATE","ATLAS_READONLY_ADVISORY_ONLY","false","false","false","false","false","F06 audit/spec only; Atlas scenario/context candidate; never runtime reality claim"
"BRANCHABLE_ATLAS","atlas/source_extraction/","F06_ATLAS","FILE_PLAN_ALL 947 BRANCHABLE_ATLAS OBSIDIA_BRANCHABLE_ATLAS_FULL_V0_5_DEEP_FINAL_AUDIT/docs/full_doc_extraction/tables/DOCX_TABLE_0155.md atlas/source_extraction/ DOCX_TABLE_0155.md md P4_ATLAS_EVIDENCE_OR_DOCS F06 0 0 0 0 1  NOT_FOUND_LOCA","INTEGRATE_TO_ATLAS_READONLY_SCENARIO_SPEC_CANDIDATE","ATLAS_READONLY_ADVISORY_ONLY","false","false","false","false","false","F06 audit/spec only; Atlas scenario/context candidate; never runtime reality claim"
"BRANCHABLE_ATLAS","atlas/source_extraction/","F06_ATLAS","FILE_PLAN_ALL 948 BRANCHABLE_ATLAS OBSIDIA_BRANCHABLE_ATLAS_FULL_V0_5_DEEP_FINAL_AUDIT/docs/full_doc_extraction/tables/DOCX_TABLE_0156.md atlas/source_extraction/ DOCX_TABLE_0156.md md P4_ATLAS_EVIDENCE_OR_DOCS F06 0 0 0 0 1  NOT_FOUND_LOCA","INTEGRATE_TO_ATLAS_READONLY_SCENARIO_SPEC_CANDIDATE","ATLAS_READONLY_ADVISORY_ONLY","false","false","false","false","false","F06 audit/spec only; Atlas scenario/context candidate; never runtime reality claim"
"BRANCHABLE_ATLAS","atlas/source_extraction/","F06_ATLAS","FILE_PLAN_ALL 949 BRANCHABLE_ATLAS OBSIDIA_BRANCHABLE_ATLAS_FULL_V0_5_DEEP_FINAL_AUDIT/docs/full_doc_extraction/tables/DOCX_TABLE_0157.md atlas/source_extraction/ DOCX_TABLE_0157.md md P4_ATLAS_EVIDENCE_OR_DOCS F06 0 0 0 0 1  NOT_FOUND_LOCA","INTEGRATE_TO_ATLAS_READONLY_SCENARIO_SPEC_CANDIDATE","ATLAS_READONLY_ADVISORY_ONLY","false","false","false","false","false","F06 audit/spec only; Atlas scenario/context candidate; never runtime reality claim"
"BRANCHABLE_ATLAS","atlas/source_extraction/","F06_ATLAS","FILE_PLAN_ALL 950 BRANCHABLE_ATLAS OBSIDIA_BRANCHABLE_ATLAS_FULL_V0_5_DEEP_FINAL_AUDIT/docs/full_doc_extraction/tables/DOCX_TABLE_0158.md atlas/source_extraction/ DOCX_TABLE_0158.md md P4_ATLAS_EVIDENCE_OR_DOCS F06 0 0 0 0 1  NOT_FOUND_LOCA","INTEGRATE_TO_ATLAS_READONLY_SCENARIO_SPEC_CANDIDATE","ATLAS_READONLY_ADVISORY_ONLY","false","false","false","false","false","F06 audit/spec only; Atlas scenario/context candidate; never runtime reality claim"
"BRANCHABLE_ATLAS","atlas/source_extraction/","F06_ATLAS","FILE_PLAN_ALL 951 BRANCHABLE_ATLAS OBSIDIA_BRANCHABLE_ATLAS_FULL_V0_5_DEEP_FINAL_AUDIT/docs/full_doc_extraction/tables/DOCX_TABLE_0159.md atlas/source_extraction/ DOCX_TABLE_0159.md md P4_ATLAS_EVIDENCE_OR_DOCS F06 0 0 0 0 1  NOT_FOUND_LOCA","INTEGRATE_TO_ATLAS_READONLY_SCENARIO_SPEC_CANDIDATE","ATLAS_READONLY_ADVISORY_ONLY","false","false","false","false","false","F06 audit/spec only; Atlas scenario/context candidate; never runtime reality claim"
"BRANCHABLE_ATLAS","atlas/source_extraction/","F06_ATLAS","FILE_PLAN_ALL 952 BRANCHABLE_ATLAS OBSIDIA_BRANCHABLE_ATLAS_FULL_V0_5_DEEP_FINAL_AUDIT/docs/full_doc_extraction/tables/DOCX_TABLE_0160.md atlas/source_extraction/ DOCX_TABLE_0160.md md P4_ATLAS_EVIDENCE_OR_DOCS F06 0 0 0 0 1  NOT_FOUND_LOCA","INTEGRATE_TO_ATLAS_READONLY_SCENARIO_SPEC_CANDIDATE","ATLAS_READONLY_ADVISORY_ONLY","false","false","false","false","false","F06 audit/spec only; Atlas scenario/context candidate; never runtime reality claim"
"BRANCHABLE_ATLAS","atlas/source_extraction/","F06_ATLAS","FILE_PLAN_ALL 953 BRANCHABLE_ATLAS OBSIDIA_BRANCHABLE_ATLAS_FULL_V0_5_DEEP_FINAL_AUDIT/docs/full_doc_extraction/tables/DOCX_TABLE_0161.md atlas/source_extraction/ DOCX_TABLE_0161.md md P4_ATLAS_EVIDENCE_OR_DOCS F06 0 0 0 0 1  NOT_FOUND_LOCA","INTEGRATE_TO_ATLAS_READONLY_SCENARIO_SPEC_CANDIDATE","ATLAS_READONLY_ADVISORY_ONLY","false","false","false","false","false","F06 audit/spec only; Atlas scenario/context candidate; never runtime reality claim"
"BRANCHABLE_ATLAS","atlas/source_extraction/","F06_ATLAS","FILE_PLAN_ALL 954 BRANCHABLE_ATLAS OBSIDIA_BRANCHABLE_ATLAS_FULL_V0_5_DEEP_FINAL_AUDIT/docs/full_doc_extraction/tables/DOCX_TABLE_0162.md atlas/source_extraction/ DOCX_TABLE_0162.md md P4_ATLAS_EVIDENCE_OR_DOCS F06 0 0 0 0 1  NOT_FOUND_LOCA","INTEGRATE_TO_ATLAS_READONLY_SCENARIO_SPEC_CANDIDATE","ATLAS_READONLY_ADVISORY_ONLY","false","false","false","false","false","F06 audit/spec only; Atlas scenario/context candidate; never runtime reality claim"
"BRANCHABLE_ATLAS","atlas/source_extraction/","F06_ATLAS","FILE_PLAN_ALL 955 BRANCHABLE_ATLAS OBSIDIA_BRANCHABLE_ATLAS_FULL_V0_5_DEEP_FINAL_AUDIT/docs/full_doc_extraction/tables/DOCX_TABLE_0163.md atlas/source_extraction/ DOCX_TABLE_0163.md md P4_ATLAS_EVIDENCE_OR_DOCS F06 0 0 0 0 1  NOT_FOUND_LOCA","INTEGRATE_TO_ATLAS_READONLY_SCENARIO_SPEC_CANDIDATE","ATLAS_READONLY_ADVISORY_ONLY","false","false","false","false","false","F06 audit/spec only; Atlas scenario/context candidate; never runtime reality claim"
"BRANCHABLE_ATLAS","atlas/source_extraction/","F06_ATLAS","FILE_PLAN_ALL 956 BRANCHABLE_ATLAS OBSIDIA_BRANCHABLE_ATLAS_FULL_V0_5_DEEP_FINAL_AUDIT/docs/full_doc_extraction/tables/DOCX_TABLE_0164.md atlas/source_extraction/ DOCX_TABLE_0164.md md P4_ATLAS_EVIDENCE_OR_DOCS F06 0 0 0 0 1  NOT_FOUND_LOCA","INTEGRATE_TO_ATLAS_READONLY_SCENARIO_SPEC_CANDIDATE","ATLAS_READONLY_ADVISORY_ONLY","false","false","false","false","false","F06 audit/spec only; Atlas scenario/context candidate; never runtime reality claim"
"BRANCHABLE_ATLAS","atlas/source_extraction/","F06_ATLAS","FILE_PLAN_ALL 957 BRANCHABLE_ATLAS OBSIDIA_BRANCHABLE_ATLAS_FULL_V0_5_DEEP_FINAL_AUDIT/docs/full_doc_extraction/tables/DOCX_TABLE_0165.md atlas/source_extraction/ DOCX_TABLE_0165.md md P4_ATLAS_EVIDENCE_OR_DOCS F06 0 0 0 0 1  NOT_FOUND_LOCA","INTEGRATE_TO_ATLAS_READONLY_SCENARIO_SPEC_CANDIDATE","ATLAS_READONLY_ADVISORY_ONLY","false","false","false","false","false","F06 audit/spec only; Atlas scenario/context candidate; never runtime reality claim"
"BRANCHABLE_ATLAS","atlas/source_extraction/","F06_ATLAS","FILE_PLAN_ALL 958 BRANCHABLE_ATLAS OBSIDIA_BRANCHABLE_ATLAS_FULL_V0_5_DEEP_FINAL_AUDIT/docs/full_doc_extraction/tables/DOCX_TABLE_0166.md atlas/source_extraction/ DOCX_TABLE_0166.md md P4_ATLAS_EVIDENCE_OR_DOCS F06 0 0 0 0 1  NOT_FOUND_LOCA","INTEGRATE_TO_ATLAS_READONLY_SCENARIO_SPEC_CANDIDATE","ATLAS_READONLY_ADVISORY_ONLY","false","false","false","false","false","F06 audit/spec only; Atlas scenario/context candidate; never runtime reality claim"
"BRANCHABLE_ATLAS","atlas/source_extraction/","F06_ATLAS","FILE_PLAN_ALL 959 BRANCHABLE_ATLAS OBSIDIA_BRANCHABLE_ATLAS_FULL_V0_5_DEEP_FINAL_AUDIT/docs/full_doc_extraction/tables/DOCX_TABLE_0167.md atlas/source_extraction/ DOCX_TABLE_0167.md md P4_ATLAS_EVIDENCE_OR_DOCS F06 0 0 0 0 1  NOT_FOUND_LOCA","INTEGRATE_TO_ATLAS_READONLY_SCENARIO_SPEC_CANDIDATE","ATLAS_READONLY_ADVISORY_ONLY","false","false","false","false","false","F06 audit/spec only; Atlas scenario/context candidate; never runtime reality claim"
"BRANCHABLE_ATLAS","atlas/source_extraction/","F06_ATLAS","FILE_PLAN_ALL 960 BRANCHABLE_ATLAS OBSIDIA_BRANCHABLE_ATLAS_FULL_V0_5_DEEP_FINAL_AUDIT/docs/full_doc_extraction/tables/DOCX_TABLE_0168.md atlas/source_extraction/ DOCX_TABLE_0168.md md P4_ATLAS_EVIDENCE_OR_DOCS F06 0 0 0 0 1  NOT_FOUND_LOCA","INTEGRATE_TO_ATLAS_READONLY_SCENARIO_SPEC_CANDIDATE","ATLAS_READONLY_ADVISORY_ONLY","false","false","false","false","false","F06 audit/spec only; Atlas scenario/context candidate; never runtime reality claim"
"BRANCHABLE_ATLAS","atlas/source_extraction/","F06_ATLAS","FILE_PLAN_ALL 961 BRANCHABLE_ATLAS OBSIDIA_BRANCHABLE_ATLAS_FULL_V0_5_DEEP_FINAL_AUDIT/docs/full_doc_extraction/tables/DOCX_TABLE_0169.md atlas/source_extraction/ DOCX_TABLE_0169.md md P4_ATLAS_EVIDENCE_OR_DOCS F06 0 0 0 0 1  NOT_FOUND_LOCA","INTEGRATE_TO_ATLAS_READONLY_SCENARIO_SPEC_CANDIDATE","ATLAS_READONLY_ADVISORY_ONLY","false","false","false","false","false","F06 audit/spec only; Atlas scenario/context candidate; never runtime reality claim"
"BRANCHABLE_ATLAS","atlas/source_extraction/","F06_ATLAS","FILE_PLAN_ALL 962 BRANCHABLE_ATLAS OBSIDIA_BRANCHABLE_ATLAS_FULL_V0_5_DEEP_FINAL_AUDIT/docs/full_doc_extraction/tables/DOCX_TABLE_0170.md atlas/source_extraction/ DOCX_TABLE_0170.md md P4_ATLAS_EVIDENCE_OR_DOCS F06 0 0 0 0 1  NOT_FOUND_LOCA","INTEGRATE_TO_ATLAS_READONLY_SCENARIO_SPEC_CANDIDATE","ATLAS_READONLY_ADVISORY_ONLY","false","false","false","false","false","F06 audit/spec only; Atlas scenario/context candidate; never runtime reality claim"
"BRANCHABLE_ATLAS","atlas/source_extraction/","F06_ATLAS","FILE_PLAN_ALL 963 BRANCHABLE_ATLAS OBSIDIA_BRANCHABLE_ATLAS_FULL_V0_5_DEEP_FINAL_AUDIT/docs/full_doc_extraction/tables/DOCX_TABLE_0171.md atlas/source_extraction/ DOCX_TABLE_0171.md md P4_ATLAS_EVIDENCE_OR_DOCS F06 0 0 0 0 1  NOT_FOUND_LOCA","INTEGRATE_TO_ATLAS_READONLY_SCENARIO_SPEC_CANDIDATE","ATLAS_READONLY_ADVISORY_ONLY","false","false","false","false","false","F06 audit/spec only; Atlas scenario/context candidate; never runtime reality claim"
"BRANCHABLE_ATLAS","atlas/source_extraction/","F06_ATLAS","FILE_PLAN_ALL 964 BRANCHABLE_ATLAS OBSIDIA_BRANCHABLE_ATLAS_FULL_V0_5_DEEP_FINAL_AUDIT/docs/full_doc_extraction/tables/DOCX_TABLE_0172.md atlas/source_extraction/ DOCX_TABLE_0172.md md P4_ATLAS_EVIDENCE_OR_DOCS F06 0 0 0 0 1  NOT_FOUND_LOCA","INTEGRATE_TO_ATLAS_READONLY_SCENARIO_SPEC_CANDIDATE","ATLAS_READONLY_ADVISORY_ONLY","false","false","false","false","false","F06 audit/spec only; Atlas scenario/context candidate; never runtime reality claim"
"BRANCHABLE_ATLAS","atlas/source_extraction/","F06_ATLAS","FILE_PLAN_ALL 965 BRANCHABLE_ATLAS OBSIDIA_BRANCHABLE_ATLAS_FULL_V0_5_DEEP_FINAL_AUDIT/docs/full_doc_extraction/tables/DOCX_TABLE_0173.md atlas/source_extraction/ DOCX_TABLE_0173.md md P4_ATLAS_EVIDENCE_OR_DOCS F06 0 0 0 0 1  NOT_FOUND_LOCA","INTEGRATE_TO_ATLAS_READONLY_SCENARIO_SPEC_CANDIDATE","ATLAS_READONLY_ADVISORY_ONLY","false","false","false","false","false","F06 audit/spec only; Atlas scenario/context candidate; never runtime reality claim"
"BRANCHABLE_ATLAS","atlas/source_extraction/","F06_ATLAS","FILE_PLAN_ALL 966 BRANCHABLE_ATLAS OBSIDIA_BRANCHABLE_ATLAS_FULL_V0_5_DEEP_FINAL_AUDIT/docs/full_doc_extraction/tables/DOCX_TABLE_0174.md atlas/source_extraction/ DOCX_TABLE_0174.md md P4_ATLAS_EVIDENCE_OR_DOCS F06 0 0 0 0 1  NOT_FOUND_LOCA","INTEGRATE_TO_ATLAS_READONLY_SCENARIO_SPEC_CANDIDATE","ATLAS_READONLY_ADVISORY_ONLY","false","false","false","false","false","F06 audit/spec only; Atlas scenario/context candidate; never runtime reality claim"
"BRANCHABLE_ATLAS","atlas/source_extraction/","F06_ATLAS","FILE_PLAN_ALL 967 BRANCHABLE_ATLAS OBSIDIA_BRANCHABLE_ATLAS_FULL_V0_5_DEEP_FINAL_AUDIT/docs/full_doc_extraction/tables/DOCX_TABLE_0175.md atlas/source_extraction/ DOCX_TABLE_0175.md md P4_ATLAS_EVIDENCE_OR_DOCS F06 0 0 0 0 1  NOT_FOUND_LOCA","INTEGRATE_TO_ATLAS_READONLY_SCENARIO_SPEC_CANDIDATE","ATLAS_READONLY_ADVISORY_ONLY","false","false","false","false","false","F06 audit/spec only; Atlas scenario/context candidate; never runtime reality claim"
"BRANCHABLE_ATLAS","atlas/source_extraction/","F06_ATLAS","FILE_PLAN_ALL 968 BRANCHABLE_ATLAS OBSIDIA_BRANCHABLE_ATLAS_FULL_V0_5_DEEP_FINAL_AUDIT/docs/full_doc_extraction/tables/DOCX_TABLE_0176.md atlas/source_extraction/ DOCX_TABLE_0176.md md P4_ATLAS_EVIDENCE_OR_DOCS F06 0 0 0 0 1  NOT_FOUND_LOCA","INTEGRATE_TO_ATLAS_READONLY_SCENARIO_SPEC_CANDIDATE","ATLAS_READONLY_ADVISORY_ONLY","false","false","false","false","false","F06 audit/spec only; Atlas scenario/context candidate; never runtime reality claim"
"BRANCHABLE_ATLAS","atlas/source_extraction/","F06_ATLAS","FILE_PLAN_ALL 969 BRANCHABLE_ATLAS OBSIDIA_BRANCHABLE_ATLAS_FULL_V0_5_DEEP_FINAL_AUDIT/docs/full_doc_extraction/tables/DOCX_TABLE_0177.md atlas/source_extraction/ DOCX_TABLE_0177.md md P4_ATLAS_EVIDENCE_OR_DOCS F06 0 0 0 0 1  NOT_FOUND_LOCA","INTEGRATE_TO_ATLAS_READONLY_SCENARIO_SPEC_CANDIDATE","ATLAS_READONLY_ADVISORY_ONLY","false","false","false","false","false","F06 audit/spec only; Atlas scenario/context candidate; never runtime reality claim"
"BRANCHABLE_ATLAS","atlas/source_extraction/","F06_ATLAS","FILE_PLAN_ALL 970 BRANCHABLE_ATLAS OBSIDIA_BRANCHABLE_ATLAS_FULL_V0_5_DEEP_FINAL_AUDIT/docs/full_doc_extraction/tables/DOCX_TABLE_0178.md atlas/source_extraction/ DOCX_TABLE_0178.md md P4_ATLAS_EVIDENCE_OR_DOCS F06 0 0 0 0 1  NOT_FOUND_LOCA","INTEGRATE_TO_ATLAS_READONLY_SCENARIO_SPEC_CANDIDATE","ATLAS_READONLY_ADVISORY_ONLY","false","false","false","false","false","F06 audit/spec only; Atlas scenario/context candidate; never runtime reality claim"
"BRANCHABLE_ATLAS","atlas/source_extraction/","F06_ATLAS","FILE_PLAN_ALL 971 BRANCHABLE_ATLAS OBSIDIA_BRANCHABLE_ATLAS_FULL_V0_5_DEEP_FINAL_AUDIT/docs/full_doc_extraction/tables/DOCX_TABLE_0179.md atlas/source_extraction/ DOCX_TABLE_0179.md md P4_ATLAS_EVIDENCE_OR_DOCS F06 0 0 0 0 1  NOT_FOUND_LOCA","INTEGRATE_TO_ATLAS_READONLY_SCENARIO_SPEC_CANDIDATE","ATLAS_READONLY_ADVISORY_ONLY","false","false","false","false","false","F06 audit/spec only; Atlas scenario/context candidate; never runtime reality claim"
"BRANCHABLE_ATLAS","atlas/source_extraction/","F06_ATLAS","FILE_PLAN_ALL 972 BRANCHABLE_ATLAS OBSIDIA_BRANCHABLE_ATLAS_FULL_V0_5_DEEP_FINAL_AUDIT/docs/full_doc_extraction/tables/DOCX_TABLE_0180.md atlas/source_extraction/ DOCX_TABLE_0180.md md P4_ATLAS_EVIDENCE_OR_DOCS F06 0 0 0 0 1  NOT_FOUND_LOCA","INTEGRATE_TO_ATLAS_READONLY_SCENARIO_SPEC_CANDIDATE","ATLAS_READONLY_ADVISORY_ONLY","false","false","false","false","false","F06 audit/spec only; Atlas scenario/context candidate; never runtime reality claim"
"BRANCHABLE_ATLAS","atlas/source_extraction/","F06_ATLAS","FILE_PLAN_ALL 973 BRANCHABLE_ATLAS OBSIDIA_BRANCHABLE_ATLAS_FULL_V0_5_DEEP_FINAL_AUDIT/docs/full_doc_extraction/tables/DOCX_TABLE_0181.md atlas/source_extraction/ DOCX_TABLE_0181.md md P4_ATLAS_EVIDENCE_OR_DOCS F06 0 0 0 0 1  NOT_FOUND_LOCA","INTEGRATE_TO_ATLAS_READONLY_SCENARIO_SPEC_CANDIDATE","ATLAS_READONLY_ADVISORY_ONLY","false","false","false","false","false","F06 audit/spec only; Atlas scenario/context candidate; never runtime reality claim"
"BRANCHABLE_ATLAS","atlas/source_extraction/","F06_ATLAS","FILE_PLAN_ALL 974 BRANCHABLE_ATLAS OBSIDIA_BRANCHABLE_ATLAS_FULL_V0_5_DEEP_FINAL_AUDIT/docs/full_doc_extraction/tables/DOCX_TABLE_0182.md atlas/source_extraction/ DOCX_TABLE_0182.md md P4_ATLAS_EVIDENCE_OR_DOCS F06 0 0 0 0 1  NOT_FOUND_LOCA","INTEGRATE_TO_ATLAS_READONLY_SCENARIO_SPEC_CANDIDATE","ATLAS_READONLY_ADVISORY_ONLY","false","false","false","false","false","F06 audit/spec only; Atlas scenario/context candidate; never runtime reality claim"
"BRANCHABLE_ATLAS","atlas/source_extraction/","F06_ATLAS","FILE_PLAN_ALL 975 BRANCHABLE_ATLAS OBSIDIA_BRANCHABLE_ATLAS_FULL_V0_5_DEEP_FINAL_AUDIT/docs/full_doc_extraction/tables/DOCX_TABLE_0183.md atlas/source_extraction/ DOCX_TABLE_0183.md md P4_ATLAS_EVIDENCE_OR_DOCS F06 0 0 0 0 1  NOT_FOUND_LOCA","INTEGRATE_TO_ATLAS_READONLY_SCENARIO_SPEC_CANDIDATE","ATLAS_READONLY_ADVISORY_ONLY","false","false","false","false","false","F06 audit/spec only; Atlas scenario/context candidate; never runtime reality claim"
"BRANCHABLE_ATLAS","atlas/source_extraction/","F06_ATLAS","FILE_PLAN_ALL 976 BRANCHABLE_ATLAS OBSIDIA_BRANCHABLE_ATLAS_FULL_V0_5_DEEP_FINAL_AUDIT/docs/full_doc_extraction/tables/DOCX_TABLE_0184.md atlas/source_extraction/ DOCX_TABLE_0184.md md P4_ATLAS_EVIDENCE_OR_DOCS F06 0 0 0 0 1  NOT_FOUND_LOCA","INTEGRATE_TO_ATLAS_READONLY_SCENARIO_SPEC_CANDIDATE","ATLAS_READONLY_ADVISORY_ONLY","false","false","false","false","false","F06 audit/spec only; Atlas scenario/context candidate; never runtime reality claim"
"BRANCHABLE_ATLAS","atlas/source_extraction/","F06_ATLAS","FILE_PLAN_ALL 977 BRANCHABLE_ATLAS OBSIDIA_BRANCHABLE_ATLAS_FULL_V0_5_DEEP_FINAL_AUDIT/docs/full_doc_extraction/tables/DOCX_TABLE_0185.md atlas/source_extraction/ DOCX_TABLE_0185.md md P4_ATLAS_EVIDENCE_OR_DOCS F06 0 0 0 0 1  NOT_FOUND_LOCA","INTEGRATE_TO_ATLAS_READONLY_SCENARIO_SPEC_CANDIDATE","ATLAS_READONLY_ADVISORY_ONLY","false","false","false","false","false","F06 audit/spec only; Atlas scenario/context candidate; never runtime reality claim"
"BRANCHABLE_ATLAS","atlas/source_extraction/","F06_ATLAS","FILE_PLAN_ALL 978 BRANCHABLE_ATLAS OBSIDIA_BRANCHABLE_ATLAS_FULL_V0_5_DEEP_FINAL_AUDIT/docs/full_doc_extraction/tables/DOCX_TABLE_0186.md atlas/source_extraction/ DOCX_TABLE_0186.md md P4_ATLAS_EVIDENCE_OR_DOCS F06 0 0 0 0 1  NOT_FOUND_LOCA","INTEGRATE_TO_ATLAS_READONLY_SCENARIO_SPEC_CANDIDATE","ATLAS_READONLY_ADVISORY_ONLY","false","false","false","false","false","F06 audit/spec only; Atlas scenario/context candidate; never runtime reality claim"
"BRANCHABLE_ATLAS","atlas/source_extraction/","F06_ATLAS","FILE_PLAN_ALL 979 BRANCHABLE_ATLAS OBSIDIA_BRANCHABLE_ATLAS_FULL_V0_5_DEEP_FINAL_AUDIT/docs/full_doc_extraction/tables/DOCX_TABLE_0187.md atlas/source_extraction/ DOCX_TABLE_0187.md md P4_ATLAS_EVIDENCE_OR_DOCS F06 0 0 0 0 1  NOT_FOUND_LOCA","INTEGRATE_TO_ATLAS_READONLY_SCENARIO_SPEC_CANDIDATE","ATLAS_READONLY_ADVISORY_ONLY","false","false","false","false","false","F06 audit/spec only; Atlas scenario/context candidate; never runtime reality claim"
"BRANCHABLE_ATLAS","atlas/source_extraction/","F06_ATLAS","FILE_PLAN_ALL 980 BRANCHABLE_ATLAS OBSIDIA_BRANCHABLE_ATLAS_FULL_V0_5_DEEP_FINAL_AUDIT/docs/full_doc_extraction/tables/DOCX_TABLE_0188.md atlas/source_extraction/ DOCX_TABLE_0188.md md P4_ATLAS_EVIDENCE_OR_DOCS F06 0 0 0 0 1  NOT_FOUND_LOCA","INTEGRATE_TO_ATLAS_READONLY_SCENARIO_SPEC_CANDIDATE","ATLAS_READONLY_ADVISORY_ONLY","false","false","false","false","false","F06 audit/spec only; Atlas scenario/context candidate; never runtime reality claim"
"BRANCHABLE_ATLAS","atlas/source_extraction/","F06_ATLAS","FILE_PLAN_ALL 981 BRANCHABLE_ATLAS OBSIDIA_BRANCHABLE_ATLAS_FULL_V0_5_DEEP_FINAL_AUDIT/docs/full_doc_extraction/tables/DOCX_TABLE_0189.md atlas/source_extraction/ DOCX_TABLE_0189.md md P4_ATLAS_EVIDENCE_OR_DOCS F06 0 0 0 0 1  NOT_FOUND_LOCA","INTEGRATE_TO_ATLAS_READONLY_SCENARIO_SPEC_CANDIDATE","ATLAS_READONLY_ADVISORY_ONLY","false","false","false","false","false","F06 audit/spec only; Atlas scenario/context candidate; never runtime reality claim"
"BRANCHABLE_ATLAS","atlas/source_extraction/","F06_ATLAS","FILE_PLAN_ALL 982 BRANCHABLE_ATLAS OBSIDIA_BRANCHABLE_ATLAS_FULL_V0_5_DEEP_FINAL_AUDIT/docs/full_doc_extraction/tables/DOCX_TABLE_0190.md atlas/source_extraction/ DOCX_TABLE_0190.md md P4_ATLAS_EVIDENCE_OR_DOCS F06 0 0 0 0 1  NOT_FOUND_LOCA","INTEGRATE_TO_ATLAS_READONLY_SCENARIO_SPEC_CANDIDATE","ATLAS_READONLY_ADVISORY_ONLY","false","false","false","false","false","F06 audit/spec only; Atlas scenario/context candidate; never runtime reality claim"
"BRANCHABLE_ATLAS","atlas/source_extraction/","F06_ATLAS","FILE_PLAN_ALL 983 BRANCHABLE_ATLAS OBSIDIA_BRANCHABLE_ATLAS_FULL_V0_5_DEEP_FINAL_AUDIT/docs/full_doc_extraction/tables/DOCX_TABLE_0191.md atlas/source_extraction/ DOCX_TABLE_0191.md md P4_ATLAS_EVIDENCE_OR_DOCS F06 0 0 0 0 1  NOT_FOUND_LOCA","INTEGRATE_TO_ATLAS_READONLY_SCENARIO_SPEC_CANDIDATE","ATLAS_READONLY_ADVISORY_ONLY","false","false","false","false","false","F06 audit/spec only; Atlas scenario/context candidate; never runtime reality claim"
"BRANCHABLE_ATLAS","atlas/source_extraction/","F06_ATLAS","FILE_PLAN_ALL 984 BRANCHABLE_ATLAS OBSIDIA_BRANCHABLE_ATLAS_FULL_V0_5_DEEP_FINAL_AUDIT/docs/full_doc_extraction/tables/DOCX_TABLE_0192.md atlas/source_extraction/ DOCX_TABLE_0192.md md P4_ATLAS_EVIDENCE_OR_DOCS F06 0 0 0 0 1  NOT_FOUND_LOCA","INTEGRATE_TO_ATLAS_READONLY_SCENARIO_SPEC_CANDIDATE","ATLAS_READONLY_ADVISORY_ONLY","false","false","false","false","false","F06 audit/spec only; Atlas scenario/context candidate; never runtime reality claim"
"BRANCHABLE_ATLAS","atlas/source_extraction/","F06_ATLAS","FILE_PLAN_ALL 985 BRANCHABLE_ATLAS OBSIDIA_BRANCHABLE_ATLAS_FULL_V0_5_DEEP_FINAL_AUDIT/docs/full_doc_extraction/tables/DOCX_TABLE_0193.md atlas/source_extraction/ DOCX_TABLE_0193.md md P4_ATLAS_EVIDENCE_OR_DOCS F06 0 0 0 0 1  NOT_FOUND_LOCA","INTEGRATE_TO_ATLAS_READONLY_SCENARIO_SPEC_CANDIDATE","ATLAS_READONLY_ADVISORY_ONLY","false","false","false","false","false","F06 audit/spec only; Atlas scenario/context candidate; never runtime reality claim"
"BRANCHABLE_ATLAS","atlas/source_extraction/","F06_ATLAS","FILE_PLAN_ALL 986 BRANCHABLE_ATLAS OBSIDIA_BRANCHABLE_ATLAS_FULL_V0_5_DEEP_FINAL_AUDIT/docs/full_doc_extraction/tables/DOCX_TABLE_0194.md atlas/source_extraction/ DOCX_TABLE_0194.md md P4_ATLAS_EVIDENCE_OR_DOCS F06 0 0 0 0 1  NOT_FOUND_LOCA","INTEGRATE_TO_ATLAS_READONLY_SCENARIO_SPEC_CANDIDATE","ATLAS_READONLY_ADVISORY_ONLY","false","false","false","false","false","F06 audit/spec only; Atlas scenario/context candidate; never runtime reality claim"
"BRANCHABLE_ATLAS","atlas/source_extraction/","F06_ATLAS","FILE_PLAN_ALL 987 BRANCHABLE_ATLAS OBSIDIA_BRANCHABLE_ATLAS_FULL_V0_5_DEEP_FINAL_AUDIT/docs/full_doc_extraction/tables/DOCX_TABLE_0195.md atlas/source_extraction/ DOCX_TABLE_0195.md md P4_ATLAS_EVIDENCE_OR_DOCS F06 0 0 0 0 1  NOT_FOUND_LOCA","INTEGRATE_TO_ATLAS_READONLY_SCENARIO_SPEC_CANDIDATE","ATLAS_READONLY_ADVISORY_ONLY","false","false","false","false","false","F06 audit/spec only; Atlas scenario/context candidate; never runtime reality claim"
"BRANCHABLE_ATLAS","atlas/source_extraction/","F06_ATLAS","FILE_PLAN_ALL 988 BRANCHABLE_ATLAS OBSIDIA_BRANCHABLE_ATLAS_FULL_V0_5_DEEP_FINAL_AUDIT/docs/full_doc_extraction/tables/DOCX_TABLE_0196.md atlas/source_extraction/ DOCX_TABLE_0196.md md P4_ATLAS_EVIDENCE_OR_DOCS F06 0 0 0 0 1  NOT_FOUND_LOCA","INTEGRATE_TO_ATLAS_READONLY_SCENARIO_SPEC_CANDIDATE","ATLAS_READONLY_ADVISORY_ONLY","false","false","false","false","false","F06 audit/spec only; Atlas scenario/context candidate; never runtime reality claim"
"BRANCHABLE_ATLAS","atlas/source_extraction/","F06_ATLAS","FILE_PLAN_ALL 989 BRANCHABLE_ATLAS OBSIDIA_BRANCHABLE_ATLAS_FULL_V0_5_DEEP_FINAL_AUDIT/docs/full_doc_extraction/tables/DOCX_TABLE_0197.md atlas/source_extraction/ DOCX_TABLE_0197.md md P4_ATLAS_EVIDENCE_OR_DOCS F06 0 0 0 0 1  NOT_FOUND_LOCA","INTEGRATE_TO_ATLAS_READONLY_SCENARIO_SPEC_CANDIDATE","ATLAS_READONLY_ADVISORY_ONLY","false","false","false","false","false","F06 audit/spec only; Atlas scenario/context candidate; never runtime reality claim"
"BRANCHABLE_ATLAS","atlas/source_extraction/","F06_ATLAS","FILE_PLAN_ALL 990 BRANCHABLE_ATLAS OBSIDIA_BRANCHABLE_ATLAS_FULL_V0_5_DEEP_FINAL_AUDIT/docs/full_doc_extraction/tables/DOCX_TABLE_0198.md atlas/source_extraction/ DOCX_TABLE_0198.md md P4_ATLAS_EVIDENCE_OR_DOCS F06 0 0 0 0 1  NOT_FOUND_LOCA","INTEGRATE_TO_ATLAS_READONLY_SCENARIO_SPEC_CANDIDATE","ATLAS_READONLY_ADVISORY_ONLY","false","false","false","false","false","F06 audit/spec only; Atlas scenario/context candidate; never runtime reality claim"
"BRANCHABLE_ATLAS","atlas/source_extraction/","F06_ATLAS","FILE_PLAN_ALL 991 BRANCHABLE_ATLAS OBSIDIA_BRANCHABLE_ATLAS_FULL_V0_5_DEEP_FINAL_AUDIT/docs/full_doc_extraction/tables/DOCX_TABLE_0199.md atlas/source_extraction/ DOCX_TABLE_0199.md md P4_ATLAS_EVIDENCE_OR_DOCS F06 0 0 0 0 1  NOT_FOUND_LOCA","INTEGRATE_TO_ATLAS_READONLY_SCENARIO_SPEC_CANDIDATE","ATLAS_READONLY_ADVISORY_ONLY","false","false","false","false","false","F06 audit/spec only; Atlas scenario/context candidate; never runtime reality claim"
"BRANCHABLE_ATLAS","atlas/source_extraction/","F06_ATLAS","FILE_PLAN_ALL 992 BRANCHABLE_ATLAS OBSIDIA_BRANCHABLE_ATLAS_FULL_V0_5_DEEP_FINAL_AUDIT/docs/full_doc_extraction/tables/DOCX_TABLE_0200.md atlas/source_extraction/ DOCX_TABLE_0200.md md P4_ATLAS_EVIDENCE_OR_DOCS F06 0 0 0 0 1  NOT_FOUND_LOCA","INTEGRATE_TO_ATLAS_READONLY_SCENARIO_SPEC_CANDIDATE","ATLAS_READONLY_ADVISORY_ONLY","false","false","false","false","false","F06 audit/spec only; Atlas scenario/context candidate; never runtime reality claim"
"BRANCHABLE_ATLAS","atlas/source_extraction/","F06_ATLAS","FILE_PLAN_ALL 993 BRANCHABLE_ATLAS OBSIDIA_BRANCHABLE_ATLAS_FULL_V0_5_DEEP_FINAL_AUDIT/docs/full_doc_extraction/tables/DOCX_TABLE_0201.md atlas/source_extraction/ DOCX_TABLE_0201.md md P4_ATLAS_EVIDENCE_OR_DOCS F06 0 0 0 0 1  NOT_FOUND_LOCA","INTEGRATE_TO_ATLAS_READONLY_SCENARIO_SPEC_CANDIDATE","ATLAS_READONLY_ADVISORY_ONLY","false","false","false","false","false","F06 audit/spec only; Atlas scenario/context candidate; never runtime reality claim"
"BRANCHABLE_ATLAS","atlas/source_extraction/","F06_ATLAS","FILE_PLAN_ALL 994 BRANCHABLE_ATLAS OBSIDIA_BRANCHABLE_ATLAS_FULL_V0_5_DEEP_FINAL_AUDIT/docs/full_doc_extraction/tables/DOCX_TABLE_0202.md atlas/source_extraction/ DOCX_TABLE_0202.md md P4_ATLAS_EVIDENCE_OR_DOCS F06 0 0 0 0 1  NOT_FOUND_LOCA","INTEGRATE_TO_ATLAS_READONLY_SCENARIO_SPEC_CANDIDATE","ATLAS_READONLY_ADVISORY_ONLY","false","false","false","false","false","F06 audit/spec only; Atlas scenario/context candidate; never runtime reality claim"
"BRANCHABLE_ATLAS","atlas/source_extraction/","F06_ATLAS","FILE_PLAN_ALL 995 BRANCHABLE_ATLAS OBSIDIA_BRANCHABLE_ATLAS_FULL_V0_5_DEEP_FINAL_AUDIT/docs/full_doc_extraction/tables/DOCX_TABLE_0203.md atlas/source_extraction/ DOCX_TABLE_0203.md md P4_ATLAS_EVIDENCE_OR_DOCS F06 0 0 0 0 1  NOT_FOUND_LOCA","INTEGRATE_TO_ATLAS_READONLY_SCENARIO_SPEC_CANDIDATE","ATLAS_READONLY_ADVISORY_ONLY","false","false","false","false","false","F06 audit/spec only; Atlas scenario/context candidate; never runtime reality claim"
"BRANCHABLE_ATLAS","atlas/source_extraction/","F06_ATLAS","FILE_PLAN_ALL 996 BRANCHABLE_ATLAS OBSIDIA_BRANCHABLE_ATLAS_FULL_V0_5_DEEP_FINAL_AUDIT/docs/full_doc_extraction/tables/DOCX_TABLE_0204.md atlas/source_extraction/ DOCX_TABLE_0204.md md P4_ATLAS_EVIDENCE_OR_DOCS F06 0 0 0 0 1  NOT_FOUND_LOCA","INTEGRATE_TO_ATLAS_READONLY_SCENARIO_SPEC_CANDIDATE","ATLAS_READONLY_ADVISORY_ONLY","false","false","false","false","false","F06 audit/spec only; Atlas scenario/context candidate; never runtime reality claim"
"BRANCHABLE_ATLAS","atlas/source_extraction/","F06_ATLAS","FILE_PLAN_ALL 997 BRANCHABLE_ATLAS OBSIDIA_BRANCHABLE_ATLAS_FULL_V0_5_DEEP_FINAL_AUDIT/docs/full_doc_extraction/tables/DOCX_TABLE_0205.md atlas/source_extraction/ DOCX_TABLE_0205.md md P4_ATLAS_EVIDENCE_OR_DOCS F06 0 0 0 0 1  NOT_FOUND_LOCA","INTEGRATE_TO_ATLAS_READONLY_SCENARIO_SPEC_CANDIDATE","ATLAS_READONLY_ADVISORY_ONLY","false","false","false","false","false","F06 audit/spec only; Atlas scenario/context candidate; never runtime reality claim"
"BRANCHABLE_ATLAS","atlas/source_extraction/","F06_ATLAS","FILE_PLAN_ALL 998 BRANCHABLE_ATLAS OBSIDIA_BRANCHABLE_ATLAS_FULL_V0_5_DEEP_FINAL_AUDIT/docs/full_doc_extraction/tables/DOCX_TABLE_0206.md atlas/source_extraction/ DOCX_TABLE_0206.md md P4_ATLAS_EVIDENCE_OR_DOCS F06 0 0 0 0 1  NOT_FOUND_LOCA","INTEGRATE_TO_ATLAS_READONLY_SCENARIO_SPEC_CANDIDATE","ATLAS_READONLY_ADVISORY_ONLY","false","false","false","false","false","F06 audit/spec only; Atlas scenario/context candidate; never runtime reality claim"
"BRANCHABLE_ATLAS","atlas/source_extraction/","F06_ATLAS","FILE_PLAN_ALL 999 BRANCHABLE_ATLAS OBSIDIA_BRANCHABLE_ATLAS_FULL_V0_5_DEEP_FINAL_AUDIT/docs/full_doc_extraction/tables/DOCX_TABLE_0207.md atlas/source_extraction/ DOCX_TABLE_0207.md md P4_ATLAS_EVIDENCE_OR_DOCS F06 0 0 0 0 1  NOT_FOUND_LOCA","INTEGRATE_TO_ATLAS_READONLY_SCENARIO_SPEC_CANDIDATE","ATLAS_READONLY_ADVISORY_ONLY","false","false","false","false","false","F06 audit/spec only; Atlas scenario/context candidate; never runtime reality claim"
"BRANCHABLE_ATLAS","atlas/source_extraction/","F06_ATLAS","FILE_PLAN_ALL 1000 BRANCHABLE_ATLAS OBSIDIA_BRANCHABLE_ATLAS_FULL_V0_5_DEEP_FINAL_AUDIT/docs/full_doc_extraction/tables/DOCX_TABLE_0208.md atlas/source_extraction/ DOCX_TABLE_0208.md md P4_ATLAS_EVIDENCE_OR_DOCS F06 0 0 0 0 1  NOT_FOUND_LOC","INTEGRATE_TO_ATLAS_READONLY_SCENARIO_SPEC_CANDIDATE","ATLAS_READONLY_ADVISORY_ONLY","false","false","false","false","false","F06 audit/spec only; Atlas scenario/context candidate; never runtime reality claim"
"BRANCHABLE_ATLAS","atlas/source_extraction/","F06_ATLAS","FILE_PLAN_ALL 1001 BRANCHABLE_ATLAS OBSIDIA_BRANCHABLE_ATLAS_FULL_V0_5_DEEP_FINAL_AUDIT/docs/full_doc_extraction/tables/DOCX_TABLE_0209.md atlas/source_extraction/ DOCX_TABLE_0209.md md P4_ATLAS_EVIDENCE_OR_DOCS F06 0 0 0 0 1  NOT_FOUND_LOC","INTEGRATE_TO_ATLAS_READONLY_SCENARIO_SPEC_CANDIDATE","ATLAS_READONLY_ADVISORY_ONLY","false","false","false","false","false","F06 audit/spec only; Atlas scenario/context candidate; never runtime reality claim"
"BRANCHABLE_ATLAS","atlas/source_extraction/","F06_ATLAS","FILE_PLAN_ALL 1002 BRANCHABLE_ATLAS OBSIDIA_BRANCHABLE_ATLAS_FULL_V0_5_DEEP_FINAL_AUDIT/docs/full_doc_extraction/tables/DOCX_TABLE_0210.md atlas/source_extraction/ DOCX_TABLE_0210.md md P4_ATLAS_EVIDENCE_OR_DOCS F06 0 0 0 0 1  NOT_FOUND_LOC","INTEGRATE_TO_ATLAS_READONLY_SCENARIO_SPEC_CANDIDATE","ATLAS_READONLY_ADVISORY_ONLY","false","false","false","false","false","F06 audit/spec only; Atlas scenario/context candidate; never runtime reality claim"
"BRANCHABLE_ATLAS","atlas/source_extraction/","F06_ATLAS","FILE_PLAN_ALL 1003 BRANCHABLE_ATLAS OBSIDIA_BRANCHABLE_ATLAS_FULL_V0_5_DEEP_FINAL_AUDIT/docs/full_doc_extraction/tables/DOCX_TABLE_0211.md atlas/source_extraction/ DOCX_TABLE_0211.md md P4_ATLAS_EVIDENCE_OR_DOCS F06 0 0 0 0 1  NOT_FOUND_LOC","INTEGRATE_TO_ATLAS_READONLY_SCENARIO_SPEC_CANDIDATE","ATLAS_READONLY_ADVISORY_ONLY","false","false","false","false","false","F06 audit/spec only; Atlas scenario/context candidate; never runtime reality claim"
"BRANCHABLE_ATLAS","atlas/source_extraction/","F06_ATLAS","FILE_PLAN_ALL 1004 BRANCHABLE_ATLAS OBSIDIA_BRANCHABLE_ATLAS_FULL_V0_5_DEEP_FINAL_AUDIT/docs/full_doc_extraction/tables/DOCX_TABLE_0212.md atlas/source_extraction/ DOCX_TABLE_0212.md md P4_ATLAS_EVIDENCE_OR_DOCS F06 0 0 0 0 1  NOT_FOUND_LOC","INTEGRATE_TO_ATLAS_READONLY_SCENARIO_SPEC_CANDIDATE","ATLAS_READONLY_ADVISORY_ONLY","false","false","false","false","false","F06 audit/spec only; Atlas scenario/context candidate; never runtime reality claim"
"BRANCHABLE_ATLAS","atlas/source_extraction/","F06_ATLAS","FILE_PLAN_ALL 1005 BRANCHABLE_ATLAS OBSIDIA_BRANCHABLE_ATLAS_FULL_V0_5_DEEP_FINAL_AUDIT/docs/full_doc_extraction/tables/DOCX_TABLE_0213.md atlas/source_extraction/ DOCX_TABLE_0213.md md P4_ATLAS_EVIDENCE_OR_DOCS F06 0 0 0 0 1  NOT_FOUND_LOC","INTEGRATE_TO_ATLAS_READONLY_SCENARIO_SPEC_CANDIDATE","ATLAS_READONLY_ADVISORY_ONLY","false","false","false","false","false","F06 audit/spec only; Atlas scenario/context candidate; never runtime reality claim"
"BRANCHABLE_ATLAS","atlas/source_extraction/","F06_ATLAS","FILE_PLAN_ALL 1006 BRANCHABLE_ATLAS OBSIDIA_BRANCHABLE_ATLAS_FULL_V0_5_DEEP_FINAL_AUDIT/docs/full_doc_extraction/tables/DOCX_TABLE_0214.md atlas/source_extraction/ DOCX_TABLE_0214.md md P4_ATLAS_EVIDENCE_OR_DOCS F06 0 0 0 0 1  NOT_FOUND_LOC","INTEGRATE_TO_ATLAS_READONLY_SCENARIO_SPEC_CANDIDATE","ATLAS_READONLY_ADVISORY_ONLY","false","false","false","false","false","F06 audit/spec only; Atlas scenario/context candidate; never runtime reality claim"
"BRANCHABLE_ATLAS","atlas/source_extraction/","F06_ATLAS","FILE_PLAN_ALL 1007 BRANCHABLE_ATLAS OBSIDIA_BRANCHABLE_ATLAS_FULL_V0_5_DEEP_FINAL_AUDIT/docs/full_doc_extraction/tables/DOCX_TABLE_0215.md atlas/source_extraction/ DOCX_TABLE_0215.md md P4_ATLAS_EVIDENCE_OR_DOCS F06 0 0 0 0 1  NOT_FOUND_LOC","INTEGRATE_TO_ATLAS_READONLY_SCENARIO_SPEC_CANDIDATE","ATLAS_READONLY_ADVISORY_ONLY","false","false","false","false","false","F06 audit/spec only; Atlas scenario/context candidate; never runtime reality claim"
"BRANCHABLE_ATLAS","atlas/source_extraction/","F06_ATLAS","FILE_PLAN_ALL 1008 BRANCHABLE_ATLAS OBSIDIA_BRANCHABLE_ATLAS_FULL_V0_5_DEEP_FINAL_AUDIT/docs/full_doc_extraction/tables/DOCX_TABLE_0216.md atlas/source_extraction/ DOCX_TABLE_0216.md md P4_ATLAS_EVIDENCE_OR_DOCS F06 0 0 0 0 1  NOT_FOUND_LOC","INTEGRATE_TO_ATLAS_READONLY_SCENARIO_SPEC_CANDIDATE","ATLAS_READONLY_ADVISORY_ONLY","false","false","false","false","false","F06 audit/spec only; Atlas scenario/context candidate; never runtime reality claim"
"BRANCHABLE_ATLAS","atlas/source_extraction/","F06_ATLAS","FILE_PLAN_ALL 1009 BRANCHABLE_ATLAS OBSIDIA_BRANCHABLE_ATLAS_FULL_V0_5_DEEP_FINAL_AUDIT/docs/full_doc_extraction/tables/DOCX_TABLE_0217.md atlas/source_extraction/ DOCX_TABLE_0217.md md P4_ATLAS_EVIDENCE_OR_DOCS F06 0 0 0 0 1  NOT_FOUND_LOC","INTEGRATE_TO_ATLAS_READONLY_SCENARIO_SPEC_CANDIDATE","ATLAS_READONLY_ADVISORY_ONLY","false","false","false","false","false","F06 audit/spec only; Atlas scenario/context candidate; never runtime reality claim"
"BRANCHABLE_ATLAS","atlas/source_extraction/","F06_ATLAS","FILE_PLAN_ALL 1010 BRANCHABLE_ATLAS OBSIDIA_BRANCHABLE_ATLAS_FULL_V0_5_DEEP_FINAL_AUDIT/docs/full_doc_extraction/tables/DOCX_TABLE_0218.md atlas/source_extraction/ DOCX_TABLE_0218.md md P4_ATLAS_EVIDENCE_OR_DOCS F06 0 0 0 0 1  NOT_FOUND_LOC","INTEGRATE_TO_ATLAS_READONLY_SCENARIO_SPEC_CANDIDATE","ATLAS_READONLY_ADVISORY_ONLY","false","false","false","false","false","F06 audit/spec only; Atlas scenario/context candidate; never runtime reality claim"
"BRANCHABLE_ATLAS","atlas/source_extraction/","F06_ATLAS","FILE_PLAN_ALL 1011 BRANCHABLE_ATLAS OBSIDIA_BRANCHABLE_ATLAS_FULL_V0_5_DEEP_FINAL_AUDIT/docs/full_doc_extraction/tables/DOCX_TABLE_0219.md atlas/source_extraction/ DOCX_TABLE_0219.md md P4_ATLAS_EVIDENCE_OR_DOCS F06 0 0 0 0 1  NOT_FOUND_LOC","INTEGRATE_TO_ATLAS_READONLY_SCENARIO_SPEC_CANDIDATE","ATLAS_READONLY_ADVISORY_ONLY","false","false","false","false","false","F06 audit/spec only; Atlas scenario/context candidate; never runtime reality claim"
"BRANCHABLE_ATLAS","atlas/source_extraction/","F06_ATLAS","FILE_PLAN_ALL 1012 BRANCHABLE_ATLAS OBSIDIA_BRANCHABLE_ATLAS_FULL_V0_5_DEEP_FINAL_AUDIT/docs/full_doc_extraction/tables/DOCX_TABLE_0220.md atlas/source_extraction/ DOCX_TABLE_0220.md md P4_ATLAS_EVIDENCE_OR_DOCS F06 0 0 0 0 1  NOT_FOUND_LOC","INTEGRATE_TO_ATLAS_READONLY_SCENARIO_SPEC_CANDIDATE","ATLAS_READONLY_ADVISORY_ONLY","false","false","false","false","false","F06 audit/spec only; Atlas scenario/context candidate; never runtime reality claim"
"BRANCHABLE_ATLAS","atlas/source_extraction/","F06_ATLAS","FILE_PLAN_ALL 1013 BRANCHABLE_ATLAS OBSIDIA_BRANCHABLE_ATLAS_FULL_V0_5_DEEP_FINAL_AUDIT/docs/full_doc_extraction/tables/DOCX_TABLE_0221.md atlas/source_extraction/ DOCX_TABLE_0221.md md P4_ATLAS_EVIDENCE_OR_DOCS F06 0 0 0 0 1  NOT_FOUND_LOC","INTEGRATE_TO_ATLAS_READONLY_SCENARIO_SPEC_CANDIDATE","ATLAS_READONLY_ADVISORY_ONLY","false","false","false","false","false","F06 audit/spec only; Atlas scenario/context candidate; never runtime reality claim"
"BRANCHABLE_ATLAS","atlas/source_extraction/","F06_ATLAS","FILE_PLAN_ALL 1014 BRANCHABLE_ATLAS OBSIDIA_BRANCHABLE_ATLAS_FULL_V0_5_DEEP_FINAL_AUDIT/docs/full_doc_extraction/tables/DOCX_TABLE_0222.md atlas/source_extraction/ DOCX_TABLE_0222.md md P4_ATLAS_EVIDENCE_OR_DOCS F06 0 0 0 0 1  NOT_FOUND_LOC","INTEGRATE_TO_ATLAS_READONLY_SCENARIO_SPEC_CANDIDATE","ATLAS_READONLY_ADVISORY_ONLY","false","false","false","false","false","F06 audit/spec only; Atlas scenario/context candidate; never runtime reality claim"
"BRANCHABLE_ATLAS","atlas/source_extraction/","F06_ATLAS","FILE_PLAN_ALL 1015 BRANCHABLE_ATLAS OBSIDIA_BRANCHABLE_ATLAS_FULL_V0_5_DEEP_FINAL_AUDIT/docs/full_doc_extraction/tables/DOCX_TABLE_0223.md atlas/source_extraction/ DOCX_TABLE_0223.md md P4_ATLAS_EVIDENCE_OR_DOCS F06 0 0 0 0 1  NOT_FOUND_LOC","INTEGRATE_TO_ATLAS_READONLY_SCENARIO_SPEC_CANDIDATE","ATLAS_READONLY_ADVISORY_ONLY","false","false","false","false","false","F06 audit/spec only; Atlas scenario/context candidate; never runtime reality claim"
"BRANCHABLE_ATLAS","atlas/source_extraction/","F06_ATLAS","FILE_PLAN_ALL 1016 BRANCHABLE_ATLAS OBSIDIA_BRANCHABLE_ATLAS_FULL_V0_5_DEEP_FINAL_AUDIT/docs/full_doc_extraction/tables/DOCX_TABLE_0224.md atlas/source_extraction/ DOCX_TABLE_0224.md md P4_ATLAS_EVIDENCE_OR_DOCS F06 0 0 0 0 1  NOT_FOUND_LOC","INTEGRATE_TO_ATLAS_READONLY_SCENARIO_SPEC_CANDIDATE","ATLAS_READONLY_ADVISORY_ONLY","false","false","false","false","false","F06 audit/spec only; Atlas scenario/context candidate; never runtime reality claim"
"BRANCHABLE_ATLAS","atlas/source_extraction/","F06_ATLAS","FILE_PLAN_ALL 1017 BRANCHABLE_ATLAS OBSIDIA_BRANCHABLE_ATLAS_FULL_V0_5_DEEP_FINAL_AUDIT/docs/full_doc_extraction/tables/DOCX_TABLE_0225.md atlas/source_extraction/ DOCX_TABLE_0225.md md P4_ATLAS_EVIDENCE_OR_DOCS F06 0 0 0 0 1  NOT_FOUND_LOC","INTEGRATE_TO_ATLAS_READONLY_SCENARIO_SPEC_CANDIDATE","ATLAS_READONLY_ADVISORY_ONLY","false","false","false","false","false","F06 audit/spec only; Atlas scenario/context candidate; never runtime reality claim"
"BRANCHABLE_ATLAS","atlas/source_extraction/","F06_ATLAS","FILE_PLAN_ALL 1018 BRANCHABLE_ATLAS OBSIDIA_BRANCHABLE_ATLAS_FULL_V0_5_DEEP_FINAL_AUDIT/docs/full_doc_extraction/tables/DOCX_TABLE_0226.md atlas/source_extraction/ DOCX_TABLE_0226.md md P4_ATLAS_EVIDENCE_OR_DOCS F06 0 0 0 0 1  NOT_FOUND_LOC","INTEGRATE_TO_ATLAS_READONLY_SCENARIO_SPEC_CANDIDATE","ATLAS_READONLY_ADVISORY_ONLY","false","false","false","false","false","F06 audit/spec only; Atlas scenario/context candidate; never runtime reality claim"
"BRANCHABLE_ATLAS","atlas/source_extraction/","F06_ATLAS","FILE_PLAN_ALL 1019 BRANCHABLE_ATLAS OBSIDIA_BRANCHABLE_ATLAS_FULL_V0_5_DEEP_FINAL_AUDIT/docs/full_doc_extraction/tables/DOCX_TABLE_0227.md atlas/source_extraction/ DOCX_TABLE_0227.md md P4_ATLAS_EVIDENCE_OR_DOCS F06 0 0 0 0 1  NOT_FOUND_LOC","INTEGRATE_TO_ATLAS_READONLY_SCENARIO_SPEC_CANDIDATE","ATLAS_READONLY_ADVISORY_ONLY","false","false","false","false","false","F06 audit/spec only; Atlas scenario/context candidate; never runtime reality claim"
"BRANCHABLE_ATLAS","atlas/source_extraction/","F06_ATLAS","FILE_PLAN_ALL 1020 BRANCHABLE_ATLAS OBSIDIA_BRANCHABLE_ATLAS_FULL_V0_5_DEEP_FINAL_AUDIT/docs/full_doc_extraction/tables/DOCX_TABLE_0228.md atlas/source_extraction/ DOCX_TABLE_0228.md md P4_ATLAS_EVIDENCE_OR_DOCS F06 0 0 0 0 1  NOT_FOUND_LOC","INTEGRATE_TO_ATLAS_READONLY_SCENARIO_SPEC_CANDIDATE","ATLAS_READONLY_ADVISORY_ONLY","false","false","false","false","false","F06 audit/spec only; Atlas scenario/context candidate; never runtime reality claim"
"BRANCHABLE_ATLAS","atlas/source_extraction/","F06_ATLAS","FILE_PLAN_ALL 1021 BRANCHABLE_ATLAS OBSIDIA_BRANCHABLE_ATLAS_FULL_V0_5_DEEP_FINAL_AUDIT/docs/full_doc_extraction/tables/DOCX_TABLE_0229.md atlas/source_extraction/ DOCX_TABLE_0229.md md P4_ATLAS_EVIDENCE_OR_DOCS F06 0 0 0 0 1  NOT_FOUND_LOC","INTEGRATE_TO_ATLAS_READONLY_SCENARIO_SPEC_CANDIDATE","ATLAS_READONLY_ADVISORY_ONLY","false","false","false","false","false","F06 audit/spec only; Atlas scenario/context candidate; never runtime reality claim"
"BRANCHABLE_ATLAS","atlas/source_extraction/","F06_ATLAS","FILE_PLAN_ALL 1022 BRANCHABLE_ATLAS OBSIDIA_BRANCHABLE_ATLAS_FULL_V0_5_DEEP_FINAL_AUDIT/docs/full_doc_extraction/tables/DOCX_TABLE_0230.md atlas/source_extraction/ DOCX_TABLE_0230.md md P4_ATLAS_EVIDENCE_OR_DOCS F06 0 0 0 0 1  NOT_FOUND_LOC","INTEGRATE_TO_ATLAS_READONLY_SCENARIO_SPEC_CANDIDATE","ATLAS_READONLY_ADVISORY_ONLY","false","false","false","false","false","F06 audit/spec only; Atlas scenario/context candidate; never runtime reality claim"
"BRANCHABLE_ATLAS","atlas/source_extraction/","F06_ATLAS","FILE_PLAN_ALL 1023 BRANCHABLE_ATLAS OBSIDIA_BRANCHABLE_ATLAS_FULL_V0_5_DEEP_FINAL_AUDIT/docs/full_doc_extraction/tables/DOCX_TABLE_0231.md atlas/source_extraction/ DOCX_TABLE_0231.md md P4_ATLAS_EVIDENCE_OR_DOCS F06 0 0 0 0 1  NOT_FOUND_LOC","INTEGRATE_TO_ATLAS_READONLY_SCENARIO_SPEC_CANDIDATE","ATLAS_READONLY_ADVISORY_ONLY","false","false","false","false","false","F06 audit/spec only; Atlas scenario/context candidate; never runtime reality claim"
"BRANCHABLE_ATLAS","atlas/source_extraction/","F06_ATLAS","FILE_PLAN_ALL 1024 BRANCHABLE_ATLAS OBSIDIA_BRANCHABLE_ATLAS_FULL_V0_5_DEEP_FINAL_AUDIT/docs/full_doc_extraction/tables/DOCX_TABLE_0232.md atlas/source_extraction/ DOCX_TABLE_0232.md md P4_ATLAS_EVIDENCE_OR_DOCS F06 0 0 0 0 1  NOT_FOUND_LOC","INTEGRATE_TO_ATLAS_READONLY_SCENARIO_SPEC_CANDIDATE","ATLAS_READONLY_ADVISORY_ONLY","false","false","false","false","false","F06 audit/spec only; Atlas scenario/context candidate; never runtime reality claim"
"BRANCHABLE_ATLAS","atlas/source_extraction/","F06_ATLAS","FILE_PLAN_ALL 1025 BRANCHABLE_ATLAS OBSIDIA_BRANCHABLE_ATLAS_FULL_V0_5_DEEP_FINAL_AUDIT/docs/full_doc_extraction/tables/DOCX_TABLE_0233.md atlas/source_extraction/ DOCX_TABLE_0233.md md P4_ATLAS_EVIDENCE_OR_DOCS F06 0 0 0 0 1  NOT_FOUND_LOC","INTEGRATE_TO_ATLAS_READONLY_SCENARIO_SPEC_CANDIDATE","ATLAS_READONLY_ADVISORY_ONLY","false","false","false","false","false","F06 audit/spec only; Atlas scenario/context candidate; never runtime reality claim"
"BRANCHABLE_ATLAS","atlas/source_extraction/","F06_ATLAS","FILE_PLAN_ALL 1026 BRANCHABLE_ATLAS OBSIDIA_BRANCHABLE_ATLAS_FULL_V0_5_DEEP_FINAL_AUDIT/docs/full_doc_extraction/tables/DOCX_TABLE_0234.md atlas/source_extraction/ DOCX_TABLE_0234.md md P4_ATLAS_EVIDENCE_OR_DOCS F06 0 0 0 0 1  NOT_FOUND_LOC","INTEGRATE_TO_ATLAS_READONLY_SCENARIO_SPEC_CANDIDATE","ATLAS_READONLY_ADVISORY_ONLY","false","false","false","false","false","F06 audit/spec only; Atlas scenario/context candidate; never runtime reality claim"
"BRANCHABLE_ATLAS","atlas/source_extraction/","F06_ATLAS","FILE_PLAN_ALL 1027 BRANCHABLE_ATLAS OBSIDIA_BRANCHABLE_ATLAS_FULL_V0_5_DEEP_FINAL_AUDIT/docs/full_doc_extraction/tables/DOCX_TABLE_0235.md atlas/source_extraction/ DOCX_TABLE_0235.md md P4_ATLAS_EVIDENCE_OR_DOCS F06 0 0 0 0 1  NOT_FOUND_LOC","INTEGRATE_TO_ATLAS_READONLY_SCENARIO_SPEC_CANDIDATE","ATLAS_READONLY_ADVISORY_ONLY","false","false","false","false","false","F06 audit/spec only; Atlas scenario/context candidate; never runtime reality claim"
"BRANCHABLE_ATLAS","atlas/source_extraction/","F06_ATLAS","FILE_PLAN_ALL 1028 BRANCHABLE_ATLAS OBSIDIA_BRANCHABLE_ATLAS_FULL_V0_5_DEEP_FINAL_AUDIT/docs/full_doc_extraction/tables/DOCX_TABLE_0236.md atlas/source_extraction/ DOCX_TABLE_0236.md md P4_ATLAS_EVIDENCE_OR_DOCS F06 0 0 0 0 1  NOT_FOUND_LOC","INTEGRATE_TO_ATLAS_READONLY_SCENARIO_SPEC_CANDIDATE","ATLAS_READONLY_ADVISORY_ONLY","false","false","false","false","false","F06 audit/spec only; Atlas scenario/context candidate; never runtime reality claim"
"BRANCHABLE_ATLAS","atlas/source_extraction/","F06_ATLAS","FILE_PLAN_ALL 1029 BRANCHABLE_ATLAS OBSIDIA_BRANCHABLE_ATLAS_FULL_V0_5_DEEP_FINAL_AUDIT/docs/full_doc_extraction/tables/DOCX_TABLE_0237.md atlas/source_extraction/ DOCX_TABLE_0237.md md P4_ATLAS_EVIDENCE_OR_DOCS F06 0 0 0 0 1  NOT_FOUND_LOC","INTEGRATE_TO_ATLAS_READONLY_SCENARIO_SPEC_CANDIDATE","ATLAS_READONLY_ADVISORY_ONLY","false","false","false","false","false","F06 audit/spec only; Atlas scenario/context candidate; never runtime reality claim"
"BRANCHABLE_ATLAS","atlas/source_extraction/","F06_ATLAS","FILE_PLAN_ALL 1030 BRANCHABLE_ATLAS OBSIDIA_BRANCHABLE_ATLAS_FULL_V0_5_DEEP_FINAL_AUDIT/docs/full_doc_extraction/tables/DOCX_TABLE_0238.md atlas/source_extraction/ DOCX_TABLE_0238.md md P4_ATLAS_EVIDENCE_OR_DOCS F06 0 0 0 0 1  NOT_FOUND_LOC","INTEGRATE_TO_ATLAS_READONLY_SCENARIO_SPEC_CANDIDATE","ATLAS_READONLY_ADVISORY_ONLY","false","false","false","false","false","F06 audit/spec only; Atlas scenario/context candidate; never runtime reality claim"
"BRANCHABLE_ATLAS","atlas/source_extraction/","F06_ATLAS","FILE_PLAN_ALL 1031 BRANCHABLE_ATLAS OBSIDIA_BRANCHABLE_ATLAS_FULL_V0_5_DEEP_FINAL_AUDIT/docs/full_doc_extraction/tables/DOCX_TABLE_0239.md atlas/source_extraction/ DOCX_TABLE_0239.md md P4_ATLAS_EVIDENCE_OR_DOCS F06 0 0 0 0 1  NOT_FOUND_LOC","INTEGRATE_TO_ATLAS_READONLY_SCENARIO_SPEC_CANDIDATE","ATLAS_READONLY_ADVISORY_ONLY","false","false","false","false","false","F06 audit/spec only; Atlas scenario/context candidate; never runtime reality claim"
"BRANCHABLE_ATLAS","atlas/source_extraction/","F06_ATLAS","FILE_PLAN_ALL 1032 BRANCHABLE_ATLAS OBSIDIA_BRANCHABLE_ATLAS_FULL_V0_5_DEEP_FINAL_AUDIT/docs/full_doc_extraction/tables/DOCX_TABLE_0240.md atlas/source_extraction/ DOCX_TABLE_0240.md md P4_ATLAS_EVIDENCE_OR_DOCS F06 0 0 0 0 1  NOT_FOUND_LOC","INTEGRATE_TO_ATLAS_READONLY_SCENARIO_SPEC_CANDIDATE","ATLAS_READONLY_ADVISORY_ONLY","false","false","false","false","false","F06 audit/spec only; Atlas scenario/context candidate; never runtime reality claim"
"BRANCHABLE_ATLAS","atlas/source_extraction/","F06_ATLAS","FILE_PLAN_ALL 1033 BRANCHABLE_ATLAS OBSIDIA_BRANCHABLE_ATLAS_FULL_V0_5_DEEP_FINAL_AUDIT/docs/full_doc_extraction/tables/DOCX_TABLE_0241.md atlas/source_extraction/ DOCX_TABLE_0241.md md P4_ATLAS_EVIDENCE_OR_DOCS F06 0 0 0 0 1  NOT_FOUND_LOC","INTEGRATE_TO_ATLAS_READONLY_SCENARIO_SPEC_CANDIDATE","ATLAS_READONLY_ADVISORY_ONLY","false","false","false","false","false","F06 audit/spec only; Atlas scenario/context candidate; never runtime reality claim"
"BRANCHABLE_ATLAS","atlas/source_extraction/","F06_ATLAS","FILE_PLAN_ALL 1034 BRANCHABLE_ATLAS OBSIDIA_BRANCHABLE_ATLAS_FULL_V0_5_DEEP_FINAL_AUDIT/docs/full_doc_extraction/tables/DOCX_TABLE_0242.md atlas/source_extraction/ DOCX_TABLE_0242.md md P4_ATLAS_EVIDENCE_OR_DOCS F06 0 0 0 0 1  NOT_FOUND_LOC","INTEGRATE_TO_ATLAS_READONLY_SCENARIO_SPEC_CANDIDATE","ATLAS_READONLY_ADVISORY_ONLY","false","false","false","false","false","F06 audit/spec only; Atlas scenario/context candidate; never runtime reality claim"
"BRANCHABLE_ATLAS","atlas/source_extraction/","F06_ATLAS","FILE_PLAN_ALL 1035 BRANCHABLE_ATLAS OBSIDIA_BRANCHABLE_ATLAS_FULL_V0_5_DEEP_FINAL_AUDIT/docs/full_doc_extraction/tables/DOCX_TABLE_0243.md atlas/source_extraction/ DOCX_TABLE_0243.md md P4_ATLAS_EVIDENCE_OR_DOCS F06 0 0 0 0 1  NOT_FOUND_LOC","INTEGRATE_TO_ATLAS_READONLY_SCENARIO_SPEC_CANDIDATE","ATLAS_READONLY_ADVISORY_ONLY","false","false","false","false","false","F06 audit/spec only; Atlas scenario/context candidate; never runtime reality claim"
"BRANCHABLE_ATLAS","atlas/source_extraction/","F06_ATLAS","FILE_PLAN_ALL 1036 BRANCHABLE_ATLAS OBSIDIA_BRANCHABLE_ATLAS_FULL_V0_5_DEEP_FINAL_AUDIT/docs/full_doc_extraction/tables/DOCX_TABLE_0244.md atlas/source_extraction/ DOCX_TABLE_0244.md md P4_ATLAS_EVIDENCE_OR_DOCS F06 0 0 0 0 1  NOT_FOUND_LOC","INTEGRATE_TO_ATLAS_READONLY_SCENARIO_SPEC_CANDIDATE","ATLAS_READONLY_ADVISORY_ONLY","false","false","false","false","false","F06 audit/spec only; Atlas scenario/context candidate; never runtime reality claim"
"BRANCHABLE_ATLAS","atlas/source_extraction/","F06_ATLAS","FILE_PLAN_ALL 1037 BRANCHABLE_ATLAS OBSIDIA_BRANCHABLE_ATLAS_FULL_V0_5_DEEP_FINAL_AUDIT/docs/full_doc_extraction/tables/DOCX_TABLE_0245.md atlas/source_extraction/ DOCX_TABLE_0245.md md P4_ATLAS_EVIDENCE_OR_DOCS F06 0 0 0 0 1  NOT_FOUND_LOC","INTEGRATE_TO_ATLAS_READONLY_SCENARIO_SPEC_CANDIDATE","ATLAS_READONLY_ADVISORY_ONLY","false","false","false","false","false","F06 audit/spec only; Atlas scenario/context candidate; never runtime reality claim"
"BRANCHABLE_ATLAS","atlas/source_extraction/","F06_ATLAS","FILE_PLAN_ALL 1038 BRANCHABLE_ATLAS OBSIDIA_BRANCHABLE_ATLAS_FULL_V0_5_DEEP_FINAL_AUDIT/docs/full_doc_extraction/tables/DOCX_TABLE_0246.md atlas/source_extraction/ DOCX_TABLE_0246.md md P4_ATLAS_EVIDENCE_OR_DOCS F06 0 0 0 0 1  NOT_FOUND_LOC","INTEGRATE_TO_ATLAS_READONLY_SCENARIO_SPEC_CANDIDATE","ATLAS_READONLY_ADVISORY_ONLY","false","false","false","false","false","F06 audit/spec only; Atlas scenario/context candidate; never runtime reality claim"
"BRANCHABLE_ATLAS","atlas/source_extraction/","F06_ATLAS","FILE_PLAN_ALL 1039 BRANCHABLE_ATLAS OBSIDIA_BRANCHABLE_ATLAS_FULL_V0_5_DEEP_FINAL_AUDIT/docs/full_doc_extraction/tables/DOCX_TABLE_0247.md atlas/source_extraction/ DOCX_TABLE_0247.md md P4_ATLAS_EVIDENCE_OR_DOCS F06 0 0 0 0 1  NOT_FOUND_LOC","INTEGRATE_TO_ATLAS_READONLY_SCENARIO_SPEC_CANDIDATE","ATLAS_READONLY_ADVISORY_ONLY","false","false","false","false","false","F06 audit/spec only; Atlas scenario/context candidate; never runtime reality claim"
"BRANCHABLE_ATLAS","atlas/source_extraction/","F06_ATLAS","FILE_PLAN_ALL 1040 BRANCHABLE_ATLAS OBSIDIA_BRANCHABLE_ATLAS_FULL_V0_5_DEEP_FINAL_AUDIT/docs/full_doc_extraction/tables/DOCX_TABLE_0248.md atlas/source_extraction/ DOCX_TABLE_0248.md md P4_ATLAS_EVIDENCE_OR_DOCS F06 0 0 0 0 1  NOT_FOUND_LOC","INTEGRATE_TO_ATLAS_READONLY_SCENARIO_SPEC_CANDIDATE","ATLAS_READONLY_ADVISORY_ONLY","false","false","false","false","false","F06 audit/spec only; Atlas scenario/context candidate; never runtime reality claim"
"BRANCHABLE_ATLAS","atlas/source_extraction/","F06_ATLAS","FILE_PLAN_ALL 1041 BRANCHABLE_ATLAS OBSIDIA_BRANCHABLE_ATLAS_FULL_V0_5_DEEP_FINAL_AUDIT/docs/full_doc_extraction/tables/DOCX_TABLE_0249.md atlas/source_extraction/ DOCX_TABLE_0249.md md P4_ATLAS_EVIDENCE_OR_DOCS F06 0 0 0 0 1  NOT_FOUND_LOC","INTEGRATE_TO_ATLAS_READONLY_SCENARIO_SPEC_CANDIDATE","ATLAS_READONLY_ADVISORY_ONLY","false","false","false","false","false","F06 audit/spec only; Atlas scenario/context candidate; never runtime reality claim"
"BRANCHABLE_ATLAS","atlas/source_extraction/","F06_ATLAS","FILE_PLAN_ALL 1042 BRANCHABLE_ATLAS OBSIDIA_BRANCHABLE_ATLAS_FULL_V0_5_DEEP_FINAL_AUDIT/docs/full_doc_extraction/tables/DOCX_TABLE_0250.md atlas/source_extraction/ DOCX_TABLE_0250.md md P4_ATLAS_EVIDENCE_OR_DOCS F06 0 0 0 0 1  NOT_FOUND_LOC","INTEGRATE_TO_ATLAS_READONLY_SCENARIO_SPEC_CANDIDATE","ATLAS_READONLY_ADVISORY_ONLY","false","false","false","false","false","F06 audit/spec only; Atlas scenario/context candidate; never runtime reality claim"
"BRANCHABLE_ATLAS","atlas/source_extraction/","F06_ATLAS","FILE_PLAN_ALL 1043 BRANCHABLE_ATLAS OBSIDIA_BRANCHABLE_ATLAS_FULL_V0_5_DEEP_FINAL_AUDIT/docs/full_doc_extraction/tables/DOCX_TABLE_0251.md atlas/source_extraction/ DOCX_TABLE_0251.md md P4_ATLAS_EVIDENCE_OR_DOCS F06 0 0 0 0 1  NOT_FOUND_LOC","INTEGRATE_TO_ATLAS_READONLY_SCENARIO_SPEC_CANDIDATE","ATLAS_READONLY_ADVISORY_ONLY","false","false","false","false","false","F06 audit/spec only; Atlas scenario/context candidate; never runtime reality claim"
"BRANCHABLE_ATLAS","atlas/source_extraction/","F06_ATLAS","FILE_PLAN_ALL 1044 BRANCHABLE_ATLAS OBSIDIA_BRANCHABLE_ATLAS_FULL_V0_5_DEEP_FINAL_AUDIT/docs/full_doc_extraction/tables/DOCX_TABLE_0252.md atlas/source_extraction/ DOCX_TABLE_0252.md md P4_ATLAS_EVIDENCE_OR_DOCS F06 0 0 0 0 1  NOT_FOUND_LOC","INTEGRATE_TO_ATLAS_READONLY_SCENARIO_SPEC_CANDIDATE","ATLAS_READONLY_ADVISORY_ONLY","false","false","false","false","false","F06 audit/spec only; Atlas scenario/context candidate; never runtime reality claim"
"BRANCHABLE_ATLAS","atlas/source_extraction/","F06_ATLAS","FILE_PLAN_ALL 1045 BRANCHABLE_ATLAS OBSIDIA_BRANCHABLE_ATLAS_FULL_V0_5_DEEP_FINAL_AUDIT/docs/full_doc_extraction/tables/DOCX_TABLE_0253.md atlas/source_extraction/ DOCX_TABLE_0253.md md P4_ATLAS_EVIDENCE_OR_DOCS F06 0 0 0 0 1  NOT_FOUND_LOC","INTEGRATE_TO_ATLAS_READONLY_SCENARIO_SPEC_CANDIDATE","ATLAS_READONLY_ADVISORY_ONLY","false","false","false","false","false","F06 audit/spec only; Atlas scenario/context candidate; never runtime reality claim"
"BRANCHABLE_ATLAS","atlas/source_extraction/","F06_ATLAS","FILE_PLAN_ALL 1046 BRANCHABLE_ATLAS OBSIDIA_BRANCHABLE_ATLAS_FULL_V0_5_DEEP_FINAL_AUDIT/docs/full_doc_extraction/tables/DOCX_TABLE_0254.md atlas/source_extraction/ DOCX_TABLE_0254.md md P4_ATLAS_EVIDENCE_OR_DOCS F06 0 0 0 0 1  NOT_FOUND_LOC","INTEGRATE_TO_ATLAS_READONLY_SCENARIO_SPEC_CANDIDATE","ATLAS_READONLY_ADVISORY_ONLY","false","false","false","false","false","F06 audit/spec only; Atlas scenario/context candidate; never runtime reality claim"
"BRANCHABLE_ATLAS","atlas/source_extraction/","F06_ATLAS","FILE_PLAN_ALL 1047 BRANCHABLE_ATLAS OBSIDIA_BRANCHABLE_ATLAS_FULL_V0_5_DEEP_FINAL_AUDIT/docs/full_doc_extraction/tables/DOCX_TABLE_0255.md atlas/source_extraction/ DOCX_TABLE_0255.md md P4_ATLAS_EVIDENCE_OR_DOCS F06 0 0 0 0 1  NOT_FOUND_LOC","INTEGRATE_TO_ATLAS_READONLY_SCENARIO_SPEC_CANDIDATE","ATLAS_READONLY_ADVISORY_ONLY","false","false","false","false","false","F06 audit/spec only; Atlas scenario/context candidate; never runtime reality claim"
"BRANCHABLE_ATLAS","atlas/source_extraction/","F06_ATLAS","FILE_PLAN_ALL 1048 BRANCHABLE_ATLAS OBSIDIA_BRANCHABLE_ATLAS_FULL_V0_5_DEEP_FINAL_AUDIT/docs/full_doc_extraction/tables/DOCX_TABLE_0256.md atlas/source_extraction/ DOCX_TABLE_0256.md md P4_ATLAS_EVIDENCE_OR_DOCS F06 0 0 0 0 1  NOT_FOUND_LOC","INTEGRATE_TO_ATLAS_READONLY_SCENARIO_SPEC_CANDIDATE","ATLAS_READONLY_ADVISORY_ONLY","false","false","false","false","false","F06 audit/spec only; Atlas scenario/context candidate; never runtime reality claim"
"BRANCHABLE_ATLAS","atlas/source_extraction/","F06_ATLAS","FILE_PLAN_ALL 1049 BRANCHABLE_ATLAS OBSIDIA_BRANCHABLE_ATLAS_FULL_V0_5_DEEP_FINAL_AUDIT/docs/full_doc_extraction/tables/DOCX_TABLE_0257.md atlas/source_extraction/ DOCX_TABLE_0257.md md P4_ATLAS_EVIDENCE_OR_DOCS F06 0 0 0 0 1  NOT_FOUND_LOC","INTEGRATE_TO_ATLAS_READONLY_SCENARIO_SPEC_CANDIDATE","ATLAS_READONLY_ADVISORY_ONLY","false","false","false","false","false","F06 audit/spec only; Atlas scenario/context candidate; never runtime reality claim"
"BRANCHABLE_ATLAS","atlas/source_extraction/","F06_ATLAS","FILE_PLAN_ALL 1050 BRANCHABLE_ATLAS OBSIDIA_BRANCHABLE_ATLAS_FULL_V0_5_DEEP_FINAL_AUDIT/docs/full_doc_extraction/tables/DOCX_TABLE_0258.md atlas/source_extraction/ DOCX_TABLE_0258.md md P4_ATLAS_EVIDENCE_OR_DOCS F06 0 0 0 0 1  NOT_FOUND_LOC","INTEGRATE_TO_ATLAS_READONLY_SCENARIO_SPEC_CANDIDATE","ATLAS_READONLY_ADVISORY_ONLY","false","false","false","false","false","F06 audit/spec only; Atlas scenario/context candidate; never runtime reality claim"
"BRANCHABLE_ATLAS","atlas/source_extraction/","F06_ATLAS","FILE_PLAN_ALL 1051 BRANCHABLE_ATLAS OBSIDIA_BRANCHABLE_ATLAS_FULL_V0_5_DEEP_FINAL_AUDIT/docs/full_doc_extraction/tables/DOCX_TABLE_0259.md atlas/source_extraction/ DOCX_TABLE_0259.md md P4_ATLAS_EVIDENCE_OR_DOCS F06 0 0 0 0 1  NOT_FOUND_LOC","INTEGRATE_TO_ATLAS_READONLY_SCENARIO_SPEC_CANDIDATE","ATLAS_READONLY_ADVISORY_ONLY","false","false","false","false","false","F06 audit/spec only; Atlas scenario/context candidate; never runtime reality claim"
"BRANCHABLE_ATLAS","atlas/source_extraction/","F06_ATLAS","FILE_PLAN_ALL 1052 BRANCHABLE_ATLAS OBSIDIA_BRANCHABLE_ATLAS_FULL_V0_5_DEEP_FINAL_AUDIT/docs/full_doc_extraction/tables/DOCX_TABLE_0260.md atlas/source_extraction/ DOCX_TABLE_0260.md md P4_ATLAS_EVIDENCE_OR_DOCS F06 0 0 0 0 1  NOT_FOUND_LOC","INTEGRATE_TO_ATLAS_READONLY_SCENARIO_SPEC_CANDIDATE","ATLAS_READONLY_ADVISORY_ONLY","false","false","false","false","false","F06 audit/spec only; Atlas scenario/context candidate; never runtime reality claim"
"BRANCHABLE_ATLAS","atlas/source_extraction/","F06_ATLAS","FILE_PLAN_ALL 1053 BRANCHABLE_ATLAS OBSIDIA_BRANCHABLE_ATLAS_FULL_V0_5_DEEP_FINAL_AUDIT/docs/full_doc_extraction/tables/DOCX_TABLE_0261.md atlas/source_extraction/ DOCX_TABLE_0261.md md P4_ATLAS_EVIDENCE_OR_DOCS F06 0 0 0 0 1  NOT_FOUND_LOC","INTEGRATE_TO_ATLAS_READONLY_SCENARIO_SPEC_CANDIDATE","ATLAS_READONLY_ADVISORY_ONLY","false","false","false","false","false","F06 audit/spec only; Atlas scenario/context candidate; never runtime reality claim"
"BRANCHABLE_ATLAS","atlas/source_extraction/","F06_ATLAS","FILE_PLAN_ALL 1054 BRANCHABLE_ATLAS OBSIDIA_BRANCHABLE_ATLAS_FULL_V0_5_DEEP_FINAL_AUDIT/docs/full_doc_extraction/tables/DOCX_TABLE_0262.md atlas/source_extraction/ DOCX_TABLE_0262.md md P4_ATLAS_EVIDENCE_OR_DOCS F06 0 0 0 0 1  NOT_FOUND_LOC","INTEGRATE_TO_ATLAS_READONLY_SCENARIO_SPEC_CANDIDATE","ATLAS_READONLY_ADVISORY_ONLY","false","false","false","false","false","F06 audit/spec only; Atlas scenario/context candidate; never runtime reality claim"
"BRANCHABLE_ATLAS","atlas/source_extraction/","F06_ATLAS","FILE_PLAN_ALL 1055 BRANCHABLE_ATLAS OBSIDIA_BRANCHABLE_ATLAS_FULL_V0_5_DEEP_FINAL_AUDIT/docs/full_doc_extraction/tables/DOCX_TABLE_0263.md atlas/source_extraction/ DOCX_TABLE_0263.md md P4_ATLAS_EVIDENCE_OR_DOCS F06 0 0 0 0 1  NOT_FOUND_LOC","INTEGRATE_TO_ATLAS_READONLY_SCENARIO_SPEC_CANDIDATE","ATLAS_READONLY_ADVISORY_ONLY","false","false","false","false","false","F06 audit/spec only; Atlas scenario/context candidate; never runtime reality claim"
"BRANCHABLE_ATLAS","atlas/source_extraction/","F06_ATLAS","FILE_PLAN_ALL 1056 BRANCHABLE_ATLAS OBSIDIA_BRANCHABLE_ATLAS_FULL_V0_5_DEEP_FINAL_AUDIT/docs/full_doc_extraction/tables/DOCX_TABLE_0264.md atlas/source_extraction/ DOCX_TABLE_0264.md md P4_ATLAS_EVIDENCE_OR_DOCS F06 0 0 0 0 1  NOT_FOUND_LOC","INTEGRATE_TO_ATLAS_READONLY_SCENARIO_SPEC_CANDIDATE","ATLAS_READONLY_ADVISORY_ONLY","false","false","false","false","false","F06 audit/spec only; Atlas scenario/context candidate; never runtime reality claim"
"BRANCHABLE_ATLAS","atlas/source_extraction/","F06_ATLAS","FILE_PLAN_ALL 1057 BRANCHABLE_ATLAS OBSIDIA_BRANCHABLE_ATLAS_FULL_V0_5_DEEP_FINAL_AUDIT/docs/full_doc_extraction/tables/DOCX_TABLE_0265.md atlas/source_extraction/ DOCX_TABLE_0265.md md P4_ATLAS_EVIDENCE_OR_DOCS F06 0 0 0 0 1  NOT_FOUND_LOC","INTEGRATE_TO_ATLAS_READONLY_SCENARIO_SPEC_CANDIDATE","ATLAS_READONLY_ADVISORY_ONLY","false","false","false","false","false","F06 audit/spec only; Atlas scenario/context candidate; never runtime reality claim"
"BRANCHABLE_ATLAS","atlas/source_extraction/","F06_ATLAS","FILE_PLAN_ALL 1058 BRANCHABLE_ATLAS OBSIDIA_BRANCHABLE_ATLAS_FULL_V0_5_DEEP_FINAL_AUDIT/docs/full_doc_extraction/tables/DOCX_TABLE_0266.md atlas/source_extraction/ DOCX_TABLE_0266.md md P4_ATLAS_EVIDENCE_OR_DOCS F06 0 0 0 0 1  NOT_FOUND_LOC","INTEGRATE_TO_ATLAS_READONLY_SCENARIO_SPEC_CANDIDATE","ATLAS_READONLY_ADVISORY_ONLY","false","false","false","false","false","F06 audit/spec only; Atlas scenario/context candidate; never runtime reality claim"
"BRANCHABLE_ATLAS","atlas/source_extraction/","F06_ATLAS","FILE_PLAN_ALL 1059 BRANCHABLE_ATLAS OBSIDIA_BRANCHABLE_ATLAS_FULL_V0_5_DEEP_FINAL_AUDIT/docs/full_doc_extraction/tables/DOCX_TABLE_0267.md atlas/source_extraction/ DOCX_TABLE_0267.md md P4_ATLAS_EVIDENCE_OR_DOCS F06 0 0 0 0 1  NOT_FOUND_LOC","INTEGRATE_TO_ATLAS_READONLY_SCENARIO_SPEC_CANDIDATE","ATLAS_READONLY_ADVISORY_ONLY","false","false","false","false","false","F06 audit/spec only; Atlas scenario/context candidate; never runtime reality claim"
"BRANCHABLE_ATLAS","atlas/source_extraction/","F06_ATLAS","FILE_PLAN_ALL 1060 BRANCHABLE_ATLAS OBSIDIA_BRANCHABLE_ATLAS_FULL_V0_5_DEEP_FINAL_AUDIT/docs/full_doc_extraction/tables/DOCX_TABLE_0268.md atlas/source_extraction/ DOCX_TABLE_0268.md md P4_ATLAS_EVIDENCE_OR_DOCS F06 0 0 0 0 1  NOT_FOUND_LOC","INTEGRATE_TO_ATLAS_READONLY_SCENARIO_SPEC_CANDIDATE","ATLAS_READONLY_ADVISORY_ONLY","false","false","false","false","false","F06 audit/spec only; Atlas scenario/context candidate; never runtime reality claim"
"BRANCHABLE_ATLAS","atlas/source_extraction/","F06_ATLAS","FILE_PLAN_ALL 1061 BRANCHABLE_ATLAS OBSIDIA_BRANCHABLE_ATLAS_FULL_V0_5_DEEP_FINAL_AUDIT/docs/full_doc_extraction/tables/DOCX_TABLE_0269.md atlas/source_extraction/ DOCX_TABLE_0269.md md P4_ATLAS_EVIDENCE_OR_DOCS F06 0 0 0 0 1  NOT_FOUND_LOC","INTEGRATE_TO_ATLAS_READONLY_SCENARIO_SPEC_CANDIDATE","ATLAS_READONLY_ADVISORY_ONLY","false","false","false","false","false","F06 audit/spec only; Atlas scenario/context candidate; never runtime reality claim"
"BRANCHABLE_ATLAS","atlas/source_extraction/","F06_ATLAS","FILE_PLAN_ALL 1062 BRANCHABLE_ATLAS OBSIDIA_BRANCHABLE_ATLAS_FULL_V0_5_DEEP_FINAL_AUDIT/docs/full_doc_extraction/tables/DOCX_TABLE_0270.md atlas/source_extraction/ DOCX_TABLE_0270.md md P4_ATLAS_EVIDENCE_OR_DOCS F06 0 0 0 0 1  NOT_FOUND_LOC","INTEGRATE_TO_ATLAS_READONLY_SCENARIO_SPEC_CANDIDATE","ATLAS_READONLY_ADVISORY_ONLY","false","false","false","false","false","F06 audit/spec only; Atlas scenario/context candidate; never runtime reality claim"
"BRANCHABLE_ATLAS","atlas/source_extraction/","F06_ATLAS","FILE_PLAN_ALL 1063 BRANCHABLE_ATLAS OBSIDIA_BRANCHABLE_ATLAS_FULL_V0_5_DEEP_FINAL_AUDIT/docs/full_doc_extraction/tables/DOCX_TABLE_0271.md atlas/source_extraction/ DOCX_TABLE_0271.md md P4_ATLAS_EVIDENCE_OR_DOCS F06 0 0 0 0 1  NOT_FOUND_LOC","INTEGRATE_TO_ATLAS_READONLY_SCENARIO_SPEC_CANDIDATE","ATLAS_READONLY_ADVISORY_ONLY","false","false","false","false","false","F06 audit/spec only; Atlas scenario/context candidate; never runtime reality claim"
"BRANCHABLE_ATLAS","atlas/source_extraction/","F06_ATLAS","FILE_PLAN_ALL 1064 BRANCHABLE_ATLAS OBSIDIA_BRANCHABLE_ATLAS_FULL_V0_5_DEEP_FINAL_AUDIT/docs/full_doc_extraction/tables/DOCX_TABLE_0272.md atlas/source_extraction/ DOCX_TABLE_0272.md md P4_ATLAS_EVIDENCE_OR_DOCS F06 0 0 0 0 1  NOT_FOUND_LOC","INTEGRATE_TO_ATLAS_READONLY_SCENARIO_SPEC_CANDIDATE","ATLAS_READONLY_ADVISORY_ONLY","false","false","false","false","false","F06 audit/spec only; Atlas scenario/context candidate; never runtime reality claim"
"BRANCHABLE_ATLAS","atlas/source_extraction/","F06_ATLAS","FILE_PLAN_ALL 1065 BRANCHABLE_ATLAS OBSIDIA_BRANCHABLE_ATLAS_FULL_V0_5_DEEP_FINAL_AUDIT/docs/full_doc_extraction/tables/DOCX_TABLE_0273.md atlas/source_extraction/ DOCX_TABLE_0273.md md P4_ATLAS_EVIDENCE_OR_DOCS F06 0 0 0 0 1  NOT_FOUND_LOC","INTEGRATE_TO_ATLAS_READONLY_SCENARIO_SPEC_CANDIDATE","ATLAS_READONLY_ADVISORY_ONLY","false","false","false","false","false","F06 audit/spec only; Atlas scenario/context candidate; never runtime reality claim"
"BRANCHABLE_ATLAS","atlas/source_extraction/","F06_ATLAS","FILE_PLAN_ALL 1066 BRANCHABLE_ATLAS OBSIDIA_BRANCHABLE_ATLAS_FULL_V0_5_DEEP_FINAL_AUDIT/docs/full_doc_extraction/tables/DOCX_TABLE_0274.md atlas/source_extraction/ DOCX_TABLE_0274.md md P4_ATLAS_EVIDENCE_OR_DOCS F06 0 0 0 0 1  NOT_FOUND_LOC","INTEGRATE_TO_ATLAS_READONLY_SCENARIO_SPEC_CANDIDATE","ATLAS_READONLY_ADVISORY_ONLY","false","false","false","false","false","F06 audit/spec only; Atlas scenario/context candidate; never runtime reality claim"
"BRANCHABLE_ATLAS","atlas/source_extraction/","F06_ATLAS","FILE_PLAN_ALL 1067 BRANCHABLE_ATLAS OBSIDIA_BRANCHABLE_ATLAS_FULL_V0_5_DEEP_FINAL_AUDIT/docs/full_doc_extraction/tables/DOCX_TABLE_0275.md atlas/source_extraction/ DOCX_TABLE_0275.md md P4_ATLAS_EVIDENCE_OR_DOCS F06 0 0 0 0 1  NOT_FOUND_LOC","INTEGRATE_TO_ATLAS_READONLY_SCENARIO_SPEC_CANDIDATE","ATLAS_READONLY_ADVISORY_ONLY","false","false","false","false","false","F06 audit/spec only; Atlas scenario/context candidate; never runtime reality claim"
"BRANCHABLE_ATLAS","atlas/source_extraction/","F06_ATLAS","FILE_PLAN_ALL 1068 BRANCHABLE_ATLAS OBSIDIA_BRANCHABLE_ATLAS_FULL_V0_5_DEEP_FINAL_AUDIT/docs/full_doc_extraction/tables/DOCX_TABLE_0276.md atlas/source_extraction/ DOCX_TABLE_0276.md md P4_ATLAS_EVIDENCE_OR_DOCS F06 0 0 0 0 1  NOT_FOUND_LOC","INTEGRATE_TO_ATLAS_READONLY_SCENARIO_SPEC_CANDIDATE","ATLAS_READONLY_ADVISORY_ONLY","false","false","false","false","false","F06 audit/spec only; Atlas scenario/context candidate; never runtime reality claim"
"BRANCHABLE_ATLAS","atlas/source_extraction/","F06_ATLAS","FILE_PLAN_ALL 1069 BRANCHABLE_ATLAS OBSIDIA_BRANCHABLE_ATLAS_FULL_V0_5_DEEP_FINAL_AUDIT/docs/full_doc_extraction/tables/DOCX_TABLE_0277.md atlas/source_extraction/ DOCX_TABLE_0277.md md P4_ATLAS_EVIDENCE_OR_DOCS F06 0 0 0 0 1  NOT_FOUND_LOC","INTEGRATE_TO_ATLAS_READONLY_SCENARIO_SPEC_CANDIDATE","ATLAS_READONLY_ADVISORY_ONLY","false","false","false","false","false","F06 audit/spec only; Atlas scenario/context candidate; never runtime reality claim"
"BRANCHABLE_ATLAS","atlas/source_extraction/","F06_ATLAS","FILE_PLAN_ALL 1070 BRANCHABLE_ATLAS OBSIDIA_BRANCHABLE_ATLAS_FULL_V0_5_DEEP_FINAL_AUDIT/docs/full_doc_extraction/tables/DOCX_TABLE_0278.md atlas/source_extraction/ DOCX_TABLE_0278.md md P4_ATLAS_EVIDENCE_OR_DOCS F06 0 0 0 0 1  NOT_FOUND_LOC","INTEGRATE_TO_ATLAS_READONLY_SCENARIO_SPEC_CANDIDATE","ATLAS_READONLY_ADVISORY_ONLY","false","false","false","false","false","F06 audit/spec only; Atlas scenario/context candidate; never runtime reality claim"
"BRANCHABLE_ATLAS","atlas/source_extraction/","F06_ATLAS","FILE_PLAN_ALL 1071 BRANCHABLE_ATLAS OBSIDIA_BRANCHABLE_ATLAS_FULL_V0_5_DEEP_FINAL_AUDIT/docs/full_doc_extraction/tables/DOCX_TABLE_0279.md atlas/source_extraction/ DOCX_TABLE_0279.md md P4_ATLAS_EVIDENCE_OR_DOCS F06 0 0 0 0 1  NOT_FOUND_LOC","INTEGRATE_TO_ATLAS_READONLY_SCENARIO_SPEC_CANDIDATE","ATLAS_READONLY_ADVISORY_ONLY","false","false","false","false","false","F06 audit/spec only; Atlas scenario/context candidate; never runtime reality claim"
"BRANCHABLE_ATLAS","atlas/source_extraction/","F06_ATLAS","FILE_PLAN_ALL 1072 BRANCHABLE_ATLAS OBSIDIA_BRANCHABLE_ATLAS_FULL_V0_5_DEEP_FINAL_AUDIT/docs/full_doc_extraction/tables/DOCX_TABLE_0280.md atlas/source_extraction/ DOCX_TABLE_0280.md md P4_ATLAS_EVIDENCE_OR_DOCS F06 0 0 0 0 1  NOT_FOUND_LOC","INTEGRATE_TO_ATLAS_READONLY_SCENARIO_SPEC_CANDIDATE","ATLAS_READONLY_ADVISORY_ONLY","false","false","false","false","false","F06 audit/spec only; Atlas scenario/context candidate; never runtime reality claim"
"BRANCHABLE_ATLAS","atlas/source_extraction/","F06_ATLAS","FILE_PLAN_ALL 1073 BRANCHABLE_ATLAS OBSIDIA_BRANCHABLE_ATLAS_FULL_V0_5_DEEP_FINAL_AUDIT/docs/full_doc_extraction/tables/DOCX_TABLE_0281.md atlas/source_extraction/ DOCX_TABLE_0281.md md P4_ATLAS_EVIDENCE_OR_DOCS F06 0 0 0 0 1  NOT_FOUND_LOC","INTEGRATE_TO_ATLAS_READONLY_SCENARIO_SPEC_CANDIDATE","ATLAS_READONLY_ADVISORY_ONLY","false","false","false","false","false","F06 audit/spec only; Atlas scenario/context candidate; never runtime reality claim"
"BRANCHABLE_ATLAS","atlas/source_extraction/","F06_ATLAS","FILE_PLAN_ALL 1074 BRANCHABLE_ATLAS OBSIDIA_BRANCHABLE_ATLAS_FULL_V0_5_DEEP_FINAL_AUDIT/docs/full_doc_extraction/tables/DOCX_TABLE_0282.md atlas/source_extraction/ DOCX_TABLE_0282.md md P4_ATLAS_EVIDENCE_OR_DOCS F06 0 0 0 0 1  NOT_FOUND_LOC","INTEGRATE_TO_ATLAS_READONLY_SCENARIO_SPEC_CANDIDATE","ATLAS_READONLY_ADVISORY_ONLY","false","false","false","false","false","F06 audit/spec only; Atlas scenario/context candidate; never runtime reality claim"
"BRANCHABLE_ATLAS","atlas/source_extraction/","F06_ATLAS","FILE_PLAN_ALL 1075 BRANCHABLE_ATLAS OBSIDIA_BRANCHABLE_ATLAS_FULL_V0_5_DEEP_FINAL_AUDIT/docs/full_doc_extraction/tables/DOCX_TABLE_0283.md atlas/source_extraction/ DOCX_TABLE_0283.md md P4_ATLAS_EVIDENCE_OR_DOCS F06 0 0 0 0 1  NOT_FOUND_LOC","INTEGRATE_TO_ATLAS_READONLY_SCENARIO_SPEC_CANDIDATE","ATLAS_READONLY_ADVISORY_ONLY","false","false","false","false","false","F06 audit/spec only; Atlas scenario/context candidate; never runtime reality claim"
"BRANCHABLE_ATLAS","atlas/source_extraction/","F06_ATLAS","FILE_PLAN_ALL 1076 BRANCHABLE_ATLAS OBSIDIA_BRANCHABLE_ATLAS_FULL_V0_5_DEEP_FINAL_AUDIT/docs/full_doc_extraction/tables/DOCX_TABLE_0284.md atlas/source_extraction/ DOCX_TABLE_0284.md md P4_ATLAS_EVIDENCE_OR_DOCS F06 0 0 0 0 1  NOT_FOUND_LOC","INTEGRATE_TO_ATLAS_READONLY_SCENARIO_SPEC_CANDIDATE","ATLAS_READONLY_ADVISORY_ONLY","false","false","false","false","false","F06 audit/spec only; Atlas scenario/context candidate; never runtime reality claim"
"BRANCHABLE_ATLAS","atlas/source_extraction/","F06_ATLAS","FILE_PLAN_ALL 1077 BRANCHABLE_ATLAS OBSIDIA_BRANCHABLE_ATLAS_FULL_V0_5_DEEP_FINAL_AUDIT/docs/full_doc_extraction/tables/DOCX_TABLE_0285.md atlas/source_extraction/ DOCX_TABLE_0285.md md P4_ATLAS_EVIDENCE_OR_DOCS F06 0 0 0 0 1  NOT_FOUND_LOC","INTEGRATE_TO_ATLAS_READONLY_SCENARIO_SPEC_CANDIDATE","ATLAS_READONLY_ADVISORY_ONLY","false","false","false","false","false","F06 audit/spec only; Atlas scenario/context candidate; never runtime reality claim"
"BRANCHABLE_ATLAS","atlas/source_extraction/","F06_ATLAS","FILE_PLAN_ALL 1078 BRANCHABLE_ATLAS OBSIDIA_BRANCHABLE_ATLAS_FULL_V0_5_DEEP_FINAL_AUDIT/docs/full_doc_extraction/tables/DOCX_TABLE_0286.md atlas/source_extraction/ DOCX_TABLE_0286.md md P4_ATLAS_EVIDENCE_OR_DOCS F06 0 0 0 0 1  NOT_FOUND_LOC","INTEGRATE_TO_ATLAS_READONLY_SCENARIO_SPEC_CANDIDATE","ATLAS_READONLY_ADVISORY_ONLY","false","false","false","false","false","F06 audit/spec only; Atlas scenario/context candidate; never runtime reality claim"
"BRANCHABLE_ATLAS","atlas/source_extraction/","F06_ATLAS","FILE_PLAN_ALL 1079 BRANCHABLE_ATLAS OBSIDIA_BRANCHABLE_ATLAS_FULL_V0_5_DEEP_FINAL_AUDIT/docs/full_doc_extraction/tables/DOCX_TABLE_0287.md atlas/source_extraction/ DOCX_TABLE_0287.md md P4_ATLAS_EVIDENCE_OR_DOCS F06 0 0 0 0 1  NOT_FOUND_LOC","INTEGRATE_TO_ATLAS_READONLY_SCENARIO_SPEC_CANDIDATE","ATLAS_READONLY_ADVISORY_ONLY","false","false","false","false","false","F06 audit/spec only; Atlas scenario/context candidate; never runtime reality claim"
"BRANCHABLE_ATLAS","atlas/source_extraction/","F06_ATLAS","FILE_PLAN_ALL 1080 BRANCHABLE_ATLAS OBSIDIA_BRANCHABLE_ATLAS_FULL_V0_5_DEEP_FINAL_AUDIT/docs/full_doc_extraction/tables/DOCX_TABLE_0288.md atlas/source_extraction/ DOCX_TABLE_0288.md md P4_ATLAS_EVIDENCE_OR_DOCS F06 0 0 0 0 1  NOT_FOUND_LOC","INTEGRATE_TO_ATLAS_READONLY_SCENARIO_SPEC_CANDIDATE","ATLAS_READONLY_ADVISORY_ONLY","false","false","false","false","false","F06 audit/spec only; Atlas scenario/context candidate; never runtime reality claim"
"BRANCHABLE_ATLAS","atlas/source_extraction/","F06_ATLAS","FILE_PLAN_ALL 1081 BRANCHABLE_ATLAS OBSIDIA_BRANCHABLE_ATLAS_FULL_V0_5_DEEP_FINAL_AUDIT/docs/full_doc_extraction/tables/DOCX_TABLE_0289.md atlas/source_extraction/ DOCX_TABLE_0289.md md P4_ATLAS_EVIDENCE_OR_DOCS F06 0 0 0 0 1  NOT_FOUND_LOC","INTEGRATE_TO_ATLAS_READONLY_SCENARIO_SPEC_CANDIDATE","ATLAS_READONLY_ADVISORY_ONLY","false","false","false","false","false","F06 audit/spec only; Atlas scenario/context candidate; never runtime reality claim"
"BRANCHABLE_ATLAS","atlas/source_extraction/","F06_ATLAS","FILE_PLAN_ALL 1082 BRANCHABLE_ATLAS OBSIDIA_BRANCHABLE_ATLAS_FULL_V0_5_DEEP_FINAL_AUDIT/docs/full_doc_extraction/tables/DOCX_TABLE_0290.md atlas/source_extraction/ DOCX_TABLE_0290.md md P4_ATLAS_EVIDENCE_OR_DOCS F06 0 0 0 0 1  NOT_FOUND_LOC","INTEGRATE_TO_ATLAS_READONLY_SCENARIO_SPEC_CANDIDATE","ATLAS_READONLY_ADVISORY_ONLY","false","false","false","false","false","F06 audit/spec only; Atlas scenario/context candidate; never runtime reality claim"
"BRANCHABLE_ATLAS","atlas/source_extraction/","F06_ATLAS","FILE_PLAN_ALL 1083 BRANCHABLE_ATLAS OBSIDIA_BRANCHABLE_ATLAS_FULL_V0_5_DEEP_FINAL_AUDIT/docs/full_doc_extraction/tables/DOCX_TABLE_0291.md atlas/source_extraction/ DOCX_TABLE_0291.md md P4_ATLAS_EVIDENCE_OR_DOCS F06 0 0 0 0 1  NOT_FOUND_LOC","INTEGRATE_TO_ATLAS_READONLY_SCENARIO_SPEC_CANDIDATE","ATLAS_READONLY_ADVISORY_ONLY","false","false","false","false","false","F06 audit/spec only; Atlas scenario/context candidate; never runtime reality claim"
"BRANCHABLE_ATLAS","atlas/source_extraction/","F06_ATLAS","FILE_PLAN_ALL 1084 BRANCHABLE_ATLAS OBSIDIA_BRANCHABLE_ATLAS_FULL_V0_5_DEEP_FINAL_AUDIT/docs/full_doc_extraction/tables/DOCX_TABLE_0292.md atlas/source_extraction/ DOCX_TABLE_0292.md md P4_ATLAS_EVIDENCE_OR_DOCS F06 0 0 0 0 1  NOT_FOUND_LOC","INTEGRATE_TO_ATLAS_READONLY_SCENARIO_SPEC_CANDIDATE","ATLAS_READONLY_ADVISORY_ONLY","false","false","false","false","false","F06 audit/spec only; Atlas scenario/context candidate; never runtime reality claim"
"BRANCHABLE_ATLAS","atlas/source_extraction/","F06_ATLAS","FILE_PLAN_ALL 1085 BRANCHABLE_ATLAS OBSIDIA_BRANCHABLE_ATLAS_FULL_V0_5_DEEP_FINAL_AUDIT/docs/full_doc_extraction/tables/DOCX_TABLE_0293.md atlas/source_extraction/ DOCX_TABLE_0293.md md P4_ATLAS_EVIDENCE_OR_DOCS F06 0 0 0 0 1  NOT_FOUND_LOC","INTEGRATE_TO_ATLAS_READONLY_SCENARIO_SPEC_CANDIDATE","ATLAS_READONLY_ADVISORY_ONLY","false","false","false","false","false","F06 audit/spec only; Atlas scenario/context candidate; never runtime reality claim"
"BRANCHABLE_ATLAS","atlas/source_extraction/","F06_ATLAS","FILE_PLAN_ALL 1086 BRANCHABLE_ATLAS OBSIDIA_BRANCHABLE_ATLAS_FULL_V0_5_DEEP_FINAL_AUDIT/docs/full_doc_extraction/tables/DOCX_TABLE_0294.md atlas/source_extraction/ DOCX_TABLE_0294.md md P4_ATLAS_EVIDENCE_OR_DOCS F06 0 0 0 0 1  NOT_FOUND_LOC","INTEGRATE_TO_ATLAS_READONLY_SCENARIO_SPEC_CANDIDATE","ATLAS_READONLY_ADVISORY_ONLY","false","false","false","false","false","F06 audit/spec only; Atlas scenario/context candidate; never runtime reality claim"
"BRANCHABLE_ATLAS","atlas/source_extraction/","F06_ATLAS","FILE_PLAN_ALL 1087 BRANCHABLE_ATLAS OBSIDIA_BRANCHABLE_ATLAS_FULL_V0_5_DEEP_FINAL_AUDIT/docs/full_doc_extraction/tables/DOCX_TABLE_0295.md atlas/source_extraction/ DOCX_TABLE_0295.md md P4_ATLAS_EVIDENCE_OR_DOCS F06 0 0 0 0 1  NOT_FOUND_LOC","INTEGRATE_TO_ATLAS_READONLY_SCENARIO_SPEC_CANDIDATE","ATLAS_READONLY_ADVISORY_ONLY","false","false","false","false","false","F06 audit/spec only; Atlas scenario/context candidate; never runtime reality claim"
"BRANCHABLE_ATLAS","atlas/source_extraction/","F06_ATLAS","FILE_PLAN_ALL 1088 BRANCHABLE_ATLAS OBSIDIA_BRANCHABLE_ATLAS_FULL_V0_5_DEEP_FINAL_AUDIT/docs/full_doc_extraction/tables/DOCX_TABLE_0296.md atlas/source_extraction/ DOCX_TABLE_0296.md md P4_ATLAS_EVIDENCE_OR_DOCS F06 0 0 0 0 1  NOT_FOUND_LOC","INTEGRATE_TO_ATLAS_READONLY_SCENARIO_SPEC_CANDIDATE","ATLAS_READONLY_ADVISORY_ONLY","false","false","false","false","false","F06 audit/spec only; Atlas scenario/context candidate; never runtime reality claim"
"BRANCHABLE_ATLAS","atlas/source_extraction/","F06_ATLAS","FILE_PLAN_ALL 1089 BRANCHABLE_ATLAS OBSIDIA_BRANCHABLE_ATLAS_FULL_V0_5_DEEP_FINAL_AUDIT/docs/full_doc_extraction/tables/DOCX_TABLE_0297.md atlas/source_extraction/ DOCX_TABLE_0297.md md P4_ATLAS_EVIDENCE_OR_DOCS F06 0 0 0 0 1  NOT_FOUND_LOC","INTEGRATE_TO_ATLAS_READONLY_SCENARIO_SPEC_CANDIDATE","ATLAS_READONLY_ADVISORY_ONLY","false","false","false","false","false","F06 audit/spec only; Atlas scenario/context candidate; never runtime reality claim"
"BRANCHABLE_ATLAS","atlas/source_extraction/","F06_ATLAS","FILE_PLAN_ALL 1090 BRANCHABLE_ATLAS OBSIDIA_BRANCHABLE_ATLAS_FULL_V0_5_DEEP_FINAL_AUDIT/docs/full_doc_extraction/tables/DOCX_TABLE_0298.md atlas/source_extraction/ DOCX_TABLE_0298.md md P4_ATLAS_EVIDENCE_OR_DOCS F06 0 0 0 0 1  NOT_FOUND_LOC","INTEGRATE_TO_ATLAS_READONLY_SCENARIO_SPEC_CANDIDATE","ATLAS_READONLY_ADVISORY_ONLY","false","false","false","false","false","F06 audit/spec only; Atlas scenario/context candidate; never runtime reality claim"
"BRANCHABLE_ATLAS","atlas/source_extraction/","F06_ATLAS","FILE_PLAN_ALL 1091 BRANCHABLE_ATLAS OBSIDIA_BRANCHABLE_ATLAS_FULL_V0_5_DEEP_FINAL_AUDIT/docs/full_doc_extraction/tables/DOCX_TABLE_0299.md atlas/source_extraction/ DOCX_TABLE_0299.md md P4_ATLAS_EVIDENCE_OR_DOCS F06 0 0 0 0 1  NOT_FOUND_LOC","INTEGRATE_TO_ATLAS_READONLY_SCENARIO_SPEC_CANDIDATE","ATLAS_READONLY_ADVISORY_ONLY","false","false","false","false","false","F06 audit/spec only; Atlas scenario/context candidate; never runtime reality claim"
"BRANCHABLE_ATLAS","atlas/source_extraction/","F06_ATLAS","FILE_PLAN_ALL 1092 BRANCHABLE_ATLAS OBSIDIA_BRANCHABLE_ATLAS_FULL_V0_5_DEEP_FINAL_AUDIT/docs/full_doc_extraction/tables/DOCX_TABLE_0300.md atlas/source_extraction/ DOCX_TABLE_0300.md md P4_ATLAS_EVIDENCE_OR_DOCS F06 0 0 0 0 1  NOT_FOUND_LOC","INTEGRATE_TO_ATLAS_READONLY_SCENARIO_SPEC_CANDIDATE","ATLAS_READONLY_ADVISORY_ONLY","false","false","false","false","false","F06 audit/spec only; Atlas scenario/context candidate; never runtime reality claim"
"BRANCHABLE_ATLAS","atlas/source_extraction/","F06_ATLAS","FILE_PLAN_ALL 1093 BRANCHABLE_ATLAS OBSIDIA_BRANCHABLE_ATLAS_FULL_V0_5_DEEP_FINAL_AUDIT/docs/full_doc_extraction/tables/DOCX_TABLE_0301.md atlas/source_extraction/ DOCX_TABLE_0301.md md P4_ATLAS_EVIDENCE_OR_DOCS F06 0 0 0 0 1  NOT_FOUND_LOC","INTEGRATE_TO_ATLAS_READONLY_SCENARIO_SPEC_CANDIDATE","ATLAS_READONLY_ADVISORY_ONLY","false","false","false","false","false","F06 audit/spec only; Atlas scenario/context candidate; never runtime reality claim"
"BRANCHABLE_ATLAS","atlas/source_extraction/","F06_ATLAS","FILE_PLAN_ALL 1094 BRANCHABLE_ATLAS OBSIDIA_BRANCHABLE_ATLAS_FULL_V0_5_DEEP_FINAL_AUDIT/docs/full_doc_extraction/tables/DOCX_TABLE_0302.md atlas/source_extraction/ DOCX_TABLE_0302.md md P4_ATLAS_EVIDENCE_OR_DOCS F06 0 0 0 0 1  NOT_FOUND_LOC","INTEGRATE_TO_ATLAS_READONLY_SCENARIO_SPEC_CANDIDATE","ATLAS_READONLY_ADVISORY_ONLY","false","false","false","false","false","F06 audit/spec only; Atlas scenario/context candidate; never runtime reality claim"
"BRANCHABLE_ATLAS","atlas/source_extraction/","F06_ATLAS","FILE_PLAN_ALL 1095 BRANCHABLE_ATLAS OBSIDIA_BRANCHABLE_ATLAS_FULL_V0_5_DEEP_FINAL_AUDIT/docs/full_doc_extraction/tables/DOCX_TABLE_0303.md atlas/source_extraction/ DOCX_TABLE_0303.md md P4_ATLAS_EVIDENCE_OR_DOCS F06 0 0 0 0 1  NOT_FOUND_LOC","INTEGRATE_TO_ATLAS_READONLY_SCENARIO_SPEC_CANDIDATE","ATLAS_READONLY_ADVISORY_ONLY","false","false","false","false","false","F06 audit/spec only; Atlas scenario/context candidate; never runtime reality claim"
"BRANCHABLE_ATLAS","atlas/source_extraction/","F06_ATLAS","FILE_PLAN_ALL 1096 BRANCHABLE_ATLAS OBSIDIA_BRANCHABLE_ATLAS_FULL_V0_5_DEEP_FINAL_AUDIT/docs/full_doc_extraction/tables/DOCX_TABLE_0304.md atlas/source_extraction/ DOCX_TABLE_0304.md md P4_ATLAS_EVIDENCE_OR_DOCS F06 0 0 0 0 1  NOT_FOUND_LOC","INTEGRATE_TO_ATLAS_READONLY_SCENARIO_SPEC_CANDIDATE","ATLAS_READONLY_ADVISORY_ONLY","false","false","false","false","false","F06 audit/spec only; Atlas scenario/context candidate; never runtime reality claim"
"BRANCHABLE_ATLAS","atlas/source_extraction/","F06_ATLAS","FILE_PLAN_ALL 1097 BRANCHABLE_ATLAS OBSIDIA_BRANCHABLE_ATLAS_FULL_V0_5_DEEP_FINAL_AUDIT/docs/full_doc_extraction/tables/DOCX_TABLE_0305.md atlas/source_extraction/ DOCX_TABLE_0305.md md P4_ATLAS_EVIDENCE_OR_DOCS F06 0 0 0 0 1  NOT_FOUND_LOC","INTEGRATE_TO_ATLAS_READONLY_SCENARIO_SPEC_CANDIDATE","ATLAS_READONLY_ADVISORY_ONLY","false","false","false","false","false","F06 audit/spec only; Atlas scenario/context candidate; never runtime reality claim"
"BRANCHABLE_ATLAS","atlas/source_extraction/","F06_ATLAS","FILE_PLAN_ALL 1098 BRANCHABLE_ATLAS OBSIDIA_BRANCHABLE_ATLAS_FULL_V0_5_DEEP_FINAL_AUDIT/docs/full_doc_extraction/tables/DOCX_TABLE_0306.md atlas/source_extraction/ DOCX_TABLE_0306.md md P4_ATLAS_EVIDENCE_OR_DOCS F06 0 0 0 0 1  NOT_FOUND_LOC","INTEGRATE_TO_ATLAS_READONLY_SCENARIO_SPEC_CANDIDATE","ATLAS_READONLY_ADVISORY_ONLY","false","false","false","false","false","F06 audit/spec only; Atlas scenario/context candidate; never runtime reality claim"
"BRANCHABLE_ATLAS","atlas/source_extraction/","F06_ATLAS","FILE_PLAN_ALL 1099 BRANCHABLE_ATLAS OBSIDIA_BRANCHABLE_ATLAS_FULL_V0_5_DEEP_FINAL_AUDIT/docs/full_doc_extraction/tables/DOCX_TABLE_0307.md atlas/source_extraction/ DOCX_TABLE_0307.md md P4_ATLAS_EVIDENCE_OR_DOCS F06 0 0 0 0 1  NOT_FOUND_LOC","INTEGRATE_TO_ATLAS_READONLY_SCENARIO_SPEC_CANDIDATE","ATLAS_READONLY_ADVISORY_ONLY","false","false","false","false","false","F06 audit/spec only; Atlas scenario/context candidate; never runtime reality claim"
"BRANCHABLE_ATLAS","atlas/source_extraction/","F06_ATLAS","FILE_PLAN_ALL 1100 BRANCHABLE_ATLAS OBSIDIA_BRANCHABLE_ATLAS_FULL_V0_5_DEEP_FINAL_AUDIT/docs/full_doc_extraction/tables/DOCX_TABLE_0308.md atlas/source_extraction/ DOCX_TABLE_0308.md md P4_ATLAS_EVIDENCE_OR_DOCS F06 0 0 0 0 1  NOT_FOUND_LOC","INTEGRATE_TO_ATLAS_READONLY_SCENARIO_SPEC_CANDIDATE","ATLAS_READONLY_ADVISORY_ONLY","false","false","false","false","false","F06 audit/spec only; Atlas scenario/context candidate; never runtime reality claim"
"BRANCHABLE_ATLAS","atlas/source_extraction/","F06_ATLAS","FILE_PLAN_ALL 1101 BRANCHABLE_ATLAS OBSIDIA_BRANCHABLE_ATLAS_FULL_V0_5_DEEP_FINAL_AUDIT/docs/full_doc_extraction/tables/DOCX_TABLE_0309.md atlas/source_extraction/ DOCX_TABLE_0309.md md P4_ATLAS_EVIDENCE_OR_DOCS F06 0 0 0 0 1  NOT_FOUND_LOC","INTEGRATE_TO_ATLAS_READONLY_SCENARIO_SPEC_CANDIDATE","ATLAS_READONLY_ADVISORY_ONLY","false","false","false","false","false","F06 audit/spec only; Atlas scenario/context candidate; never runtime reality claim"
"BRANCHABLE_ATLAS","atlas/source_extraction/","F06_ATLAS","FILE_PLAN_ALL 1102 BRANCHABLE_ATLAS OBSIDIA_BRANCHABLE_ATLAS_FULL_V0_5_DEEP_FINAL_AUDIT/docs/full_doc_extraction/tables/DOCX_TABLE_0310.md atlas/source_extraction/ DOCX_TABLE_0310.md md P4_ATLAS_EVIDENCE_OR_DOCS F06 0 0 0 0 1  NOT_FOUND_LOC","INTEGRATE_TO_ATLAS_READONLY_SCENARIO_SPEC_CANDIDATE","ATLAS_READONLY_ADVISORY_ONLY","false","false","false","false","false","F06 audit/spec only; Atlas scenario/context candidate; never runtime reality claim"
"BRANCHABLE_ATLAS","atlas/source_extraction/","F06_ATLAS","FILE_PLAN_ALL 1103 BRANCHABLE_ATLAS OBSIDIA_BRANCHABLE_ATLAS_FULL_V0_5_DEEP_FINAL_AUDIT/docs/full_doc_extraction/tables/DOCX_TABLE_0311.md atlas/source_extraction/ DOCX_TABLE_0311.md md P4_ATLAS_EVIDENCE_OR_DOCS F06 0 0 0 0 1  NOT_FOUND_LOC","INTEGRATE_TO_ATLAS_READONLY_SCENARIO_SPEC_CANDIDATE","ATLAS_READONLY_ADVISORY_ONLY","false","false","false","false","false","F06 audit/spec only; Atlas scenario/context candidate; never runtime reality claim"
"BRANCHABLE_ATLAS","atlas/source_extraction/","F06_ATLAS","FILE_PLAN_ALL 1104 BRANCHABLE_ATLAS OBSIDIA_BRANCHABLE_ATLAS_FULL_V0_5_DEEP_FINAL_AUDIT/docs/full_doc_extraction/tables/DOCX_TABLE_0312.md atlas/source_extraction/ DOCX_TABLE_0312.md md P4_ATLAS_EVIDENCE_OR_DOCS F06 0 0 0 0 1  NOT_FOUND_LOC","INTEGRATE_TO_ATLAS_READONLY_SCENARIO_SPEC_CANDIDATE","ATLAS_READONLY_ADVISORY_ONLY","false","false","false","false","false","F06 audit/spec only; Atlas scenario/context candidate; never runtime reality claim"
"BRANCHABLE_ATLAS","atlas/source_extraction/","F06_ATLAS","FILE_PLAN_ALL 1105 BRANCHABLE_ATLAS OBSIDIA_BRANCHABLE_ATLAS_FULL_V0_5_DEEP_FINAL_AUDIT/docs/full_doc_extraction/tables/DOCX_TABLE_0313.md atlas/source_extraction/ DOCX_TABLE_0313.md md P4_ATLAS_EVIDENCE_OR_DOCS F06 0 0 0 0 1  NOT_FOUND_LOC","INTEGRATE_TO_ATLAS_READONLY_SCENARIO_SPEC_CANDIDATE","ATLAS_READONLY_ADVISORY_ONLY","false","false","false","false","false","F06 audit/spec only; Atlas scenario/context candidate; never runtime reality claim"
"BRANCHABLE_ATLAS","atlas/source_extraction/","F06_ATLAS","FILE_PLAN_ALL 1106 BRANCHABLE_ATLAS OBSIDIA_BRANCHABLE_ATLAS_FULL_V0_5_DEEP_FINAL_AUDIT/docs/full_doc_extraction/tables/DOCX_TABLE_0314.md atlas/source_extraction/ DOCX_TABLE_0314.md md P4_ATLAS_EVIDENCE_OR_DOCS F06 0 0 0 0 1  NOT_FOUND_LOC","INTEGRATE_TO_ATLAS_READONLY_SCENARIO_SPEC_CANDIDATE","ATLAS_READONLY_ADVISORY_ONLY","false","false","false","false","false","F06 audit/spec only; Atlas scenario/context candidate; never runtime reality claim"
"BRANCHABLE_ATLAS","atlas/source_extraction/","F06_ATLAS","FILE_PLAN_ALL 1107 BRANCHABLE_ATLAS OBSIDIA_BRANCHABLE_ATLAS_FULL_V0_5_DEEP_FINAL_AUDIT/docs/full_doc_extraction/tables/DOCX_TABLE_0315.md atlas/source_extraction/ DOCX_TABLE_0315.md md P4_ATLAS_EVIDENCE_OR_DOCS F06 0 0 0 0 1  NOT_FOUND_LOC","INTEGRATE_TO_ATLAS_READONLY_SCENARIO_SPEC_CANDIDATE","ATLAS_READONLY_ADVISORY_ONLY","false","false","false","false","false","F06 audit/spec only; Atlas scenario/context candidate; never runtime reality claim"
"BRANCHABLE_ATLAS","atlas/source_extraction/","F06_ATLAS","FILE_PLAN_ALL 1108 BRANCHABLE_ATLAS OBSIDIA_BRANCHABLE_ATLAS_FULL_V0_5_DEEP_FINAL_AUDIT/docs/full_doc_extraction/tables/DOCX_TABLE_0316.md atlas/source_extraction/ DOCX_TABLE_0316.md md P4_ATLAS_EVIDENCE_OR_DOCS F06 0 0 0 0 1  NOT_FOUND_LOC","INTEGRATE_TO_ATLAS_READONLY_SCENARIO_SPEC_CANDIDATE","ATLAS_READONLY_ADVISORY_ONLY","false","false","false","false","false","F06 audit/spec only; Atlas scenario/context candidate; never runtime reality claim"
"BRANCHABLE_ATLAS","atlas/source_extraction/","F06_ATLAS","FILE_PLAN_ALL 1109 BRANCHABLE_ATLAS OBSIDIA_BRANCHABLE_ATLAS_FULL_V0_5_DEEP_FINAL_AUDIT/docs/full_doc_extraction/tables/DOCX_TABLE_0317.md atlas/source_extraction/ DOCX_TABLE_0317.md md P4_ATLAS_EVIDENCE_OR_DOCS F06 0 0 0 0 1  NOT_FOUND_LOC","INTEGRATE_TO_ATLAS_READONLY_SCENARIO_SPEC_CANDIDATE","ATLAS_READONLY_ADVISORY_ONLY","false","false","false","false","false","F06 audit/spec only; Atlas scenario/context candidate; never runtime reality claim"
"BRANCHABLE_ATLAS","atlas/source_extraction/","F06_ATLAS","FILE_PLAN_ALL 1110 BRANCHABLE_ATLAS OBSIDIA_BRANCHABLE_ATLAS_FULL_V0_5_DEEP_FINAL_AUDIT/docs/full_doc_extraction/tables/DOCX_TABLE_0318.md atlas/source_extraction/ DOCX_TABLE_0318.md md P4_ATLAS_EVIDENCE_OR_DOCS F06 0 0 0 0 1  NOT_FOUND_LOC","INTEGRATE_TO_ATLAS_READONLY_SCENARIO_SPEC_CANDIDATE","ATLAS_READONLY_ADVISORY_ONLY","false","false","false","false","false","F06 audit/spec only; Atlas scenario/context candidate; never runtime reality claim"
"BRANCHABLE_ATLAS","atlas/source_extraction/","F06_ATLAS","FILE_PLAN_ALL 1111 BRANCHABLE_ATLAS OBSIDIA_BRANCHABLE_ATLAS_FULL_V0_5_DEEP_FINAL_AUDIT/docs/full_doc_extraction/tables/DOCX_TABLE_0319.md atlas/source_extraction/ DOCX_TABLE_0319.md md P4_ATLAS_EVIDENCE_OR_DOCS F06 0 0 0 0 1  NOT_FOUND_LOC","INTEGRATE_TO_ATLAS_READONLY_SCENARIO_SPEC_CANDIDATE","ATLAS_READONLY_ADVISORY_ONLY","false","false","false","false","false","F06 audit/spec only; Atlas scenario/context candidate; never runtime reality claim"
"BRANCHABLE_ATLAS","atlas/source_extraction/","F06_ATLAS","FILE_PLAN_ALL 1112 BRANCHABLE_ATLAS OBSIDIA_BRANCHABLE_ATLAS_FULL_V0_5_DEEP_FINAL_AUDIT/docs/full_doc_extraction/tables/DOCX_TABLE_0320.md atlas/source_extraction/ DOCX_TABLE_0320.md md P4_ATLAS_EVIDENCE_OR_DOCS F06 0 0 0 0 1  NOT_FOUND_LOC","INTEGRATE_TO_ATLAS_READONLY_SCENARIO_SPEC_CANDIDATE","ATLAS_READONLY_ADVISORY_ONLY","false","false","false","false","false","F06 audit/spec only; Atlas scenario/context candidate; never runtime reality claim"
"BRANCHABLE_ATLAS","atlas/source_extraction/","F06_ATLAS","FILE_PLAN_ALL 1113 BRANCHABLE_ATLAS OBSIDIA_BRANCHABLE_ATLAS_FULL_V0_5_DEEP_FINAL_AUDIT/docs/full_doc_extraction/tables/DOCX_TABLE_0321.md atlas/source_extraction/ DOCX_TABLE_0321.md md P4_ATLAS_EVIDENCE_OR_DOCS F06 0 0 0 0 1  NOT_FOUND_LOC","INTEGRATE_TO_ATLAS_READONLY_SCENARIO_SPEC_CANDIDATE","ATLAS_READONLY_ADVISORY_ONLY","false","false","false","false","false","F06 audit/spec only; Atlas scenario/context candidate; never runtime reality claim"
"BRANCHABLE_ATLAS","atlas/source_extraction/","F06_ATLAS","FILE_PLAN_ALL 1114 BRANCHABLE_ATLAS OBSIDIA_BRANCHABLE_ATLAS_FULL_V0_5_DEEP_FINAL_AUDIT/docs/full_doc_extraction/tables/DOCX_TABLE_0322.md atlas/source_extraction/ DOCX_TABLE_0322.md md P4_ATLAS_EVIDENCE_OR_DOCS F06 0 0 0 0 1  NOT_FOUND_LOC","INTEGRATE_TO_ATLAS_READONLY_SCENARIO_SPEC_CANDIDATE","ATLAS_READONLY_ADVISORY_ONLY","false","false","false","false","false","F06 audit/spec only; Atlas scenario/context candidate; never runtime reality claim"
"BRANCHABLE_ATLAS","atlas/source_extraction/","F06_ATLAS","FILE_PLAN_ALL 1115 BRANCHABLE_ATLAS OBSIDIA_BRANCHABLE_ATLAS_FULL_V0_5_DEEP_FINAL_AUDIT/docs/full_doc_extraction/tables/DOCX_TABLE_0323.md atlas/source_extraction/ DOCX_TABLE_0323.md md P4_ATLAS_EVIDENCE_OR_DOCS F06 0 0 0 0 1  NOT_FOUND_LOC","INTEGRATE_TO_ATLAS_READONLY_SCENARIO_SPEC_CANDIDATE","ATLAS_READONLY_ADVISORY_ONLY","false","false","false","false","false","F06 audit/spec only; Atlas scenario/context candidate; never runtime reality claim"
"BRANCHABLE_ATLAS","atlas/source_extraction/","F06_ATLAS","FILE_PLAN_ALL 1116 BRANCHABLE_ATLAS OBSIDIA_BRANCHABLE_ATLAS_FULL_V0_5_DEEP_FINAL_AUDIT/docs/full_doc_extraction/tables/DOCX_TABLE_0324.md atlas/source_extraction/ DOCX_TABLE_0324.md md P4_ATLAS_EVIDENCE_OR_DOCS F06 0 0 0 0 1  NOT_FOUND_LOC","INTEGRATE_TO_ATLAS_READONLY_SCENARIO_SPEC_CANDIDATE","ATLAS_READONLY_ADVISORY_ONLY","false","false","false","false","false","F06 audit/spec only; Atlas scenario/context candidate; never runtime reality claim"
"BRANCHABLE_ATLAS","atlas/source_extraction/","F06_ATLAS","FILE_PLAN_ALL 1117 BRANCHABLE_ATLAS OBSIDIA_BRANCHABLE_ATLAS_FULL_V0_5_DEEP_FINAL_AUDIT/docs/full_doc_extraction/tables/DOCX_TABLE_0325.md atlas/source_extraction/ DOCX_TABLE_0325.md md P4_ATLAS_EVIDENCE_OR_DOCS F06 0 0 0 0 1  NOT_FOUND_LOC","INTEGRATE_TO_ATLAS_READONLY_SCENARIO_SPEC_CANDIDATE","ATLAS_READONLY_ADVISORY_ONLY","false","false","false","false","false","F06 audit/spec only; Atlas scenario/context candidate; never runtime reality claim"
"BRANCHABLE_ATLAS","atlas/source_extraction/","F06_ATLAS","FILE_PLAN_ALL 1118 BRANCHABLE_ATLAS OBSIDIA_BRANCHABLE_ATLAS_FULL_V0_5_DEEP_FINAL_AUDIT/docs/full_doc_extraction/tables/DOCX_TABLE_0326.md atlas/source_extraction/ DOCX_TABLE_0326.md md P4_ATLAS_EVIDENCE_OR_DOCS F06 0 0 0 0 1  NOT_FOUND_LOC","INTEGRATE_TO_ATLAS_READONLY_SCENARIO_SPEC_CANDIDATE","ATLAS_READONLY_ADVISORY_ONLY","false","false","false","false","false","F06 audit/spec only; Atlas scenario/context candidate; never runtime reality claim"
"BRANCHABLE_ATLAS","atlas/source_extraction/","F06_ATLAS","FILE_PLAN_ALL 1119 BRANCHABLE_ATLAS OBSIDIA_BRANCHABLE_ATLAS_FULL_V0_5_DEEP_FINAL_AUDIT/docs/full_doc_extraction/tables/DOCX_TABLE_0327.md atlas/source_extraction/ DOCX_TABLE_0327.md md P4_ATLAS_EVIDENCE_OR_DOCS F06 0 0 0 0 1  NOT_FOUND_LOC","INTEGRATE_TO_ATLAS_READONLY_SCENARIO_SPEC_CANDIDATE","ATLAS_READONLY_ADVISORY_ONLY","false","false","false","false","false","F06 audit/spec only; Atlas scenario/context candidate; never runtime reality claim"
"BRANCHABLE_ATLAS","atlas/source_extraction/","F06_ATLAS","FILE_PLAN_ALL 1120 BRANCHABLE_ATLAS OBSIDIA_BRANCHABLE_ATLAS_FULL_V0_5_DEEP_FINAL_AUDIT/docs/full_doc_extraction/tables/DOCX_TABLE_0328.md atlas/source_extraction/ DOCX_TABLE_0328.md md P4_ATLAS_EVIDENCE_OR_DOCS F06 0 0 0 0 1  NOT_FOUND_LOC","INTEGRATE_TO_ATLAS_READONLY_SCENARIO_SPEC_CANDIDATE","ATLAS_READONLY_ADVISORY_ONLY","false","false","false","false","false","F06 audit/spec only; Atlas scenario/context candidate; never runtime reality claim"
"BRANCHABLE_ATLAS","atlas/source_extraction/","F06_ATLAS","FILE_PLAN_ALL 1121 BRANCHABLE_ATLAS OBSIDIA_BRANCHABLE_ATLAS_FULL_V0_5_DEEP_FINAL_AUDIT/docs/full_doc_extraction/tables/DOCX_TABLE_0329.md atlas/source_extraction/ DOCX_TABLE_0329.md md P4_ATLAS_EVIDENCE_OR_DOCS F06 0 0 0 0 1  NOT_FOUND_LOC","INTEGRATE_TO_ATLAS_READONLY_SCENARIO_SPEC_CANDIDATE","ATLAS_READONLY_ADVISORY_ONLY","false","false","false","false","false","F06 audit/spec only; Atlas scenario/context candidate; never runtime reality claim"
"BRANCHABLE_ATLAS","atlas/source_extraction/","F06_ATLAS","FILE_PLAN_ALL 1122 BRANCHABLE_ATLAS OBSIDIA_BRANCHABLE_ATLAS_FULL_V0_5_DEEP_FINAL_AUDIT/docs/full_doc_extraction/tables/DOCX_TABLE_0330.md atlas/source_extraction/ DOCX_TABLE_0330.md md P4_ATLAS_EVIDENCE_OR_DOCS F06 0 0 0 0 1  NOT_FOUND_LOC","INTEGRATE_TO_ATLAS_READONLY_SCENARIO_SPEC_CANDIDATE","ATLAS_READONLY_ADVISORY_ONLY","false","false","false","false","false","F06 audit/spec only; Atlas scenario/context candidate; never runtime reality claim"
"BRANCHABLE_ATLAS","atlas/source_extraction/","F06_ATLAS","FILE_PLAN_ALL 1123 BRANCHABLE_ATLAS OBSIDIA_BRANCHABLE_ATLAS_FULL_V0_5_DEEP_FINAL_AUDIT/docs/full_doc_extraction/tables/DOCX_TABLE_0331.md atlas/source_extraction/ DOCX_TABLE_0331.md md P4_ATLAS_EVIDENCE_OR_DOCS F06 0 0 0 0 1  NOT_FOUND_LOC","INTEGRATE_TO_ATLAS_READONLY_SCENARIO_SPEC_CANDIDATE","ATLAS_READONLY_ADVISORY_ONLY","false","false","false","false","false","F06 audit/spec only; Atlas scenario/context candidate; never runtime reality claim"
"BRANCHABLE_ATLAS","atlas/source_extraction/","F06_ATLAS","FILE_PLAN_ALL 1124 BRANCHABLE_ATLAS OBSIDIA_BRANCHABLE_ATLAS_FULL_V0_5_DEEP_FINAL_AUDIT/docs/full_doc_extraction/tables/DOCX_TABLE_0332.md atlas/source_extraction/ DOCX_TABLE_0332.md md P4_ATLAS_EVIDENCE_OR_DOCS F06 0 0 0 0 1  NOT_FOUND_LOC","INTEGRATE_TO_ATLAS_READONLY_SCENARIO_SPEC_CANDIDATE","ATLAS_READONLY_ADVISORY_ONLY","false","false","false","false","false","F06 audit/spec only; Atlas scenario/context candidate; never runtime reality claim"
"BRANCHABLE_ATLAS","atlas/source_extraction/","F06_ATLAS","FILE_PLAN_ALL 1125 BRANCHABLE_ATLAS OBSIDIA_BRANCHABLE_ATLAS_FULL_V0_5_DEEP_FINAL_AUDIT/docs/full_doc_extraction/tables/DOCX_TABLE_0333.md atlas/source_extraction/ DOCX_TABLE_0333.md md P4_ATLAS_EVIDENCE_OR_DOCS F06 0 0 0 0 1  NOT_FOUND_LOC","INTEGRATE_TO_ATLAS_READONLY_SCENARIO_SPEC_CANDIDATE","ATLAS_READONLY_ADVISORY_ONLY","false","false","false","false","false","F06 audit/spec only; Atlas scenario/context candidate; never runtime reality claim"
"BRANCHABLE_ATLAS","atlas/source_extraction/","F06_ATLAS","FILE_PLAN_ALL 1126 BRANCHABLE_ATLAS OBSIDIA_BRANCHABLE_ATLAS_FULL_V0_5_DEEP_FINAL_AUDIT/docs/full_doc_extraction/tables/DOCX_TABLE_0334.md atlas/source_extraction/ DOCX_TABLE_0334.md md P4_ATLAS_EVIDENCE_OR_DOCS F06 0 0 0 0 1  NOT_FOUND_LOC","INTEGRATE_TO_ATLAS_READONLY_SCENARIO_SPEC_CANDIDATE","ATLAS_READONLY_ADVISORY_ONLY","false","false","false","false","false","F06 audit/spec only; Atlas scenario/context candidate; never runtime reality claim"
"BRANCHABLE_ATLAS","atlas/source_extraction/","F06_ATLAS","FILE_PLAN_ALL 1127 BRANCHABLE_ATLAS OBSIDIA_BRANCHABLE_ATLAS_FULL_V0_5_DEEP_FINAL_AUDIT/docs/full_doc_extraction/tables/DOCX_TABLE_0335.md atlas/source_extraction/ DOCX_TABLE_0335.md md P4_ATLAS_EVIDENCE_OR_DOCS F06 0 0 0 0 1  NOT_FOUND_LOC","INTEGRATE_TO_ATLAS_READONLY_SCENARIO_SPEC_CANDIDATE","ATLAS_READONLY_ADVISORY_ONLY","false","false","false","false","false","F06 audit/spec only; Atlas scenario/context candidate; never runtime reality claim"
"BRANCHABLE_ATLAS","atlas/source_extraction/","F06_ATLAS","FILE_PLAN_ALL 1128 BRANCHABLE_ATLAS OBSIDIA_BRANCHABLE_ATLAS_FULL_V0_5_DEEP_FINAL_AUDIT/docs/full_doc_extraction/tables/DOCX_TABLE_0336.md atlas/source_extraction/ DOCX_TABLE_0336.md md P4_ATLAS_EVIDENCE_OR_DOCS F06 0 0 0 0 1  NOT_FOUND_LOC","INTEGRATE_TO_ATLAS_READONLY_SCENARIO_SPEC_CANDIDATE","ATLAS_READONLY_ADVISORY_ONLY","false","false","false","false","false","F06 audit/spec only; Atlas scenario/context candidate; never runtime reality claim"
"BRANCHABLE_ATLAS","atlas/source_extraction/","F06_ATLAS","FILE_PLAN_ALL 1129 BRANCHABLE_ATLAS OBSIDIA_BRANCHABLE_ATLAS_FULL_V0_5_DEEP_FINAL_AUDIT/docs/full_doc_extraction/tables/DOCX_TABLE_0337.md atlas/source_extraction/ DOCX_TABLE_0337.md md P4_ATLAS_EVIDENCE_OR_DOCS F06 0 0 0 0 1  NOT_FOUND_LOC","INTEGRATE_TO_ATLAS_READONLY_SCENARIO_SPEC_CANDIDATE","ATLAS_READONLY_ADVISORY_ONLY","false","false","false","false","false","F06 audit/spec only; Atlas scenario/context candidate; never runtime reality claim"
"BRANCHABLE_ATLAS","atlas/source_extraction/","F06_ATLAS","FILE_PLAN_ALL 1130 BRANCHABLE_ATLAS OBSIDIA_BRANCHABLE_ATLAS_FULL_V0_5_DEEP_FINAL_AUDIT/docs/full_doc_extraction/tables/DOCX_TABLE_0338.md atlas/source_extraction/ DOCX_TABLE_0338.md md P4_ATLAS_EVIDENCE_OR_DOCS F06 0 0 0 0 1  NOT_FOUND_LOC","INTEGRATE_TO_ATLAS_READONLY_SCENARIO_SPEC_CANDIDATE","ATLAS_READONLY_ADVISORY_ONLY","false","false","false","false","false","F06 audit/spec only; Atlas scenario/context candidate; never runtime reality claim"
"BRANCHABLE_ATLAS","atlas/source_extraction/","F06_ATLAS","FILE_PLAN_ALL 1131 BRANCHABLE_ATLAS OBSIDIA_BRANCHABLE_ATLAS_FULL_V0_5_DEEP_FINAL_AUDIT/docs/full_doc_extraction/tables/DOCX_TABLE_0339.md atlas/source_extraction/ DOCX_TABLE_0339.md md P4_ATLAS_EVIDENCE_OR_DOCS F06 0 0 0 0 1  NOT_FOUND_LOC","INTEGRATE_TO_ATLAS_READONLY_SCENARIO_SPEC_CANDIDATE","ATLAS_READONLY_ADVISORY_ONLY","false","false","false","false","false","F06 audit/spec only; Atlas scenario/context candidate; never runtime reality claim"
"BRANCHABLE_ATLAS","atlas/source_extraction/","F06_ATLAS","FILE_PLAN_ALL 1132 BRANCHABLE_ATLAS OBSIDIA_BRANCHABLE_ATLAS_FULL_V0_5_DEEP_FINAL_AUDIT/docs/full_doc_extraction/tables/DOCX_TABLE_0340.md atlas/source_extraction/ DOCX_TABLE_0340.md md P4_ATLAS_EVIDENCE_OR_DOCS F06 0 0 0 0 1  NOT_FOUND_LOC","INTEGRATE_TO_ATLAS_READONLY_SCENARIO_SPEC_CANDIDATE","ATLAS_READONLY_ADVISORY_ONLY","false","false","false","false","false","F06 audit/spec only; Atlas scenario/context candidate; never runtime reality claim"
"BRANCHABLE_ATLAS","atlas/source_extraction/","F06_ATLAS","FILE_PLAN_ALL 1133 BRANCHABLE_ATLAS OBSIDIA_BRANCHABLE_ATLAS_FULL_V0_5_DEEP_FINAL_AUDIT/docs/full_doc_extraction/tables/DOCX_TABLE_0341.md atlas/source_extraction/ DOCX_TABLE_0341.md md P4_ATLAS_EVIDENCE_OR_DOCS F06 0 0 0 0 1  NOT_FOUND_LOC","INTEGRATE_TO_ATLAS_READONLY_SCENARIO_SPEC_CANDIDATE","ATLAS_READONLY_ADVISORY_ONLY","false","false","false","false","false","F06 audit/spec only; Atlas scenario/context candidate; never runtime reality claim"
"BRANCHABLE_ATLAS","atlas/source_extraction/","F06_ATLAS","FILE_PLAN_ALL 1134 BRANCHABLE_ATLAS OBSIDIA_BRANCHABLE_ATLAS_FULL_V0_5_DEEP_FINAL_AUDIT/docs/full_doc_extraction/tables/DOCX_TABLE_0342.md atlas/source_extraction/ DOCX_TABLE_0342.md md P4_ATLAS_EVIDENCE_OR_DOCS F06 0 0 0 0 1  NOT_FOUND_LOC","INTEGRATE_TO_ATLAS_READONLY_SCENARIO_SPEC_CANDIDATE","ATLAS_READONLY_ADVISORY_ONLY","false","false","false","false","false","F06 audit/spec only; Atlas scenario/context candidate; never runtime reality claim"
"BRANCHABLE_ATLAS","atlas/source_extraction/","F06_ATLAS","FILE_PLAN_ALL 1135 BRANCHABLE_ATLAS OBSIDIA_BRANCHABLE_ATLAS_FULL_V0_5_DEEP_FINAL_AUDIT/docs/full_doc_extraction/tables/DOCX_TABLE_0343.md atlas/source_extraction/ DOCX_TABLE_0343.md md P4_ATLAS_EVIDENCE_OR_DOCS F06 0 0 0 0 1  NOT_FOUND_LOC","INTEGRATE_TO_ATLAS_READONLY_SCENARIO_SPEC_CANDIDATE","ATLAS_READONLY_ADVISORY_ONLY","false","false","false","false","false","F06 audit/spec only; Atlas scenario/context candidate; never runtime reality claim"
"BRANCHABLE_ATLAS","atlas/source_extraction/","F06_ATLAS","FILE_PLAN_ALL 1136 BRANCHABLE_ATLAS OBSIDIA_BRANCHABLE_ATLAS_FULL_V0_5_DEEP_FINAL_AUDIT/docs/full_doc_extraction/tables/DOCX_TABLE_0344.md atlas/source_extraction/ DOCX_TABLE_0344.md md P4_ATLAS_EVIDENCE_OR_DOCS F06 0 0 0 0 1  NOT_FOUND_LOC","INTEGRATE_TO_ATLAS_READONLY_SCENARIO_SPEC_CANDIDATE","ATLAS_READONLY_ADVISORY_ONLY","false","false","false","false","false","F06 audit/spec only; Atlas scenario/context candidate; never runtime reality claim"
"BRANCHABLE_ATLAS","atlas/source_extraction/","F06_ATLAS","FILE_PLAN_ALL 1137 BRANCHABLE_ATLAS OBSIDIA_BRANCHABLE_ATLAS_FULL_V0_5_DEEP_FINAL_AUDIT/docs/full_doc_extraction/tables/DOCX_TABLE_0345.md atlas/source_extraction/ DOCX_TABLE_0345.md md P4_ATLAS_EVIDENCE_OR_DOCS F06 0 0 0 0 1  NOT_FOUND_LOC","INTEGRATE_TO_ATLAS_READONLY_SCENARIO_SPEC_CANDIDATE","ATLAS_READONLY_ADVISORY_ONLY","false","false","false","false","false","F06 audit/spec only; Atlas scenario/context candidate; never runtime reality claim"
"BRANCHABLE_ATLAS","atlas/source_extraction/","F06_ATLAS","FILE_PLAN_ALL 1138 BRANCHABLE_ATLAS OBSIDIA_BRANCHABLE_ATLAS_FULL_V0_5_DEEP_FINAL_AUDIT/docs/full_doc_extraction/tables/DOCX_TABLE_0346.md atlas/source_extraction/ DOCX_TABLE_0346.md md P4_ATLAS_EVIDENCE_OR_DOCS F06 0 0 0 0 1  NOT_FOUND_LOC","INTEGRATE_TO_ATLAS_READONLY_SCENARIO_SPEC_CANDIDATE","ATLAS_READONLY_ADVISORY_ONLY","false","false","false","false","false","F06 audit/spec only; Atlas scenario/context candidate; never runtime reality claim"
"BRANCHABLE_ATLAS","atlas/source_extraction/","F06_ATLAS","FILE_PLAN_ALL 1139 BRANCHABLE_ATLAS OBSIDIA_BRANCHABLE_ATLAS_FULL_V0_5_DEEP_FINAL_AUDIT/docs/full_doc_extraction/tables/DOCX_TABLE_0347.md atlas/source_extraction/ DOCX_TABLE_0347.md md P4_ATLAS_EVIDENCE_OR_DOCS F06 0 0 0 0 1  NOT_FOUND_LOC","INTEGRATE_TO_ATLAS_READONLY_SCENARIO_SPEC_CANDIDATE","ATLAS_READONLY_ADVISORY_ONLY","false","false","false","false","false","F06 audit/spec only; Atlas scenario/context candidate; never runtime reality claim"
"BRANCHABLE_ATLAS","atlas/source_extraction/","F06_ATLAS","FILE_PLAN_ALL 1140 BRANCHABLE_ATLAS OBSIDIA_BRANCHABLE_ATLAS_FULL_V0_5_DEEP_FINAL_AUDIT/docs/full_doc_extraction/tables/DOCX_TABLE_0348.md atlas/source_extraction/ DOCX_TABLE_0348.md md P4_ATLAS_EVIDENCE_OR_DOCS F06 0 0 0 0 1  NOT_FOUND_LOC","INTEGRATE_TO_ATLAS_READONLY_SCENARIO_SPEC_CANDIDATE","ATLAS_READONLY_ADVISORY_ONLY","false","false","false","false","false","F06 audit/spec only; Atlas scenario/context candidate; never runtime reality claim"
"BRANCHABLE_ATLAS","atlas/source_extraction/","F06_ATLAS","FILE_PLAN_ALL 1141 BRANCHABLE_ATLAS OBSIDIA_BRANCHABLE_ATLAS_FULL_V0_5_DEEP_FINAL_AUDIT/docs/full_doc_extraction/tables/DOCX_TABLE_0349.md atlas/source_extraction/ DOCX_TABLE_0349.md md P4_ATLAS_EVIDENCE_OR_DOCS F06 0 0 0 0 1  NOT_FOUND_LOC","INTEGRATE_TO_ATLAS_READONLY_SCENARIO_SPEC_CANDIDATE","ATLAS_READONLY_ADVISORY_ONLY","false","false","false","false","false","F06 audit/spec only; Atlas scenario/context candidate; never runtime reality claim"
"BRANCHABLE_ATLAS","atlas/source_extraction/","F06_ATLAS","FILE_PLAN_ALL 1142 BRANCHABLE_ATLAS OBSIDIA_BRANCHABLE_ATLAS_FULL_V0_5_DEEP_FINAL_AUDIT/docs/full_doc_extraction/tables/DOCX_TABLE_0350.md atlas/source_extraction/ DOCX_TABLE_0350.md md P4_ATLAS_EVIDENCE_OR_DOCS F06 0 0 0 0 1  NOT_FOUND_LOC","INTEGRATE_TO_ATLAS_READONLY_SCENARIO_SPEC_CANDIDATE","ATLAS_READONLY_ADVISORY_ONLY","false","false","false","false","false","F06 audit/spec only; Atlas scenario/context candidate; never runtime reality claim"
"BRANCHABLE_ATLAS","atlas/source_extraction/","F06_ATLAS","FILE_PLAN_ALL 1143 BRANCHABLE_ATLAS OBSIDIA_BRANCHABLE_ATLAS_FULL_V0_5_DEEP_FINAL_AUDIT/docs/full_doc_extraction/tables/DOCX_TABLE_0351.md atlas/source_extraction/ DOCX_TABLE_0351.md md P4_ATLAS_EVIDENCE_OR_DOCS F06 0 0 0 0 1  NOT_FOUND_LOC","INTEGRATE_TO_ATLAS_READONLY_SCENARIO_SPEC_CANDIDATE","ATLAS_READONLY_ADVISORY_ONLY","false","false","false","false","false","F06 audit/spec only; Atlas scenario/context candidate; never runtime reality claim"
"BRANCHABLE_ATLAS","atlas/source_extraction/","F06_ATLAS","FILE_PLAN_ALL 1144 BRANCHABLE_ATLAS OBSIDIA_BRANCHABLE_ATLAS_FULL_V0_5_DEEP_FINAL_AUDIT/docs/full_doc_extraction/tables/DOCX_TABLE_0352.md atlas/source_extraction/ DOCX_TABLE_0352.md md P4_ATLAS_EVIDENCE_OR_DOCS F06 0 0 0 0 1  NOT_FOUND_LOC","INTEGRATE_TO_ATLAS_READONLY_SCENARIO_SPEC_CANDIDATE","ATLAS_READONLY_ADVISORY_ONLY","false","false","false","false","false","F06 audit/spec only; Atlas scenario/context candidate; never runtime reality claim"
"BRANCHABLE_ATLAS","atlas/source_extraction/","F06_ATLAS","FILE_PLAN_ALL 1145 BRANCHABLE_ATLAS OBSIDIA_BRANCHABLE_ATLAS_FULL_V0_5_DEEP_FINAL_AUDIT/docs/full_doc_extraction/tables/DOCX_TABLE_0353.md atlas/source_extraction/ DOCX_TABLE_0353.md md P4_ATLAS_EVIDENCE_OR_DOCS F06 0 0 0 0 1  NOT_FOUND_LOC","INTEGRATE_TO_ATLAS_READONLY_SCENARIO_SPEC_CANDIDATE","ATLAS_READONLY_ADVISORY_ONLY","false","false","false","false","false","F06 audit/spec only; Atlas scenario/context candidate; never runtime reality claim"
"BRANCHABLE_ATLAS","atlas/source_extraction/","F06_ATLAS","FILE_PLAN_ALL 1146 BRANCHABLE_ATLAS OBSIDIA_BRANCHABLE_ATLAS_FULL_V0_5_DEEP_FINAL_AUDIT/docs/full_doc_extraction/tables/DOCX_TABLE_0354.md atlas/source_extraction/ DOCX_TABLE_0354.md md P4_ATLAS_EVIDENCE_OR_DOCS F06 0 0 0 0 1  NOT_FOUND_LOC","INTEGRATE_TO_ATLAS_READONLY_SCENARIO_SPEC_CANDIDATE","ATLAS_READONLY_ADVISORY_ONLY","false","false","false","false","false","F06 audit/spec only; Atlas scenario/context candidate; never runtime reality claim"
"BRANCHABLE_ATLAS","atlas/source_extraction/","F06_ATLAS","FILE_PLAN_ALL 1147 BRANCHABLE_ATLAS OBSIDIA_BRANCHABLE_ATLAS_FULL_V0_5_DEEP_FINAL_AUDIT/docs/full_doc_extraction/tables/DOCX_TABLE_0355.md atlas/source_extraction/ DOCX_TABLE_0355.md md P4_ATLAS_EVIDENCE_OR_DOCS F06 0 0 0 0 1  NOT_FOUND_LOC","INTEGRATE_TO_ATLAS_READONLY_SCENARIO_SPEC_CANDIDATE","ATLAS_READONLY_ADVISORY_ONLY","false","false","false","false","false","F06 audit/spec only; Atlas scenario/context candidate; never runtime reality claim"
"BRANCHABLE_ATLAS","atlas/source_extraction/","F06_ATLAS","FILE_PLAN_ALL 1148 BRANCHABLE_ATLAS OBSIDIA_BRANCHABLE_ATLAS_FULL_V0_5_DEEP_FINAL_AUDIT/docs/full_doc_extraction/tables/DOCX_TABLE_0356.md atlas/source_extraction/ DOCX_TABLE_0356.md md P4_ATLAS_EVIDENCE_OR_DOCS F06 0 0 0 0 1  NOT_FOUND_LOC","INTEGRATE_TO_ATLAS_READONLY_SCENARIO_SPEC_CANDIDATE","ATLAS_READONLY_ADVISORY_ONLY","false","false","false","false","false","F06 audit/spec only; Atlas scenario/context candidate; never runtime reality claim"
"BRANCHABLE_ATLAS","atlas/source_extraction/","F06_ATLAS","FILE_PLAN_ALL 1149 BRANCHABLE_ATLAS OBSIDIA_BRANCHABLE_ATLAS_FULL_V0_5_DEEP_FINAL_AUDIT/docs/full_doc_extraction/tables/DOCX_TABLE_0357.md atlas/source_extraction/ DOCX_TABLE_0357.md md P4_ATLAS_EVIDENCE_OR_DOCS F06 0 0 0 0 1  NOT_FOUND_LOC","INTEGRATE_TO_ATLAS_READONLY_SCENARIO_SPEC_CANDIDATE","ATLAS_READONLY_ADVISORY_ONLY","false","false","false","false","false","F06 audit/spec only; Atlas scenario/context candidate; never runtime reality claim"
"BRANCHABLE_ATLAS","atlas/source_extraction/","F06_ATLAS","FILE_PLAN_ALL 1150 BRANCHABLE_ATLAS OBSIDIA_BRANCHABLE_ATLAS_FULL_V0_5_DEEP_FINAL_AUDIT/docs/full_doc_extraction/tables/DOCX_TABLE_0358.md atlas/source_extraction/ DOCX_TABLE_0358.md md P4_ATLAS_EVIDENCE_OR_DOCS F06 0 0 0 0 1  NOT_FOUND_LOC","INTEGRATE_TO_ATLAS_READONLY_SCENARIO_SPEC_CANDIDATE","ATLAS_READONLY_ADVISORY_ONLY","false","false","false","false","false","F06 audit/spec only; Atlas scenario/context candidate; never runtime reality claim"
"BRANCHABLE_ATLAS","atlas/source_extraction/","F06_ATLAS","FILE_PLAN_ALL 1151 BRANCHABLE_ATLAS OBSIDIA_BRANCHABLE_ATLAS_FULL_V0_5_DEEP_FINAL_AUDIT/docs/full_doc_extraction/tables/DOCX_TABLE_0359.md atlas/source_extraction/ DOCX_TABLE_0359.md md P4_ATLAS_EVIDENCE_OR_DOCS F06 0 0 0 0 1  NOT_FOUND_LOC","INTEGRATE_TO_ATLAS_READONLY_SCENARIO_SPEC_CANDIDATE","ATLAS_READONLY_ADVISORY_ONLY","false","false","false","false","false","F06 audit/spec only; Atlas scenario/context candidate; never runtime reality claim"
"BRANCHABLE_ATLAS","atlas/source_extraction/","F06_ATLAS","FILE_PLAN_ALL 1152 BRANCHABLE_ATLAS OBSIDIA_BRANCHABLE_ATLAS_FULL_V0_5_DEEP_FINAL_AUDIT/docs/full_doc_extraction/tables/DOCX_TABLE_0360.md atlas/source_extraction/ DOCX_TABLE_0360.md md P4_ATLAS_EVIDENCE_OR_DOCS F06 0 0 0 0 1  NOT_FOUND_LOC","INTEGRATE_TO_ATLAS_READONLY_SCENARIO_SPEC_CANDIDATE","ATLAS_READONLY_ADVISORY_ONLY","false","false","false","false","false","F06 audit/spec only; Atlas scenario/context candidate; never runtime reality claim"
"BRANCHABLE_ATLAS","atlas/source_extraction/","F06_ATLAS","FILE_PLAN_ALL 1153 BRANCHABLE_ATLAS OBSIDIA_BRANCHABLE_ATLAS_FULL_V0_5_DEEP_FINAL_AUDIT/docs/full_doc_extraction/tables/DOCX_TABLE_0361.md atlas/source_extraction/ DOCX_TABLE_0361.md md P4_ATLAS_EVIDENCE_OR_DOCS F06 0 0 0 0 1  NOT_FOUND_LOC","INTEGRATE_TO_ATLAS_READONLY_SCENARIO_SPEC_CANDIDATE","ATLAS_READONLY_ADVISORY_ONLY","false","false","false","false","false","F06 audit/spec only; Atlas scenario/context candidate; never runtime reality claim"
"BRANCHABLE_ATLAS","atlas/source_extraction/","F06_ATLAS","FILE_PLAN_ALL 1154 BRANCHABLE_ATLAS OBSIDIA_BRANCHABLE_ATLAS_FULL_V0_5_DEEP_FINAL_AUDIT/docs/full_doc_extraction/tables/DOCX_TABLE_0362.md atlas/source_extraction/ DOCX_TABLE_0362.md md P4_ATLAS_EVIDENCE_OR_DOCS F06 0 0 0 0 1  NOT_FOUND_LOC","INTEGRATE_TO_ATLAS_READONLY_SCENARIO_SPEC_CANDIDATE","ATLAS_READONLY_ADVISORY_ONLY","false","false","false","false","false","F06 audit/spec only; Atlas scenario/context candidate; never runtime reality claim"
"BRANCHABLE_ATLAS","atlas/source_extraction/","F06_ATLAS","FILE_PLAN_ALL 1155 BRANCHABLE_ATLAS OBSIDIA_BRANCHABLE_ATLAS_FULL_V0_5_DEEP_FINAL_AUDIT/docs/full_doc_extraction/tables/DOCX_TABLE_0363.md atlas/source_extraction/ DOCX_TABLE_0363.md md P4_ATLAS_EVIDENCE_OR_DOCS F06 0 0 0 0 1  NOT_FOUND_LOC","INTEGRATE_TO_ATLAS_READONLY_SCENARIO_SPEC_CANDIDATE","ATLAS_READONLY_ADVISORY_ONLY","false","false","false","false","false","F06 audit/spec only; Atlas scenario/context candidate; never runtime reality claim"
"BRANCHABLE_ATLAS","atlas/source_extraction/","F06_ATLAS","FILE_PLAN_ALL 1156 BRANCHABLE_ATLAS OBSIDIA_BRANCHABLE_ATLAS_FULL_V0_5_DEEP_FINAL_AUDIT/docs/full_doc_extraction/tables/DOCX_TABLE_0364.md atlas/source_extraction/ DOCX_TABLE_0364.md md P4_ATLAS_EVIDENCE_OR_DOCS F06 0 0 0 0 1  NOT_FOUND_LOC","INTEGRATE_TO_ATLAS_READONLY_SCENARIO_SPEC_CANDIDATE","ATLAS_READONLY_ADVISORY_ONLY","false","false","false","false","false","F06 audit/spec only; Atlas scenario/context candidate; never runtime reality claim"
"BRANCHABLE_ATLAS","atlas/source_extraction/","F06_ATLAS","FILE_PLAN_ALL 1157 BRANCHABLE_ATLAS OBSIDIA_BRANCHABLE_ATLAS_FULL_V0_5_DEEP_FINAL_AUDIT/docs/full_doc_extraction/tables/DOCX_TABLE_0365.md atlas/source_extraction/ DOCX_TABLE_0365.md md P4_ATLAS_EVIDENCE_OR_DOCS F06 0 0 0 0 1  NOT_FOUND_LOC","INTEGRATE_TO_ATLAS_READONLY_SCENARIO_SPEC_CANDIDATE","ATLAS_READONLY_ADVISORY_ONLY","false","false","false","false","false","F06 audit/spec only; Atlas scenario/context candidate; never runtime reality claim"
"BRANCHABLE_ATLAS","atlas/source_extraction/","F06_ATLAS","FILE_PLAN_ALL 1158 BRANCHABLE_ATLAS OBSIDIA_BRANCHABLE_ATLAS_FULL_V0_5_DEEP_FINAL_AUDIT/docs/full_doc_extraction/tables/DOCX_TABLE_0366.md atlas/source_extraction/ DOCX_TABLE_0366.md md P4_ATLAS_EVIDENCE_OR_DOCS F06 0 0 0 0 1  NOT_FOUND_LOC","INTEGRATE_TO_ATLAS_READONLY_SCENARIO_SPEC_CANDIDATE","ATLAS_READONLY_ADVISORY_ONLY","false","false","false","false","false","F06 audit/spec only; Atlas scenario/context candidate; never runtime reality claim"
"BRANCHABLE_ATLAS","atlas/source_extraction/","F06_ATLAS","FILE_PLAN_ALL 1159 BRANCHABLE_ATLAS OBSIDIA_BRANCHABLE_ATLAS_FULL_V0_5_DEEP_FINAL_AUDIT/docs/full_doc_extraction/tables/DOCX_TABLE_0367.md atlas/source_extraction/ DOCX_TABLE_0367.md md P4_ATLAS_EVIDENCE_OR_DOCS F06 0 0 0 0 1  NOT_FOUND_LOC","INTEGRATE_TO_ATLAS_READONLY_SCENARIO_SPEC_CANDIDATE","ATLAS_READONLY_ADVISORY_ONLY","false","false","false","false","false","F06 audit/spec only; Atlas scenario/context candidate; never runtime reality claim"
"BRANCHABLE_ATLAS","atlas/source_extraction/","F06_ATLAS","FILE_PLAN_ALL 1160 BRANCHABLE_ATLAS OBSIDIA_BRANCHABLE_ATLAS_FULL_V0_5_DEEP_FINAL_AUDIT/docs/full_doc_extraction/tables/DOCX_TABLE_0368.md atlas/source_extraction/ DOCX_TABLE_0368.md md P4_ATLAS_EVIDENCE_OR_DOCS F06 0 0 0 0 1  NOT_FOUND_LOC","INTEGRATE_TO_ATLAS_READONLY_SCENARIO_SPEC_CANDIDATE","ATLAS_READONLY_ADVISORY_ONLY","false","false","false","false","false","F06 audit/spec only; Atlas scenario/context candidate; never runtime reality claim"
"BRANCHABLE_ATLAS","atlas/source_extraction/","F06_ATLAS","FILE_PLAN_ALL 1161 BRANCHABLE_ATLAS OBSIDIA_BRANCHABLE_ATLAS_FULL_V0_5_DEEP_FINAL_AUDIT/docs/full_doc_extraction/tables/DOCX_TABLE_0369.md atlas/source_extraction/ DOCX_TABLE_0369.md md P4_ATLAS_EVIDENCE_OR_DOCS F06 0 0 0 0 1  NOT_FOUND_LOC","INTEGRATE_TO_ATLAS_READONLY_SCENARIO_SPEC_CANDIDATE","ATLAS_READONLY_ADVISORY_ONLY","false","false","false","false","false","F06 audit/spec only; Atlas scenario/context candidate; never runtime reality claim"
"BRANCHABLE_ATLAS","atlas/source_extraction/","F06_ATLAS","FILE_PLAN_ALL 1162 BRANCHABLE_ATLAS OBSIDIA_BRANCHABLE_ATLAS_FULL_V0_5_DEEP_FINAL_AUDIT/docs/full_doc_extraction/tables/DOCX_TABLE_0370.md atlas/source_extraction/ DOCX_TABLE_0370.md md P4_ATLAS_EVIDENCE_OR_DOCS F06 0 0 0 0 1  NOT_FOUND_LOC","INTEGRATE_TO_ATLAS_READONLY_SCENARIO_SPEC_CANDIDATE","ATLAS_READONLY_ADVISORY_ONLY","false","false","false","false","false","F06 audit/spec only; Atlas scenario/context candidate; never runtime reality claim"
"BRANCHABLE_ATLAS","atlas/source_extraction/","F06_ATLAS","FILE_PLAN_ALL 1163 BRANCHABLE_ATLAS OBSIDIA_BRANCHABLE_ATLAS_FULL_V0_5_DEEP_FINAL_AUDIT/docs/full_doc_extraction/tables/DOCX_TABLE_0371.md atlas/source_extraction/ DOCX_TABLE_0371.md md P4_ATLAS_EVIDENCE_OR_DOCS F06 0 0 0 0 1  NOT_FOUND_LOC","INTEGRATE_TO_ATLAS_READONLY_SCENARIO_SPEC_CANDIDATE","ATLAS_READONLY_ADVISORY_ONLY","false","false","false","false","false","F06 audit/spec only; Atlas scenario/context candidate; never runtime reality claim"
"BRANCHABLE_ATLAS","atlas/source_extraction/","F06_ATLAS","FILE_PLAN_ALL 1164 BRANCHABLE_ATLAS OBSIDIA_BRANCHABLE_ATLAS_FULL_V0_5_DEEP_FINAL_AUDIT/docs/full_doc_extraction/tables/DOCX_TABLE_0372.md atlas/source_extraction/ DOCX_TABLE_0372.md md P4_ATLAS_EVIDENCE_OR_DOCS F06 0 0 0 0 1  NOT_FOUND_LOC","INTEGRATE_TO_ATLAS_READONLY_SCENARIO_SPEC_CANDIDATE","ATLAS_READONLY_ADVISORY_ONLY","false","false","false","false","false","F06 audit/spec only; Atlas scenario/context candidate; never runtime reality claim"
"BRANCHABLE_ATLAS","atlas/source_extraction/","F06_ATLAS","FILE_PLAN_ALL 1165 BRANCHABLE_ATLAS OBSIDIA_BRANCHABLE_ATLAS_FULL_V0_5_DEEP_FINAL_AUDIT/docs/full_doc_extraction/tables/DOCX_TABLE_0373.md atlas/source_extraction/ DOCX_TABLE_0373.md md P4_ATLAS_EVIDENCE_OR_DOCS F06 0 0 0 0 1  NOT_FOUND_LOC","INTEGRATE_TO_ATLAS_READONLY_SCENARIO_SPEC_CANDIDATE","ATLAS_READONLY_ADVISORY_ONLY","false","false","false","false","false","F06 audit/spec only; Atlas scenario/context candidate; never runtime reality claim"
"BRANCHABLE_ATLAS","atlas/source_extraction/","F06_ATLAS","FILE_PLAN_ALL 1166 BRANCHABLE_ATLAS OBSIDIA_BRANCHABLE_ATLAS_FULL_V0_5_DEEP_FINAL_AUDIT/docs/full_doc_extraction/tables/DOCX_TABLE_0374.md atlas/source_extraction/ DOCX_TABLE_0374.md md P4_ATLAS_EVIDENCE_OR_DOCS F06 0 0 0 0 1  NOT_FOUND_LOC","INTEGRATE_TO_ATLAS_READONLY_SCENARIO_SPEC_CANDIDATE","ATLAS_READONLY_ADVISORY_ONLY","false","false","false","false","false","F06 audit/spec only; Atlas scenario/context candidate; never runtime reality claim"
"BRANCHABLE_ATLAS","atlas/source_extraction/","F06_ATLAS","FILE_PLAN_ALL 1167 BRANCHABLE_ATLAS OBSIDIA_BRANCHABLE_ATLAS_FULL_V0_5_DEEP_FINAL_AUDIT/docs/full_doc_extraction/tables/DOCX_TABLE_0375.md atlas/source_extraction/ DOCX_TABLE_0375.md md P4_ATLAS_EVIDENCE_OR_DOCS F06 0 0 0 0 1  NOT_FOUND_LOC","INTEGRATE_TO_ATLAS_READONLY_SCENARIO_SPEC_CANDIDATE","ATLAS_READONLY_ADVISORY_ONLY","false","false","false","false","false","F06 audit/spec only; Atlas scenario/context candidate; never runtime reality claim"
"BRANCHABLE_ATLAS","atlas/source_extraction/","F06_ATLAS","FILE_PLAN_ALL 1168 BRANCHABLE_ATLAS OBSIDIA_BRANCHABLE_ATLAS_FULL_V0_5_DEEP_FINAL_AUDIT/docs/full_doc_extraction/tables/DOCX_TABLE_0376.md atlas/source_extraction/ DOCX_TABLE_0376.md md P4_ATLAS_EVIDENCE_OR_DOCS F06 0 0 0 0 1  NOT_FOUND_LOC","INTEGRATE_TO_ATLAS_READONLY_SCENARIO_SPEC_CANDIDATE","ATLAS_READONLY_ADVISORY_ONLY","false","false","false","false","false","F06 audit/spec only; Atlas scenario/context candidate; never runtime reality claim"
"BRANCHABLE_ATLAS","atlas/source_extraction/","F06_ATLAS","FILE_PLAN_ALL 1169 BRANCHABLE_ATLAS OBSIDIA_BRANCHABLE_ATLAS_FULL_V0_5_DEEP_FINAL_AUDIT/docs/full_doc_extraction/tables/DOCX_TABLE_0377.md atlas/source_extraction/ DOCX_TABLE_0377.md md P4_ATLAS_EVIDENCE_OR_DOCS F06 0 0 0 0 1  NOT_FOUND_LOC","INTEGRATE_TO_ATLAS_READONLY_SCENARIO_SPEC_CANDIDATE","ATLAS_READONLY_ADVISORY_ONLY","false","false","false","false","false","F06 audit/spec only; Atlas scenario/context candidate; never runtime reality claim"
"BRANCHABLE_ATLAS","atlas/source_extraction/","F06_ATLAS","FILE_PLAN_ALL 1170 BRANCHABLE_ATLAS OBSIDIA_BRANCHABLE_ATLAS_FULL_V0_5_DEEP_FINAL_AUDIT/docs/full_doc_extraction/tables/DOCX_TABLE_0378.md atlas/source_extraction/ DOCX_TABLE_0378.md md P4_ATLAS_EVIDENCE_OR_DOCS F06 0 0 0 0 1  NOT_FOUND_LOC","INTEGRATE_TO_ATLAS_READONLY_SCENARIO_SPEC_CANDIDATE","ATLAS_READONLY_ADVISORY_ONLY","false","false","false","false","false","F06 audit/spec only; Atlas scenario/context candidate; never runtime reality claim"
"BRANCHABLE_ATLAS","atlas/source_extraction/","F06_ATLAS","FILE_PLAN_ALL 1171 BRANCHABLE_ATLAS OBSIDIA_BRANCHABLE_ATLAS_FULL_V0_5_DEEP_FINAL_AUDIT/docs/full_doc_extraction/tables/DOCX_TABLE_0379.md atlas/source_extraction/ DOCX_TABLE_0379.md md P4_ATLAS_EVIDENCE_OR_DOCS F06 0 0 0 0 1  NOT_FOUND_LOC","INTEGRATE_TO_ATLAS_READONLY_SCENARIO_SPEC_CANDIDATE","ATLAS_READONLY_ADVISORY_ONLY","false","false","false","false","false","F06 audit/spec only; Atlas scenario/context candidate; never runtime reality claim"
"BRANCHABLE_ATLAS","atlas/source_extraction/","F06_ATLAS","FILE_PLAN_ALL 1172 BRANCHABLE_ATLAS OBSIDIA_BRANCHABLE_ATLAS_FULL_V0_5_DEEP_FINAL_AUDIT/docs/full_doc_extraction/tables/DOCX_TABLE_0380.md atlas/source_extraction/ DOCX_TABLE_0380.md md P4_ATLAS_EVIDENCE_OR_DOCS F06 0 0 0 0 1  NOT_FOUND_LOC","INTEGRATE_TO_ATLAS_READONLY_SCENARIO_SPEC_CANDIDATE","ATLAS_READONLY_ADVISORY_ONLY","false","false","false","false","false","F06 audit/spec only; Atlas scenario/context candidate; never runtime reality claim"
"BRANCHABLE_ATLAS","atlas/source_extraction/","F06_ATLAS","FILE_PLAN_ALL 1173 BRANCHABLE_ATLAS OBSIDIA_BRANCHABLE_ATLAS_FULL_V0_5_DEEP_FINAL_AUDIT/docs/full_doc_extraction/tables/DOCX_TABLE_0381.md atlas/source_extraction/ DOCX_TABLE_0381.md md P4_ATLAS_EVIDENCE_OR_DOCS F06 0 0 0 0 1  NOT_FOUND_LOC","INTEGRATE_TO_ATLAS_READONLY_SCENARIO_SPEC_CANDIDATE","ATLAS_READONLY_ADVISORY_ONLY","false","false","false","false","false","F06 audit/spec only; Atlas scenario/context candidate; never runtime reality claim"
"BRANCHABLE_ATLAS","atlas/source_extraction/","F06_ATLAS","FILE_PLAN_ALL 1174 BRANCHABLE_ATLAS OBSIDIA_BRANCHABLE_ATLAS_FULL_V0_5_DEEP_FINAL_AUDIT/docs/full_doc_extraction/tables/DOCX_TABLE_0382.md atlas/source_extraction/ DOCX_TABLE_0382.md md P4_ATLAS_EVIDENCE_OR_DOCS F06 0 0 0 0 1  NOT_FOUND_LOC","INTEGRATE_TO_ATLAS_READONLY_SCENARIO_SPEC_CANDIDATE","ATLAS_READONLY_ADVISORY_ONLY","false","false","false","false","false","F06 audit/spec only; Atlas scenario/context candidate; never runtime reality claim"
"BRANCHABLE_ATLAS","atlas/source_extraction/","F06_ATLAS","FILE_PLAN_ALL 1175 BRANCHABLE_ATLAS OBSIDIA_BRANCHABLE_ATLAS_FULL_V0_5_DEEP_FINAL_AUDIT/docs/full_doc_extraction/tables/DOCX_TABLE_0383.md atlas/source_extraction/ DOCX_TABLE_0383.md md P4_ATLAS_EVIDENCE_OR_DOCS F06 0 0 0 0 1  NOT_FOUND_LOC","INTEGRATE_TO_ATLAS_READONLY_SCENARIO_SPEC_CANDIDATE","ATLAS_READONLY_ADVISORY_ONLY","false","false","false","false","false","F06 audit/spec only; Atlas scenario/context candidate; never runtime reality claim"
"BRANCHABLE_ATLAS","atlas/source_extraction/","F06_ATLAS","FILE_PLAN_ALL 1176 BRANCHABLE_ATLAS OBSIDIA_BRANCHABLE_ATLAS_FULL_V0_5_DEEP_FINAL_AUDIT/docs/full_doc_extraction/tables/DOCX_TABLE_0384.md atlas/source_extraction/ DOCX_TABLE_0384.md md P4_ATLAS_EVIDENCE_OR_DOCS F06 0 0 0 0 1  NOT_FOUND_LOC","INTEGRATE_TO_ATLAS_READONLY_SCENARIO_SPEC_CANDIDATE","ATLAS_READONLY_ADVISORY_ONLY","false","false","false","false","false","F06 audit/spec only; Atlas scenario/context candidate; never runtime reality claim"
"BRANCHABLE_ATLAS","atlas/source_extraction/","F06_ATLAS","FILE_PLAN_ALL 1177 BRANCHABLE_ATLAS OBSIDIA_BRANCHABLE_ATLAS_FULL_V0_5_DEEP_FINAL_AUDIT/docs/full_doc_extraction/tables/DOCX_TABLE_0385.md atlas/source_extraction/ DOCX_TABLE_0385.md md P4_ATLAS_EVIDENCE_OR_DOCS F06 0 0 0 0 1  NOT_FOUND_LOC","INTEGRATE_TO_ATLAS_READONLY_SCENARIO_SPEC_CANDIDATE","ATLAS_READONLY_ADVISORY_ONLY","false","false","false","false","false","F06 audit/spec only; Atlas scenario/context candidate; never runtime reality claim"
"BRANCHABLE_ATLAS","atlas/source_extraction/","F06_ATLAS","FILE_PLAN_ALL 1178 BRANCHABLE_ATLAS OBSIDIA_BRANCHABLE_ATLAS_FULL_V0_5_DEEP_FINAL_AUDIT/docs/full_doc_extraction/tables/DOCX_TABLE_0386.md atlas/source_extraction/ DOCX_TABLE_0386.md md P4_ATLAS_EVIDENCE_OR_DOCS F06 0 0 0 0 1  NOT_FOUND_LOC","INTEGRATE_TO_ATLAS_READONLY_SCENARIO_SPEC_CANDIDATE","ATLAS_READONLY_ADVISORY_ONLY","false","false","false","false","false","F06 audit/spec only; Atlas scenario/context candidate; never runtime reality claim"
"BRANCHABLE_ATLAS","atlas/source_extraction/","F06_ATLAS","FILE_PLAN_ALL 1179 BRANCHABLE_ATLAS OBSIDIA_BRANCHABLE_ATLAS_FULL_V0_5_DEEP_FINAL_AUDIT/docs/full_doc_extraction/tables/DOCX_TABLE_0387.md atlas/source_extraction/ DOCX_TABLE_0387.md md P4_ATLAS_EVIDENCE_OR_DOCS F06 0 0 0 0 1  NOT_FOUND_LOC","INTEGRATE_TO_ATLAS_READONLY_SCENARIO_SPEC_CANDIDATE","ATLAS_READONLY_ADVISORY_ONLY","false","false","false","false","false","F06 audit/spec only; Atlas scenario/context candidate; never runtime reality claim"
"BRANCHABLE_ATLAS","atlas/source_extraction/","F06_ATLAS","FILE_PLAN_ALL 1180 BRANCHABLE_ATLAS OBSIDIA_BRANCHABLE_ATLAS_FULL_V0_5_DEEP_FINAL_AUDIT/docs/full_doc_extraction/tables/DOCX_TABLE_0388.md atlas/source_extraction/ DOCX_TABLE_0388.md md P4_ATLAS_EVIDENCE_OR_DOCS F06 0 0 0 0 1  NOT_FOUND_LOC","INTEGRATE_TO_ATLAS_READONLY_SCENARIO_SPEC_CANDIDATE","ATLAS_READONLY_ADVISORY_ONLY","false","false","false","false","false","F06 audit/spec only; Atlas scenario/context candidate; never runtime reality claim"
"BRANCHABLE_ATLAS","atlas/source_extraction/","F06_ATLAS","FILE_PLAN_ALL 1181 BRANCHABLE_ATLAS OBSIDIA_BRANCHABLE_ATLAS_FULL_V0_5_DEEP_FINAL_AUDIT/docs/full_doc_extraction/tables/DOCX_TABLE_0389.md atlas/source_extraction/ DOCX_TABLE_0389.md md P4_ATLAS_EVIDENCE_OR_DOCS F06 0 0 0 0 1  NOT_FOUND_LOC","INTEGRATE_TO_ATLAS_READONLY_SCENARIO_SPEC_CANDIDATE","ATLAS_READONLY_ADVISORY_ONLY","false","false","false","false","false","F06 audit/spec only; Atlas scenario/context candidate; never runtime reality claim"
"BRANCHABLE_ATLAS","atlas/source_extraction/","F06_ATLAS","FILE_PLAN_ALL 1182 BRANCHABLE_ATLAS OBSIDIA_BRANCHABLE_ATLAS_FULL_V0_5_DEEP_FINAL_AUDIT/docs/full_doc_extraction/tables/DOCX_TABLE_0390.md atlas/source_extraction/ DOCX_TABLE_0390.md md P4_ATLAS_EVIDENCE_OR_DOCS F06 0 0 0 0 1  NOT_FOUND_LOC","INTEGRATE_TO_ATLAS_READONLY_SCENARIO_SPEC_CANDIDATE","ATLAS_READONLY_ADVISORY_ONLY","false","false","false","false","false","F06 audit/spec only; Atlas scenario/context candidate; never runtime reality claim"
"BRANCHABLE_ATLAS","atlas/source_extraction/","F06_ATLAS","FILE_PLAN_ALL 1183 BRANCHABLE_ATLAS OBSIDIA_BRANCHABLE_ATLAS_FULL_V0_5_DEEP_FINAL_AUDIT/docs/full_doc_extraction/tables/DOCX_TABLE_0391.md atlas/source_extraction/ DOCX_TABLE_0391.md md P4_ATLAS_EVIDENCE_OR_DOCS F06 0 0 0 0 1  NOT_FOUND_LOC","INTEGRATE_TO_ATLAS_READONLY_SCENARIO_SPEC_CANDIDATE","ATLAS_READONLY_ADVISORY_ONLY","false","false","false","false","false","F06 audit/spec only; Atlas scenario/context candidate; never runtime reality claim"
"BRANCHABLE_ATLAS","atlas/source_extraction/","F06_ATLAS","FILE_PLAN_ALL 1184 BRANCHABLE_ATLAS OBSIDIA_BRANCHABLE_ATLAS_FULL_V0_5_DEEP_FINAL_AUDIT/docs/full_doc_extraction/tables/DOCX_TABLE_0392.md atlas/source_extraction/ DOCX_TABLE_0392.md md P4_ATLAS_EVIDENCE_OR_DOCS F06 0 0 0 0 1  NOT_FOUND_LOC","INTEGRATE_TO_ATLAS_READONLY_SCENARIO_SPEC_CANDIDATE","ATLAS_READONLY_ADVISORY_ONLY","false","false","false","false","false","F06 audit/spec only; Atlas scenario/context candidate; never runtime reality claim"
"BRANCHABLE_ATLAS","atlas/source_extraction/","F06_ATLAS","FILE_PLAN_ALL 1185 BRANCHABLE_ATLAS OBSIDIA_BRANCHABLE_ATLAS_FULL_V0_5_DEEP_FINAL_AUDIT/docs/full_doc_extraction/tables/DOCX_TABLE_0393.md atlas/source_extraction/ DOCX_TABLE_0393.md md P4_ATLAS_EVIDENCE_OR_DOCS F06 0 0 0 0 1  NOT_FOUND_LOC","INTEGRATE_TO_ATLAS_READONLY_SCENARIO_SPEC_CANDIDATE","ATLAS_READONLY_ADVISORY_ONLY","false","false","false","false","false","F06 audit/spec only; Atlas scenario/context candidate; never runtime reality claim"
"BRANCHABLE_ATLAS","atlas/source_extraction/","F06_ATLAS","FILE_PLAN_ALL 1186 BRANCHABLE_ATLAS OBSIDIA_BRANCHABLE_ATLAS_FULL_V0_5_DEEP_FINAL_AUDIT/docs/full_doc_extraction/tables/DOCX_TABLE_0394.md atlas/source_extraction/ DOCX_TABLE_0394.md md P4_ATLAS_EVIDENCE_OR_DOCS F06 0 0 0 0 1  NOT_FOUND_LOC","INTEGRATE_TO_ATLAS_READONLY_SCENARIO_SPEC_CANDIDATE","ATLAS_READONLY_ADVISORY_ONLY","false","false","false","false","false","F06 audit/spec only; Atlas scenario/context candidate; never runtime reality claim"
"BRANCHABLE_ATLAS","atlas/source_extraction/","F06_ATLAS","FILE_PLAN_ALL 1187 BRANCHABLE_ATLAS OBSIDIA_BRANCHABLE_ATLAS_FULL_V0_5_DEEP_FINAL_AUDIT/docs/full_doc_extraction/tables/DOCX_TABLE_0395.md atlas/source_extraction/ DOCX_TABLE_0395.md md P4_ATLAS_EVIDENCE_OR_DOCS F06 0 0 0 0 1  NOT_FOUND_LOC","INTEGRATE_TO_ATLAS_READONLY_SCENARIO_SPEC_CANDIDATE","ATLAS_READONLY_ADVISORY_ONLY","false","false","false","false","false","F06 audit/spec only; Atlas scenario/context candidate; never runtime reality claim"
"BRANCHABLE_ATLAS","atlas/source_extraction/","F06_ATLAS","FILE_PLAN_ALL 1188 BRANCHABLE_ATLAS OBSIDIA_BRANCHABLE_ATLAS_FULL_V0_5_DEEP_FINAL_AUDIT/docs/full_doc_extraction/tables/DOCX_TABLE_0396.md atlas/source_extraction/ DOCX_TABLE_0396.md md P4_ATLAS_EVIDENCE_OR_DOCS F06 0 0 0 0 1  NOT_FOUND_LOC","INTEGRATE_TO_ATLAS_READONLY_SCENARIO_SPEC_CANDIDATE","ATLAS_READONLY_ADVISORY_ONLY","false","false","false","false","false","F06 audit/spec only; Atlas scenario/context candidate; never runtime reality claim"
"BRANCHABLE_ATLAS","atlas/source_extraction/","F06_ATLAS","FILE_PLAN_ALL 1189 BRANCHABLE_ATLAS OBSIDIA_BRANCHABLE_ATLAS_FULL_V0_5_DEEP_FINAL_AUDIT/docs/full_doc_extraction/tables/DOCX_TABLE_0397.md atlas/source_extraction/ DOCX_TABLE_0397.md md P4_ATLAS_EVIDENCE_OR_DOCS F06 0 0 0 0 1  NOT_FOUND_LOC","INTEGRATE_TO_ATLAS_READONLY_SCENARIO_SPEC_CANDIDATE","ATLAS_READONLY_ADVISORY_ONLY","false","false","false","false","false","F06 audit/spec only; Atlas scenario/context candidate; never runtime reality claim"
"BRANCHABLE_ATLAS","atlas/source_extraction/","F06_ATLAS","FILE_PLAN_ALL 1190 BRANCHABLE_ATLAS OBSIDIA_BRANCHABLE_ATLAS_FULL_V0_5_DEEP_FINAL_AUDIT/docs/full_doc_extraction/tables/DOCX_TABLE_0398.md atlas/source_extraction/ DOCX_TABLE_0398.md md P4_ATLAS_EVIDENCE_OR_DOCS F06 0 0 0 0 1  NOT_FOUND_LOC","INTEGRATE_TO_ATLAS_READONLY_SCENARIO_SPEC_CANDIDATE","ATLAS_READONLY_ADVISORY_ONLY","false","false","false","false","false","F06 audit/spec only; Atlas scenario/context candidate; never runtime reality claim"
"BRANCHABLE_ATLAS","atlas/source_extraction/","F06_ATLAS","FILE_PLAN_ALL 1191 BRANCHABLE_ATLAS OBSIDIA_BRANCHABLE_ATLAS_FULL_V0_5_DEEP_FINAL_AUDIT/docs/full_doc_extraction/tables/DOCX_TABLE_0399.md atlas/source_extraction/ DOCX_TABLE_0399.md md P4_ATLAS_EVIDENCE_OR_DOCS F06 0 0 0 0 1  NOT_FOUND_LOC","INTEGRATE_TO_ATLAS_READONLY_SCENARIO_SPEC_CANDIDATE","ATLAS_READONLY_ADVISORY_ONLY","false","false","false","false","false","F06 audit/spec only; Atlas scenario/context candidate; never runtime reality claim"
"BRANCHABLE_ATLAS","atlas/source_extraction/","F06_ATLAS","FILE_PLAN_ALL 1192 BRANCHABLE_ATLAS OBSIDIA_BRANCHABLE_ATLAS_FULL_V0_5_DEEP_FINAL_AUDIT/docs/full_doc_extraction/tables/DOCX_TABLE_0400.md atlas/source_extraction/ DOCX_TABLE_0400.md md P4_ATLAS_EVIDENCE_OR_DOCS F06 0 0 0 0 1  NOT_FOUND_LOC","INTEGRATE_TO_ATLAS_READONLY_SCENARIO_SPEC_CANDIDATE","ATLAS_READONLY_ADVISORY_ONLY","false","false","false","false","false","F06 audit/spec only; Atlas scenario/context candidate; never runtime reality claim"
"BRANCHABLE_ATLAS","atlas/source_extraction/","F06_ATLAS","FILE_PLAN_ALL 1193 BRANCHABLE_ATLAS OBSIDIA_BRANCHABLE_ATLAS_FULL_V0_5_DEEP_FINAL_AUDIT/docs/full_doc_extraction/tables/DOCX_TABLE_0401.md atlas/source_extraction/ DOCX_TABLE_0401.md md P4_ATLAS_EVIDENCE_OR_DOCS F06 0 0 0 0 1  NOT_FOUND_LOC","INTEGRATE_TO_ATLAS_READONLY_SCENARIO_SPEC_CANDIDATE","ATLAS_READONLY_ADVISORY_ONLY","false","false","false","false","false","F06 audit/spec only; Atlas scenario/context candidate; never runtime reality claim"
"BRANCHABLE_ATLAS","atlas/source_extraction/","F06_ATLAS","FILE_PLAN_ALL 1194 BRANCHABLE_ATLAS OBSIDIA_BRANCHABLE_ATLAS_FULL_V0_5_DEEP_FINAL_AUDIT/docs/full_doc_extraction/tables/DOCX_TABLE_0402.md atlas/source_extraction/ DOCX_TABLE_0402.md md P4_ATLAS_EVIDENCE_OR_DOCS F06 0 0 0 0 1  NOT_FOUND_LOC","INTEGRATE_TO_ATLAS_READONLY_SCENARIO_SPEC_CANDIDATE","ATLAS_READONLY_ADVISORY_ONLY","false","false","false","false","false","F06 audit/spec only; Atlas scenario/context candidate; never runtime reality claim"
"BRANCHABLE_ATLAS","atlas/source_extraction/","F06_ATLAS","FILE_PLAN_ALL 1195 BRANCHABLE_ATLAS OBSIDIA_BRANCHABLE_ATLAS_FULL_V0_5_DEEP_FINAL_AUDIT/docs/full_doc_extraction/tables/DOCX_TABLE_0403.md atlas/source_extraction/ DOCX_TABLE_0403.md md P4_ATLAS_EVIDENCE_OR_DOCS F06 0 0 0 0 1  NOT_FOUND_LOC","INTEGRATE_TO_ATLAS_READONLY_SCENARIO_SPEC_CANDIDATE","ATLAS_READONLY_ADVISORY_ONLY","false","false","false","false","false","F06 audit/spec only; Atlas scenario/context candidate; never runtime reality claim"
"BRANCHABLE_ATLAS","atlas/source_extraction/","F06_ATLAS","FILE_PLAN_ALL 1196 BRANCHABLE_ATLAS OBSIDIA_BRANCHABLE_ATLAS_FULL_V0_5_DEEP_FINAL_AUDIT/docs/full_doc_extraction/tables/DOCX_TABLE_0404.md atlas/source_extraction/ DOCX_TABLE_0404.md md P4_ATLAS_EVIDENCE_OR_DOCS F06 0 0 0 0 1  NOT_FOUND_LOC","INTEGRATE_TO_ATLAS_READONLY_SCENARIO_SPEC_CANDIDATE","ATLAS_READONLY_ADVISORY_ONLY","false","false","false","false","false","F06 audit/spec only; Atlas scenario/context candidate; never runtime reality claim"
"BRANCHABLE_ATLAS","atlas/source_extraction/","F06_ATLAS","FILE_PLAN_ALL 1197 BRANCHABLE_ATLAS OBSIDIA_BRANCHABLE_ATLAS_FULL_V0_5_DEEP_FINAL_AUDIT/docs/full_doc_extraction/tables/DOCX_TABLE_0405.md atlas/source_extraction/ DOCX_TABLE_0405.md md P4_ATLAS_EVIDENCE_OR_DOCS F06 0 0 0 0 1  NOT_FOUND_LOC","INTEGRATE_TO_ATLAS_READONLY_SCENARIO_SPEC_CANDIDATE","ATLAS_READONLY_ADVISORY_ONLY","false","false","false","false","false","F06 audit/spec only; Atlas scenario/context candidate; never runtime reality claim"
"BRANCHABLE_ATLAS","atlas/source_extraction/","F06_ATLAS","FILE_PLAN_ALL 1198 BRANCHABLE_ATLAS OBSIDIA_BRANCHABLE_ATLAS_FULL_V0_5_DEEP_FINAL_AUDIT/docs/full_doc_extraction/tables/DOCX_TABLE_0406.md atlas/source_extraction/ DOCX_TABLE_0406.md md P4_ATLAS_EVIDENCE_OR_DOCS F06 0 0 0 0 1  NOT_FOUND_LOC","INTEGRATE_TO_ATLAS_READONLY_SCENARIO_SPEC_CANDIDATE","ATLAS_READONLY_ADVISORY_ONLY","false","false","false","false","false","F06 audit/spec only; Atlas scenario/context candidate; never runtime reality claim"
"BRANCHABLE_ATLAS","atlas/source_extraction/","F06_ATLAS","FILE_PLAN_ALL 1199 BRANCHABLE_ATLAS OBSIDIA_BRANCHABLE_ATLAS_FULL_V0_5_DEEP_FINAL_AUDIT/docs/full_doc_extraction/tables/DOCX_TABLE_0407.md atlas/source_extraction/ DOCX_TABLE_0407.md md P4_ATLAS_EVIDENCE_OR_DOCS F06 0 0 0 0 1  NOT_FOUND_LOC","INTEGRATE_TO_ATLAS_READONLY_SCENARIO_SPEC_CANDIDATE","ATLAS_READONLY_ADVISORY_ONLY","false","false","false","false","false","F06 audit/spec only; Atlas scenario/context candidate; never runtime reality claim"
"BRANCHABLE_ATLAS","atlas/source_extraction/","F06_ATLAS","FILE_PLAN_ALL 1200 BRANCHABLE_ATLAS OBSIDIA_BRANCHABLE_ATLAS_FULL_V0_5_DEEP_FINAL_AUDIT/docs/full_doc_extraction/tables/DOCX_TABLE_0408.md atlas/source_extraction/ DOCX_TABLE_0408.md md P4_ATLAS_EVIDENCE_OR_DOCS F06 0 0 0 0 1  NOT_FOUND_LOC","INTEGRATE_TO_ATLAS_READONLY_SCENARIO_SPEC_CANDIDATE","ATLAS_READONLY_ADVISORY_ONLY","false","false","false","false","false","F06 audit/spec only; Atlas scenario/context candidate; never runtime reality claim"
"BRANCHABLE_ATLAS","atlas/source_extraction/","F06_ATLAS","FILE_PLAN_ALL 1201 BRANCHABLE_ATLAS OBSIDIA_BRANCHABLE_ATLAS_FULL_V0_5_DEEP_FINAL_AUDIT/docs/full_doc_extraction/tables/DOCX_TABLE_0409.md atlas/source_extraction/ DOCX_TABLE_0409.md md P4_ATLAS_EVIDENCE_OR_DOCS F06 0 0 0 0 1  NOT_FOUND_LOC","INTEGRATE_TO_ATLAS_READONLY_SCENARIO_SPEC_CANDIDATE","ATLAS_READONLY_ADVISORY_ONLY","false","false","false","false","false","F06 audit/spec only; Atlas scenario/context candidate; never runtime reality claim"
"BRANCHABLE_ATLAS","atlas/source_extraction/","F06_ATLAS","FILE_PLAN_ALL 1202 BRANCHABLE_ATLAS OBSIDIA_BRANCHABLE_ATLAS_FULL_V0_5_DEEP_FINAL_AUDIT/docs/full_doc_extraction/tables/DOCX_TABLE_0410.md atlas/source_extraction/ DOCX_TABLE_0410.md md P4_ATLAS_EVIDENCE_OR_DOCS F06 0 0 0 0 1  NOT_FOUND_LOC","INTEGRATE_TO_ATLAS_READONLY_SCENARIO_SPEC_CANDIDATE","ATLAS_READONLY_ADVISORY_ONLY","false","false","false","false","false","F06 audit/spec only; Atlas scenario/context candidate; never runtime reality claim"
"BRANCHABLE_ATLAS","atlas/source_extraction/","F06_ATLAS","FILE_PLAN_ALL 1203 BRANCHABLE_ATLAS OBSIDIA_BRANCHABLE_ATLAS_FULL_V0_5_DEEP_FINAL_AUDIT/docs/full_doc_extraction/tables/DOCX_TABLE_0411.md atlas/source_extraction/ DOCX_TABLE_0411.md md P4_ATLAS_EVIDENCE_OR_DOCS F06 0 0 0 0 1  NOT_FOUND_LOC","INTEGRATE_TO_ATLAS_READONLY_SCENARIO_SPEC_CANDIDATE","ATLAS_READONLY_ADVISORY_ONLY","false","false","false","false","false","F06 audit/spec only; Atlas scenario/context candidate; never runtime reality claim"
"BRANCHABLE_ATLAS","atlas/source_extraction/","F06_ATLAS","FILE_PLAN_ALL 1204 BRANCHABLE_ATLAS OBSIDIA_BRANCHABLE_ATLAS_FULL_V0_5_DEEP_FINAL_AUDIT/docs/full_doc_extraction/tables/DOCX_TABLE_0412.md atlas/source_extraction/ DOCX_TABLE_0412.md md P4_ATLAS_EVIDENCE_OR_DOCS F06 0 0 0 0 1  NOT_FOUND_LOC","INTEGRATE_TO_ATLAS_READONLY_SCENARIO_SPEC_CANDIDATE","ATLAS_READONLY_ADVISORY_ONLY","false","false","false","false","false","F06 audit/spec only; Atlas scenario/context candidate; never runtime reality claim"
"BRANCHABLE_ATLAS","atlas/source_extraction/","F06_ATLAS","FILE_PLAN_ALL 1205 BRANCHABLE_ATLAS OBSIDIA_BRANCHABLE_ATLAS_FULL_V0_5_DEEP_FINAL_AUDIT/docs/full_doc_extraction/tables/DOCX_TABLE_0413.md atlas/source_extraction/ DOCX_TABLE_0413.md md P4_ATLAS_EVIDENCE_OR_DOCS F06 0 0 0 0 1  NOT_FOUND_LOC","INTEGRATE_TO_ATLAS_READONLY_SCENARIO_SPEC_CANDIDATE","ATLAS_READONLY_ADVISORY_ONLY","false","false","false","false","false","F06 audit/spec only; Atlas scenario/context candidate; never runtime reality claim"
"BRANCHABLE_ATLAS","atlas/source_extraction/","F06_ATLAS","FILE_PLAN_ALL 1206 BRANCHABLE_ATLAS OBSIDIA_BRANCHABLE_ATLAS_FULL_V0_5_DEEP_FINAL_AUDIT/docs/full_doc_extraction/tables/DOCX_TABLE_0414.md atlas/source_extraction/ DOCX_TABLE_0414.md md P4_ATLAS_EVIDENCE_OR_DOCS F06 0 0 0 0 1  NOT_FOUND_LOC","INTEGRATE_TO_ATLAS_READONLY_SCENARIO_SPEC_CANDIDATE","ATLAS_READONLY_ADVISORY_ONLY","false","false","false","false","false","F06 audit/spec only; Atlas scenario/context candidate; never runtime reality claim"
"BRANCHABLE_ATLAS","atlas/source_extraction/","F06_ATLAS","FILE_PLAN_ALL 1207 BRANCHABLE_ATLAS OBSIDIA_BRANCHABLE_ATLAS_FULL_V0_5_DEEP_FINAL_AUDIT/docs/full_doc_extraction/tables/DOCX_TABLE_0415.md atlas/source_extraction/ DOCX_TABLE_0415.md md P4_ATLAS_EVIDENCE_OR_DOCS F06 0 0 0 0 1  NOT_FOUND_LOC","INTEGRATE_TO_ATLAS_READONLY_SCENARIO_SPEC_CANDIDATE","ATLAS_READONLY_ADVISORY_ONLY","false","false","false","false","false","F06 audit/spec only; Atlas scenario/context candidate; never runtime reality claim"
"BRANCHABLE_ATLAS","atlas/source_extraction/","F06_ATLAS","FILE_PLAN_ALL 1208 BRANCHABLE_ATLAS OBSIDIA_BRANCHABLE_ATLAS_FULL_V0_5_DEEP_FINAL_AUDIT/docs/full_doc_extraction/tables/DOCX_TABLE_0416.md atlas/source_extraction/ DOCX_TABLE_0416.md md P4_ATLAS_EVIDENCE_OR_DOCS F06 0 0 0 0 1  NOT_FOUND_LOC","INTEGRATE_TO_ATLAS_READONLY_SCENARIO_SPEC_CANDIDATE","ATLAS_READONLY_ADVISORY_ONLY","false","false","false","false","false","F06 audit/spec only; Atlas scenario/context candidate; never runtime reality claim"
"BRANCHABLE_ATLAS","atlas/source_extraction/","F06_ATLAS","FILE_PLAN_ALL 1209 BRANCHABLE_ATLAS OBSIDIA_BRANCHABLE_ATLAS_FULL_V0_5_DEEP_FINAL_AUDIT/docs/full_doc_extraction/tables/DOCX_TABLE_0417.md atlas/source_extraction/ DOCX_TABLE_0417.md md P4_ATLAS_EVIDENCE_OR_DOCS F06 0 0 0 0 1  NOT_FOUND_LOC","INTEGRATE_TO_ATLAS_READONLY_SCENARIO_SPEC_CANDIDATE","ATLAS_READONLY_ADVISORY_ONLY","false","false","false","false","false","F06 audit/spec only; Atlas scenario/context candidate; never runtime reality claim"
"BRANCHABLE_ATLAS","atlas/source_extraction/","F06_ATLAS","FILE_PLAN_ALL 1210 BRANCHABLE_ATLAS OBSIDIA_BRANCHABLE_ATLAS_FULL_V0_5_DEEP_FINAL_AUDIT/docs/full_doc_extraction/tables/DOCX_TABLE_0418.md atlas/source_extraction/ DOCX_TABLE_0418.md md P4_ATLAS_EVIDENCE_OR_DOCS F06 0 0 0 0 1  NOT_FOUND_LOC","INTEGRATE_TO_ATLAS_READONLY_SCENARIO_SPEC_CANDIDATE","ATLAS_READONLY_ADVISORY_ONLY","false","false","false","false","false","F06 audit/spec only; Atlas scenario/context candidate; never runtime reality claim"
"BRANCHABLE_ATLAS","atlas/source_extraction/","F06_ATLAS","FILE_PLAN_ALL 1211 BRANCHABLE_ATLAS OBSIDIA_BRANCHABLE_ATLAS_FULL_V0_5_DEEP_FINAL_AUDIT/docs/full_doc_extraction/tables/DOCX_TABLE_0419.md atlas/source_extraction/ DOCX_TABLE_0419.md md P4_ATLAS_EVIDENCE_OR_DOCS F06 0 0 0 0 1  NOT_FOUND_LOC","INTEGRATE_TO_ATLAS_READONLY_SCENARIO_SPEC_CANDIDATE","ATLAS_READONLY_ADVISORY_ONLY","false","false","false","false","false","F06 audit/spec only; Atlas scenario/context candidate; never runtime reality claim"
"BRANCHABLE_ATLAS","atlas/source_extraction/","F06_ATLAS","FILE_PLAN_ALL 1212 BRANCHABLE_ATLAS OBSIDIA_BRANCHABLE_ATLAS_FULL_V0_5_DEEP_FINAL_AUDIT/docs/full_doc_extraction/tables/DOCX_TABLE_0420.md atlas/source_extraction/ DOCX_TABLE_0420.md md P4_ATLAS_EVIDENCE_OR_DOCS F06 0 0 0 0 1  NOT_FOUND_LOC","INTEGRATE_TO_ATLAS_READONLY_SCENARIO_SPEC_CANDIDATE","ATLAS_READONLY_ADVISORY_ONLY","false","false","false","false","false","F06 audit/spec only; Atlas scenario/context candidate; never runtime reality claim"
"BRANCHABLE_ATLAS","atlas/source_extraction/","F06_ATLAS","FILE_PLAN_ALL 1213 BRANCHABLE_ATLAS OBSIDIA_BRANCHABLE_ATLAS_FULL_V0_5_DEEP_FINAL_AUDIT/docs/full_doc_extraction/tables/DOCX_TABLE_0421.md atlas/source_extraction/ DOCX_TABLE_0421.md md P4_ATLAS_EVIDENCE_OR_DOCS F06 0 0 0 0 1  NOT_FOUND_LOC","INTEGRATE_TO_ATLAS_READONLY_SCENARIO_SPEC_CANDIDATE","ATLAS_READONLY_ADVISORY_ONLY","false","false","false","false","false","F06 audit/spec only; Atlas scenario/context candidate; never runtime reality claim"
"BRANCHABLE_ATLAS","atlas/source_extraction/","F06_ATLAS","FILE_PLAN_ALL 1214 BRANCHABLE_ATLAS OBSIDIA_BRANCHABLE_ATLAS_FULL_V0_5_DEEP_FINAL_AUDIT/docs/full_doc_extraction/tables/DOCX_TABLE_0422.md atlas/source_extraction/ DOCX_TABLE_0422.md md P4_ATLAS_EVIDENCE_OR_DOCS F06 0 0 0 0 1  NOT_FOUND_LOC","INTEGRATE_TO_ATLAS_READONLY_SCENARIO_SPEC_CANDIDATE","ATLAS_READONLY_ADVISORY_ONLY","false","false","false","false","false","F06 audit/spec only; Atlas scenario/context candidate; never runtime reality claim"
"BRANCHABLE_ATLAS","atlas/source_extraction/","F06_ATLAS","FILE_PLAN_ALL 1215 BRANCHABLE_ATLAS OBSIDIA_BRANCHABLE_ATLAS_FULL_V0_5_DEEP_FINAL_AUDIT/docs/full_doc_extraction/tables/DOCX_TABLE_0423.md atlas/source_extraction/ DOCX_TABLE_0423.md md P4_ATLAS_EVIDENCE_OR_DOCS F06 0 0 0 0 1  NOT_FOUND_LOC","INTEGRATE_TO_ATLAS_READONLY_SCENARIO_SPEC_CANDIDATE","ATLAS_READONLY_ADVISORY_ONLY","false","false","false","false","false","F06 audit/spec only; Atlas scenario/context candidate; never runtime reality claim"
"BRANCHABLE_ATLAS","atlas/source_extraction/","F06_ATLAS","FILE_PLAN_ALL 1216 BRANCHABLE_ATLAS OBSIDIA_BRANCHABLE_ATLAS_FULL_V0_5_DEEP_FINAL_AUDIT/docs/full_doc_extraction/tables/DOCX_TABLE_0424.md atlas/source_extraction/ DOCX_TABLE_0424.md md P4_ATLAS_EVIDENCE_OR_DOCS F06 0 0 0 0 1  NOT_FOUND_LOC","INTEGRATE_TO_ATLAS_READONLY_SCENARIO_SPEC_CANDIDATE","ATLAS_READONLY_ADVISORY_ONLY","false","false","false","false","false","F06 audit/spec only; Atlas scenario/context candidate; never runtime reality claim"
"BRANCHABLE_ATLAS","atlas/source_extraction/","F06_ATLAS","FILE_PLAN_ALL 1217 BRANCHABLE_ATLAS OBSIDIA_BRANCHABLE_ATLAS_FULL_V0_5_DEEP_FINAL_AUDIT/docs/full_doc_extraction/tables/DOCX_TABLE_0425.md atlas/source_extraction/ DOCX_TABLE_0425.md md P4_ATLAS_EVIDENCE_OR_DOCS F06 0 0 0 0 1  NOT_FOUND_LOC","INTEGRATE_TO_ATLAS_READONLY_SCENARIO_SPEC_CANDIDATE","ATLAS_READONLY_ADVISORY_ONLY","false","false","false","false","false","F06 audit/spec only; Atlas scenario/context candidate; never runtime reality claim"
"BRANCHABLE_ATLAS","atlas/source_extraction/","F06_ATLAS","FILE_PLAN_ALL 1218 BRANCHABLE_ATLAS OBSIDIA_BRANCHABLE_ATLAS_FULL_V0_5_DEEP_FINAL_AUDIT/docs/full_doc_extraction/tables/DOCX_TABLE_0426.md atlas/source_extraction/ DOCX_TABLE_0426.md md P4_ATLAS_EVIDENCE_OR_DOCS F06 0 0 0 0 1  NOT_FOUND_LOC","INTEGRATE_TO_ATLAS_READONLY_SCENARIO_SPEC_CANDIDATE","ATLAS_READONLY_ADVISORY_ONLY","false","false","false","false","false","F06 audit/spec only; Atlas scenario/context candidate; never runtime reality claim"
"BRANCHABLE_ATLAS","atlas/source_extraction/","F06_ATLAS","FILE_PLAN_ALL 1219 BRANCHABLE_ATLAS OBSIDIA_BRANCHABLE_ATLAS_FULL_V0_5_DEEP_FINAL_AUDIT/docs/full_doc_extraction/tables/DOCX_TABLE_0427.md atlas/source_extraction/ DOCX_TABLE_0427.md md P4_ATLAS_EVIDENCE_OR_DOCS F06 0 0 0 0 1  NOT_FOUND_LOC","INTEGRATE_TO_ATLAS_READONLY_SCENARIO_SPEC_CANDIDATE","ATLAS_READONLY_ADVISORY_ONLY","false","false","false","false","false","F06 audit/spec only; Atlas scenario/context candidate; never runtime reality claim"
"BRANCHABLE_ATLAS","atlas/source_extraction/","F06_ATLAS","FILE_PLAN_ALL 1220 BRANCHABLE_ATLAS OBSIDIA_BRANCHABLE_ATLAS_FULL_V0_5_DEEP_FINAL_AUDIT/docs/full_doc_extraction/tables/DOCX_TABLE_0428.md atlas/source_extraction/ DOCX_TABLE_0428.md md P4_ATLAS_EVIDENCE_OR_DOCS F06 0 0 0 0 1  NOT_FOUND_LOC","INTEGRATE_TO_ATLAS_READONLY_SCENARIO_SPEC_CANDIDATE","ATLAS_READONLY_ADVISORY_ONLY","false","false","false","false","false","F06 audit/spec only; Atlas scenario/context candidate; never runtime reality claim"
"BRANCHABLE_ATLAS","atlas/source_extraction/","F06_ATLAS","FILE_PLAN_ALL 1221 BRANCHABLE_ATLAS OBSIDIA_BRANCHABLE_ATLAS_FULL_V0_5_DEEP_FINAL_AUDIT/docs/full_doc_extraction/tables/DOCX_TABLE_0429.md atlas/source_extraction/ DOCX_TABLE_0429.md md P4_ATLAS_EVIDENCE_OR_DOCS F06 0 0 0 0 1  NOT_FOUND_LOC","INTEGRATE_TO_ATLAS_READONLY_SCENARIO_SPEC_CANDIDATE","ATLAS_READONLY_ADVISORY_ONLY","false","false","false","false","false","F06 audit/spec only; Atlas scenario/context candidate; never runtime reality claim"
"BRANCHABLE_ATLAS","atlas/source_extraction/","F06_ATLAS","FILE_PLAN_ALL 1222 BRANCHABLE_ATLAS OBSIDIA_BRANCHABLE_ATLAS_FULL_V0_5_DEEP_FINAL_AUDIT/docs/full_doc_extraction/tables/DOCX_TABLE_0430.md atlas/source_extraction/ DOCX_TABLE_0430.md md P4_ATLAS_EVIDENCE_OR_DOCS F06 0 0 0 0 1  NOT_FOUND_LOC","INTEGRATE_TO_ATLAS_READONLY_SCENARIO_SPEC_CANDIDATE","ATLAS_READONLY_ADVISORY_ONLY","false","false","false","false","false","F06 audit/spec only; Atlas scenario/context candidate; never runtime reality claim"
"BRANCHABLE_ATLAS","atlas/source_extraction/","F06_ATLAS","FILE_PLAN_ALL 1223 BRANCHABLE_ATLAS OBSIDIA_BRANCHABLE_ATLAS_FULL_V0_5_DEEP_FINAL_AUDIT/docs/full_doc_extraction/tables/DOCX_TABLE_0431.md atlas/source_extraction/ DOCX_TABLE_0431.md md P4_ATLAS_EVIDENCE_OR_DOCS F06 0 0 0 0 1  NOT_FOUND_LOC","INTEGRATE_TO_ATLAS_READONLY_SCENARIO_SPEC_CANDIDATE","ATLAS_READONLY_ADVISORY_ONLY","false","false","false","false","false","F06 audit/spec only; Atlas scenario/context candidate; never runtime reality claim"
"BRANCHABLE_ATLAS","atlas/source_extraction/","F06_ATLAS","FILE_PLAN_ALL 1224 BRANCHABLE_ATLAS OBSIDIA_BRANCHABLE_ATLAS_FULL_V0_5_DEEP_FINAL_AUDIT/docs/full_doc_extraction/tables/DOCX_TABLE_0432.md atlas/source_extraction/ DOCX_TABLE_0432.md md P4_ATLAS_EVIDENCE_OR_DOCS F06 0 0 0 0 1  NOT_FOUND_LOC","INTEGRATE_TO_ATLAS_READONLY_SCENARIO_SPEC_CANDIDATE","ATLAS_READONLY_ADVISORY_ONLY","false","false","false","false","false","F06 audit/spec only; Atlas scenario/context candidate; never runtime reality claim"
"BRANCHABLE_ATLAS","atlas/source_extraction/","F06_ATLAS","FILE_PLAN_ALL 1225 BRANCHABLE_ATLAS OBSIDIA_BRANCHABLE_ATLAS_FULL_V0_5_DEEP_FINAL_AUDIT/docs/full_doc_extraction/tables/DOCX_TABLE_0433.md atlas/source_extraction/ DOCX_TABLE_0433.md md P4_ATLAS_EVIDENCE_OR_DOCS F06 0 0 0 0 1  NOT_FOUND_LOC","INTEGRATE_TO_ATLAS_READONLY_SCENARIO_SPEC_CANDIDATE","ATLAS_READONLY_ADVISORY_ONLY","false","false","false","false","false","F06 audit/spec only; Atlas scenario/context candidate; never runtime reality claim"
"BRANCHABLE_ATLAS","atlas/source_extraction/","F06_ATLAS","FILE_PLAN_ALL 1226 BRANCHABLE_ATLAS OBSIDIA_BRANCHABLE_ATLAS_FULL_V0_5_DEEP_FINAL_AUDIT/docs/full_doc_extraction/tables/DOCX_TABLE_0434.md atlas/source_extraction/ DOCX_TABLE_0434.md md P4_ATLAS_EVIDENCE_OR_DOCS F06 0 0 0 0 1  NOT_FOUND_LOC","INTEGRATE_TO_ATLAS_READONLY_SCENARIO_SPEC_CANDIDATE","ATLAS_READONLY_ADVISORY_ONLY","false","false","false","false","false","F06 audit/spec only; Atlas scenario/context candidate; never runtime reality claim"
"BRANCHABLE_ATLAS","atlas/source_extraction/","F06_ATLAS","FILE_PLAN_ALL 1227 BRANCHABLE_ATLAS OBSIDIA_BRANCHABLE_ATLAS_FULL_V0_5_DEEP_FINAL_AUDIT/docs/full_doc_extraction/tables/DOCX_TABLE_0435.md atlas/source_extraction/ DOCX_TABLE_0435.md md P4_ATLAS_EVIDENCE_OR_DOCS F06 0 0 0 0 1  NOT_FOUND_LOC","INTEGRATE_TO_ATLAS_READONLY_SCENARIO_SPEC_CANDIDATE","ATLAS_READONLY_ADVISORY_ONLY","false","false","false","false","false","F06 audit/spec only; Atlas scenario/context candidate; never runtime reality claim"
"BRANCHABLE_ATLAS","atlas/source_extraction/","F06_ATLAS","FILE_PLAN_ALL 1228 BRANCHABLE_ATLAS OBSIDIA_BRANCHABLE_ATLAS_FULL_V0_5_DEEP_FINAL_AUDIT/docs/full_doc_extraction/tables/DOCX_TABLE_0436.md atlas/source_extraction/ DOCX_TABLE_0436.md md P4_ATLAS_EVIDENCE_OR_DOCS F06 0 0 0 0 1  NOT_FOUND_LOC","INTEGRATE_TO_ATLAS_READONLY_SCENARIO_SPEC_CANDIDATE","ATLAS_READONLY_ADVISORY_ONLY","false","false","false","false","false","F06 audit/spec only; Atlas scenario/context candidate; never runtime reality claim"
"BRANCHABLE_ATLAS","atlas/source_extraction/","F06_ATLAS","FILE_PLAN_ALL 1229 BRANCHABLE_ATLAS OBSIDIA_BRANCHABLE_ATLAS_FULL_V0_5_DEEP_FINAL_AUDIT/docs/full_doc_extraction/tables/DOCX_TABLE_0437.md atlas/source_extraction/ DOCX_TABLE_0437.md md P4_ATLAS_EVIDENCE_OR_DOCS F06 0 0 0 0 1  NOT_FOUND_LOC","INTEGRATE_TO_ATLAS_READONLY_SCENARIO_SPEC_CANDIDATE","ATLAS_READONLY_ADVISORY_ONLY","false","false","false","false","false","F06 audit/spec only; Atlas scenario/context candidate; never runtime reality claim"
"BRANCHABLE_ATLAS","atlas/source_extraction/","F06_ATLAS","FILE_PLAN_ALL 1230 BRANCHABLE_ATLAS OBSIDIA_BRANCHABLE_ATLAS_FULL_V0_5_DEEP_FINAL_AUDIT/docs/full_doc_extraction/tables/DOCX_TABLE_0438.md atlas/source_extraction/ DOCX_TABLE_0438.md md P4_ATLAS_EVIDENCE_OR_DOCS F06 0 0 0 0 1  NOT_FOUND_LOC","INTEGRATE_TO_ATLAS_READONLY_SCENARIO_SPEC_CANDIDATE","ATLAS_READONLY_ADVISORY_ONLY","false","false","false","false","false","F06 audit/spec only; Atlas scenario/context candidate; never runtime reality claim"
"BRANCHABLE_ATLAS","atlas/source_extraction/","F06_ATLAS","FILE_PLAN_ALL 1231 BRANCHABLE_ATLAS OBSIDIA_BRANCHABLE_ATLAS_FULL_V0_5_DEEP_FINAL_AUDIT/docs/full_doc_extraction/tables/DOCX_TABLE_0439.md atlas/source_extraction/ DOCX_TABLE_0439.md md P4_ATLAS_EVIDENCE_OR_DOCS F06 0 0 0 0 1  NOT_FOUND_LOC","INTEGRATE_TO_ATLAS_READONLY_SCENARIO_SPEC_CANDIDATE","ATLAS_READONLY_ADVISORY_ONLY","false","false","false","false","false","F06 audit/spec only; Atlas scenario/context candidate; never runtime reality claim"
"BRANCHABLE_ATLAS","atlas/source_extraction/","F06_ATLAS","FILE_PLAN_ALL 1232 BRANCHABLE_ATLAS OBSIDIA_BRANCHABLE_ATLAS_FULL_V0_5_DEEP_FINAL_AUDIT/docs/full_doc_extraction/tables/DOCX_TABLE_0440.md atlas/source_extraction/ DOCX_TABLE_0440.md md P4_ATLAS_EVIDENCE_OR_DOCS F06 0 0 0 0 1  NOT_FOUND_LOC","INTEGRATE_TO_ATLAS_READONLY_SCENARIO_SPEC_CANDIDATE","ATLAS_READONLY_ADVISORY_ONLY","false","false","false","false","false","F06 audit/spec only; Atlas scenario/context candidate; never runtime reality claim"
"BRANCHABLE_ATLAS","atlas/source_extraction/","F06_ATLAS","FILE_PLAN_ALL 1233 BRANCHABLE_ATLAS OBSIDIA_BRANCHABLE_ATLAS_FULL_V0_5_DEEP_FINAL_AUDIT/docs/full_doc_extraction/tables/DOCX_TABLE_0441.md atlas/source_extraction/ DOCX_TABLE_0441.md md P4_ATLAS_EVIDENCE_OR_DOCS F06 0 0 0 0 1  NOT_FOUND_LOC","INTEGRATE_TO_ATLAS_READONLY_SCENARIO_SPEC_CANDIDATE","ATLAS_READONLY_ADVISORY_ONLY","false","false","false","false","false","F06 audit/spec only; Atlas scenario/context candidate; never runtime reality claim"
"BRANCHABLE_ATLAS","atlas/source_extraction/","F06_ATLAS","FILE_PLAN_ALL 1234 BRANCHABLE_ATLAS OBSIDIA_BRANCHABLE_ATLAS_FULL_V0_5_DEEP_FINAL_AUDIT/docs/full_doc_extraction/tables/DOCX_TABLE_0442.md atlas/source_extraction/ DOCX_TABLE_0442.md md P4_ATLAS_EVIDENCE_OR_DOCS F06 0 0 0 0 1  NOT_FOUND_LOC","INTEGRATE_TO_ATLAS_READONLY_SCENARIO_SPEC_CANDIDATE","ATLAS_READONLY_ADVISORY_ONLY","false","false","false","false","false","F06 audit/spec only; Atlas scenario/context candidate; never runtime reality claim"
"BRANCHABLE_ATLAS","atlas/source_extraction/","F06_ATLAS","FILE_PLAN_ALL 1235 BRANCHABLE_ATLAS OBSIDIA_BRANCHABLE_ATLAS_FULL_V0_5_DEEP_FINAL_AUDIT/docs/full_doc_extraction/tables/DOCX_TABLE_0443.md atlas/source_extraction/ DOCX_TABLE_0443.md md P4_ATLAS_EVIDENCE_OR_DOCS F06 0 0 0 0 1  NOT_FOUND_LOC","INTEGRATE_TO_ATLAS_READONLY_SCENARIO_SPEC_CANDIDATE","ATLAS_READONLY_ADVISORY_ONLY","false","false","false","false","false","F06 audit/spec only; Atlas scenario/context candidate; never runtime reality claim"
"BRANCHABLE_ATLAS","atlas/source_extraction/","F06_ATLAS","FILE_PLAN_ALL 1236 BRANCHABLE_ATLAS OBSIDIA_BRANCHABLE_ATLAS_FULL_V0_5_DEEP_FINAL_AUDIT/docs/full_doc_extraction/tables/DOCX_TABLE_0444.md atlas/source_extraction/ DOCX_TABLE_0444.md md P4_ATLAS_EVIDENCE_OR_DOCS F06 0 0 0 0 1  NOT_FOUND_LOC","INTEGRATE_TO_ATLAS_READONLY_SCENARIO_SPEC_CANDIDATE","ATLAS_READONLY_ADVISORY_ONLY","false","false","false","false","false","F06 audit/spec only; Atlas scenario/context candidate; never runtime reality claim"
"BRANCHABLE_ATLAS","atlas/source_extraction/","F06_ATLAS","FILE_PLAN_ALL 1237 BRANCHABLE_ATLAS OBSIDIA_BRANCHABLE_ATLAS_FULL_V0_5_DEEP_FINAL_AUDIT/docs/full_doc_extraction/tables/DOCX_TABLE_0445.md atlas/source_extraction/ DOCX_TABLE_0445.md md P4_ATLAS_EVIDENCE_OR_DOCS F06 0 0 0 0 1  NOT_FOUND_LOC","INTEGRATE_TO_ATLAS_READONLY_SCENARIO_SPEC_CANDIDATE","ATLAS_READONLY_ADVISORY_ONLY","false","false","false","false","false","F06 audit/spec only; Atlas scenario/context candidate; never runtime reality claim"
"BRANCHABLE_ATLAS","atlas/source_extraction/","F06_ATLAS","FILE_PLAN_ALL 1238 BRANCHABLE_ATLAS OBSIDIA_BRANCHABLE_ATLAS_FULL_V0_5_DEEP_FINAL_AUDIT/docs/full_doc_extraction/tables/DOCX_TABLE_0446.md atlas/source_extraction/ DOCX_TABLE_0446.md md P4_ATLAS_EVIDENCE_OR_DOCS F06 0 0 0 0 1  NOT_FOUND_LOC","INTEGRATE_TO_ATLAS_READONLY_SCENARIO_SPEC_CANDIDATE","ATLAS_READONLY_ADVISORY_ONLY","false","false","false","false","false","F06 audit/spec only; Atlas scenario/context candidate; never runtime reality claim"
"BRANCHABLE_ATLAS","atlas/source_extraction/","F06_ATLAS","FILE_PLAN_ALL 1239 BRANCHABLE_ATLAS OBSIDIA_BRANCHABLE_ATLAS_FULL_V0_5_DEEP_FINAL_AUDIT/docs/full_doc_extraction/tables/DOCX_TABLE_0447.md atlas/source_extraction/ DOCX_TABLE_0447.md md P4_ATLAS_EVIDENCE_OR_DOCS F06 0 0 0 0 1  NOT_FOUND_LOC","INTEGRATE_TO_ATLAS_READONLY_SCENARIO_SPEC_CANDIDATE","ATLAS_READONLY_ADVISORY_ONLY","false","false","false","false","false","F06 audit/spec only; Atlas scenario/context candidate; never runtime reality claim"
"BRANCHABLE_ATLAS","atlas/source_extraction/","F06_ATLAS","FILE_PLAN_ALL 1240 BRANCHABLE_ATLAS OBSIDIA_BRANCHABLE_ATLAS_FULL_V0_5_DEEP_FINAL_AUDIT/docs/full_doc_extraction/tables/DOCX_TABLE_0448.md atlas/source_extraction/ DOCX_TABLE_0448.md md P4_ATLAS_EVIDENCE_OR_DOCS F06 0 0 0 0 1  NOT_FOUND_LOC","INTEGRATE_TO_ATLAS_READONLY_SCENARIO_SPEC_CANDIDATE","ATLAS_READONLY_ADVISORY_ONLY","false","false","false","false","false","F06 audit/spec only; Atlas scenario/context candidate; never runtime reality claim"
"BRANCHABLE_ATLAS","atlas/source_extraction/","F06_ATLAS","FILE_PLAN_ALL 1241 BRANCHABLE_ATLAS OBSIDIA_BRANCHABLE_ATLAS_FULL_V0_5_DEEP_FINAL_AUDIT/docs/full_doc_extraction/tables/DOCX_TABLE_0449.md atlas/source_extraction/ DOCX_TABLE_0449.md md P4_ATLAS_EVIDENCE_OR_DOCS F06 0 0 0 0 1  NOT_FOUND_LOC","INTEGRATE_TO_ATLAS_READONLY_SCENARIO_SPEC_CANDIDATE","ATLAS_READONLY_ADVISORY_ONLY","false","false","false","false","false","F06 audit/spec only; Atlas scenario/context candidate; never runtime reality claim"
"BRANCHABLE_ATLAS","atlas/source_extraction/","F06_ATLAS","FILE_PLAN_ALL 1242 BRANCHABLE_ATLAS OBSIDIA_BRANCHABLE_ATLAS_FULL_V0_5_DEEP_FINAL_AUDIT/docs/full_doc_extraction/tables/DOCX_TABLE_0450.md atlas/source_extraction/ DOCX_TABLE_0450.md md P4_ATLAS_EVIDENCE_OR_DOCS F06 0 0 0 0 1  NOT_FOUND_LOC","INTEGRATE_TO_ATLAS_READONLY_SCENARIO_SPEC_CANDIDATE","ATLAS_READONLY_ADVISORY_ONLY","false","false","false","false","false","F06 audit/spec only; Atlas scenario/context candidate; never runtime reality claim"
"BRANCHABLE_ATLAS","atlas/source_extraction/","F06_ATLAS","FILE_PLAN_ALL 1243 BRANCHABLE_ATLAS OBSIDIA_BRANCHABLE_ATLAS_FULL_V0_5_DEEP_FINAL_AUDIT/docs/full_doc_extraction/tables/DOCX_TABLE_0451.md atlas/source_extraction/ DOCX_TABLE_0451.md md P4_ATLAS_EVIDENCE_OR_DOCS F06 0 0 0 0 1  NOT_FOUND_LOC","INTEGRATE_TO_ATLAS_READONLY_SCENARIO_SPEC_CANDIDATE","ATLAS_READONLY_ADVISORY_ONLY","false","false","false","false","false","F06 audit/spec only; Atlas scenario/context candidate; never runtime reality claim"
"BRANCHABLE_ATLAS","atlas/source_extraction/","F06_ATLAS","FILE_PLAN_ALL 1244 BRANCHABLE_ATLAS OBSIDIA_BRANCHABLE_ATLAS_FULL_V0_5_DEEP_FINAL_AUDIT/docs/full_doc_extraction/tables/DOCX_TABLE_0452.md atlas/source_extraction/ DOCX_TABLE_0452.md md P4_ATLAS_EVIDENCE_OR_DOCS F06 0 0 0 0 1  NOT_FOUND_LOC","INTEGRATE_TO_ATLAS_READONLY_SCENARIO_SPEC_CANDIDATE","ATLAS_READONLY_ADVISORY_ONLY","false","false","false","false","false","F06 audit/spec only; Atlas scenario/context candidate; never runtime reality claim"
"BRANCHABLE_ATLAS","atlas/source_extraction/","F06_ATLAS","FILE_PLAN_ALL 1245 BRANCHABLE_ATLAS OBSIDIA_BRANCHABLE_ATLAS_FULL_V0_5_DEEP_FINAL_AUDIT/docs/full_doc_extraction/tables/DOCX_TABLE_0453.md atlas/source_extraction/ DOCX_TABLE_0453.md md P4_ATLAS_EVIDENCE_OR_DOCS F06 0 0 0 0 1  NOT_FOUND_LOC","INTEGRATE_TO_ATLAS_READONLY_SCENARIO_SPEC_CANDIDATE","ATLAS_READONLY_ADVISORY_ONLY","false","false","false","false","false","F06 audit/spec only; Atlas scenario/context candidate; never runtime reality claim"
"BRANCHABLE_ATLAS","atlas/source_extraction/","F06_ATLAS","FILE_PLAN_ALL 1246 BRANCHABLE_ATLAS OBSIDIA_BRANCHABLE_ATLAS_FULL_V0_5_DEEP_FINAL_AUDIT/docs/full_doc_extraction/tables/DOCX_TABLE_0454.md atlas/source_extraction/ DOCX_TABLE_0454.md md P4_ATLAS_EVIDENCE_OR_DOCS F06 0 0 0 0 1  NOT_FOUND_LOC","INTEGRATE_TO_ATLAS_READONLY_SCENARIO_SPEC_CANDIDATE","ATLAS_READONLY_ADVISORY_ONLY","false","false","false","false","false","F06 audit/spec only; Atlas scenario/context candidate; never runtime reality claim"
"BRANCHABLE_ATLAS","atlas/source_extraction/","F06_ATLAS","FILE_PLAN_ALL 1247 BRANCHABLE_ATLAS OBSIDIA_BRANCHABLE_ATLAS_FULL_V0_5_DEEP_FINAL_AUDIT/docs/full_doc_extraction/tables/DOCX_TABLE_0455.md atlas/source_extraction/ DOCX_TABLE_0455.md md P4_ATLAS_EVIDENCE_OR_DOCS F06 0 0 0 0 1  NOT_FOUND_LOC","INTEGRATE_TO_ATLAS_READONLY_SCENARIO_SPEC_CANDIDATE","ATLAS_READONLY_ADVISORY_ONLY","false","false","false","false","false","F06 audit/spec only; Atlas scenario/context candidate; never runtime reality claim"
"BRANCHABLE_ATLAS","atlas/source_extraction/","F06_ATLAS","FILE_PLAN_ALL 1248 BRANCHABLE_ATLAS OBSIDIA_BRANCHABLE_ATLAS_FULL_V0_5_DEEP_FINAL_AUDIT/docs/full_doc_extraction/tables/DOCX_TABLE_0456.md atlas/source_extraction/ DOCX_TABLE_0456.md md P4_ATLAS_EVIDENCE_OR_DOCS F06 0 0 0 0 1  NOT_FOUND_LOC","INTEGRATE_TO_ATLAS_READONLY_SCENARIO_SPEC_CANDIDATE","ATLAS_READONLY_ADVISORY_ONLY","false","false","false","false","false","F06 audit/spec only; Atlas scenario/context candidate; never runtime reality claim"
"BRANCHABLE_ATLAS","atlas/source_extraction/","F06_ATLAS","FILE_PLAN_ALL 1249 BRANCHABLE_ATLAS OBSIDIA_BRANCHABLE_ATLAS_FULL_V0_5_DEEP_FINAL_AUDIT/docs/full_doc_extraction/tables/DOCX_TABLE_0457.md atlas/source_extraction/ DOCX_TABLE_0457.md md P4_ATLAS_EVIDENCE_OR_DOCS F06 0 0 0 0 1  NOT_FOUND_LOC","INTEGRATE_TO_ATLAS_READONLY_SCENARIO_SPEC_CANDIDATE","ATLAS_READONLY_ADVISORY_ONLY","false","false","false","false","false","F06 audit/spec only; Atlas scenario/context candidate; never runtime reality claim"
"BRANCHABLE_ATLAS","atlas/source_extraction/","F06_ATLAS","FILE_PLAN_ALL 1250 BRANCHABLE_ATLAS OBSIDIA_BRANCHABLE_ATLAS_FULL_V0_5_DEEP_FINAL_AUDIT/docs/full_doc_extraction/tables/DOCX_TABLE_0458.md atlas/source_extraction/ DOCX_TABLE_0458.md md P4_ATLAS_EVIDENCE_OR_DOCS F06 0 0 0 0 1  NOT_FOUND_LOC","INTEGRATE_TO_ATLAS_READONLY_SCENARIO_SPEC_CANDIDATE","ATLAS_READONLY_ADVISORY_ONLY","false","false","false","false","false","F06 audit/spec only; Atlas scenario/context candidate; never runtime reality claim"
"BRANCHABLE_ATLAS","atlas/source_extraction/","F06_ATLAS","FILE_PLAN_ALL 1251 BRANCHABLE_ATLAS OBSIDIA_BRANCHABLE_ATLAS_FULL_V0_5_DEEP_FINAL_AUDIT/docs/full_doc_extraction/tables/DOCX_TABLE_0459.md atlas/source_extraction/ DOCX_TABLE_0459.md md P4_ATLAS_EVIDENCE_OR_DOCS F06 0 0 0 0 1  NOT_FOUND_LOC","INTEGRATE_TO_ATLAS_READONLY_SCENARIO_SPEC_CANDIDATE","ATLAS_READONLY_ADVISORY_ONLY","false","false","false","false","false","F06 audit/spec only; Atlas scenario/context candidate; never runtime reality claim"
"BRANCHABLE_ATLAS","atlas/source_extraction/","F06_ATLAS","FILE_PLAN_ALL 1252 BRANCHABLE_ATLAS OBSIDIA_BRANCHABLE_ATLAS_FULL_V0_5_DEEP_FINAL_AUDIT/docs/full_doc_extraction/tables/DOCX_TABLE_0460.md atlas/source_extraction/ DOCX_TABLE_0460.md md P4_ATLAS_EVIDENCE_OR_DOCS F06 0 0 0 0 1  NOT_FOUND_LOC","INTEGRATE_TO_ATLAS_READONLY_SCENARIO_SPEC_CANDIDATE","ATLAS_READONLY_ADVISORY_ONLY","false","false","false","false","false","F06 audit/spec only; Atlas scenario/context candidate; never runtime reality claim"
"BRANCHABLE_ATLAS","atlas/source_extraction/","F06_ATLAS","FILE_PLAN_ALL 1253 BRANCHABLE_ATLAS OBSIDIA_BRANCHABLE_ATLAS_FULL_V0_5_DEEP_FINAL_AUDIT/docs/full_doc_extraction/tables/DOCX_TABLE_0461.md atlas/source_extraction/ DOCX_TABLE_0461.md md P4_ATLAS_EVIDENCE_OR_DOCS F06 0 0 0 0 1  NOT_FOUND_LOC","INTEGRATE_TO_ATLAS_READONLY_SCENARIO_SPEC_CANDIDATE","ATLAS_READONLY_ADVISORY_ONLY","false","false","false","false","false","F06 audit/spec only; Atlas scenario/context candidate; never runtime reality claim"
"BRANCHABLE_ATLAS","atlas/source_extraction/","F06_ATLAS","FILE_PLAN_ALL 1254 BRANCHABLE_ATLAS OBSIDIA_BRANCHABLE_ATLAS_FULL_V0_5_DEEP_FINAL_AUDIT/docs/full_doc_extraction/tables/DOCX_TABLE_0462.md atlas/source_extraction/ DOCX_TABLE_0462.md md P4_ATLAS_EVIDENCE_OR_DOCS F06 0 0 0 0 1  NOT_FOUND_LOC","INTEGRATE_TO_ATLAS_READONLY_SCENARIO_SPEC_CANDIDATE","ATLAS_READONLY_ADVISORY_ONLY","false","false","false","false","false","F06 audit/spec only; Atlas scenario/context candidate; never runtime reality claim"
"BRANCHABLE_ATLAS","atlas/source_extraction/","F06_ATLAS","FILE_PLAN_ALL 1255 BRANCHABLE_ATLAS OBSIDIA_BRANCHABLE_ATLAS_FULL_V0_5_DEEP_FINAL_AUDIT/docs/full_doc_extraction/tables/DOCX_TABLE_0463.md atlas/source_extraction/ DOCX_TABLE_0463.md md P4_ATLAS_EVIDENCE_OR_DOCS F06 0 0 0 0 1  NOT_FOUND_LOC","INTEGRATE_TO_ATLAS_READONLY_SCENARIO_SPEC_CANDIDATE","ATLAS_READONLY_ADVISORY_ONLY","false","false","false","false","false","F06 audit/spec only; Atlas scenario/context candidate; never runtime reality claim"
"BRANCHABLE_ATLAS","atlas/source_extraction/","F06_ATLAS","FILE_PLAN_ALL 1256 BRANCHABLE_ATLAS OBSIDIA_BRANCHABLE_ATLAS_FULL_V0_5_DEEP_FINAL_AUDIT/docs/full_doc_extraction/tables/DOCX_TABLE_0464.md atlas/source_extraction/ DOCX_TABLE_0464.md md P4_ATLAS_EVIDENCE_OR_DOCS F06 0 0 0 0 1  NOT_FOUND_LOC","INTEGRATE_TO_ATLAS_READONLY_SCENARIO_SPEC_CANDIDATE","ATLAS_READONLY_ADVISORY_ONLY","false","false","false","false","false","F06 audit/spec only; Atlas scenario/context candidate; never runtime reality claim"
"BRANCHABLE_ATLAS","atlas/source_extraction/","F06_ATLAS","FILE_PLAN_ALL 1257 BRANCHABLE_ATLAS OBSIDIA_BRANCHABLE_ATLAS_FULL_V0_5_DEEP_FINAL_AUDIT/docs/full_doc_extraction/tables/DOCX_TABLE_0465.md atlas/source_extraction/ DOCX_TABLE_0465.md md P4_ATLAS_EVIDENCE_OR_DOCS F06 0 0 0 0 1  NOT_FOUND_LOC","INTEGRATE_TO_ATLAS_READONLY_SCENARIO_SPEC_CANDIDATE","ATLAS_READONLY_ADVISORY_ONLY","false","false","false","false","false","F06 audit/spec only; Atlas scenario/context candidate; never runtime reality claim"
"BRANCHABLE_ATLAS","atlas/source_extraction/","F06_ATLAS","FILE_PLAN_ALL 1258 BRANCHABLE_ATLAS OBSIDIA_BRANCHABLE_ATLAS_FULL_V0_5_DEEP_FINAL_AUDIT/docs/full_doc_extraction/tables/DOCX_TABLE_0466.md atlas/source_extraction/ DOCX_TABLE_0466.md md P4_ATLAS_EVIDENCE_OR_DOCS F06 0 0 0 0 1  NOT_FOUND_LOC","INTEGRATE_TO_ATLAS_READONLY_SCENARIO_SPEC_CANDIDATE","ATLAS_READONLY_ADVISORY_ONLY","false","false","false","false","false","F06 audit/spec only; Atlas scenario/context candidate; never runtime reality claim"
"BRANCHABLE_ATLAS","atlas/source_extraction/","F06_ATLAS","FILE_PLAN_ALL 1259 BRANCHABLE_ATLAS OBSIDIA_BRANCHABLE_ATLAS_FULL_V0_5_DEEP_FINAL_AUDIT/docs/full_doc_extraction/tables/DOCX_TABLE_0467.md atlas/source_extraction/ DOCX_TABLE_0467.md md P4_ATLAS_EVIDENCE_OR_DOCS F06 0 0 0 0 1  NOT_FOUND_LOC","INTEGRATE_TO_ATLAS_READONLY_SCENARIO_SPEC_CANDIDATE","ATLAS_READONLY_ADVISORY_ONLY","false","false","false","false","false","F06 audit/spec only; Atlas scenario/context candidate; never runtime reality claim"
"BRANCHABLE_ATLAS","atlas/source_extraction/","F06_ATLAS","FILE_PLAN_ALL 1260 BRANCHABLE_ATLAS OBSIDIA_BRANCHABLE_ATLAS_FULL_V0_5_DEEP_FINAL_AUDIT/docs/full_doc_extraction/tables/DOCX_TABLE_0468.md atlas/source_extraction/ DOCX_TABLE_0468.md md P4_ATLAS_EVIDENCE_OR_DOCS F06 0 0 0 0 1  NOT_FOUND_LOC","INTEGRATE_TO_ATLAS_READONLY_SCENARIO_SPEC_CANDIDATE","ATLAS_READONLY_ADVISORY_ONLY","false","false","false","false","false","F06 audit/spec only; Atlas scenario/context candidate; never runtime reality claim"
"BRANCHABLE_ATLAS","atlas/source_extraction/","F06_ATLAS","FILE_PLAN_ALL 1261 BRANCHABLE_ATLAS OBSIDIA_BRANCHABLE_ATLAS_FULL_V0_5_DEEP_FINAL_AUDIT/docs/full_doc_extraction/tables/DOCX_TABLE_0469.md atlas/source_extraction/ DOCX_TABLE_0469.md md P4_ATLAS_EVIDENCE_OR_DOCS F06 0 0 0 0 1  NOT_FOUND_LOC","INTEGRATE_TO_ATLAS_READONLY_SCENARIO_SPEC_CANDIDATE","ATLAS_READONLY_ADVISORY_ONLY","false","false","false","false","false","F06 audit/spec only; Atlas scenario/context candidate; never runtime reality claim"
"BRANCHABLE_ATLAS","atlas/source_extraction/","F06_ATLAS","FILE_PLAN_ALL 1262 BRANCHABLE_ATLAS OBSIDIA_BRANCHABLE_ATLAS_FULL_V0_5_DEEP_FINAL_AUDIT/docs/full_doc_extraction/tables/DOCX_TABLE_0470.md atlas/source_extraction/ DOCX_TABLE_0470.md md P4_ATLAS_EVIDENCE_OR_DOCS F06 0 0 0 0 1  NOT_FOUND_LOC","INTEGRATE_TO_ATLAS_READONLY_SCENARIO_SPEC_CANDIDATE","ATLAS_READONLY_ADVISORY_ONLY","false","false","false","false","false","F06 audit/spec only; Atlas scenario/context candidate; never runtime reality claim"
"BRANCHABLE_ATLAS","atlas/source_extraction/","F06_ATLAS","FILE_PLAN_ALL 1263 BRANCHABLE_ATLAS OBSIDIA_BRANCHABLE_ATLAS_FULL_V0_5_DEEP_FINAL_AUDIT/docs/full_doc_extraction/tables/DOCX_TABLE_0471.md atlas/source_extraction/ DOCX_TABLE_0471.md md P4_ATLAS_EVIDENCE_OR_DOCS F06 0 0 0 0 1  NOT_FOUND_LOC","INTEGRATE_TO_ATLAS_READONLY_SCENARIO_SPEC_CANDIDATE","ATLAS_READONLY_ADVISORY_ONLY","false","false","false","false","false","F06 audit/spec only; Atlas scenario/context candidate; never runtime reality claim"
"BRANCHABLE_ATLAS","atlas/source_extraction/","F06_ATLAS","FILE_PLAN_ALL 1264 BRANCHABLE_ATLAS OBSIDIA_BRANCHABLE_ATLAS_FULL_V0_5_DEEP_FINAL_AUDIT/docs/full_doc_extraction/tables/DOCX_TABLE_0472.md atlas/source_extraction/ DOCX_TABLE_0472.md md P4_ATLAS_EVIDENCE_OR_DOCS F06 0 0 0 0 1  NOT_FOUND_LOC","INTEGRATE_TO_ATLAS_READONLY_SCENARIO_SPEC_CANDIDATE","ATLAS_READONLY_ADVISORY_ONLY","false","false","false","false","false","F06 audit/spec only; Atlas scenario/context candidate; never runtime reality claim"
"BRANCHABLE_ATLAS","atlas/source_extraction/","F06_ATLAS","FILE_PLAN_ALL 1265 BRANCHABLE_ATLAS OBSIDIA_BRANCHABLE_ATLAS_FULL_V0_5_DEEP_FINAL_AUDIT/docs/full_doc_extraction/tables/DOCX_TABLE_0473.md atlas/source_extraction/ DOCX_TABLE_0473.md md P4_ATLAS_EVIDENCE_OR_DOCS F06 0 0 0 0 1  NOT_FOUND_LOC","INTEGRATE_TO_ATLAS_READONLY_SCENARIO_SPEC_CANDIDATE","ATLAS_READONLY_ADVISORY_ONLY","false","false","false","false","false","F06 audit/spec only; Atlas scenario/context candidate; never runtime reality claim"
"BRANCHABLE_ATLAS","atlas/source_extraction/","F06_ATLAS","FILE_PLAN_ALL 1266 BRANCHABLE_ATLAS OBSIDIA_BRANCHABLE_ATLAS_FULL_V0_5_DEEP_FINAL_AUDIT/docs/full_doc_extraction/tables/DOCX_TABLE_0474.md atlas/source_extraction/ DOCX_TABLE_0474.md md P4_ATLAS_EVIDENCE_OR_DOCS F06 0 0 0 0 1  NOT_FOUND_LOC","INTEGRATE_TO_ATLAS_READONLY_SCENARIO_SPEC_CANDIDATE","ATLAS_READONLY_ADVISORY_ONLY","false","false","false","false","false","F06 audit/spec only; Atlas scenario/context candidate; never runtime reality claim"
"BRANCHABLE_ATLAS","atlas/source_extraction/","F06_ATLAS","FILE_PLAN_ALL 1267 BRANCHABLE_ATLAS OBSIDIA_BRANCHABLE_ATLAS_FULL_V0_5_DEEP_FINAL_AUDIT/docs/full_doc_extraction/tables/DOCX_TABLE_0475.md atlas/source_extraction/ DOCX_TABLE_0475.md md P4_ATLAS_EVIDENCE_OR_DOCS F06 0 0 0 0 1  NOT_FOUND_LOC","INTEGRATE_TO_ATLAS_READONLY_SCENARIO_SPEC_CANDIDATE","ATLAS_READONLY_ADVISORY_ONLY","false","false","false","false","false","F06 audit/spec only; Atlas scenario/context candidate; never runtime reality claim"
"BRANCHABLE_ATLAS","atlas/source_extraction/","F06_ATLAS","FILE_PLAN_ALL 1268 BRANCHABLE_ATLAS OBSIDIA_BRANCHABLE_ATLAS_FULL_V0_5_DEEP_FINAL_AUDIT/docs/full_doc_extraction/tables/DOCX_TABLE_0476.md atlas/source_extraction/ DOCX_TABLE_0476.md md P4_ATLAS_EVIDENCE_OR_DOCS F06 0 0 0 0 1  NOT_FOUND_LOC","INTEGRATE_TO_ATLAS_READONLY_SCENARIO_SPEC_CANDIDATE","ATLAS_READONLY_ADVISORY_ONLY","false","false","false","false","false","F06 audit/spec only; Atlas scenario/context candidate; never runtime reality claim"
"BRANCHABLE_ATLAS","atlas/source_extraction/","F06_ATLAS","FILE_PLAN_ALL 1269 BRANCHABLE_ATLAS OBSIDIA_BRANCHABLE_ATLAS_FULL_V0_5_DEEP_FINAL_AUDIT/docs/full_doc_extraction/tables/DOCX_TABLE_0477.md atlas/source_extraction/ DOCX_TABLE_0477.md md P4_ATLAS_EVIDENCE_OR_DOCS F06 0 0 0 0 1  NOT_FOUND_LOC","INTEGRATE_TO_ATLAS_READONLY_SCENARIO_SPEC_CANDIDATE","ATLAS_READONLY_ADVISORY_ONLY","false","false","false","false","false","F06 audit/spec only; Atlas scenario/context candidate; never runtime reality claim"
"BRANCHABLE_ATLAS","atlas/source_extraction/","F06_ATLAS","FILE_PLAN_ALL 1270 BRANCHABLE_ATLAS OBSIDIA_BRANCHABLE_ATLAS_FULL_V0_5_DEEP_FINAL_AUDIT/docs/full_doc_extraction/tables/DOCX_TABLE_0478.md atlas/source_extraction/ DOCX_TABLE_0478.md md P4_ATLAS_EVIDENCE_OR_DOCS F06 0 0 0 0 1  NOT_FOUND_LOC","INTEGRATE_TO_ATLAS_READONLY_SCENARIO_SPEC_CANDIDATE","ATLAS_READONLY_ADVISORY_ONLY","false","false","false","false","false","F06 audit/spec only; Atlas scenario/context candidate; never runtime reality claim"
"BRANCHABLE_ATLAS","atlas/source_extraction/","F06_ATLAS","FILE_PLAN_ALL 1271 BRANCHABLE_ATLAS OBSIDIA_BRANCHABLE_ATLAS_FULL_V0_5_DEEP_FINAL_AUDIT/docs/full_doc_extraction/tables/DOCX_TABLE_0479.md atlas/source_extraction/ DOCX_TABLE_0479.md md P4_ATLAS_EVIDENCE_OR_DOCS F06 0 0 0 0 1  NOT_FOUND_LOC","INTEGRATE_TO_ATLAS_READONLY_SCENARIO_SPEC_CANDIDATE","ATLAS_READONLY_ADVISORY_ONLY","false","false","false","false","false","F06 audit/spec only; Atlas scenario/context candidate; never runtime reality claim"
"BRANCHABLE_ATLAS","atlas/source_extraction/","F06_ATLAS","FILE_PLAN_ALL 1272 BRANCHABLE_ATLAS OBSIDIA_BRANCHABLE_ATLAS_FULL_V0_5_DEEP_FINAL_AUDIT/docs/full_doc_extraction/tables/DOCX_TABLE_0480.md atlas/source_extraction/ DOCX_TABLE_0480.md md P4_ATLAS_EVIDENCE_OR_DOCS F06 0 0 0 0 1  NOT_FOUND_LOC","INTEGRATE_TO_ATLAS_READONLY_SCENARIO_SPEC_CANDIDATE","ATLAS_READONLY_ADVISORY_ONLY","false","false","false","false","false","F06 audit/spec only; Atlas scenario/context candidate; never runtime reality claim"
"BRANCHABLE_ATLAS","atlas/source_extraction/","F06_ATLAS","FILE_PLAN_ALL 1273 BRANCHABLE_ATLAS OBSIDIA_BRANCHABLE_ATLAS_FULL_V0_5_DEEP_FINAL_AUDIT/docs/full_doc_extraction/tables/DOCX_TABLE_0481.md atlas/source_extraction/ DOCX_TABLE_0481.md md P4_ATLAS_EVIDENCE_OR_DOCS F06 0 0 0 0 1  NOT_FOUND_LOC","INTEGRATE_TO_ATLAS_READONLY_SCENARIO_SPEC_CANDIDATE","ATLAS_READONLY_ADVISORY_ONLY","false","false","false","false","false","F06 audit/spec only; Atlas scenario/context candidate; never runtime reality claim"
"BRANCHABLE_ATLAS","atlas/source_extraction/","F06_ATLAS","FILE_PLAN_ALL 1274 BRANCHABLE_ATLAS OBSIDIA_BRANCHABLE_ATLAS_FULL_V0_5_DEEP_FINAL_AUDIT/docs/full_doc_extraction/tables/DOCX_TABLE_0482.md atlas/source_extraction/ DOCX_TABLE_0482.md md P4_ATLAS_EVIDENCE_OR_DOCS F06 0 0 0 0 1  NOT_FOUND_LOC","INTEGRATE_TO_ATLAS_READONLY_SCENARIO_SPEC_CANDIDATE","ATLAS_READONLY_ADVISORY_ONLY","false","false","false","false","false","F06 audit/spec only; Atlas scenario/context candidate; never runtime reality claim"
"BRANCHABLE_ATLAS","atlas/source_extraction/","F06_ATLAS","FILE_PLAN_ALL 1275 BRANCHABLE_ATLAS OBSIDIA_BRANCHABLE_ATLAS_FULL_V0_5_DEEP_FINAL_AUDIT/docs/full_doc_extraction/tables/DOCX_TABLE_0483.md atlas/source_extraction/ DOCX_TABLE_0483.md md P4_ATLAS_EVIDENCE_OR_DOCS F06 0 0 0 0 1  NOT_FOUND_LOC","INTEGRATE_TO_ATLAS_READONLY_SCENARIO_SPEC_CANDIDATE","ATLAS_READONLY_ADVISORY_ONLY","false","false","false","false","false","F06 audit/spec only; Atlas scenario/context candidate; never runtime reality claim"
"BRANCHABLE_ATLAS","atlas/source_extraction/","F06_ATLAS","FILE_PLAN_ALL 1276 BRANCHABLE_ATLAS OBSIDIA_BRANCHABLE_ATLAS_FULL_V0_5_DEEP_FINAL_AUDIT/docs/full_doc_extraction/tables/DOCX_TABLE_0484.md atlas/source_extraction/ DOCX_TABLE_0484.md md P4_ATLAS_EVIDENCE_OR_DOCS F06 0 0 0 0 1  NOT_FOUND_LOC","INTEGRATE_TO_ATLAS_READONLY_SCENARIO_SPEC_CANDIDATE","ATLAS_READONLY_ADVISORY_ONLY","false","false","false","false","false","F06 audit/spec only; Atlas scenario/context candidate; never runtime reality claim"
"BRANCHABLE_ATLAS","atlas/source_extraction/","F06_ATLAS","FILE_PLAN_ALL 1277 BRANCHABLE_ATLAS OBSIDIA_BRANCHABLE_ATLAS_FULL_V0_5_DEEP_FINAL_AUDIT/docs/full_doc_extraction/tables/DOCX_TABLE_0485.md atlas/source_extraction/ DOCX_TABLE_0485.md md P4_ATLAS_EVIDENCE_OR_DOCS F06 0 0 0 0 1  NOT_FOUND_LOC","INTEGRATE_TO_ATLAS_READONLY_SCENARIO_SPEC_CANDIDATE","ATLAS_READONLY_ADVISORY_ONLY","false","false","false","false","false","F06 audit/spec only; Atlas scenario/context candidate; never runtime reality claim"
"BRANCHABLE_ATLAS","atlas/source_extraction/","F06_ATLAS","FILE_PLAN_ALL 1278 BRANCHABLE_ATLAS OBSIDIA_BRANCHABLE_ATLAS_FULL_V0_5_DEEP_FINAL_AUDIT/docs/full_doc_extraction/tables/DOCX_TABLE_0486.md atlas/source_extraction/ DOCX_TABLE_0486.md md P4_ATLAS_EVIDENCE_OR_DOCS F06 0 0 0 0 1  NOT_FOUND_LOC","INTEGRATE_TO_ATLAS_READONLY_SCENARIO_SPEC_CANDIDATE","ATLAS_READONLY_ADVISORY_ONLY","false","false","false","false","false","F06 audit/spec only; Atlas scenario/context candidate; never runtime reality claim"
"BRANCHABLE_ATLAS","atlas/source_extraction/","F06_ATLAS","FILE_PLAN_ALL 1279 BRANCHABLE_ATLAS OBSIDIA_BRANCHABLE_ATLAS_FULL_V0_5_DEEP_FINAL_AUDIT/docs/full_doc_extraction/tables/DOCX_TABLE_0487.md atlas/source_extraction/ DOCX_TABLE_0487.md md P4_ATLAS_EVIDENCE_OR_DOCS F06 0 0 0 0 1  NOT_FOUND_LOC","INTEGRATE_TO_ATLAS_READONLY_SCENARIO_SPEC_CANDIDATE","ATLAS_READONLY_ADVISORY_ONLY","false","false","false","false","false","F06 audit/spec only; Atlas scenario/context candidate; never runtime reality claim"
"BRANCHABLE_ATLAS","atlas/source_extraction/","F06_ATLAS","FILE_PLAN_ALL 1280 BRANCHABLE_ATLAS OBSIDIA_BRANCHABLE_ATLAS_FULL_V0_5_DEEP_FINAL_AUDIT/docs/full_doc_extraction/tables/DOCX_TABLE_0488.md atlas/source_extraction/ DOCX_TABLE_0488.md md P4_ATLAS_EVIDENCE_OR_DOCS F06 0 0 0 0 1  NOT_FOUND_LOC","INTEGRATE_TO_ATLAS_READONLY_SCENARIO_SPEC_CANDIDATE","ATLAS_READONLY_ADVISORY_ONLY","false","false","false","false","false","F06 audit/spec only; Atlas scenario/context candidate; never runtime reality claim"
"BRANCHABLE_ATLAS","atlas/source_extraction/","F06_ATLAS","FILE_PLAN_ALL 1281 BRANCHABLE_ATLAS OBSIDIA_BRANCHABLE_ATLAS_FULL_V0_5_DEEP_FINAL_AUDIT/docs/full_doc_extraction/tables/DOCX_TABLE_0489.md atlas/source_extraction/ DOCX_TABLE_0489.md md P4_ATLAS_EVIDENCE_OR_DOCS F06 0 0 0 0 1  NOT_FOUND_LOC","INTEGRATE_TO_ATLAS_READONLY_SCENARIO_SPEC_CANDIDATE","ATLAS_READONLY_ADVISORY_ONLY","false","false","false","false","false","F06 audit/spec only; Atlas scenario/context candidate; never runtime reality claim"
"BRANCHABLE_ATLAS","atlas/source_extraction/","F06_ATLAS","FILE_PLAN_ALL 1282 BRANCHABLE_ATLAS OBSIDIA_BRANCHABLE_ATLAS_FULL_V0_5_DEEP_FINAL_AUDIT/docs/full_doc_extraction/tables/DOCX_TABLE_0490.md atlas/source_extraction/ DOCX_TABLE_0490.md md P4_ATLAS_EVIDENCE_OR_DOCS F06 0 0 0 0 1  NOT_FOUND_LOC","INTEGRATE_TO_ATLAS_READONLY_SCENARIO_SPEC_CANDIDATE","ATLAS_READONLY_ADVISORY_ONLY","false","false","false","false","false","F06 audit/spec only; Atlas scenario/context candidate; never runtime reality claim"
"BRANCHABLE_ATLAS","atlas/source_extraction/","F06_ATLAS","FILE_PLAN_ALL 1283 BRANCHABLE_ATLAS OBSIDIA_BRANCHABLE_ATLAS_FULL_V0_5_DEEP_FINAL_AUDIT/docs/full_doc_extraction/tables/DOCX_TABLE_0491.md atlas/source_extraction/ DOCX_TABLE_0491.md md P4_ATLAS_EVIDENCE_OR_DOCS F06 0 0 0 0 1  NOT_FOUND_LOC","INTEGRATE_TO_ATLAS_READONLY_SCENARIO_SPEC_CANDIDATE","ATLAS_READONLY_ADVISORY_ONLY","false","false","false","false","false","F06 audit/spec only; Atlas scenario/context candidate; never runtime reality claim"
"BRANCHABLE_ATLAS","atlas/source_extraction/","F06_ATLAS","FILE_PLAN_ALL 1284 BRANCHABLE_ATLAS OBSIDIA_BRANCHABLE_ATLAS_FULL_V0_5_DEEP_FINAL_AUDIT/docs/full_doc_extraction/tables/DOCX_TABLE_0492.md atlas/source_extraction/ DOCX_TABLE_0492.md md P4_ATLAS_EVIDENCE_OR_DOCS F06 0 0 0 0 1  NOT_FOUND_LOC","INTEGRATE_TO_ATLAS_READONLY_SCENARIO_SPEC_CANDIDATE","ATLAS_READONLY_ADVISORY_ONLY","false","false","false","false","false","F06 audit/spec only; Atlas scenario/context candidate; never runtime reality claim"
"BRANCHABLE_ATLAS","atlas/source_extraction/","F06_ATLAS","FILE_PLAN_ALL 1285 BRANCHABLE_ATLAS OBSIDIA_BRANCHABLE_ATLAS_FULL_V0_5_DEEP_FINAL_AUDIT/docs/full_doc_extraction/tables/DOCX_TABLE_0493.md atlas/source_extraction/ DOCX_TABLE_0493.md md P4_ATLAS_EVIDENCE_OR_DOCS F06 0 0 0 0 1  NOT_FOUND_LOC","INTEGRATE_TO_ATLAS_READONLY_SCENARIO_SPEC_CANDIDATE","ATLAS_READONLY_ADVISORY_ONLY","false","false","false","false","false","F06 audit/spec only; Atlas scenario/context candidate; never runtime reality claim"
"BRANCHABLE_ATLAS","atlas/source_extraction/","F06_ATLAS","FILE_PLAN_ALL 1286 BRANCHABLE_ATLAS OBSIDIA_BRANCHABLE_ATLAS_FULL_V0_5_DEEP_FINAL_AUDIT/docs/full_doc_extraction/tables/DOCX_TABLE_0494.md atlas/source_extraction/ DOCX_TABLE_0494.md md P4_ATLAS_EVIDENCE_OR_DOCS F06 0 0 0 0 1  NOT_FOUND_LOC","INTEGRATE_TO_ATLAS_READONLY_SCENARIO_SPEC_CANDIDATE","ATLAS_READONLY_ADVISORY_ONLY","false","false","false","false","false","F06 audit/spec only; Atlas scenario/context candidate; never runtime reality claim"
"BRANCHABLE_ATLAS","atlas/source_extraction/","F06_ATLAS","FILE_PLAN_ALL 1287 BRANCHABLE_ATLAS OBSIDIA_BRANCHABLE_ATLAS_FULL_V0_5_DEEP_FINAL_AUDIT/docs/full_doc_extraction/tables/DOCX_TABLE_0495.md atlas/source_extraction/ DOCX_TABLE_0495.md md P4_ATLAS_EVIDENCE_OR_DOCS F06 0 0 0 0 1  NOT_FOUND_LOC","INTEGRATE_TO_ATLAS_READONLY_SCENARIO_SPEC_CANDIDATE","ATLAS_READONLY_ADVISORY_ONLY","false","false","false","false","false","F06 audit/spec only; Atlas scenario/context candidate; never runtime reality claim"
"BRANCHABLE_ATLAS","atlas/source_extraction/","F06_ATLAS","FILE_PLAN_ALL 1288 BRANCHABLE_ATLAS OBSIDIA_BRANCHABLE_ATLAS_FULL_V0_5_DEEP_FINAL_AUDIT/docs/full_doc_extraction/tables/DOCX_TABLE_0496.md atlas/source_extraction/ DOCX_TABLE_0496.md md P4_ATLAS_EVIDENCE_OR_DOCS F06 0 0 0 0 1  NOT_FOUND_LOC","INTEGRATE_TO_ATLAS_READONLY_SCENARIO_SPEC_CANDIDATE","ATLAS_READONLY_ADVISORY_ONLY","false","false","false","false","false","F06 audit/spec only; Atlas scenario/context candidate; never runtime reality claim"
"BRANCHABLE_ATLAS","atlas/source_extraction/","F06_ATLAS","FILE_PLAN_ALL 1289 BRANCHABLE_ATLAS OBSIDIA_BRANCHABLE_ATLAS_FULL_V0_5_DEEP_FINAL_AUDIT/docs/full_doc_extraction/tables/DOCX_TABLE_0497.md atlas/source_extraction/ DOCX_TABLE_0497.md md P4_ATLAS_EVIDENCE_OR_DOCS F06 0 0 0 0 1  NOT_FOUND_LOC","INTEGRATE_TO_ATLAS_READONLY_SCENARIO_SPEC_CANDIDATE","ATLAS_READONLY_ADVISORY_ONLY","false","false","false","false","false","F06 audit/spec only; Atlas scenario/context candidate; never runtime reality claim"
"BRANCHABLE_ATLAS","atlas/source_extraction/","F06_ATLAS","FILE_PLAN_ALL 1290 BRANCHABLE_ATLAS OBSIDIA_BRANCHABLE_ATLAS_FULL_V0_5_DEEP_FINAL_AUDIT/docs/full_doc_extraction/tables/DOCX_TABLE_0498.md atlas/source_extraction/ DOCX_TABLE_0498.md md P4_ATLAS_EVIDENCE_OR_DOCS F06 0 0 0 0 1  NOT_FOUND_LOC","INTEGRATE_TO_ATLAS_READONLY_SCENARIO_SPEC_CANDIDATE","ATLAS_READONLY_ADVISORY_ONLY","false","false","false","false","false","F06 audit/spec only; Atlas scenario/context candidate; never runtime reality claim"
"BRANCHABLE_ATLAS","atlas/source_extraction/","F06_ATLAS","FILE_PLAN_ALL 1291 BRANCHABLE_ATLAS OBSIDIA_BRANCHABLE_ATLAS_FULL_V0_5_DEEP_FINAL_AUDIT/docs/full_doc_extraction/tables/DOCX_TABLE_0499.md atlas/source_extraction/ DOCX_TABLE_0499.md md P4_ATLAS_EVIDENCE_OR_DOCS F06 0 0 0 0 1  NOT_FOUND_LOC","INTEGRATE_TO_ATLAS_READONLY_SCENARIO_SPEC_CANDIDATE","ATLAS_READONLY_ADVISORY_ONLY","false","false","false","false","false","F06 audit/spec only; Atlas scenario/context candidate; never runtime reality claim"
"BRANCHABLE_ATLAS","atlas/source_extraction/","F06_ATLAS","FILE_PLAN_ALL 1292 BRANCHABLE_ATLAS OBSIDIA_BRANCHABLE_ATLAS_FULL_V0_5_DEEP_FINAL_AUDIT/docs/full_doc_extraction/tables/DOCX_TABLE_0500.md atlas/source_extraction/ DOCX_TABLE_0500.md md P4_ATLAS_EVIDENCE_OR_DOCS F06 0 0 0 0 1  NOT_FOUND_LOC","INTEGRATE_TO_ATLAS_READONLY_SCENARIO_SPEC_CANDIDATE","ATLAS_READONLY_ADVISORY_ONLY","false","false","false","false","false","F06 audit/spec only; Atlas scenario/context candidate; never runtime reality claim"
"BRANCHABLE_ATLAS","atlas/source_extraction/","F06_ATLAS","FILE_PLAN_ALL 1293 BRANCHABLE_ATLAS OBSIDIA_BRANCHABLE_ATLAS_FULL_V0_5_DEEP_FINAL_AUDIT/docs/full_doc_extraction/tables/DOCX_TABLE_0501.md atlas/source_extraction/ DOCX_TABLE_0501.md md P4_ATLAS_EVIDENCE_OR_DOCS F06 0 0 0 0 1  NOT_FOUND_LOC","INTEGRATE_TO_ATLAS_READONLY_SCENARIO_SPEC_CANDIDATE","ATLAS_READONLY_ADVISORY_ONLY","false","false","false","false","false","F06 audit/spec only; Atlas scenario/context candidate; never runtime reality claim"
"BRANCHABLE_ATLAS","atlas/source_extraction/","F06_ATLAS","FILE_PLAN_ALL 1294 BRANCHABLE_ATLAS OBSIDIA_BRANCHABLE_ATLAS_FULL_V0_5_DEEP_FINAL_AUDIT/docs/full_doc_extraction/tables/DOCX_TABLE_0502.md atlas/source_extraction/ DOCX_TABLE_0502.md md P4_ATLAS_EVIDENCE_OR_DOCS F06 0 0 0 0 1  NOT_FOUND_LOC","INTEGRATE_TO_ATLAS_READONLY_SCENARIO_SPEC_CANDIDATE","ATLAS_READONLY_ADVISORY_ONLY","false","false","false","false","false","F06 audit/spec only; Atlas scenario/context candidate; never runtime reality claim"
"BRANCHABLE_ATLAS","atlas/source_extraction/","F06_ATLAS","FILE_PLAN_ALL 1295 BRANCHABLE_ATLAS OBSIDIA_BRANCHABLE_ATLAS_FULL_V0_5_DEEP_FINAL_AUDIT/docs/full_doc_extraction/tables/DOCX_TABLE_0503.md atlas/source_extraction/ DOCX_TABLE_0503.md md P4_ATLAS_EVIDENCE_OR_DOCS F06 0 0 0 0 1  NOT_FOUND_LOC","INTEGRATE_TO_ATLAS_READONLY_SCENARIO_SPEC_CANDIDATE","ATLAS_READONLY_ADVISORY_ONLY","false","false","false","false","false","F06 audit/spec only; Atlas scenario/context candidate; never runtime reality claim"
"BRANCHABLE_ATLAS","atlas/source_extraction/","F06_ATLAS","FILE_PLAN_ALL 1296 BRANCHABLE_ATLAS OBSIDIA_BRANCHABLE_ATLAS_FULL_V0_5_DEEP_FINAL_AUDIT/docs/full_doc_extraction/tables/DOCX_TABLE_0504.md atlas/source_extraction/ DOCX_TABLE_0504.md md P4_ATLAS_EVIDENCE_OR_DOCS F06 0 0 0 0 1  NOT_FOUND_LOC","INTEGRATE_TO_ATLAS_READONLY_SCENARIO_SPEC_CANDIDATE","ATLAS_READONLY_ADVISORY_ONLY","false","false","false","false","false","F06 audit/spec only; Atlas scenario/context candidate; never runtime reality claim"
"BRANCHABLE_ATLAS","atlas/source_extraction/","F06_ATLAS","FILE_PLAN_ALL 1297 BRANCHABLE_ATLAS OBSIDIA_BRANCHABLE_ATLAS_FULL_V0_5_DEEP_FINAL_AUDIT/docs/full_doc_extraction/tables/DOCX_TABLE_0505.md atlas/source_extraction/ DOCX_TABLE_0505.md md P4_ATLAS_EVIDENCE_OR_DOCS F06 0 0 0 0 1  NOT_FOUND_LOC","INTEGRATE_TO_ATLAS_READONLY_SCENARIO_SPEC_CANDIDATE","ATLAS_READONLY_ADVISORY_ONLY","false","false","false","false","false","F06 audit/spec only; Atlas scenario/context candidate; never runtime reality claim"
"BRANCHABLE_ATLAS","atlas/source_extraction/","F06_ATLAS","FILE_PLAN_ALL 1298 BRANCHABLE_ATLAS OBSIDIA_BRANCHABLE_ATLAS_FULL_V0_5_DEEP_FINAL_AUDIT/docs/full_doc_extraction/tables/DOCX_TABLE_0506.md atlas/source_extraction/ DOCX_TABLE_0506.md md P4_ATLAS_EVIDENCE_OR_DOCS F06 0 0 0 0 1  NOT_FOUND_LOC","INTEGRATE_TO_ATLAS_READONLY_SCENARIO_SPEC_CANDIDATE","ATLAS_READONLY_ADVISORY_ONLY","false","false","false","false","false","F06 audit/spec only; Atlas scenario/context candidate; never runtime reality claim"
"BRANCHABLE_ATLAS","atlas/source_extraction/","F06_ATLAS","FILE_PLAN_ALL 1299 BRANCHABLE_ATLAS OBSIDIA_BRANCHABLE_ATLAS_FULL_V0_5_DEEP_FINAL_AUDIT/docs/full_doc_extraction/tables/DOCX_TABLE_0507.md atlas/source_extraction/ DOCX_TABLE_0507.md md P4_ATLAS_EVIDENCE_OR_DOCS F06 0 0 0 0 1  NOT_FOUND_LOC","INTEGRATE_TO_ATLAS_READONLY_SCENARIO_SPEC_CANDIDATE","ATLAS_READONLY_ADVISORY_ONLY","false","false","false","false","false","F06 audit/spec only; Atlas scenario/context candidate; never runtime reality claim"
"BRANCHABLE_ATLAS","atlas/source_extraction/","F06_ATLAS","FILE_PLAN_ALL 1300 BRANCHABLE_ATLAS OBSIDIA_BRANCHABLE_ATLAS_FULL_V0_5_DEEP_FINAL_AUDIT/docs/full_doc_extraction/tables/DOCX_TABLE_0508.md atlas/source_extraction/ DOCX_TABLE_0508.md md P4_ATLAS_EVIDENCE_OR_DOCS F06 0 0 0 0 1  NOT_FOUND_LOC","INTEGRATE_TO_ATLAS_READONLY_SCENARIO_SPEC_CANDIDATE","ATLAS_READONLY_ADVISORY_ONLY","false","false","false","false","false","F06 audit/spec only; Atlas scenario/context candidate; never runtime reality claim"
"BRANCHABLE_ATLAS","atlas/source_extraction/","F06_ATLAS","FILE_PLAN_ALL 1301 BRANCHABLE_ATLAS OBSIDIA_BRANCHABLE_ATLAS_FULL_V0_5_DEEP_FINAL_AUDIT/docs/full_doc_extraction/tables/DOCX_TABLE_0509.md atlas/source_extraction/ DOCX_TABLE_0509.md md P4_ATLAS_EVIDENCE_OR_DOCS F06 0 0 0 0 1  NOT_FOUND_LOC","INTEGRATE_TO_ATLAS_READONLY_SCENARIO_SPEC_CANDIDATE","ATLAS_READONLY_ADVISORY_ONLY","false","false","false","false","false","F06 audit/spec only; Atlas scenario/context candidate; never runtime reality claim"
"BRANCHABLE_ATLAS","atlas/source_extraction/","F06_ATLAS","FILE_PLAN_ALL 1302 BRANCHABLE_ATLAS OBSIDIA_BRANCHABLE_ATLAS_FULL_V0_5_DEEP_FINAL_AUDIT/docs/full_doc_extraction/tables/DOCX_TABLE_0510.md atlas/source_extraction/ DOCX_TABLE_0510.md md P4_ATLAS_EVIDENCE_OR_DOCS F06 0 0 0 0 1  NOT_FOUND_LOC","INTEGRATE_TO_ATLAS_READONLY_SCENARIO_SPEC_CANDIDATE","ATLAS_READONLY_ADVISORY_ONLY","false","false","false","false","false","F06 audit/spec only; Atlas scenario/context candidate; never runtime reality claim"
"BRANCHABLE_ATLAS","atlas/source_extraction/","F06_ATLAS","FILE_PLAN_ALL 1303 BRANCHABLE_ATLAS OBSIDIA_BRANCHABLE_ATLAS_FULL_V0_5_DEEP_FINAL_AUDIT/docs/full_doc_extraction/tables/DOCX_TABLE_0511.md atlas/source_extraction/ DOCX_TABLE_0511.md md P4_ATLAS_EVIDENCE_OR_DOCS F06 0 0 0 0 1  NOT_FOUND_LOC","INTEGRATE_TO_ATLAS_READONLY_SCENARIO_SPEC_CANDIDATE","ATLAS_READONLY_ADVISORY_ONLY","false","false","false","false","false","F06 audit/spec only; Atlas scenario/context candidate; never runtime reality claim"
"BRANCHABLE_ATLAS","atlas/source_extraction/","F06_ATLAS","FILE_PLAN_ALL 1304 BRANCHABLE_ATLAS OBSIDIA_BRANCHABLE_ATLAS_FULL_V0_5_DEEP_FINAL_AUDIT/docs/full_doc_extraction/tables/DOCX_TABLE_0512.md atlas/source_extraction/ DOCX_TABLE_0512.md md P4_ATLAS_EVIDENCE_OR_DOCS F06 0 0 0 0 1  NOT_FOUND_LOC","INTEGRATE_TO_ATLAS_READONLY_SCENARIO_SPEC_CANDIDATE","ATLAS_READONLY_ADVISORY_ONLY","false","false","false","false","false","F06 audit/spec only; Atlas scenario/context candidate; never runtime reality claim"
"BRANCHABLE_ATLAS","atlas/source_extraction/","F06_ATLAS","FILE_PLAN_ALL 1305 BRANCHABLE_ATLAS OBSIDIA_BRANCHABLE_ATLAS_FULL_V0_5_DEEP_FINAL_AUDIT/docs/full_doc_extraction/tables/DOCX_TABLE_0513.md atlas/source_extraction/ DOCX_TABLE_0513.md md P4_ATLAS_EVIDENCE_OR_DOCS F06 0 0 0 0 1  NOT_FOUND_LOC","INTEGRATE_TO_ATLAS_READONLY_SCENARIO_SPEC_CANDIDATE","ATLAS_READONLY_ADVISORY_ONLY","false","false","false","false","false","F06 audit/spec only; Atlas scenario/context candidate; never runtime reality claim"
"BRANCHABLE_ATLAS","atlas/source_extraction/","F06_ATLAS","FILE_PLAN_ALL 1306 BRANCHABLE_ATLAS OBSIDIA_BRANCHABLE_ATLAS_FULL_V0_5_DEEP_FINAL_AUDIT/docs/full_doc_extraction/tables/DOCX_TABLE_0514.md atlas/source_extraction/ DOCX_TABLE_0514.md md P4_ATLAS_EVIDENCE_OR_DOCS F06 0 0 0 0 1  NOT_FOUND_LOC","INTEGRATE_TO_ATLAS_READONLY_SCENARIO_SPEC_CANDIDATE","ATLAS_READONLY_ADVISORY_ONLY","false","false","false","false","false","F06 audit/spec only; Atlas scenario/context candidate; never runtime reality claim"
"BRANCHABLE_ATLAS","atlas/source_extraction/","F06_ATLAS","FILE_PLAN_ALL 1307 BRANCHABLE_ATLAS OBSIDIA_BRANCHABLE_ATLAS_FULL_V0_5_DEEP_FINAL_AUDIT/docs/full_doc_extraction/tables/DOCX_TABLE_0515.md atlas/source_extraction/ DOCX_TABLE_0515.md md P4_ATLAS_EVIDENCE_OR_DOCS F06 0 0 0 0 1  NOT_FOUND_LOC","INTEGRATE_TO_ATLAS_READONLY_SCENARIO_SPEC_CANDIDATE","ATLAS_READONLY_ADVISORY_ONLY","false","false","false","false","false","F06 audit/spec only; Atlas scenario/context candidate; never runtime reality claim"
"BRANCHABLE_ATLAS","atlas/source_extraction/","F06_ATLAS","FILE_PLAN_ALL 1308 BRANCHABLE_ATLAS OBSIDIA_BRANCHABLE_ATLAS_FULL_V0_5_DEEP_FINAL_AUDIT/docs/full_doc_extraction/tables/DOCX_TABLE_0516.md atlas/source_extraction/ DOCX_TABLE_0516.md md P4_ATLAS_EVIDENCE_OR_DOCS F06 0 0 0 0 1  NOT_FOUND_LOC","INTEGRATE_TO_ATLAS_READONLY_SCENARIO_SPEC_CANDIDATE","ATLAS_READONLY_ADVISORY_ONLY","false","false","false","false","false","F06 audit/spec only; Atlas scenario/context candidate; never runtime reality claim"
"BRANCHABLE_ATLAS","atlas/source_extraction/","F06_ATLAS","FILE_PLAN_ALL 1309 BRANCHABLE_ATLAS OBSIDIA_BRANCHABLE_ATLAS_FULL_V0_5_DEEP_FINAL_AUDIT/docs/full_doc_extraction/tables/DOCX_TABLE_0517.md atlas/source_extraction/ DOCX_TABLE_0517.md md P4_ATLAS_EVIDENCE_OR_DOCS F06 0 0 0 0 1  NOT_FOUND_LOC","INTEGRATE_TO_ATLAS_READONLY_SCENARIO_SPEC_CANDIDATE","ATLAS_READONLY_ADVISORY_ONLY","false","false","false","false","false","F06 audit/spec only; Atlas scenario/context candidate; never runtime reality claim"
"BRANCHABLE_ATLAS","atlas/source_extraction/","F06_ATLAS","FILE_PLAN_ALL 1310 BRANCHABLE_ATLAS OBSIDIA_BRANCHABLE_ATLAS_FULL_V0_5_DEEP_FINAL_AUDIT/docs/full_doc_extraction/tables/DOCX_TABLE_0518.md atlas/source_extraction/ DOCX_TABLE_0518.md md P4_ATLAS_EVIDENCE_OR_DOCS F06 0 0 0 0 1  NOT_FOUND_LOC","INTEGRATE_TO_ATLAS_READONLY_SCENARIO_SPEC_CANDIDATE","ATLAS_READONLY_ADVISORY_ONLY","false","false","false","false","false","F06 audit/spec only; Atlas scenario/context candidate; never runtime reality claim"
"BRANCHABLE_ATLAS","atlas/source_extraction/","F06_ATLAS","FILE_PLAN_ALL 1311 BRANCHABLE_ATLAS OBSIDIA_BRANCHABLE_ATLAS_FULL_V0_5_DEEP_FINAL_AUDIT/docs/full_doc_extraction/tables/DOCX_TABLE_0519.md atlas/source_extraction/ DOCX_TABLE_0519.md md P4_ATLAS_EVIDENCE_OR_DOCS F06 0 0 0 0 1  NOT_FOUND_LOC","INTEGRATE_TO_ATLAS_READONLY_SCENARIO_SPEC_CANDIDATE","ATLAS_READONLY_ADVISORY_ONLY","false","false","false","false","false","F06 audit/spec only; Atlas scenario/context candidate; never runtime reality claim"
"BRANCHABLE_ATLAS","atlas/source_extraction/","F06_ATLAS","FILE_PLAN_ALL 1312 BRANCHABLE_ATLAS OBSIDIA_BRANCHABLE_ATLAS_FULL_V0_5_DEEP_FINAL_AUDIT/docs/full_doc_extraction/tables/DOCX_TABLE_0520.md atlas/source_extraction/ DOCX_TABLE_0520.md md P4_ATLAS_EVIDENCE_OR_DOCS F06 0 0 0 0 1  NOT_FOUND_LOC","INTEGRATE_TO_ATLAS_READONLY_SCENARIO_SPEC_CANDIDATE","ATLAS_READONLY_ADVISORY_ONLY","false","false","false","false","false","F06 audit/spec only; Atlas scenario/context candidate; never runtime reality claim"
"BRANCHABLE_ATLAS","atlas/source_extraction/","F06_ATLAS","FILE_PLAN_ALL 1313 BRANCHABLE_ATLAS OBSIDIA_BRANCHABLE_ATLAS_FULL_V0_5_DEEP_FINAL_AUDIT/docs/full_doc_extraction/tables/DOCX_TABLE_0521.md atlas/source_extraction/ DOCX_TABLE_0521.md md P4_ATLAS_EVIDENCE_OR_DOCS F06 0 0 0 0 1  NOT_FOUND_LOC","INTEGRATE_TO_ATLAS_READONLY_SCENARIO_SPEC_CANDIDATE","ATLAS_READONLY_ADVISORY_ONLY","false","false","false","false","false","F06 audit/spec only; Atlas scenario/context candidate; never runtime reality claim"
"BRANCHABLE_ATLAS","atlas/source_extraction/","F06_ATLAS","FILE_PLAN_ALL 1314 BRANCHABLE_ATLAS OBSIDIA_BRANCHABLE_ATLAS_FULL_V0_5_DEEP_FINAL_AUDIT/docs/full_doc_extraction/tables/DOCX_TABLE_0522.md atlas/source_extraction/ DOCX_TABLE_0522.md md P4_ATLAS_EVIDENCE_OR_DOCS F06 0 0 0 0 1  NOT_FOUND_LOC","INTEGRATE_TO_ATLAS_READONLY_SCENARIO_SPEC_CANDIDATE","ATLAS_READONLY_ADVISORY_ONLY","false","false","false","false","false","F06 audit/spec only; Atlas scenario/context candidate; never runtime reality claim"
"BRANCHABLE_ATLAS","atlas/source_extraction/","F06_ATLAS","FILE_PLAN_ALL 1315 BRANCHABLE_ATLAS OBSIDIA_BRANCHABLE_ATLAS_FULL_V0_5_DEEP_FINAL_AUDIT/docs/full_doc_extraction/tables/DOCX_TABLE_0523.md atlas/source_extraction/ DOCX_TABLE_0523.md md P4_ATLAS_EVIDENCE_OR_DOCS F06 0 0 0 0 1  NOT_FOUND_LOC","INTEGRATE_TO_ATLAS_READONLY_SCENARIO_SPEC_CANDIDATE","ATLAS_READONLY_ADVISORY_ONLY","false","false","false","false","false","F06 audit/spec only; Atlas scenario/context candidate; never runtime reality claim"
"BRANCHABLE_ATLAS","atlas/source_extraction/","F06_ATLAS","FILE_PLAN_ALL 1316 BRANCHABLE_ATLAS OBSIDIA_BRANCHABLE_ATLAS_FULL_V0_5_DEEP_FINAL_AUDIT/docs/full_doc_extraction/tables/DOCX_TABLE_0524.md atlas/source_extraction/ DOCX_TABLE_0524.md md P4_ATLAS_EVIDENCE_OR_DOCS F06 0 0 0 0 1  NOT_FOUND_LOC","INTEGRATE_TO_ATLAS_READONLY_SCENARIO_SPEC_CANDIDATE","ATLAS_READONLY_ADVISORY_ONLY","false","false","false","false","false","F06 audit/spec only; Atlas scenario/context candidate; never runtime reality claim"
"BRANCHABLE_ATLAS","atlas/source_extraction/","F06_ATLAS","FILE_PLAN_ALL 1317 BRANCHABLE_ATLAS OBSIDIA_BRANCHABLE_ATLAS_FULL_V0_5_DEEP_FINAL_AUDIT/docs/full_doc_extraction/tables/DOCX_TABLE_0525.md atlas/source_extraction/ DOCX_TABLE_0525.md md P4_ATLAS_EVIDENCE_OR_DOCS F06 0 0 0 0 1  NOT_FOUND_LOC","INTEGRATE_TO_ATLAS_READONLY_SCENARIO_SPEC_CANDIDATE","ATLAS_READONLY_ADVISORY_ONLY","false","false","false","false","false","F06 audit/spec only; Atlas scenario/context candidate; never runtime reality claim"
"BRANCHABLE_ATLAS","atlas/source_extraction/","F06_ATLAS","FILE_PLAN_ALL 1318 BRANCHABLE_ATLAS OBSIDIA_BRANCHABLE_ATLAS_FULL_V0_5_DEEP_FINAL_AUDIT/docs/full_doc_extraction/tables/DOCX_TABLE_0526.md atlas/source_extraction/ DOCX_TABLE_0526.md md P4_ATLAS_EVIDENCE_OR_DOCS F06 0 0 0 0 1  NOT_FOUND_LOC","INTEGRATE_TO_ATLAS_READONLY_SCENARIO_SPEC_CANDIDATE","ATLAS_READONLY_ADVISORY_ONLY","false","false","false","false","false","F06 audit/spec only; Atlas scenario/context candidate; never runtime reality claim"
"BRANCHABLE_ATLAS","atlas/source_extraction/","F06_ATLAS","FILE_PLAN_ALL 1319 BRANCHABLE_ATLAS OBSIDIA_BRANCHABLE_ATLAS_FULL_V0_5_DEEP_FINAL_AUDIT/docs/full_doc_extraction/tables/DOCX_TABLE_0527.md atlas/source_extraction/ DOCX_TABLE_0527.md md P4_ATLAS_EVIDENCE_OR_DOCS F06 0 0 0 0 1  NOT_FOUND_LOC","INTEGRATE_TO_ATLAS_READONLY_SCENARIO_SPEC_CANDIDATE","ATLAS_READONLY_ADVISORY_ONLY","false","false","false","false","false","F06 audit/spec only; Atlas scenario/context candidate; never runtime reality claim"
"BRANCHABLE_ATLAS","atlas/source_extraction/","F06_ATLAS","FILE_PLAN_ALL 1320 BRANCHABLE_ATLAS OBSIDIA_BRANCHABLE_ATLAS_FULL_V0_5_DEEP_FINAL_AUDIT/docs/full_doc_extraction/tables/DOCX_TABLE_0528.md atlas/source_extraction/ DOCX_TABLE_0528.md md P4_ATLAS_EVIDENCE_OR_DOCS F06 0 0 0 0 1  NOT_FOUND_LOC","INTEGRATE_TO_ATLAS_READONLY_SCENARIO_SPEC_CANDIDATE","ATLAS_READONLY_ADVISORY_ONLY","false","false","false","false","false","F06 audit/spec only; Atlas scenario/context candidate; never runtime reality claim"
"BRANCHABLE_ATLAS","atlas/source_extraction/","F06_ATLAS","FILE_PLAN_ALL 1321 BRANCHABLE_ATLAS OBSIDIA_BRANCHABLE_ATLAS_FULL_V0_5_DEEP_FINAL_AUDIT/docs/full_doc_extraction/tables/DOCX_TABLE_0529.md atlas/source_extraction/ DOCX_TABLE_0529.md md P4_ATLAS_EVIDENCE_OR_DOCS F06 0 0 0 0 1  NOT_FOUND_LOC","INTEGRATE_TO_ATLAS_READONLY_SCENARIO_SPEC_CANDIDATE","ATLAS_READONLY_ADVISORY_ONLY","false","false","false","false","false","F06 audit/spec only; Atlas scenario/context candidate; never runtime reality claim"
"BRANCHABLE_ATLAS","atlas/source_extraction/","F06_ATLAS","FILE_PLAN_ALL 1322 BRANCHABLE_ATLAS OBSIDIA_BRANCHABLE_ATLAS_FULL_V0_5_DEEP_FINAL_AUDIT/docs/full_doc_extraction/tables/DOCX_TABLE_0530.md atlas/source_extraction/ DOCX_TABLE_0530.md md P4_ATLAS_EVIDENCE_OR_DOCS F06 0 0 0 0 1  NOT_FOUND_LOC","INTEGRATE_TO_ATLAS_READONLY_SCENARIO_SPEC_CANDIDATE","ATLAS_READONLY_ADVISORY_ONLY","false","false","false","false","false","F06 audit/spec only; Atlas scenario/context candidate; never runtime reality claim"
"BRANCHABLE_ATLAS","atlas/source_extraction/","F06_ATLAS","FILE_PLAN_ALL 1323 BRANCHABLE_ATLAS OBSIDIA_BRANCHABLE_ATLAS_FULL_V0_5_DEEP_FINAL_AUDIT/docs/full_doc_extraction/tables/DOCX_TABLE_0531.md atlas/source_extraction/ DOCX_TABLE_0531.md md P4_ATLAS_EVIDENCE_OR_DOCS F06 0 0 0 0 1  NOT_FOUND_LOC","INTEGRATE_TO_ATLAS_READONLY_SCENARIO_SPEC_CANDIDATE","ATLAS_READONLY_ADVISORY_ONLY","false","false","false","false","false","F06 audit/spec only; Atlas scenario/context candidate; never runtime reality claim"
"BRANCHABLE_ATLAS","atlas/source_extraction/","F06_ATLAS","FILE_PLAN_ALL 1324 BRANCHABLE_ATLAS OBSIDIA_BRANCHABLE_ATLAS_FULL_V0_5_DEEP_FINAL_AUDIT/docs/full_doc_extraction/tables/DOCX_TABLE_0532.md atlas/source_extraction/ DOCX_TABLE_0532.md md P4_ATLAS_EVIDENCE_OR_DOCS F06 0 0 0 0 1  NOT_FOUND_LOC","INTEGRATE_TO_ATLAS_READONLY_SCENARIO_SPEC_CANDIDATE","ATLAS_READONLY_ADVISORY_ONLY","false","false","false","false","false","F06 audit/spec only; Atlas scenario/context candidate; never runtime reality claim"
"BRANCHABLE_ATLAS","atlas/source_extraction/","F06_ATLAS","FILE_PLAN_ALL 1325 BRANCHABLE_ATLAS OBSIDIA_BRANCHABLE_ATLAS_FULL_V0_5_DEEP_FINAL_AUDIT/docs/full_doc_extraction/tables/DOCX_TABLE_0533.md atlas/source_extraction/ DOCX_TABLE_0533.md md P4_ATLAS_EVIDENCE_OR_DOCS F06 0 0 0 0 1  NOT_FOUND_LOC","INTEGRATE_TO_ATLAS_READONLY_SCENARIO_SPEC_CANDIDATE","ATLAS_READONLY_ADVISORY_ONLY","false","false","false","false","false","F06 audit/spec only; Atlas scenario/context candidate; never runtime reality claim"
"BRANCHABLE_ATLAS","atlas/source_extraction/","F06_ATLAS","FILE_PLAN_ALL 1326 BRANCHABLE_ATLAS OBSIDIA_BRANCHABLE_ATLAS_FULL_V0_5_DEEP_FINAL_AUDIT/docs/full_doc_extraction/tables/DOCX_TABLE_0534.md atlas/source_extraction/ DOCX_TABLE_0534.md md P4_ATLAS_EVIDENCE_OR_DOCS F06 0 0 0 0 1  NOT_FOUND_LOC","INTEGRATE_TO_ATLAS_READONLY_SCENARIO_SPEC_CANDIDATE","ATLAS_READONLY_ADVISORY_ONLY","false","false","false","false","false","F06 audit/spec only; Atlas scenario/context candidate; never runtime reality claim"
"BRANCHABLE_ATLAS","atlas/source_extraction/","F06_ATLAS","FILE_PLAN_ALL 1327 BRANCHABLE_ATLAS OBSIDIA_BRANCHABLE_ATLAS_FULL_V0_5_DEEP_FINAL_AUDIT/docs/full_doc_extraction/tables/DOCX_TABLE_0535.md atlas/source_extraction/ DOCX_TABLE_0535.md md P4_ATLAS_EVIDENCE_OR_DOCS F06 0 0 0 0 1  NOT_FOUND_LOC","INTEGRATE_TO_ATLAS_READONLY_SCENARIO_SPEC_CANDIDATE","ATLAS_READONLY_ADVISORY_ONLY","false","false","false","false","false","F06 audit/spec only; Atlas scenario/context candidate; never runtime reality claim"
"BRANCHABLE_ATLAS","atlas/source_extraction/","F06_ATLAS","FILE_PLAN_ALL 1328 BRANCHABLE_ATLAS OBSIDIA_BRANCHABLE_ATLAS_FULL_V0_5_DEEP_FINAL_AUDIT/docs/full_doc_extraction/tables/DOCX_TABLE_0536.md atlas/source_extraction/ DOCX_TABLE_0536.md md P4_ATLAS_EVIDENCE_OR_DOCS F06 0 0 0 0 1  NOT_FOUND_LOC","INTEGRATE_TO_ATLAS_READONLY_SCENARIO_SPEC_CANDIDATE","ATLAS_READONLY_ADVISORY_ONLY","false","false","false","false","false","F06 audit/spec only; Atlas scenario/context candidate; never runtime reality claim"
"BRANCHABLE_ATLAS","atlas/source_extraction/","F06_ATLAS","FILE_PLAN_ALL 1329 BRANCHABLE_ATLAS OBSIDIA_BRANCHABLE_ATLAS_FULL_V0_5_DEEP_FINAL_AUDIT/docs/full_doc_extraction/tables/DOCX_TABLE_0537.md atlas/source_extraction/ DOCX_TABLE_0537.md md P4_ATLAS_EVIDENCE_OR_DOCS F06 0 0 0 0 1  NOT_FOUND_LOC","INTEGRATE_TO_ATLAS_READONLY_SCENARIO_SPEC_CANDIDATE","ATLAS_READONLY_ADVISORY_ONLY","false","false","false","false","false","F06 audit/spec only; Atlas scenario/context candidate; never runtime reality claim"
"BRANCHABLE_ATLAS","atlas/source_extraction/","F06_ATLAS","FILE_PLAN_ALL 1330 BRANCHABLE_ATLAS OBSIDIA_BRANCHABLE_ATLAS_FULL_V0_5_DEEP_FINAL_AUDIT/docs/full_doc_extraction/tables/DOCX_TABLE_0538.md atlas/source_extraction/ DOCX_TABLE_0538.md md P4_ATLAS_EVIDENCE_OR_DOCS F06 0 0 0 0 1  NOT_FOUND_LOC","INTEGRATE_TO_ATLAS_READONLY_SCENARIO_SPEC_CANDIDATE","ATLAS_READONLY_ADVISORY_ONLY","false","false","false","false","false","F06 audit/spec only; Atlas scenario/context candidate; never runtime reality claim"
"BRANCHABLE_ATLAS","atlas/source_extraction/","F06_ATLAS","FILE_PLAN_ALL 1331 BRANCHABLE_ATLAS OBSIDIA_BRANCHABLE_ATLAS_FULL_V0_5_DEEP_FINAL_AUDIT/docs/full_doc_extraction/tables/DOCX_TABLE_0539.md atlas/source_extraction/ DOCX_TABLE_0539.md md P4_ATLAS_EVIDENCE_OR_DOCS F06 0 0 0 0 1  NOT_FOUND_LOC","INTEGRATE_TO_ATLAS_READONLY_SCENARIO_SPEC_CANDIDATE","ATLAS_READONLY_ADVISORY_ONLY","false","false","false","false","false","F06 audit/spec only; Atlas scenario/context candidate; never runtime reality claim"
"BRANCHABLE_ATLAS","atlas/source_extraction/","F06_ATLAS","FILE_PLAN_ALL 1332 BRANCHABLE_ATLAS OBSIDIA_BRANCHABLE_ATLAS_FULL_V0_5_DEEP_FINAL_AUDIT/docs/full_doc_extraction/tables/DOCX_TABLE_0540.md atlas/source_extraction/ DOCX_TABLE_0540.md md P4_ATLAS_EVIDENCE_OR_DOCS F06 0 0 0 0 1  NOT_FOUND_LOC","INTEGRATE_TO_ATLAS_READONLY_SCENARIO_SPEC_CANDIDATE","ATLAS_READONLY_ADVISORY_ONLY","false","false","false","false","false","F06 audit/spec only; Atlas scenario/context candidate; never runtime reality claim"
"BRANCHABLE_ATLAS","atlas/source_extraction/","F06_ATLAS","FILE_PLAN_ALL 1333 BRANCHABLE_ATLAS OBSIDIA_BRANCHABLE_ATLAS_FULL_V0_5_DEEP_FINAL_AUDIT/docs/full_doc_extraction/tables/DOCX_TABLE_0541.md atlas/source_extraction/ DOCX_TABLE_0541.md md P4_ATLAS_EVIDENCE_OR_DOCS F06 0 0 0 0 1  NOT_FOUND_LOC","INTEGRATE_TO_ATLAS_READONLY_SCENARIO_SPEC_CANDIDATE","ATLAS_READONLY_ADVISORY_ONLY","false","false","false","false","false","F06 audit/spec only; Atlas scenario/context candidate; never runtime reality claim"
"BRANCHABLE_ATLAS","atlas/source_extraction/","F06_ATLAS","FILE_PLAN_ALL 1334 BRANCHABLE_ATLAS OBSIDIA_BRANCHABLE_ATLAS_FULL_V0_5_DEEP_FINAL_AUDIT/docs/full_doc_extraction/tables/DOCX_TABLE_0542.md atlas/source_extraction/ DOCX_TABLE_0542.md md P4_ATLAS_EVIDENCE_OR_DOCS F06 0 0 0 0 1  NOT_FOUND_LOC","INTEGRATE_TO_ATLAS_READONLY_SCENARIO_SPEC_CANDIDATE","ATLAS_READONLY_ADVISORY_ONLY","false","false","false","false","false","F06 audit/spec only; Atlas scenario/context candidate; never runtime reality claim"
"BRANCHABLE_ATLAS","atlas/source_extraction/","F06_ATLAS","FILE_PLAN_ALL 1335 BRANCHABLE_ATLAS OBSIDIA_BRANCHABLE_ATLAS_FULL_V0_5_DEEP_FINAL_AUDIT/docs/full_doc_extraction/tables/DOCX_TABLE_0543.md atlas/source_extraction/ DOCX_TABLE_0543.md md P4_ATLAS_EVIDENCE_OR_DOCS F06 0 0 0 0 1  NOT_FOUND_LOC","INTEGRATE_TO_ATLAS_READONLY_SCENARIO_SPEC_CANDIDATE","ATLAS_READONLY_ADVISORY_ONLY","false","false","false","false","false","F06 audit/spec only; Atlas scenario/context candidate; never runtime reality claim"
"BRANCHABLE_ATLAS","atlas/source_extraction/","F06_ATLAS","FILE_PLAN_ALL 1336 BRANCHABLE_ATLAS OBSIDIA_BRANCHABLE_ATLAS_FULL_V0_5_DEEP_FINAL_AUDIT/docs/full_doc_extraction/tables/DOCX_TABLE_0544.md atlas/source_extraction/ DOCX_TABLE_0544.md md P4_ATLAS_EVIDENCE_OR_DOCS F06 0 0 0 0 1  NOT_FOUND_LOC","INTEGRATE_TO_ATLAS_READONLY_SCENARIO_SPEC_CANDIDATE","ATLAS_READONLY_ADVISORY_ONLY","false","false","false","false","false","F06 audit/spec only; Atlas scenario/context candidate; never runtime reality claim"
"BRANCHABLE_ATLAS","atlas/source_extraction/","F06_ATLAS","FILE_PLAN_ALL 1337 BRANCHABLE_ATLAS OBSIDIA_BRANCHABLE_ATLAS_FULL_V0_5_DEEP_FINAL_AUDIT/docs/full_doc_extraction/tables/DOCX_TABLE_0545.md atlas/source_extraction/ DOCX_TABLE_0545.md md P4_ATLAS_EVIDENCE_OR_DOCS F06 0 0 0 0 1  NOT_FOUND_LOC","INTEGRATE_TO_ATLAS_READONLY_SCENARIO_SPEC_CANDIDATE","ATLAS_READONLY_ADVISORY_ONLY","false","false","false","false","false","F06 audit/spec only; Atlas scenario/context candidate; never runtime reality claim"
"BRANCHABLE_ATLAS","atlas/source_extraction/","F06_ATLAS","FILE_PLAN_ALL 1338 BRANCHABLE_ATLAS OBSIDIA_BRANCHABLE_ATLAS_FULL_V0_5_DEEP_FINAL_AUDIT/docs/full_doc_extraction/tables/DOCX_TABLE_0546.md atlas/source_extraction/ DOCX_TABLE_0546.md md P4_ATLAS_EVIDENCE_OR_DOCS F06 0 0 0 0 1  NOT_FOUND_LOC","INTEGRATE_TO_ATLAS_READONLY_SCENARIO_SPEC_CANDIDATE","ATLAS_READONLY_ADVISORY_ONLY","false","false","false","false","false","F06 audit/spec only; Atlas scenario/context candidate; never runtime reality claim"
"BRANCHABLE_ATLAS","atlas/source_extraction/","F06_ATLAS","FILE_PLAN_ALL 1339 BRANCHABLE_ATLAS OBSIDIA_BRANCHABLE_ATLAS_FULL_V0_5_DEEP_FINAL_AUDIT/docs/full_doc_extraction/tables/DOCX_TABLE_0547.md atlas/source_extraction/ DOCX_TABLE_0547.md md P4_ATLAS_EVIDENCE_OR_DOCS F06 0 0 0 0 1  NOT_FOUND_LOC","INTEGRATE_TO_ATLAS_READONLY_SCENARIO_SPEC_CANDIDATE","ATLAS_READONLY_ADVISORY_ONLY","false","false","false","false","false","F06 audit/spec only; Atlas scenario/context candidate; never runtime reality claim"
"BRANCHABLE_ATLAS","atlas/source_extraction/","F06_ATLAS","FILE_PLAN_ALL 1340 BRANCHABLE_ATLAS OBSIDIA_BRANCHABLE_ATLAS_FULL_V0_5_DEEP_FINAL_AUDIT/docs/full_doc_extraction/tables/DOCX_TABLE_0548.md atlas/source_extraction/ DOCX_TABLE_0548.md md P4_ATLAS_EVIDENCE_OR_DOCS F06 0 0 0 0 1  NOT_FOUND_LOC","INTEGRATE_TO_ATLAS_READONLY_SCENARIO_SPEC_CANDIDATE","ATLAS_READONLY_ADVISORY_ONLY","false","false","false","false","false","F06 audit/spec only; Atlas scenario/context candidate; never runtime reality claim"
"BRANCHABLE_ATLAS","atlas/source_extraction/","F06_ATLAS","FILE_PLAN_ALL 1341 BRANCHABLE_ATLAS OBSIDIA_BRANCHABLE_ATLAS_FULL_V0_5_DEEP_FINAL_AUDIT/docs/full_doc_extraction/tables/DOCX_TABLE_0549.md atlas/source_extraction/ DOCX_TABLE_0549.md md P4_ATLAS_EVIDENCE_OR_DOCS F06 0 0 0 0 1  NOT_FOUND_LOC","INTEGRATE_TO_ATLAS_READONLY_SCENARIO_SPEC_CANDIDATE","ATLAS_READONLY_ADVISORY_ONLY","false","false","false","false","false","F06 audit/spec only; Atlas scenario/context candidate; never runtime reality claim"
"BRANCHABLE_ATLAS","atlas/source_extraction/","F06_ATLAS","FILE_PLAN_ALL 1342 BRANCHABLE_ATLAS OBSIDIA_BRANCHABLE_ATLAS_FULL_V0_5_DEEP_FINAL_AUDIT/docs/full_doc_extraction/tables/DOCX_TABLE_0550.md atlas/source_extraction/ DOCX_TABLE_0550.md md P4_ATLAS_EVIDENCE_OR_DOCS F06 0 0 0 0 1  NOT_FOUND_LOC","INTEGRATE_TO_ATLAS_READONLY_SCENARIO_SPEC_CANDIDATE","ATLAS_READONLY_ADVISORY_ONLY","false","false","false","false","false","F06 audit/spec only; Atlas scenario/context candidate; never runtime reality claim"
"BRANCHABLE_ATLAS","atlas/source_extraction/","F06_ATLAS","FILE_PLAN_ALL 1343 BRANCHABLE_ATLAS OBSIDIA_BRANCHABLE_ATLAS_FULL_V0_5_DEEP_FINAL_AUDIT/docs/full_doc_extraction/tables/DOCX_TABLE_0551.md atlas/source_extraction/ DOCX_TABLE_0551.md md P4_ATLAS_EVIDENCE_OR_DOCS F06 0 0 0 0 1  NOT_FOUND_LOC","INTEGRATE_TO_ATLAS_READONLY_SCENARIO_SPEC_CANDIDATE","ATLAS_READONLY_ADVISORY_ONLY","false","false","false","false","false","F06 audit/spec only; Atlas scenario/context candidate; never runtime reality claim"
"BRANCHABLE_ATLAS","atlas/source_extraction/","F06_ATLAS","FILE_PLAN_ALL 1344 BRANCHABLE_ATLAS OBSIDIA_BRANCHABLE_ATLAS_FULL_V0_5_DEEP_FINAL_AUDIT/docs/full_doc_extraction/tables/DOCX_TABLE_0552.md atlas/source_extraction/ DOCX_TABLE_0552.md md P4_ATLAS_EVIDENCE_OR_DOCS F06 0 0 0 0 1  NOT_FOUND_LOC","INTEGRATE_TO_ATLAS_READONLY_SCENARIO_SPEC_CANDIDATE","ATLAS_READONLY_ADVISORY_ONLY","false","false","false","false","false","F06 audit/spec only; Atlas scenario/context candidate; never runtime reality claim"
"BRANCHABLE_ATLAS","atlas/source_extraction/","F06_ATLAS","FILE_PLAN_ALL 1345 BRANCHABLE_ATLAS OBSIDIA_BRANCHABLE_ATLAS_FULL_V0_5_DEEP_FINAL_AUDIT/docs/full_doc_extraction/tables/DOCX_TABLE_0553.md atlas/source_extraction/ DOCX_TABLE_0553.md md P4_ATLAS_EVIDENCE_OR_DOCS F06 0 0 0 0 1  NOT_FOUND_LOC","INTEGRATE_TO_ATLAS_READONLY_SCENARIO_SPEC_CANDIDATE","ATLAS_READONLY_ADVISORY_ONLY","false","false","false","false","false","F06 audit/spec only; Atlas scenario/context candidate; never runtime reality claim"
"BRANCHABLE_ATLAS","atlas/source_extraction/","F06_ATLAS","FILE_PLAN_ALL 1346 BRANCHABLE_ATLAS OBSIDIA_BRANCHABLE_ATLAS_FULL_V0_5_DEEP_FINAL_AUDIT/docs/full_doc_extraction/tables/DOCX_TABLE_0554.md atlas/source_extraction/ DOCX_TABLE_0554.md md P4_ATLAS_EVIDENCE_OR_DOCS F06 0 0 0 0 1  NOT_FOUND_LOC","INTEGRATE_TO_ATLAS_READONLY_SCENARIO_SPEC_CANDIDATE","ATLAS_READONLY_ADVISORY_ONLY","false","false","false","false","false","F06 audit/spec only; Atlas scenario/context candidate; never runtime reality claim"
"BRANCHABLE_ATLAS","atlas/source_extraction/","F06_ATLAS","FILE_PLAN_ALL 1347 BRANCHABLE_ATLAS OBSIDIA_BRANCHABLE_ATLAS_FULL_V0_5_DEEP_FINAL_AUDIT/docs/full_doc_extraction/tables/DOCX_TABLE_0555.md atlas/source_extraction/ DOCX_TABLE_0555.md md P4_ATLAS_EVIDENCE_OR_DOCS F06 0 0 0 0 1  NOT_FOUND_LOC","INTEGRATE_TO_ATLAS_READONLY_SCENARIO_SPEC_CANDIDATE","ATLAS_READONLY_ADVISORY_ONLY","false","false","false","false","false","F06 audit/spec only; Atlas scenario/context candidate; never runtime reality claim"
"BRANCHABLE_ATLAS","atlas/source_extraction/","F06_ATLAS","FILE_PLAN_ALL 1348 BRANCHABLE_ATLAS OBSIDIA_BRANCHABLE_ATLAS_FULL_V0_5_DEEP_FINAL_AUDIT/docs/full_doc_extraction/tables/DOCX_TABLE_0556.md atlas/source_extraction/ DOCX_TABLE_0556.md md P4_ATLAS_EVIDENCE_OR_DOCS F06 0 0 0 0 1  NOT_FOUND_LOC","INTEGRATE_TO_ATLAS_READONLY_SCENARIO_SPEC_CANDIDATE","ATLAS_READONLY_ADVISORY_ONLY","false","false","false","false","false","F06 audit/spec only; Atlas scenario/context candidate; never runtime reality claim"
"BRANCHABLE_ATLAS","atlas/source_extraction/","F06_ATLAS","FILE_PLAN_ALL 1349 BRANCHABLE_ATLAS OBSIDIA_BRANCHABLE_ATLAS_FULL_V0_5_DEEP_FINAL_AUDIT/docs/full_doc_extraction/tables/DOCX_TABLE_0557.md atlas/source_extraction/ DOCX_TABLE_0557.md md P4_ATLAS_EVIDENCE_OR_DOCS F06 0 0 0 0 1  NOT_FOUND_LOC","INTEGRATE_TO_ATLAS_READONLY_SCENARIO_SPEC_CANDIDATE","ATLAS_READONLY_ADVISORY_ONLY","false","false","false","false","false","F06 audit/spec only; Atlas scenario/context candidate; never runtime reality claim"
"BRANCHABLE_ATLAS","atlas/source_extraction/","F06_ATLAS","FILE_PLAN_ALL 1350 BRANCHABLE_ATLAS OBSIDIA_BRANCHABLE_ATLAS_FULL_V0_5_DEEP_FINAL_AUDIT/docs/full_doc_extraction/tables/DOCX_TABLE_0558.md atlas/source_extraction/ DOCX_TABLE_0558.md md P4_ATLAS_EVIDENCE_OR_DOCS F06 0 0 0 0 1  NOT_FOUND_LOC","INTEGRATE_TO_ATLAS_READONLY_SCENARIO_SPEC_CANDIDATE","ATLAS_READONLY_ADVISORY_ONLY","false","false","false","false","false","F06 audit/spec only; Atlas scenario/context candidate; never runtime reality claim"
"BRANCHABLE_ATLAS","atlas/source_extraction/","F06_ATLAS","FILE_PLAN_ALL 1351 BRANCHABLE_ATLAS OBSIDIA_BRANCHABLE_ATLAS_FULL_V0_5_DEEP_FINAL_AUDIT/docs/full_doc_extraction/tables/DOCX_TABLE_0559.md atlas/source_extraction/ DOCX_TABLE_0559.md md P4_ATLAS_EVIDENCE_OR_DOCS F06 0 0 0 0 1  NOT_FOUND_LOC","INTEGRATE_TO_ATLAS_READONLY_SCENARIO_SPEC_CANDIDATE","ATLAS_READONLY_ADVISORY_ONLY","false","false","false","false","false","F06 audit/spec only; Atlas scenario/context candidate; never runtime reality claim"
"BRANCHABLE_ATLAS","atlas/source_extraction/","F06_ATLAS","FILE_PLAN_ALL 1352 BRANCHABLE_ATLAS OBSIDIA_BRANCHABLE_ATLAS_FULL_V0_5_DEEP_FINAL_AUDIT/docs/full_doc_extraction/tables/DOCX_TABLE_0560.md atlas/source_extraction/ DOCX_TABLE_0560.md md P4_ATLAS_EVIDENCE_OR_DOCS F06 0 0 0 0 1  NOT_FOUND_LOC","INTEGRATE_TO_ATLAS_READONLY_SCENARIO_SPEC_CANDIDATE","ATLAS_READONLY_ADVISORY_ONLY","false","false","false","false","false","F06 audit/spec only; Atlas scenario/context candidate; never runtime reality claim"
"BRANCHABLE_ATLAS","atlas/source_extraction/","F06_ATLAS","FILE_PLAN_ALL 1353 BRANCHABLE_ATLAS OBSIDIA_BRANCHABLE_ATLAS_FULL_V0_5_DEEP_FINAL_AUDIT/docs/full_doc_extraction/tables/DOCX_TABLE_0561.md atlas/source_extraction/ DOCX_TABLE_0561.md md P4_ATLAS_EVIDENCE_OR_DOCS F06 0 0 0 0 1  NOT_FOUND_LOC","INTEGRATE_TO_ATLAS_READONLY_SCENARIO_SPEC_CANDIDATE","ATLAS_READONLY_ADVISORY_ONLY","false","false","false","false","false","F06 audit/spec only; Atlas scenario/context candidate; never runtime reality claim"
"BRANCHABLE_ATLAS","atlas/source_extraction/","F06_ATLAS","FILE_PLAN_ALL 1354 BRANCHABLE_ATLAS OBSIDIA_BRANCHABLE_ATLAS_FULL_V0_5_DEEP_FINAL_AUDIT/docs/full_doc_extraction/tables/DOCX_TABLE_0562.md atlas/source_extraction/ DOCX_TABLE_0562.md md P4_ATLAS_EVIDENCE_OR_DOCS F06 0 0 0 0 1  NOT_FOUND_LOC","INTEGRATE_TO_ATLAS_READONLY_SCENARIO_SPEC_CANDIDATE","ATLAS_READONLY_ADVISORY_ONLY","false","false","false","false","false","F06 audit/spec only; Atlas scenario/context candidate; never runtime reality claim"
"BRANCHABLE_ATLAS","atlas/source_extraction/","F06_ATLAS","FILE_PLAN_ALL 1355 BRANCHABLE_ATLAS OBSIDIA_BRANCHABLE_ATLAS_FULL_V0_5_DEEP_FINAL_AUDIT/docs/full_doc_extraction/tables/DOCX_TABLE_0563.md atlas/source_extraction/ DOCX_TABLE_0563.md md P4_ATLAS_EVIDENCE_OR_DOCS F06 0 0 0 0 1  NOT_FOUND_LOC","INTEGRATE_TO_ATLAS_READONLY_SCENARIO_SPEC_CANDIDATE","ATLAS_READONLY_ADVISORY_ONLY","false","false","false","false","false","F06 audit/spec only; Atlas scenario/context candidate; never runtime reality claim"
"BRANCHABLE_ATLAS","atlas/source_extraction/","F06_ATLAS","FILE_PLAN_ALL 1356 BRANCHABLE_ATLAS OBSIDIA_BRANCHABLE_ATLAS_FULL_V0_5_DEEP_FINAL_AUDIT/docs/full_doc_extraction/tables/DOCX_TABLE_0564.md atlas/source_extraction/ DOCX_TABLE_0564.md md P4_ATLAS_EVIDENCE_OR_DOCS F06 0 0 0 0 1  NOT_FOUND_LOC","INTEGRATE_TO_ATLAS_READONLY_SCENARIO_SPEC_CANDIDATE","ATLAS_READONLY_ADVISORY_ONLY","false","false","false","false","false","F06 audit/spec only; Atlas scenario/context candidate; never runtime reality claim"
"BRANCHABLE_ATLAS","atlas/source_extraction/","F06_ATLAS","FILE_PLAN_ALL 1357 BRANCHABLE_ATLAS OBSIDIA_BRANCHABLE_ATLAS_FULL_V0_5_DEEP_FINAL_AUDIT/docs/full_doc_extraction/tables/DOCX_TABLE_0565.md atlas/source_extraction/ DOCX_TABLE_0565.md md P4_ATLAS_EVIDENCE_OR_DOCS F06 0 0 0 0 1  NOT_FOUND_LOC","INTEGRATE_TO_ATLAS_READONLY_SCENARIO_SPEC_CANDIDATE","ATLAS_READONLY_ADVISORY_ONLY","false","false","false","false","false","F06 audit/spec only; Atlas scenario/context candidate; never runtime reality claim"
"BRANCHABLE_ATLAS","atlas/source_extraction/","F06_ATLAS","FILE_PLAN_ALL 1358 BRANCHABLE_ATLAS OBSIDIA_BRANCHABLE_ATLAS_FULL_V0_5_DEEP_FINAL_AUDIT/docs/full_doc_extraction/tables/DOCX_TABLE_0566.md atlas/source_extraction/ DOCX_TABLE_0566.md md P4_ATLAS_EVIDENCE_OR_DOCS F06 0 0 0 0 1  NOT_FOUND_LOC","INTEGRATE_TO_ATLAS_READONLY_SCENARIO_SPEC_CANDIDATE","ATLAS_READONLY_ADVISORY_ONLY","false","false","false","false","false","F06 audit/spec only; Atlas scenario/context candidate; never runtime reality claim"
"BRANCHABLE_ATLAS","atlas/source_extraction/","F06_ATLAS","FILE_PLAN_ALL 1359 BRANCHABLE_ATLAS OBSIDIA_BRANCHABLE_ATLAS_FULL_V0_5_DEEP_FINAL_AUDIT/docs/full_doc_extraction/tables/DOCX_TABLE_0567.md atlas/source_extraction/ DOCX_TABLE_0567.md md P4_ATLAS_EVIDENCE_OR_DOCS F06 0 0 0 0 1  NOT_FOUND_LOC","INTEGRATE_TO_ATLAS_READONLY_SCENARIO_SPEC_CANDIDATE","ATLAS_READONLY_ADVISORY_ONLY","false","false","false","false","false","F06 audit/spec only; Atlas scenario/context candidate; never runtime reality claim"
"BRANCHABLE_ATLAS","atlas/source_extraction/","F06_ATLAS","FILE_PLAN_ALL 1360 BRANCHABLE_ATLAS OBSIDIA_BRANCHABLE_ATLAS_FULL_V0_5_DEEP_FINAL_AUDIT/docs/full_doc_extraction/tables/DOCX_TABLE_0568.md atlas/source_extraction/ DOCX_TABLE_0568.md md P4_ATLAS_EVIDENCE_OR_DOCS F06 0 0 0 0 1  NOT_FOUND_LOC","INTEGRATE_TO_ATLAS_READONLY_SCENARIO_SPEC_CANDIDATE","ATLAS_READONLY_ADVISORY_ONLY","false","false","false","false","false","F06 audit/spec only; Atlas scenario/context candidate; never runtime reality claim"
"BRANCHABLE_ATLAS","atlas/source_extraction/","F06_ATLAS","FILE_PLAN_ALL 1361 BRANCHABLE_ATLAS OBSIDIA_BRANCHABLE_ATLAS_FULL_V0_5_DEEP_FINAL_AUDIT/docs/full_doc_extraction/tables/DOCX_TABLE_0569.md atlas/source_extraction/ DOCX_TABLE_0569.md md P4_ATLAS_EVIDENCE_OR_DOCS F06 0 0 0 0 1  NOT_FOUND_LOC","INTEGRATE_TO_ATLAS_READONLY_SCENARIO_SPEC_CANDIDATE","ATLAS_READONLY_ADVISORY_ONLY","false","false","false","false","false","F06 audit/spec only; Atlas scenario/context candidate; never runtime reality claim"
"BRANCHABLE_ATLAS","atlas/source_extraction/","F06_ATLAS","FILE_PLAN_ALL 1362 BRANCHABLE_ATLAS OBSIDIA_BRANCHABLE_ATLAS_FULL_V0_5_DEEP_FINAL_AUDIT/docs/full_doc_extraction/tables/DOCX_TABLE_0570.md atlas/source_extraction/ DOCX_TABLE_0570.md md P4_ATLAS_EVIDENCE_OR_DOCS F06 0 0 0 0 1  NOT_FOUND_LOC","INTEGRATE_TO_ATLAS_READONLY_SCENARIO_SPEC_CANDIDATE","ATLAS_READONLY_ADVISORY_ONLY","false","false","false","false","false","F06 audit/spec only; Atlas scenario/context candidate; never runtime reality claim"
"BRANCHABLE_ATLAS","atlas/source_extraction/","F06_ATLAS","FILE_PLAN_ALL 1363 BRANCHABLE_ATLAS OBSIDIA_BRANCHABLE_ATLAS_FULL_V0_5_DEEP_FINAL_AUDIT/docs/full_doc_extraction/tables/DOCX_TABLE_0571.md atlas/source_extraction/ DOCX_TABLE_0571.md md P4_ATLAS_EVIDENCE_OR_DOCS F06 0 0 0 0 1  NOT_FOUND_LOC","INTEGRATE_TO_ATLAS_READONLY_SCENARIO_SPEC_CANDIDATE","ATLAS_READONLY_ADVISORY_ONLY","false","false","false","false","false","F06 audit/spec only; Atlas scenario/context candidate; never runtime reality claim"
"BRANCHABLE_ATLAS","atlas/source_extraction/","F06_ATLAS","FILE_PLAN_ALL 1364 BRANCHABLE_ATLAS OBSIDIA_BRANCHABLE_ATLAS_FULL_V0_5_DEEP_FINAL_AUDIT/docs/full_doc_extraction/tables/DOCX_TABLE_0572.md atlas/source_extraction/ DOCX_TABLE_0572.md md P4_ATLAS_EVIDENCE_OR_DOCS F06 0 0 0 0 1  NOT_FOUND_LOC","INTEGRATE_TO_ATLAS_READONLY_SCENARIO_SPEC_CANDIDATE","ATLAS_READONLY_ADVISORY_ONLY","false","false","false","false","false","F06 audit/spec only; Atlas scenario/context candidate; never runtime reality claim"
"BRANCHABLE_ATLAS","atlas/source_extraction/","F06_ATLAS","FILE_PLAN_ALL 1365 BRANCHABLE_ATLAS OBSIDIA_BRANCHABLE_ATLAS_FULL_V0_5_DEEP_FINAL_AUDIT/docs/full_doc_extraction/tables/DOCX_TABLE_0573.md atlas/source_extraction/ DOCX_TABLE_0573.md md P4_ATLAS_EVIDENCE_OR_DOCS F06 0 0 0 0 1  NOT_FOUND_LOC","INTEGRATE_TO_ATLAS_READONLY_SCENARIO_SPEC_CANDIDATE","ATLAS_READONLY_ADVISORY_ONLY","false","false","false","false","false","F06 audit/spec only; Atlas scenario/context candidate; never runtime reality claim"
"BRANCHABLE_ATLAS","atlas/source_extraction/","F06_ATLAS","FILE_PLAN_ALL 1366 BRANCHABLE_ATLAS OBSIDIA_BRANCHABLE_ATLAS_FULL_V0_5_DEEP_FINAL_AUDIT/docs/full_doc_extraction/tables/DOCX_TABLE_0574.md atlas/source_extraction/ DOCX_TABLE_0574.md md P4_ATLAS_EVIDENCE_OR_DOCS F06 0 0 0 0 1  NOT_FOUND_LOC","INTEGRATE_TO_ATLAS_READONLY_SCENARIO_SPEC_CANDIDATE","ATLAS_READONLY_ADVISORY_ONLY","false","false","false","false","false","F06 audit/spec only; Atlas scenario/context candidate; never runtime reality claim"
"BRANCHABLE_ATLAS","atlas/source_extraction/","F06_ATLAS","FILE_PLAN_ALL 1367 BRANCHABLE_ATLAS OBSIDIA_BRANCHABLE_ATLAS_FULL_V0_5_DEEP_FINAL_AUDIT/docs/full_doc_extraction/tables/DOCX_TABLE_0575.md atlas/source_extraction/ DOCX_TABLE_0575.md md P4_ATLAS_EVIDENCE_OR_DOCS F06 0 0 0 0 1  NOT_FOUND_LOC","INTEGRATE_TO_ATLAS_READONLY_SCENARIO_SPEC_CANDIDATE","ATLAS_READONLY_ADVISORY_ONLY","false","false","false","false","false","F06 audit/spec only; Atlas scenario/context candidate; never runtime reality claim"
"BRANCHABLE_ATLAS","atlas/source_extraction/","F06_ATLAS","FILE_PLAN_ALL 1368 BRANCHABLE_ATLAS OBSIDIA_BRANCHABLE_ATLAS_FULL_V0_5_DEEP_FINAL_AUDIT/docs/full_doc_extraction/tables/DOCX_TABLE_0576.md atlas/source_extraction/ DOCX_TABLE_0576.md md P4_ATLAS_EVIDENCE_OR_DOCS F06 0 0 0 0 1  NOT_FOUND_LOC","INTEGRATE_TO_ATLAS_READONLY_SCENARIO_SPEC_CANDIDATE","ATLAS_READONLY_ADVISORY_ONLY","false","false","false","false","false","F06 audit/spec only; Atlas scenario/context candidate; never runtime reality claim"
"BRANCHABLE_ATLAS","atlas/source_extraction/","F06_ATLAS","FILE_PLAN_ALL 1369 BRANCHABLE_ATLAS OBSIDIA_BRANCHABLE_ATLAS_FULL_V0_5_DEEP_FINAL_AUDIT/docs/full_doc_extraction/tables/DOCX_TABLE_0577.md atlas/source_extraction/ DOCX_TABLE_0577.md md P4_ATLAS_EVIDENCE_OR_DOCS F06 0 0 0 0 1  NOT_FOUND_LOC","INTEGRATE_TO_ATLAS_READONLY_SCENARIO_SPEC_CANDIDATE","ATLAS_READONLY_ADVISORY_ONLY","false","false","false","false","false","F06 audit/spec only; Atlas scenario/context candidate; never runtime reality claim"
"BRANCHABLE_ATLAS","atlas/source_extraction/","F06_ATLAS","FILE_PLAN_ALL 1370 BRANCHABLE_ATLAS OBSIDIA_BRANCHABLE_ATLAS_FULL_V0_5_DEEP_FINAL_AUDIT/docs/full_doc_extraction/tables/DOCX_TABLE_0578.md atlas/source_extraction/ DOCX_TABLE_0578.md md P4_ATLAS_EVIDENCE_OR_DOCS F06 0 0 0 0 1  NOT_FOUND_LOC","INTEGRATE_TO_ATLAS_READONLY_SCENARIO_SPEC_CANDIDATE","ATLAS_READONLY_ADVISORY_ONLY","false","false","false","false","false","F06 audit/spec only; Atlas scenario/context candidate; never runtime reality claim"
"BRANCHABLE_ATLAS","atlas/source_extraction/","F06_ATLAS","FILE_PLAN_ALL 1371 BRANCHABLE_ATLAS OBSIDIA_BRANCHABLE_ATLAS_FULL_V0_5_DEEP_FINAL_AUDIT/docs/full_doc_extraction/tables/DOCX_TABLE_0579.md atlas/source_extraction/ DOCX_TABLE_0579.md md P4_ATLAS_EVIDENCE_OR_DOCS F06 0 0 0 0 1  NOT_FOUND_LOC","INTEGRATE_TO_ATLAS_READONLY_SCENARIO_SPEC_CANDIDATE","ATLAS_READONLY_ADVISORY_ONLY","false","false","false","false","false","F06 audit/spec only; Atlas scenario/context candidate; never runtime reality claim"
"BRANCHABLE_ATLAS","atlas/source_extraction/","F06_ATLAS","FILE_PLAN_ALL 1372 BRANCHABLE_ATLAS OBSIDIA_BRANCHABLE_ATLAS_FULL_V0_5_DEEP_FINAL_AUDIT/docs/full_doc_extraction/tables/DOCX_TABLE_0580.md atlas/source_extraction/ DOCX_TABLE_0580.md md P4_ATLAS_EVIDENCE_OR_DOCS F06 0 0 0 0 1  NOT_FOUND_LOC","INTEGRATE_TO_ATLAS_READONLY_SCENARIO_SPEC_CANDIDATE","ATLAS_READONLY_ADVISORY_ONLY","false","false","false","false","false","F06 audit/spec only; Atlas scenario/context candidate; never runtime reality claim"
"BRANCHABLE_ATLAS","atlas/source_extraction/","F06_ATLAS","FILE_PLAN_ALL 1373 BRANCHABLE_ATLAS OBSIDIA_BRANCHABLE_ATLAS_FULL_V0_5_DEEP_FINAL_AUDIT/docs/full_doc_extraction/tables/DOCX_TABLE_0581.md atlas/source_extraction/ DOCX_TABLE_0581.md md P4_ATLAS_EVIDENCE_OR_DOCS F06 0 0 0 0 1  NOT_FOUND_LOC","INTEGRATE_TO_ATLAS_READONLY_SCENARIO_SPEC_CANDIDATE","ATLAS_READONLY_ADVISORY_ONLY","false","false","false","false","false","F06 audit/spec only; Atlas scenario/context candidate; never runtime reality claim"
"BRANCHABLE_ATLAS","atlas/source_extraction/","F06_ATLAS","FILE_PLAN_ALL 1374 BRANCHABLE_ATLAS OBSIDIA_BRANCHABLE_ATLAS_FULL_V0_5_DEEP_FINAL_AUDIT/docs/full_doc_extraction/tables/DOCX_TABLE_0582.md atlas/source_extraction/ DOCX_TABLE_0582.md md P4_ATLAS_EVIDENCE_OR_DOCS F06 0 0 0 0 1  NOT_FOUND_LOC","INTEGRATE_TO_ATLAS_READONLY_SCENARIO_SPEC_CANDIDATE","ATLAS_READONLY_ADVISORY_ONLY","false","false","false","false","false","F06 audit/spec only; Atlas scenario/context candidate; never runtime reality claim"
"BRANCHABLE_ATLAS","atlas/source_extraction/","F06_ATLAS","FILE_PLAN_ALL 1375 BRANCHABLE_ATLAS OBSIDIA_BRANCHABLE_ATLAS_FULL_V0_5_DEEP_FINAL_AUDIT/docs/full_doc_extraction/tables/DOCX_TABLE_0583.md atlas/source_extraction/ DOCX_TABLE_0583.md md P4_ATLAS_EVIDENCE_OR_DOCS F06 0 0 0 0 1  NOT_FOUND_LOC","INTEGRATE_TO_ATLAS_READONLY_SCENARIO_SPEC_CANDIDATE","ATLAS_READONLY_ADVISORY_ONLY","false","false","false","false","false","F06 audit/spec only; Atlas scenario/context candidate; never runtime reality claim"
"BRANCHABLE_ATLAS","atlas/source_extraction/","F06_ATLAS","FILE_PLAN_ALL 1376 BRANCHABLE_ATLAS OBSIDIA_BRANCHABLE_ATLAS_FULL_V0_5_DEEP_FINAL_AUDIT/docs/full_doc_extraction/tables/DOCX_TABLE_0584.md atlas/source_extraction/ DOCX_TABLE_0584.md md P4_ATLAS_EVIDENCE_OR_DOCS F06 0 0 0 0 1  NOT_FOUND_LOC","INTEGRATE_TO_ATLAS_READONLY_SCENARIO_SPEC_CANDIDATE","ATLAS_READONLY_ADVISORY_ONLY","false","false","false","false","false","F06 audit/spec only; Atlas scenario/context candidate; never runtime reality claim"
"BRANCHABLE_ATLAS","atlas/source_extraction/","F06_ATLAS","FILE_PLAN_ALL 1377 BRANCHABLE_ATLAS OBSIDIA_BRANCHABLE_ATLAS_FULL_V0_5_DEEP_FINAL_AUDIT/docs/full_doc_extraction/tables/DOCX_TABLE_0585.md atlas/source_extraction/ DOCX_TABLE_0585.md md P4_ATLAS_EVIDENCE_OR_DOCS F06 0 0 0 0 1  NOT_FOUND_LOC","INTEGRATE_TO_ATLAS_READONLY_SCENARIO_SPEC_CANDIDATE","ATLAS_READONLY_ADVISORY_ONLY","false","false","false","false","false","F06 audit/spec only; Atlas scenario/context candidate; never runtime reality claim"
"BRANCHABLE_ATLAS","atlas/source_extraction/","F06_ATLAS","FILE_PLAN_ALL 1378 BRANCHABLE_ATLAS OBSIDIA_BRANCHABLE_ATLAS_FULL_V0_5_DEEP_FINAL_AUDIT/docs/full_doc_extraction/tables/DOCX_TABLE_0586.md atlas/source_extraction/ DOCX_TABLE_0586.md md P4_ATLAS_EVIDENCE_OR_DOCS F06 0 0 0 0 1  NOT_FOUND_LOC","INTEGRATE_TO_ATLAS_READONLY_SCENARIO_SPEC_CANDIDATE","ATLAS_READONLY_ADVISORY_ONLY","false","false","false","false","false","F06 audit/spec only; Atlas scenario/context candidate; never runtime reality claim"
"BRANCHABLE_ATLAS","atlas/source_extraction/","F06_ATLAS","FILE_PLAN_ALL 1379 BRANCHABLE_ATLAS OBSIDIA_BRANCHABLE_ATLAS_FULL_V0_5_DEEP_FINAL_AUDIT/docs/full_doc_extraction/tables/DOCX_TABLE_0587.md atlas/source_extraction/ DOCX_TABLE_0587.md md P4_ATLAS_EVIDENCE_OR_DOCS F06 0 0 0 0 1  NOT_FOUND_LOC","INTEGRATE_TO_ATLAS_READONLY_SCENARIO_SPEC_CANDIDATE","ATLAS_READONLY_ADVISORY_ONLY","false","false","false","false","false","F06 audit/spec only; Atlas scenario/context candidate; never runtime reality claim"
"BRANCHABLE_ATLAS","atlas/source_extraction/","F06_ATLAS","FILE_PLAN_ALL 1380 BRANCHABLE_ATLAS OBSIDIA_BRANCHABLE_ATLAS_FULL_V0_5_DEEP_FINAL_AUDIT/docs/full_doc_extraction/tables/DOCX_TABLE_0588.md atlas/source_extraction/ DOCX_TABLE_0588.md md P4_ATLAS_EVIDENCE_OR_DOCS F06 0 0 0 0 1  NOT_FOUND_LOC","INTEGRATE_TO_ATLAS_READONLY_SCENARIO_SPEC_CANDIDATE","ATLAS_READONLY_ADVISORY_ONLY","false","false","false","false","false","F06 audit/spec only; Atlas scenario/context candidate; never runtime reality claim"
"BRANCHABLE_ATLAS","atlas/source_extraction/","F06_ATLAS","FILE_PLAN_ALL 1381 BRANCHABLE_ATLAS OBSIDIA_BRANCHABLE_ATLAS_FULL_V0_5_DEEP_FINAL_AUDIT/docs/full_doc_extraction/tables/DOCX_TABLE_0589.md atlas/source_extraction/ DOCX_TABLE_0589.md md P4_ATLAS_EVIDENCE_OR_DOCS F06 0 0 0 0 1  NOT_FOUND_LOC","INTEGRATE_TO_ATLAS_READONLY_SCENARIO_SPEC_CANDIDATE","ATLAS_READONLY_ADVISORY_ONLY","false","false","false","false","false","F06 audit/spec only; Atlas scenario/context candidate; never runtime reality claim"
"BRANCHABLE_ATLAS","atlas/source_extraction/","F06_ATLAS","FILE_PLAN_ALL 1382 BRANCHABLE_ATLAS OBSIDIA_BRANCHABLE_ATLAS_FULL_V0_5_DEEP_FINAL_AUDIT/docs/full_doc_extraction/tables/DOCX_TABLE_0590.md atlas/source_extraction/ DOCX_TABLE_0590.md md P4_ATLAS_EVIDENCE_OR_DOCS F06 0 0 0 0 1  NOT_FOUND_LOC","INTEGRATE_TO_ATLAS_READONLY_SCENARIO_SPEC_CANDIDATE","ATLAS_READONLY_ADVISORY_ONLY","false","false","false","false","false","F06 audit/spec only; Atlas scenario/context candidate; never runtime reality claim"
"BRANCHABLE_ATLAS","atlas/source_extraction/","F06_ATLAS","FILE_PLAN_ALL 1383 BRANCHABLE_ATLAS OBSIDIA_BRANCHABLE_ATLAS_FULL_V0_5_DEEP_FINAL_AUDIT/docs/full_doc_extraction/tables/DOCX_TABLE_0591.md atlas/source_extraction/ DOCX_TABLE_0591.md md P4_ATLAS_EVIDENCE_OR_DOCS F06 0 0 0 0 1  NOT_FOUND_LOC","INTEGRATE_TO_ATLAS_READONLY_SCENARIO_SPEC_CANDIDATE","ATLAS_READONLY_ADVISORY_ONLY","false","false","false","false","false","F06 audit/spec only; Atlas scenario/context candidate; never runtime reality claim"
"BRANCHABLE_ATLAS","atlas/source_extraction/","F06_ATLAS","FILE_PLAN_ALL 1384 BRANCHABLE_ATLAS OBSIDIA_BRANCHABLE_ATLAS_FULL_V0_5_DEEP_FINAL_AUDIT/docs/full_doc_extraction/tables/DOCX_TABLE_0592.md atlas/source_extraction/ DOCX_TABLE_0592.md md P4_ATLAS_EVIDENCE_OR_DOCS F06 0 0 0 0 1  NOT_FOUND_LOC","INTEGRATE_TO_ATLAS_READONLY_SCENARIO_SPEC_CANDIDATE","ATLAS_READONLY_ADVISORY_ONLY","false","false","false","false","false","F06 audit/spec only; Atlas scenario/context candidate; never runtime reality claim"
"BRANCHABLE_ATLAS","atlas/source_extraction/","F06_ATLAS","FILE_PLAN_ALL 1385 BRANCHABLE_ATLAS OBSIDIA_BRANCHABLE_ATLAS_FULL_V0_5_DEEP_FINAL_AUDIT/docs/full_doc_extraction/tables/DOCX_TABLE_0593.md atlas/source_extraction/ DOCX_TABLE_0593.md md P4_ATLAS_EVIDENCE_OR_DOCS F06 0 0 0 0 1  NOT_FOUND_LOC","INTEGRATE_TO_ATLAS_READONLY_SCENARIO_SPEC_CANDIDATE","ATLAS_READONLY_ADVISORY_ONLY","false","false","false","false","false","F06 audit/spec only; Atlas scenario/context candidate; never runtime reality claim"
"BRANCHABLE_ATLAS","atlas/source_extraction/","F06_ATLAS","FILE_PLAN_ALL 1386 BRANCHABLE_ATLAS OBSIDIA_BRANCHABLE_ATLAS_FULL_V0_5_DEEP_FINAL_AUDIT/docs/full_doc_extraction/tables/DOCX_TABLE_0594.md atlas/source_extraction/ DOCX_TABLE_0594.md md P4_ATLAS_EVIDENCE_OR_DOCS F06 0 0 0 0 1  NOT_FOUND_LOC","INTEGRATE_TO_ATLAS_READONLY_SCENARIO_SPEC_CANDIDATE","ATLAS_READONLY_ADVISORY_ONLY","false","false","false","false","false","F06 audit/spec only; Atlas scenario/context candidate; never runtime reality claim"
"BRANCHABLE_ATLAS","atlas/source_extraction/","F06_ATLAS","FILE_PLAN_ALL 1387 BRANCHABLE_ATLAS OBSIDIA_BRANCHABLE_ATLAS_FULL_V0_5_DEEP_FINAL_AUDIT/docs/full_doc_extraction/tables/DOCX_TABLE_0595.md atlas/source_extraction/ DOCX_TABLE_0595.md md P4_ATLAS_EVIDENCE_OR_DOCS F06 0 0 0 0 1  NOT_FOUND_LOC","INTEGRATE_TO_ATLAS_READONLY_SCENARIO_SPEC_CANDIDATE","ATLAS_READONLY_ADVISORY_ONLY","false","false","false","false","false","F06 audit/spec only; Atlas scenario/context candidate; never runtime reality claim"
"BRANCHABLE_ATLAS","atlas/source_extraction/","F06_ATLAS","FILE_PLAN_ALL 1388 BRANCHABLE_ATLAS OBSIDIA_BRANCHABLE_ATLAS_FULL_V0_5_DEEP_FINAL_AUDIT/docs/full_doc_extraction/tables/DOCX_TABLE_0596.md atlas/source_extraction/ DOCX_TABLE_0596.md md P4_ATLAS_EVIDENCE_OR_DOCS F06 0 0 0 0 1  NOT_FOUND_LOC","INTEGRATE_TO_ATLAS_READONLY_SCENARIO_SPEC_CANDIDATE","ATLAS_READONLY_ADVISORY_ONLY","false","false","false","false","false","F06 audit/spec only; Atlas scenario/context candidate; never runtime reality claim"
"BRANCHABLE_ATLAS","atlas/source_extraction/","F06_ATLAS","FILE_PLAN_ALL 1389 BRANCHABLE_ATLAS OBSIDIA_BRANCHABLE_ATLAS_FULL_V0_5_DEEP_FINAL_AUDIT/docs/full_doc_extraction/tables/DOCX_TABLE_0597.md atlas/source_extraction/ DOCX_TABLE_0597.md md P4_ATLAS_EVIDENCE_OR_DOCS F06 0 0 0 0 1  NOT_FOUND_LOC","INTEGRATE_TO_ATLAS_READONLY_SCENARIO_SPEC_CANDIDATE","ATLAS_READONLY_ADVISORY_ONLY","false","false","false","false","false","F06 audit/spec only; Atlas scenario/context candidate; never runtime reality claim"
"BRANCHABLE_ATLAS","atlas/source_extraction/","F06_ATLAS","FILE_PLAN_ALL 1390 BRANCHABLE_ATLAS OBSIDIA_BRANCHABLE_ATLAS_FULL_V0_5_DEEP_FINAL_AUDIT/docs/full_doc_extraction/tables/DOCX_TABLE_0598.md atlas/source_extraction/ DOCX_TABLE_0598.md md P4_ATLAS_EVIDENCE_OR_DOCS F06 0 0 0 0 1  NOT_FOUND_LOC","INTEGRATE_TO_ATLAS_READONLY_SCENARIO_SPEC_CANDIDATE","ATLAS_READONLY_ADVISORY_ONLY","false","false","false","false","false","F06 audit/spec only; Atlas scenario/context candidate; never runtime reality claim"
"BRANCHABLE_ATLAS","atlas/source_extraction/","F06_ATLAS","FILE_PLAN_ALL 1391 BRANCHABLE_ATLAS OBSIDIA_BRANCHABLE_ATLAS_FULL_V0_5_DEEP_FINAL_AUDIT/docs/full_doc_extraction/tables/DOCX_TABLE_0599.md atlas/source_extraction/ DOCX_TABLE_0599.md md P4_ATLAS_EVIDENCE_OR_DOCS F06 0 0 0 0 1  NOT_FOUND_LOC","INTEGRATE_TO_ATLAS_READONLY_SCENARIO_SPEC_CANDIDATE","ATLAS_READONLY_ADVISORY_ONLY","false","false","false","false","false","F06 audit/spec only; Atlas scenario/context candidate; never runtime reality claim"
"BRANCHABLE_ATLAS","atlas/source_extraction/","F06_ATLAS","FILE_PLAN_ALL 1392 BRANCHABLE_ATLAS OBSIDIA_BRANCHABLE_ATLAS_FULL_V0_5_DEEP_FINAL_AUDIT/docs/full_doc_extraction/tables/DOCX_TABLE_0600.md atlas/source_extraction/ DOCX_TABLE_0600.md md P4_ATLAS_EVIDENCE_OR_DOCS F06 0 0 0 0 1  NOT_FOUND_LOC","INTEGRATE_TO_ATLAS_READONLY_SCENARIO_SPEC_CANDIDATE","ATLAS_READONLY_ADVISORY_ONLY","false","false","false","false","false","F06 audit/spec only; Atlas scenario/context candidate; never runtime reality claim"
"BRANCHABLE_ATLAS","atlas/source_extraction/","F06_ATLAS","FILE_PLAN_ALL 1393 BRANCHABLE_ATLAS OBSIDIA_BRANCHABLE_ATLAS_FULL_V0_5_DEEP_FINAL_AUDIT/docs/full_doc_extraction/tables/DOCX_TABLE_0601.md atlas/source_extraction/ DOCX_TABLE_0601.md md P4_ATLAS_EVIDENCE_OR_DOCS F06 0 0 0 0 1  NOT_FOUND_LOC","INTEGRATE_TO_ATLAS_READONLY_SCENARIO_SPEC_CANDIDATE","ATLAS_READONLY_ADVISORY_ONLY","false","false","false","false","false","F06 audit/spec only; Atlas scenario/context candidate; never runtime reality claim"
"BRANCHABLE_ATLAS","atlas/source_extraction/","F06_ATLAS","FILE_PLAN_ALL 1394 BRANCHABLE_ATLAS OBSIDIA_BRANCHABLE_ATLAS_FULL_V0_5_DEEP_FINAL_AUDIT/docs/full_doc_extraction/tables/DOCX_TABLE_0602.md atlas/source_extraction/ DOCX_TABLE_0602.md md P4_ATLAS_EVIDENCE_OR_DOCS F06 0 0 0 0 1  NOT_FOUND_LOC","INTEGRATE_TO_ATLAS_READONLY_SCENARIO_SPEC_CANDIDATE","ATLAS_READONLY_ADVISORY_ONLY","false","false","false","false","false","F06 audit/spec only; Atlas scenario/context candidate; never runtime reality claim"
"BRANCHABLE_ATLAS","atlas/source_extraction/","F06_ATLAS","FILE_PLAN_ALL 1395 BRANCHABLE_ATLAS OBSIDIA_BRANCHABLE_ATLAS_FULL_V0_5_DEEP_FINAL_AUDIT/docs/full_doc_extraction/tables/DOCX_TABLE_0603.md atlas/source_extraction/ DOCX_TABLE_0603.md md P4_ATLAS_EVIDENCE_OR_DOCS F06 0 0 0 0 1  NOT_FOUND_LOC","INTEGRATE_TO_ATLAS_READONLY_SCENARIO_SPEC_CANDIDATE","ATLAS_READONLY_ADVISORY_ONLY","false","false","false","false","false","F06 audit/spec only; Atlas scenario/context candidate; never runtime reality claim"
"BRANCHABLE_ATLAS","atlas/source_extraction/","F06_ATLAS","FILE_PLAN_ALL 1396 BRANCHABLE_ATLAS OBSIDIA_BRANCHABLE_ATLAS_FULL_V0_5_DEEP_FINAL_AUDIT/docs/full_doc_extraction/tables/DOCX_TABLE_0604.md atlas/source_extraction/ DOCX_TABLE_0604.md md P4_ATLAS_EVIDENCE_OR_DOCS F06 0 0 0 0 1  NOT_FOUND_LOC","INTEGRATE_TO_ATLAS_READONLY_SCENARIO_SPEC_CANDIDATE","ATLAS_READONLY_ADVISORY_ONLY","false","false","false","false","false","F06 audit/spec only; Atlas scenario/context candidate; never runtime reality claim"
"BRANCHABLE_ATLAS","atlas/source_extraction/","F06_ATLAS","FILE_PLAN_ALL 1397 BRANCHABLE_ATLAS OBSIDIA_BRANCHABLE_ATLAS_FULL_V0_5_DEEP_FINAL_AUDIT/docs/full_doc_extraction/tables/DOCX_TABLE_0605.md atlas/source_extraction/ DOCX_TABLE_0605.md md P4_ATLAS_EVIDENCE_OR_DOCS F06 0 0 0 0 1  NOT_FOUND_LOC","INTEGRATE_TO_ATLAS_READONLY_SCENARIO_SPEC_CANDIDATE","ATLAS_READONLY_ADVISORY_ONLY","false","false","false","false","false","F06 audit/spec only; Atlas scenario/context candidate; never runtime reality claim"
"BRANCHABLE_ATLAS","atlas/source_extraction/","F06_ATLAS","FILE_PLAN_ALL 1398 BRANCHABLE_ATLAS OBSIDIA_BRANCHABLE_ATLAS_FULL_V0_5_DEEP_FINAL_AUDIT/docs/full_doc_extraction/tables/DOCX_TABLE_0606.md atlas/source_extraction/ DOCX_TABLE_0606.md md P4_ATLAS_EVIDENCE_OR_DOCS F06 0 0 0 0 1  NOT_FOUND_LOC","INTEGRATE_TO_ATLAS_READONLY_SCENARIO_SPEC_CANDIDATE","ATLAS_READONLY_ADVISORY_ONLY","false","false","false","false","false","F06 audit/spec only; Atlas scenario/context candidate; never runtime reality claim"
"BRANCHABLE_ATLAS","atlas/source_extraction/","F06_ATLAS","FILE_PLAN_ALL 1399 BRANCHABLE_ATLAS OBSIDIA_BRANCHABLE_ATLAS_FULL_V0_5_DEEP_FINAL_AUDIT/docs/full_doc_extraction/tables/DOCX_TABLE_0607.md atlas/source_extraction/ DOCX_TABLE_0607.md md P4_ATLAS_EVIDENCE_OR_DOCS F06 0 0 0 0 1  NOT_FOUND_LOC","INTEGRATE_TO_ATLAS_READONLY_SCENARIO_SPEC_CANDIDATE","ATLAS_READONLY_ADVISORY_ONLY","false","false","false","false","false","F06 audit/spec only; Atlas scenario/context candidate; never runtime reality claim"
"BRANCHABLE_ATLAS","atlas/source_extraction/","F06_ATLAS","FILE_PLAN_ALL 1400 BRANCHABLE_ATLAS OBSIDIA_BRANCHABLE_ATLAS_FULL_V0_5_DEEP_FINAL_AUDIT/docs/full_doc_extraction/tables/DOCX_TABLE_0608.md atlas/source_extraction/ DOCX_TABLE_0608.md md P4_ATLAS_EVIDENCE_OR_DOCS F06 0 0 0 0 1  NOT_FOUND_LOC","INTEGRATE_TO_ATLAS_READONLY_SCENARIO_SPEC_CANDIDATE","ATLAS_READONLY_ADVISORY_ONLY","false","false","false","false","false","F06 audit/spec only; Atlas scenario/context candidate; never runtime reality claim"
"BRANCHABLE_ATLAS","atlas/source_extraction/","F06_ATLAS","FILE_PLAN_ALL 1401 BRANCHABLE_ATLAS OBSIDIA_BRANCHABLE_ATLAS_FULL_V0_5_DEEP_FINAL_AUDIT/docs/full_doc_extraction/tables/DOCX_TABLE_0609.md atlas/source_extraction/ DOCX_TABLE_0609.md md P4_ATLAS_EVIDENCE_OR_DOCS F06 0 0 0 0 1  NOT_FOUND_LOC","INTEGRATE_TO_ATLAS_READONLY_SCENARIO_SPEC_CANDIDATE","ATLAS_READONLY_ADVISORY_ONLY","false","false","false","false","false","F06 audit/spec only; Atlas scenario/context candidate; never runtime reality claim"
"BRANCHABLE_ATLAS","atlas/source_extraction/","F06_ATLAS","FILE_PLAN_ALL 1402 BRANCHABLE_ATLAS OBSIDIA_BRANCHABLE_ATLAS_FULL_V0_5_DEEP_FINAL_AUDIT/docs/full_doc_extraction/tables/DOCX_TABLE_0610.md atlas/source_extraction/ DOCX_TABLE_0610.md md P4_ATLAS_EVIDENCE_OR_DOCS F06 0 0 0 0 1  NOT_FOUND_LOC","INTEGRATE_TO_ATLAS_READONLY_SCENARIO_SPEC_CANDIDATE","ATLAS_READONLY_ADVISORY_ONLY","false","false","false","false","false","F06 audit/spec only; Atlas scenario/context candidate; never runtime reality claim"
"BRANCHABLE_ATLAS","atlas/source_extraction/","F06_ATLAS","FILE_PLAN_ALL 1403 BRANCHABLE_ATLAS OBSIDIA_BRANCHABLE_ATLAS_FULL_V0_5_DEEP_FINAL_AUDIT/docs/full_doc_extraction/tables/DOCX_TABLE_0611.md atlas/source_extraction/ DOCX_TABLE_0611.md md P4_ATLAS_EVIDENCE_OR_DOCS F06 0 0 0 0 1  NOT_FOUND_LOC","INTEGRATE_TO_ATLAS_READONLY_SCENARIO_SPEC_CANDIDATE","ATLAS_READONLY_ADVISORY_ONLY","false","false","false","false","false","F06 audit/spec only; Atlas scenario/context candidate; never runtime reality claim"
"BRANCHABLE_ATLAS","atlas/source_extraction/","F06_ATLAS","FILE_PLAN_ALL 1404 BRANCHABLE_ATLAS OBSIDIA_BRANCHABLE_ATLAS_FULL_V0_5_DEEP_FINAL_AUDIT/docs/full_doc_extraction/tables/DOCX_TABLE_0612.md atlas/source_extraction/ DOCX_TABLE_0612.md md P4_ATLAS_EVIDENCE_OR_DOCS F06 0 0 0 0 1  NOT_FOUND_LOC","INTEGRATE_TO_ATLAS_READONLY_SCENARIO_SPEC_CANDIDATE","ATLAS_READONLY_ADVISORY_ONLY","false","false","false","false","false","F06 audit/spec only; Atlas scenario/context candidate; never runtime reality claim"
"BRANCHABLE_ATLAS","atlas/source_extraction/","F06_ATLAS","FILE_PLAN_ALL 1405 BRANCHABLE_ATLAS OBSIDIA_BRANCHABLE_ATLAS_FULL_V0_5_DEEP_FINAL_AUDIT/docs/full_doc_extraction/tables/DOCX_TABLE_0613.md atlas/source_extraction/ DOCX_TABLE_0613.md md P4_ATLAS_EVIDENCE_OR_DOCS F06 0 0 0 0 1  NOT_FOUND_LOC","INTEGRATE_TO_ATLAS_READONLY_SCENARIO_SPEC_CANDIDATE","ATLAS_READONLY_ADVISORY_ONLY","false","false","false","false","false","F06 audit/spec only; Atlas scenario/context candidate; never runtime reality claim"
"BRANCHABLE_ATLAS","atlas/source_extraction/","F06_ATLAS","FILE_PLAN_ALL 1406 BRANCHABLE_ATLAS OBSIDIA_BRANCHABLE_ATLAS_FULL_V0_5_DEEP_FINAL_AUDIT/docs/full_doc_extraction/tables/DOCX_TABLE_0614.md atlas/source_extraction/ DOCX_TABLE_0614.md md P4_ATLAS_EVIDENCE_OR_DOCS F06 0 0 0 0 1  NOT_FOUND_LOC","INTEGRATE_TO_ATLAS_READONLY_SCENARIO_SPEC_CANDIDATE","ATLAS_READONLY_ADVISORY_ONLY","false","false","false","false","false","F06 audit/spec only; Atlas scenario/context candidate; never runtime reality claim"
"BRANCHABLE_ATLAS","atlas/source_extraction/","F06_ATLAS","FILE_PLAN_ALL 1407 BRANCHABLE_ATLAS OBSIDIA_BRANCHABLE_ATLAS_FULL_V0_5_DEEP_FINAL_AUDIT/docs/full_doc_extraction/tables/DOCX_TABLE_0615.md atlas/source_extraction/ DOCX_TABLE_0615.md md P4_ATLAS_EVIDENCE_OR_DOCS F06 0 0 0 0 1  NOT_FOUND_LOC","INTEGRATE_TO_ATLAS_READONLY_SCENARIO_SPEC_CANDIDATE","ATLAS_READONLY_ADVISORY_ONLY","false","false","false","false","false","F06 audit/spec only; Atlas scenario/context candidate; never runtime reality claim"
"BRANCHABLE_ATLAS","atlas/source_extraction/","F06_ATLAS","FILE_PLAN_ALL 1408 BRANCHABLE_ATLAS OBSIDIA_BRANCHABLE_ATLAS_FULL_V0_5_DEEP_FINAL_AUDIT/docs/full_doc_extraction/tables/DOCX_TABLE_0616.md atlas/source_extraction/ DOCX_TABLE_0616.md md P4_ATLAS_EVIDENCE_OR_DOCS F06 0 0 0 0 1  NOT_FOUND_LOC","INTEGRATE_TO_ATLAS_READONLY_SCENARIO_SPEC_CANDIDATE","ATLAS_READONLY_ADVISORY_ONLY","false","false","false","false","false","F06 audit/spec only; Atlas scenario/context candidate; never runtime reality claim"
"BRANCHABLE_ATLAS","atlas/source_extraction/","F06_ATLAS","FILE_PLAN_ALL 1409 BRANCHABLE_ATLAS OBSIDIA_BRANCHABLE_ATLAS_FULL_V0_5_DEEP_FINAL_AUDIT/docs/full_doc_extraction/tables/DOCX_TABLE_0617.md atlas/source_extraction/ DOCX_TABLE_0617.md md P4_ATLAS_EVIDENCE_OR_DOCS F06 0 0 0 0 1  NOT_FOUND_LOC","INTEGRATE_TO_ATLAS_READONLY_SCENARIO_SPEC_CANDIDATE","ATLAS_READONLY_ADVISORY_ONLY","false","false","false","false","false","F06 audit/spec only; Atlas scenario/context candidate; never runtime reality claim"
"BRANCHABLE_ATLAS","atlas/source_extraction/","F06_ATLAS","FILE_PLAN_ALL 1410 BRANCHABLE_ATLAS OBSIDIA_BRANCHABLE_ATLAS_FULL_V0_5_DEEP_FINAL_AUDIT/docs/full_doc_extraction/tables/DOCX_TABLE_0618.md atlas/source_extraction/ DOCX_TABLE_0618.md md P4_ATLAS_EVIDENCE_OR_DOCS F06 0 0 0 0 1  NOT_FOUND_LOC","INTEGRATE_TO_ATLAS_READONLY_SCENARIO_SPEC_CANDIDATE","ATLAS_READONLY_ADVISORY_ONLY","false","false","false","false","false","F06 audit/spec only; Atlas scenario/context candidate; never runtime reality claim"
"BRANCHABLE_ATLAS","atlas/source_extraction/","F06_ATLAS","FILE_PLAN_ALL 1411 BRANCHABLE_ATLAS OBSIDIA_BRANCHABLE_ATLAS_FULL_V0_5_DEEP_FINAL_AUDIT/docs/full_doc_extraction/tables/DOCX_TABLE_0619.md atlas/source_extraction/ DOCX_TABLE_0619.md md P4_ATLAS_EVIDENCE_OR_DOCS F06 0 0 0 0 1  NOT_FOUND_LOC","INTEGRATE_TO_ATLAS_READONLY_SCENARIO_SPEC_CANDIDATE","ATLAS_READONLY_ADVISORY_ONLY","false","false","false","false","false","F06 audit/spec only; Atlas scenario/context candidate; never runtime reality claim"
"BRANCHABLE_ATLAS","atlas/source_extraction/","F06_ATLAS","FILE_PLAN_ALL 1412 BRANCHABLE_ATLAS OBSIDIA_BRANCHABLE_ATLAS_FULL_V0_5_DEEP_FINAL_AUDIT/docs/full_doc_extraction/tables/DOCX_TABLE_0620.md atlas/source_extraction/ DOCX_TABLE_0620.md md P4_ATLAS_EVIDENCE_OR_DOCS F06 0 0 0 0 1  NOT_FOUND_LOC","INTEGRATE_TO_ATLAS_READONLY_SCENARIO_SPEC_CANDIDATE","ATLAS_READONLY_ADVISORY_ONLY","false","false","false","false","false","F06 audit/spec only; Atlas scenario/context candidate; never runtime reality claim"
"BRANCHABLE_ATLAS","atlas/source_extraction/","F06_ATLAS","FILE_PLAN_ALL 1413 BRANCHABLE_ATLAS OBSIDIA_BRANCHABLE_ATLAS_FULL_V0_5_DEEP_FINAL_AUDIT/docs/full_doc_extraction/tables/DOCX_TABLE_0621.md atlas/source_extraction/ DOCX_TABLE_0621.md md P4_ATLAS_EVIDENCE_OR_DOCS F06 0 0 0 0 1  NOT_FOUND_LOC","INTEGRATE_TO_ATLAS_READONLY_SCENARIO_SPEC_CANDIDATE","ATLAS_READONLY_ADVISORY_ONLY","false","false","false","false","false","F06 audit/spec only; Atlas scenario/context candidate; never runtime reality claim"
"BRANCHABLE_ATLAS","atlas/source_extraction/","F06_ATLAS","FILE_PLAN_ALL 1414 BRANCHABLE_ATLAS OBSIDIA_BRANCHABLE_ATLAS_FULL_V0_5_DEEP_FINAL_AUDIT/docs/full_doc_extraction/tables/DOCX_TABLE_0622.md atlas/source_extraction/ DOCX_TABLE_0622.md md P4_ATLAS_EVIDENCE_OR_DOCS F06 0 0 0 0 1  NOT_FOUND_LOC","INTEGRATE_TO_ATLAS_READONLY_SCENARIO_SPEC_CANDIDATE","ATLAS_READONLY_ADVISORY_ONLY","false","false","false","false","false","F06 audit/spec only; Atlas scenario/context candidate; never runtime reality claim"
"BRANCHABLE_ATLAS","atlas/source_extraction/","F06_ATLAS","FILE_PLAN_ALL 1415 BRANCHABLE_ATLAS OBSIDIA_BRANCHABLE_ATLAS_FULL_V0_5_DEEP_FINAL_AUDIT/docs/full_doc_extraction/tables/DOCX_TABLE_0623.md atlas/source_extraction/ DOCX_TABLE_0623.md md P4_ATLAS_EVIDENCE_OR_DOCS F06 0 0 0 0 1  NOT_FOUND_LOC","INTEGRATE_TO_ATLAS_READONLY_SCENARIO_SPEC_CANDIDATE","ATLAS_READONLY_ADVISORY_ONLY","false","false","false","false","false","F06 audit/spec only; Atlas scenario/context candidate; never runtime reality claim"
"BRANCHABLE_ATLAS","atlas/source_extraction/","F06_ATLAS","FILE_PLAN_ALL 1416 BRANCHABLE_ATLAS OBSIDIA_BRANCHABLE_ATLAS_FULL_V0_5_DEEP_FINAL_AUDIT/docs/full_doc_extraction/tables/DOCX_TABLE_0624.md atlas/source_extraction/ DOCX_TABLE_0624.md md P4_ATLAS_EVIDENCE_OR_DOCS F06 0 0 0 0 1  NOT_FOUND_LOC","INTEGRATE_TO_ATLAS_READONLY_SCENARIO_SPEC_CANDIDATE","ATLAS_READONLY_ADVISORY_ONLY","false","false","false","false","false","F06 audit/spec only; Atlas scenario/context candidate; never runtime reality claim"
"BRANCHABLE_ATLAS","atlas/source_extraction/","F06_ATLAS","FILE_PLAN_ALL 1417 BRANCHABLE_ATLAS OBSIDIA_BRANCHABLE_ATLAS_FULL_V0_5_DEEP_FINAL_AUDIT/docs/full_doc_extraction/tables/DOCX_TABLE_0625.md atlas/source_extraction/ DOCX_TABLE_0625.md md P4_ATLAS_EVIDENCE_OR_DOCS F06 0 0 0 0 1  NOT_FOUND_LOC","INTEGRATE_TO_ATLAS_READONLY_SCENARIO_SPEC_CANDIDATE","ATLAS_READONLY_ADVISORY_ONLY","false","false","false","false","false","F06 audit/spec only; Atlas scenario/context candidate; never runtime reality claim"
"BRANCHABLE_ATLAS","atlas/source_extraction/","F06_ATLAS","FILE_PLAN_ALL 1418 BRANCHABLE_ATLAS OBSIDIA_BRANCHABLE_ATLAS_FULL_V0_5_DEEP_FINAL_AUDIT/docs/full_doc_extraction/tables/DOCX_TABLE_0626.md atlas/source_extraction/ DOCX_TABLE_0626.md md P4_ATLAS_EVIDENCE_OR_DOCS F06 0 0 0 0 1  NOT_FOUND_LOC","INTEGRATE_TO_ATLAS_READONLY_SCENARIO_SPEC_CANDIDATE","ATLAS_READONLY_ADVISORY_ONLY","false","false","false","false","false","F06 audit/spec only; Atlas scenario/context candidate; never runtime reality claim"
"BRANCHABLE_ATLAS","atlas/source_extraction/","F06_ATLAS","FILE_PLAN_ALL 1419 BRANCHABLE_ATLAS OBSIDIA_BRANCHABLE_ATLAS_FULL_V0_5_DEEP_FINAL_AUDIT/docs/full_doc_extraction/tables/DOCX_TABLE_0627.md atlas/source_extraction/ DOCX_TABLE_0627.md md P4_ATLAS_EVIDENCE_OR_DOCS F06 0 0 0 0 1  NOT_FOUND_LOC","INTEGRATE_TO_ATLAS_READONLY_SCENARIO_SPEC_CANDIDATE","ATLAS_READONLY_ADVISORY_ONLY","false","false","false","false","false","F06 audit/spec only; Atlas scenario/context candidate; never runtime reality claim"
"BRANCHABLE_ATLAS","atlas/source_extraction/","F06_ATLAS","FILE_PLAN_ALL 1420 BRANCHABLE_ATLAS OBSIDIA_BRANCHABLE_ATLAS_FULL_V0_5_DEEP_FINAL_AUDIT/docs/full_doc_extraction/tables/DOCX_TABLE_0628.md atlas/source_extraction/ DOCX_TABLE_0628.md md P4_ATLAS_EVIDENCE_OR_DOCS F06 0 0 0 0 1  NOT_FOUND_LOC","INTEGRATE_TO_ATLAS_READONLY_SCENARIO_SPEC_CANDIDATE","ATLAS_READONLY_ADVISORY_ONLY","false","false","false","false","false","F06 audit/spec only; Atlas scenario/context candidate; never runtime reality claim"
"BRANCHABLE_ATLAS","atlas/source_extraction/","F06_ATLAS","FILE_PLAN_ALL 1421 BRANCHABLE_ATLAS OBSIDIA_BRANCHABLE_ATLAS_FULL_V0_5_DEEP_FINAL_AUDIT/docs/full_doc_extraction/tables/DOCX_TABLE_0629.md atlas/source_extraction/ DOCX_TABLE_0629.md md P4_ATLAS_EVIDENCE_OR_DOCS F06 0 0 0 0 1  NOT_FOUND_LOC","INTEGRATE_TO_ATLAS_READONLY_SCENARIO_SPEC_CANDIDATE","ATLAS_READONLY_ADVISORY_ONLY","false","false","false","false","false","F06 audit/spec only; Atlas scenario/context candidate; never runtime reality claim"
"BRANCHABLE_ATLAS","atlas/source_extraction/","F06_ATLAS","FILE_PLAN_ALL 1422 BRANCHABLE_ATLAS OBSIDIA_BRANCHABLE_ATLAS_FULL_V0_5_DEEP_FINAL_AUDIT/docs/full_doc_extraction/tables/DOCX_TABLE_0630.md atlas/source_extraction/ DOCX_TABLE_0630.md md P4_ATLAS_EVIDENCE_OR_DOCS F06 0 0 0 0 1  NOT_FOUND_LOC","INTEGRATE_TO_ATLAS_READONLY_SCENARIO_SPEC_CANDIDATE","ATLAS_READONLY_ADVISORY_ONLY","false","false","false","false","false","F06 audit/spec only; Atlas scenario/context candidate; never runtime reality claim"
"BRANCHABLE_ATLAS","atlas/source_extraction/","F06_ATLAS","FILE_PLAN_ALL 1423 BRANCHABLE_ATLAS OBSIDIA_BRANCHABLE_ATLAS_FULL_V0_5_DEEP_FINAL_AUDIT/docs/full_doc_extraction/tables/DOCX_TABLE_0631.md atlas/source_extraction/ DOCX_TABLE_0631.md md P4_ATLAS_EVIDENCE_OR_DOCS F06 0 0 0 0 1  NOT_FOUND_LOC","INTEGRATE_TO_ATLAS_READONLY_SCENARIO_SPEC_CANDIDATE","ATLAS_READONLY_ADVISORY_ONLY","false","false","false","false","false","F06 audit/spec only; Atlas scenario/context candidate; never runtime reality claim"
"BRANCHABLE_ATLAS","atlas/source_extraction/","F06_ATLAS","FILE_PLAN_ALL 1424 BRANCHABLE_ATLAS OBSIDIA_BRANCHABLE_ATLAS_FULL_V0_5_DEEP_FINAL_AUDIT/docs/full_doc_extraction/tables/DOCX_TABLE_0632.md atlas/source_extraction/ DOCX_TABLE_0632.md md P4_ATLAS_EVIDENCE_OR_DOCS F06 0 0 0 0 1  NOT_FOUND_LOC","INTEGRATE_TO_ATLAS_READONLY_SCENARIO_SPEC_CANDIDATE","ATLAS_READONLY_ADVISORY_ONLY","false","false","false","false","false","F06 audit/spec only; Atlas scenario/context candidate; never runtime reality claim"
"BRANCHABLE_ATLAS","atlas/source_extraction/","F06_ATLAS","FILE_PLAN_ALL 1425 BRANCHABLE_ATLAS OBSIDIA_BRANCHABLE_ATLAS_FULL_V0_5_DEEP_FINAL_AUDIT/docs/full_doc_extraction/tables/DOCX_TABLE_0633.md atlas/source_extraction/ DOCX_TABLE_0633.md md P4_ATLAS_EVIDENCE_OR_DOCS F06 0 0 0 0 1  NOT_FOUND_LOC","INTEGRATE_TO_ATLAS_READONLY_SCENARIO_SPEC_CANDIDATE","ATLAS_READONLY_ADVISORY_ONLY","false","false","false","false","false","F06 audit/spec only; Atlas scenario/context candidate; never runtime reality claim"
"BRANCHABLE_ATLAS","atlas/source_extraction/","F06_ATLAS","FILE_PLAN_ALL 1426 BRANCHABLE_ATLAS OBSIDIA_BRANCHABLE_ATLAS_FULL_V0_5_DEEP_FINAL_AUDIT/docs/full_doc_extraction/tables/DOCX_TABLE_0634.md atlas/source_extraction/ DOCX_TABLE_0634.md md P4_ATLAS_EVIDENCE_OR_DOCS F06 0 0 0 0 1  NOT_FOUND_LOC","INTEGRATE_TO_ATLAS_READONLY_SCENARIO_SPEC_CANDIDATE","ATLAS_READONLY_ADVISORY_ONLY","false","false","false","false","false","F06 audit/spec only; Atlas scenario/context candidate; never runtime reality claim"
"BRANCHABLE_ATLAS","atlas/source_extraction/","F06_ATLAS","FILE_PLAN_ALL 1427 BRANCHABLE_ATLAS OBSIDIA_BRANCHABLE_ATLAS_FULL_V0_5_DEEP_FINAL_AUDIT/docs/full_doc_extraction/tables/DOCX_TABLE_0635.md atlas/source_extraction/ DOCX_TABLE_0635.md md P4_ATLAS_EVIDENCE_OR_DOCS F06 0 0 0 0 1  NOT_FOUND_LOC","INTEGRATE_TO_ATLAS_READONLY_SCENARIO_SPEC_CANDIDATE","ATLAS_READONLY_ADVISORY_ONLY","false","false","false","false","false","F06 audit/spec only; Atlas scenario/context candidate; never runtime reality claim"
"BRANCHABLE_ATLAS","atlas/source_extraction/","F06_ATLAS","FILE_PLAN_ALL 1428 BRANCHABLE_ATLAS OBSIDIA_BRANCHABLE_ATLAS_FULL_V0_5_DEEP_FINAL_AUDIT/docs/full_doc_extraction/tables/DOCX_TABLE_0636.md atlas/source_extraction/ DOCX_TABLE_0636.md md P4_ATLAS_EVIDENCE_OR_DOCS F06 0 0 0 0 1  NOT_FOUND_LOC","INTEGRATE_TO_ATLAS_READONLY_SCENARIO_SPEC_CANDIDATE","ATLAS_READONLY_ADVISORY_ONLY","false","false","false","false","false","F06 audit/spec only; Atlas scenario/context candidate; never runtime reality claim"
"BRANCHABLE_ATLAS","atlas/source_extraction/","F06_ATLAS","FILE_PLAN_ALL 1429 BRANCHABLE_ATLAS OBSIDIA_BRANCHABLE_ATLAS_FULL_V0_5_DEEP_FINAL_AUDIT/docs/full_doc_extraction/tables/DOCX_TABLE_0637.md atlas/source_extraction/ DOCX_TABLE_0637.md md P4_ATLAS_EVIDENCE_OR_DOCS F06 0 0 0 0 1  NOT_FOUND_LOC","INTEGRATE_TO_ATLAS_READONLY_SCENARIO_SPEC_CANDIDATE","ATLAS_READONLY_ADVISORY_ONLY","false","false","false","false","false","F06 audit/spec only; Atlas scenario/context candidate; never runtime reality claim"
"BRANCHABLE_ATLAS","atlas/source_extraction/","F06_ATLAS","FILE_PLAN_ALL 1430 BRANCHABLE_ATLAS OBSIDIA_BRANCHABLE_ATLAS_FULL_V0_5_DEEP_FINAL_AUDIT/docs/full_doc_extraction/tables/DOCX_TABLE_0638.md atlas/source_extraction/ DOCX_TABLE_0638.md md P4_ATLAS_EVIDENCE_OR_DOCS F06 0 0 0 0 1  NOT_FOUND_LOC","INTEGRATE_TO_ATLAS_READONLY_SCENARIO_SPEC_CANDIDATE","ATLAS_READONLY_ADVISORY_ONLY","false","false","false","false","false","F06 audit/spec only; Atlas scenario/context candidate; never runtime reality claim"
"BRANCHABLE_ATLAS","atlas/source_extraction/","F06_ATLAS","FILE_PLAN_ALL 1431 BRANCHABLE_ATLAS OBSIDIA_BRANCHABLE_ATLAS_FULL_V0_5_DEEP_FINAL_AUDIT/docs/full_doc_extraction/tables/DOCX_TABLE_0639.md atlas/source_extraction/ DOCX_TABLE_0639.md md P4_ATLAS_EVIDENCE_OR_DOCS F06 0 0 0 0 1  NOT_FOUND_LOC","INTEGRATE_TO_ATLAS_READONLY_SCENARIO_SPEC_CANDIDATE","ATLAS_READONLY_ADVISORY_ONLY","false","false","false","false","false","F06 audit/spec only; Atlas scenario/context candidate; never runtime reality claim"
"BRANCHABLE_ATLAS","atlas/source_extraction/","F06_ATLAS","FILE_PLAN_ALL 1432 BRANCHABLE_ATLAS OBSIDIA_BRANCHABLE_ATLAS_FULL_V0_5_DEEP_FINAL_AUDIT/docs/full_doc_extraction/tables/DOCX_TABLE_0640.md atlas/source_extraction/ DOCX_TABLE_0640.md md P4_ATLAS_EVIDENCE_OR_DOCS F06 0 0 0 0 1  NOT_FOUND_LOC","INTEGRATE_TO_ATLAS_READONLY_SCENARIO_SPEC_CANDIDATE","ATLAS_READONLY_ADVISORY_ONLY","false","false","false","false","false","F06 audit/spec only; Atlas scenario/context candidate; never runtime reality claim"
"BRANCHABLE_ATLAS","atlas/source_extraction/","F06_ATLAS","FILE_PLAN_ALL 1433 BRANCHABLE_ATLAS OBSIDIA_BRANCHABLE_ATLAS_FULL_V0_5_DEEP_FINAL_AUDIT/docs/full_doc_extraction/tables/DOCX_TABLE_0641.md atlas/source_extraction/ DOCX_TABLE_0641.md md P4_ATLAS_EVIDENCE_OR_DOCS F06 0 0 0 0 1  NOT_FOUND_LOC","INTEGRATE_TO_ATLAS_READONLY_SCENARIO_SPEC_CANDIDATE","ATLAS_READONLY_ADVISORY_ONLY","false","false","false","false","false","F06 audit/spec only; Atlas scenario/context candidate; never runtime reality claim"
"BRANCHABLE_ATLAS","atlas/source_extraction/","F06_ATLAS","FILE_PLAN_ALL 1434 BRANCHABLE_ATLAS OBSIDIA_BRANCHABLE_ATLAS_FULL_V0_5_DEEP_FINAL_AUDIT/docs/full_doc_extraction/tables/DOCX_TABLE_0642.md atlas/source_extraction/ DOCX_TABLE_0642.md md P4_ATLAS_EVIDENCE_OR_DOCS F06 0 0 0 0 1  NOT_FOUND_LOC","INTEGRATE_TO_ATLAS_READONLY_SCENARIO_SPEC_CANDIDATE","ATLAS_READONLY_ADVISORY_ONLY","false","false","false","false","false","F06 audit/spec only; Atlas scenario/context candidate; never runtime reality claim"
"BRANCHABLE_ATLAS","atlas/source_extraction/","F06_ATLAS","FILE_PLAN_ALL 1435 BRANCHABLE_ATLAS OBSIDIA_BRANCHABLE_ATLAS_FULL_V0_5_DEEP_FINAL_AUDIT/docs/full_doc_extraction/tables/DOCX_TABLE_0643.md atlas/source_extraction/ DOCX_TABLE_0643.md md P4_ATLAS_EVIDENCE_OR_DOCS F06 0 0 0 0 1  NOT_FOUND_LOC","INTEGRATE_TO_ATLAS_READONLY_SCENARIO_SPEC_CANDIDATE","ATLAS_READONLY_ADVISORY_ONLY","false","false","false","false","false","F06 audit/spec only; Atlas scenario/context candidate; never runtime reality claim"
"BRANCHABLE_ATLAS","atlas/source_extraction/","F06_ATLAS","FILE_PLAN_ALL 1436 BRANCHABLE_ATLAS OBSIDIA_BRANCHABLE_ATLAS_FULL_V0_5_DEEP_FINAL_AUDIT/docs/full_doc_extraction/tables/DOCX_TABLE_0644.md atlas/source_extraction/ DOCX_TABLE_0644.md md P4_ATLAS_EVIDENCE_OR_DOCS F06 0 0 0 0 1  NOT_FOUND_LOC","INTEGRATE_TO_ATLAS_READONLY_SCENARIO_SPEC_CANDIDATE","ATLAS_READONLY_ADVISORY_ONLY","false","false","false","false","false","F06 audit/spec only; Atlas scenario/context candidate; never runtime reality claim"
"BRANCHABLE_ATLAS","atlas/source_extraction/","F06_ATLAS","FILE_PLAN_ALL 1437 BRANCHABLE_ATLAS OBSIDIA_BRANCHABLE_ATLAS_FULL_V0_5_DEEP_FINAL_AUDIT/docs/full_doc_extraction/tables/DOCX_TABLE_0645.md atlas/source_extraction/ DOCX_TABLE_0645.md md P4_ATLAS_EVIDENCE_OR_DOCS F06 0 0 0 0 1  NOT_FOUND_LOC","INTEGRATE_TO_ATLAS_READONLY_SCENARIO_SPEC_CANDIDATE","ATLAS_READONLY_ADVISORY_ONLY","false","false","false","false","false","F06 audit/spec only; Atlas scenario/context candidate; never runtime reality claim"
"BRANCHABLE_ATLAS","atlas/source_extraction/","F06_ATLAS","FILE_PLAN_ALL 1438 BRANCHABLE_ATLAS OBSIDIA_BRANCHABLE_ATLAS_FULL_V0_5_DEEP_FINAL_AUDIT/docs/full_doc_extraction/tables/DOCX_TABLE_0646.md atlas/source_extraction/ DOCX_TABLE_0646.md md P4_ATLAS_EVIDENCE_OR_DOCS F06 0 0 0 0 1  NOT_FOUND_LOC","INTEGRATE_TO_ATLAS_READONLY_SCENARIO_SPEC_CANDIDATE","ATLAS_READONLY_ADVISORY_ONLY","false","false","false","false","false","F06 audit/spec only; Atlas scenario/context candidate; never runtime reality claim"
"BRANCHABLE_ATLAS","atlas/source_extraction/","F06_ATLAS","FILE_PLAN_ALL 1439 BRANCHABLE_ATLAS OBSIDIA_BRANCHABLE_ATLAS_FULL_V0_5_DEEP_FINAL_AUDIT/docs/full_doc_extraction/tables/DOCX_TABLE_0647.md atlas/source_extraction/ DOCX_TABLE_0647.md md P4_ATLAS_EVIDENCE_OR_DOCS F06 0 0 0 0 1  NOT_FOUND_LOC","INTEGRATE_TO_ATLAS_READONLY_SCENARIO_SPEC_CANDIDATE","ATLAS_READONLY_ADVISORY_ONLY","false","false","false","false","false","F06 audit/spec only; Atlas scenario/context candidate; never runtime reality claim"
"BRANCHABLE_ATLAS","atlas/source_extraction/","F06_ATLAS","FILE_PLAN_ALL 1440 BRANCHABLE_ATLAS OBSIDIA_BRANCHABLE_ATLAS_FULL_V0_5_DEEP_FINAL_AUDIT/docs/full_doc_extraction/tables/DOCX_TABLE_0648.md atlas/source_extraction/ DOCX_TABLE_0648.md md P4_ATLAS_EVIDENCE_OR_DOCS F06 0 0 0 0 1  NOT_FOUND_LOC","INTEGRATE_TO_ATLAS_READONLY_SCENARIO_SPEC_CANDIDATE","ATLAS_READONLY_ADVISORY_ONLY","false","false","false","false","false","F06 audit/spec only; Atlas scenario/context candidate; never runtime reality claim"
"BRANCHABLE_ATLAS","atlas/source_extraction/","F06_ATLAS","FILE_PLAN_ALL 1441 BRANCHABLE_ATLAS OBSIDIA_BRANCHABLE_ATLAS_FULL_V0_5_DEEP_FINAL_AUDIT/docs/full_doc_extraction/tables/DOCX_TABLE_0649.md atlas/source_extraction/ DOCX_TABLE_0649.md md P4_ATLAS_EVIDENCE_OR_DOCS F06 0 0 0 0 1  NOT_FOUND_LOC","INTEGRATE_TO_ATLAS_READONLY_SCENARIO_SPEC_CANDIDATE","ATLAS_READONLY_ADVISORY_ONLY","false","false","false","false","false","F06 audit/spec only; Atlas scenario/context candidate; never runtime reality claim"
"BRANCHABLE_ATLAS","atlas/source_extraction/","F06_ATLAS","FILE_PLAN_ALL 1442 BRANCHABLE_ATLAS OBSIDIA_BRANCHABLE_ATLAS_FULL_V0_5_DEEP_FINAL_AUDIT/docs/full_doc_extraction/tables/DOCX_TABLE_0650.md atlas/source_extraction/ DOCX_TABLE_0650.md md P4_ATLAS_EVIDENCE_OR_DOCS F06 0 0 0 0 1  NOT_FOUND_LOC","INTEGRATE_TO_ATLAS_READONLY_SCENARIO_SPEC_CANDIDATE","ATLAS_READONLY_ADVISORY_ONLY","false","false","false","false","false","F06 audit/spec only; Atlas scenario/context candidate; never runtime reality claim"
"BRANCHABLE_ATLAS","atlas/source_extraction/","F06_ATLAS","FILE_PLAN_ALL 1443 BRANCHABLE_ATLAS OBSIDIA_BRANCHABLE_ATLAS_FULL_V0_5_DEEP_FINAL_AUDIT/docs/full_doc_extraction/tables/DOCX_TABLE_0651.md atlas/source_extraction/ DOCX_TABLE_0651.md md P4_ATLAS_EVIDENCE_OR_DOCS F06 0 0 0 0 1  NOT_FOUND_LOC","INTEGRATE_TO_ATLAS_READONLY_SCENARIO_SPEC_CANDIDATE","ATLAS_READONLY_ADVISORY_ONLY","false","false","false","false","false","F06 audit/spec only; Atlas scenario/context candidate; never runtime reality claim"
"BRANCHABLE_ATLAS","atlas/source_extraction/","F06_ATLAS","FILE_PLAN_ALL 1444 BRANCHABLE_ATLAS OBSIDIA_BRANCHABLE_ATLAS_FULL_V0_5_DEEP_FINAL_AUDIT/docs/full_doc_extraction/tables/DOCX_TABLE_0652.md atlas/source_extraction/ DOCX_TABLE_0652.md md P4_ATLAS_EVIDENCE_OR_DOCS F06 0 0 0 0 1  NOT_FOUND_LOC","INTEGRATE_TO_ATLAS_READONLY_SCENARIO_SPEC_CANDIDATE","ATLAS_READONLY_ADVISORY_ONLY","false","false","false","false","false","F06 audit/spec only; Atlas scenario/context candidate; never runtime reality claim"
"BRANCHABLE_ATLAS","atlas/source_extraction/","F06_ATLAS","FILE_PLAN_ALL 1445 BRANCHABLE_ATLAS OBSIDIA_BRANCHABLE_ATLAS_FULL_V0_5_DEEP_FINAL_AUDIT/docs/full_doc_extraction/tables/DOCX_TABLE_0653.md atlas/source_extraction/ DOCX_TABLE_0653.md md P4_ATLAS_EVIDENCE_OR_DOCS F06 0 0 0 0 1  NOT_FOUND_LOC","INTEGRATE_TO_ATLAS_READONLY_SCENARIO_SPEC_CANDIDATE","ATLAS_READONLY_ADVISORY_ONLY","false","false","false","false","false","F06 audit/spec only; Atlas scenario/context candidate; never runtime reality claim"
"BRANCHABLE_ATLAS","atlas/source_extraction/","F06_ATLAS","FILE_PLAN_ALL 1446 BRANCHABLE_ATLAS OBSIDIA_BRANCHABLE_ATLAS_FULL_V0_5_DEEP_FINAL_AUDIT/docs/full_doc_extraction/tables/DOCX_TABLE_0654.md atlas/source_extraction/ DOCX_TABLE_0654.md md P4_ATLAS_EVIDENCE_OR_DOCS F06 0 0 0 0 1  NOT_FOUND_LOC","INTEGRATE_TO_ATLAS_READONLY_SCENARIO_SPEC_CANDIDATE","ATLAS_READONLY_ADVISORY_ONLY","false","false","false","false","false","F06 audit/spec only; Atlas scenario/context candidate; never runtime reality claim"
"BRANCHABLE_ATLAS","atlas/source_extraction/","F06_ATLAS","FILE_PLAN_ALL 1447 BRANCHABLE_ATLAS OBSIDIA_BRANCHABLE_ATLAS_FULL_V0_5_DEEP_FINAL_AUDIT/docs/full_doc_extraction/tables/DOCX_TABLE_0655.md atlas/source_extraction/ DOCX_TABLE_0655.md md P4_ATLAS_EVIDENCE_OR_DOCS F06 0 0 0 0 1  NOT_FOUND_LOC","INTEGRATE_TO_ATLAS_READONLY_SCENARIO_SPEC_CANDIDATE","ATLAS_READONLY_ADVISORY_ONLY","false","false","false","false","false","F06 audit/spec only; Atlas scenario/context candidate; never runtime reality claim"
"BRANCHABLE_ATLAS","atlas/source_extraction/","F06_ATLAS","FILE_PLAN_ALL 1448 BRANCHABLE_ATLAS OBSIDIA_BRANCHABLE_ATLAS_FULL_V0_5_DEEP_FINAL_AUDIT/docs/full_doc_extraction/tables/DOCX_TABLE_0656.md atlas/source_extraction/ DOCX_TABLE_0656.md md P4_ATLAS_EVIDENCE_OR_DOCS F06 0 0 0 0 1  NOT_FOUND_LOC","INTEGRATE_TO_ATLAS_READONLY_SCENARIO_SPEC_CANDIDATE","ATLAS_READONLY_ADVISORY_ONLY","false","false","false","false","false","F06 audit/spec only; Atlas scenario/context candidate; never runtime reality claim"
"BRANCHABLE_ATLAS","atlas/source_extraction/","F06_ATLAS","FILE_PLAN_ALL 1449 BRANCHABLE_ATLAS OBSIDIA_BRANCHABLE_ATLAS_FULL_V0_5_DEEP_FINAL_AUDIT/docs/full_doc_extraction/tables/DOCX_TABLE_0657.md atlas/source_extraction/ DOCX_TABLE_0657.md md P4_ATLAS_EVIDENCE_OR_DOCS F06 0 0 0 0 1  NOT_FOUND_LOC","INTEGRATE_TO_ATLAS_READONLY_SCENARIO_SPEC_CANDIDATE","ATLAS_READONLY_ADVISORY_ONLY","false","false","false","false","false","F06 audit/spec only; Atlas scenario/context candidate; never runtime reality claim"
"BRANCHABLE_ATLAS","atlas/source_extraction/","F06_ATLAS","FILE_PLAN_ALL 1450 BRANCHABLE_ATLAS OBSIDIA_BRANCHABLE_ATLAS_FULL_V0_5_DEEP_FINAL_AUDIT/docs/full_doc_extraction/tables/DOCX_TABLE_0658.md atlas/source_extraction/ DOCX_TABLE_0658.md md P4_ATLAS_EVIDENCE_OR_DOCS F06 0 0 0 0 1  NOT_FOUND_LOC","INTEGRATE_TO_ATLAS_READONLY_SCENARIO_SPEC_CANDIDATE","ATLAS_READONLY_ADVISORY_ONLY","false","false","false","false","false","F06 audit/spec only; Atlas scenario/context candidate; never runtime reality claim"
"BRANCHABLE_ATLAS","atlas/source_extraction/","F06_ATLAS","FILE_PLAN_ALL 1451 BRANCHABLE_ATLAS OBSIDIA_BRANCHABLE_ATLAS_FULL_V0_5_DEEP_FINAL_AUDIT/docs/full_doc_extraction/tables/DOCX_TABLE_0659.md atlas/source_extraction/ DOCX_TABLE_0659.md md P4_ATLAS_EVIDENCE_OR_DOCS F06 0 0 0 0 1  NOT_FOUND_LOC","INTEGRATE_TO_ATLAS_READONLY_SCENARIO_SPEC_CANDIDATE","ATLAS_READONLY_ADVISORY_ONLY","false","false","false","false","false","F06 audit/spec only; Atlas scenario/context candidate; never runtime reality claim"
"BRANCHABLE_ATLAS","atlas/source_extraction/","F06_ATLAS","FILE_PLAN_ALL 1452 BRANCHABLE_ATLAS OBSIDIA_BRANCHABLE_ATLAS_FULL_V0_5_DEEP_FINAL_AUDIT/docs/full_doc_extraction/tables/DOCX_TABLE_0660.md atlas/source_extraction/ DOCX_TABLE_0660.md md P4_ATLAS_EVIDENCE_OR_DOCS F06 0 0 0 0 1  NOT_FOUND_LOC","INTEGRATE_TO_ATLAS_READONLY_SCENARIO_SPEC_CANDIDATE","ATLAS_READONLY_ADVISORY_ONLY","false","false","false","false","false","F06 audit/spec only; Atlas scenario/context candidate; never runtime reality claim"
"BRANCHABLE_ATLAS","atlas/source_extraction/","F06_ATLAS","FILE_PLAN_ALL 1453 BRANCHABLE_ATLAS OBSIDIA_BRANCHABLE_ATLAS_FULL_V0_5_DEEP_FINAL_AUDIT/docs/full_doc_extraction/tables/DOCX_TABLE_0661.md atlas/source_extraction/ DOCX_TABLE_0661.md md P4_ATLAS_EVIDENCE_OR_DOCS F06 0 0 0 0 1  NOT_FOUND_LOC","INTEGRATE_TO_ATLAS_READONLY_SCENARIO_SPEC_CANDIDATE","ATLAS_READONLY_ADVISORY_ONLY","false","false","false","false","false","F06 audit/spec only; Atlas scenario/context candidate; never runtime reality claim"
"BRANCHABLE_ATLAS","atlas/source_extraction/","F06_ATLAS","FILE_PLAN_ALL 1454 BRANCHABLE_ATLAS OBSIDIA_BRANCHABLE_ATLAS_FULL_V0_5_DEEP_FINAL_AUDIT/docs/full_doc_extraction/tables/DOCX_TABLE_0662.md atlas/source_extraction/ DOCX_TABLE_0662.md md P4_ATLAS_EVIDENCE_OR_DOCS F06 0 0 0 0 1  NOT_FOUND_LOC","INTEGRATE_TO_ATLAS_READONLY_SCENARIO_SPEC_CANDIDATE","ATLAS_READONLY_ADVISORY_ONLY","false","false","false","false","false","F06 audit/spec only; Atlas scenario/context candidate; never runtime reality claim"
"BRANCHABLE_ATLAS","atlas/source_extraction/","F06_ATLAS","FILE_PLAN_ALL 1455 BRANCHABLE_ATLAS OBSIDIA_BRANCHABLE_ATLAS_FULL_V0_5_DEEP_FINAL_AUDIT/docs/full_doc_extraction/tables/DOCX_TABLE_0663.md atlas/source_extraction/ DOCX_TABLE_0663.md md P4_ATLAS_EVIDENCE_OR_DOCS F06 0 0 0 0 1  NOT_FOUND_LOC","INTEGRATE_TO_ATLAS_READONLY_SCENARIO_SPEC_CANDIDATE","ATLAS_READONLY_ADVISORY_ONLY","false","false","false","false","false","F06 audit/spec only; Atlas scenario/context candidate; never runtime reality claim"
"BRANCHABLE_ATLAS","atlas/source_extraction/","F06_ATLAS","FILE_PLAN_ALL 1456 BRANCHABLE_ATLAS OBSIDIA_BRANCHABLE_ATLAS_FULL_V0_5_DEEP_FINAL_AUDIT/docs/full_doc_extraction/tables/DOCX_TABLE_0664.md atlas/source_extraction/ DOCX_TABLE_0664.md md P4_ATLAS_EVIDENCE_OR_DOCS F06 0 0 0 0 1  NOT_FOUND_LOC","INTEGRATE_TO_ATLAS_READONLY_SCENARIO_SPEC_CANDIDATE","ATLAS_READONLY_ADVISORY_ONLY","false","false","false","false","false","F06 audit/spec only; Atlas scenario/context candidate; never runtime reality claim"
"BRANCHABLE_ATLAS","atlas/source_extraction/","F06_ATLAS","FILE_PLAN_ALL 1457 BRANCHABLE_ATLAS OBSIDIA_BRANCHABLE_ATLAS_FULL_V0_5_DEEP_FINAL_AUDIT/docs/full_doc_extraction/tables/DOCX_TABLE_0665.md atlas/source_extraction/ DOCX_TABLE_0665.md md P4_ATLAS_EVIDENCE_OR_DOCS F06 0 0 0 0 1  NOT_FOUND_LOC","INTEGRATE_TO_ATLAS_READONLY_SCENARIO_SPEC_CANDIDATE","ATLAS_READONLY_ADVISORY_ONLY","false","false","false","false","false","F06 audit/spec only; Atlas scenario/context candidate; never runtime reality claim"
"BRANCHABLE_ATLAS","atlas/source_extraction/","F06_ATLAS","FILE_PLAN_ALL 1458 BRANCHABLE_ATLAS OBSIDIA_BRANCHABLE_ATLAS_FULL_V0_5_DEEP_FINAL_AUDIT/docs/full_doc_extraction/tables/DOCX_TABLE_0666.md atlas/source_extraction/ DOCX_TABLE_0666.md md P4_ATLAS_EVIDENCE_OR_DOCS F06 0 0 0 0 1  NOT_FOUND_LOC","INTEGRATE_TO_ATLAS_READONLY_SCENARIO_SPEC_CANDIDATE","ATLAS_READONLY_ADVISORY_ONLY","false","false","false","false","false","F06 audit/spec only; Atlas scenario/context candidate; never runtime reality claim"
"BRANCHABLE_ATLAS","atlas/source_extraction/","F06_ATLAS","FILE_PLAN_ALL 1459 BRANCHABLE_ATLAS OBSIDIA_BRANCHABLE_ATLAS_FULL_V0_5_DEEP_FINAL_AUDIT/docs/full_doc_extraction/tables/DOCX_TABLE_0667.md atlas/source_extraction/ DOCX_TABLE_0667.md md P4_ATLAS_EVIDENCE_OR_DOCS F06 0 0 0 0 1  NOT_FOUND_LOC","INTEGRATE_TO_ATLAS_READONLY_SCENARIO_SPEC_CANDIDATE","ATLAS_READONLY_ADVISORY_ONLY","false","false","false","false","false","F06 audit/spec only; Atlas scenario/context candidate; never runtime reality claim"
"BRANCHABLE_ATLAS","atlas/source_extraction/","F06_ATLAS","FILE_PLAN_ALL 1460 BRANCHABLE_ATLAS OBSIDIA_BRANCHABLE_ATLAS_FULL_V0_5_DEEP_FINAL_AUDIT/docs/full_doc_extraction/tables/DOCX_TABLE_0668.md atlas/source_extraction/ DOCX_TABLE_0668.md md P4_ATLAS_EVIDENCE_OR_DOCS F06 0 0 0 0 1  NOT_FOUND_LOC","INTEGRATE_TO_ATLAS_READONLY_SCENARIO_SPEC_CANDIDATE","ATLAS_READONLY_ADVISORY_ONLY","false","false","false","false","false","F06 audit/spec only; Atlas scenario/context candidate; never runtime reality claim"
"BRANCHABLE_ATLAS","atlas/source_extraction/","F06_ATLAS","FILE_PLAN_ALL 1461 BRANCHABLE_ATLAS OBSIDIA_BRANCHABLE_ATLAS_FULL_V0_5_DEEP_FINAL_AUDIT/docs/full_doc_extraction/tables/DOCX_TABLE_0669.md atlas/source_extraction/ DOCX_TABLE_0669.md md P4_ATLAS_EVIDENCE_OR_DOCS F06 0 0 0 0 1  NOT_FOUND_LOC","INTEGRATE_TO_ATLAS_READONLY_SCENARIO_SPEC_CANDIDATE","ATLAS_READONLY_ADVISORY_ONLY","false","false","false","false","false","F06 audit/spec only; Atlas scenario/context candidate; never runtime reality claim"
"BRANCHABLE_ATLAS","atlas/source_extraction/","F06_ATLAS","FILE_PLAN_ALL 1462 BRANCHABLE_ATLAS OBSIDIA_BRANCHABLE_ATLAS_FULL_V0_5_DEEP_FINAL_AUDIT/docs/full_doc_extraction/tables/DOCX_TABLE_0670.md atlas/source_extraction/ DOCX_TABLE_0670.md md P4_ATLAS_EVIDENCE_OR_DOCS F06 0 0 0 0 1  NOT_FOUND_LOC","INTEGRATE_TO_ATLAS_READONLY_SCENARIO_SPEC_CANDIDATE","ATLAS_READONLY_ADVISORY_ONLY","false","false","false","false","false","F06 audit/spec only; Atlas scenario/context candidate; never runtime reality claim"
"BRANCHABLE_ATLAS","atlas/source_extraction/","F06_ATLAS","FILE_PLAN_ALL 1463 BRANCHABLE_ATLAS OBSIDIA_BRANCHABLE_ATLAS_FULL_V0_5_DEEP_FINAL_AUDIT/docs/full_doc_extraction/tables/DOCX_TABLE_0671.md atlas/source_extraction/ DOCX_TABLE_0671.md md P4_ATLAS_EVIDENCE_OR_DOCS F06 0 0 0 0 1  NOT_FOUND_LOC","INTEGRATE_TO_ATLAS_READONLY_SCENARIO_SPEC_CANDIDATE","ATLAS_READONLY_ADVISORY_ONLY","false","false","false","false","false","F06 audit/spec only; Atlas scenario/context candidate; never runtime reality claim"
"BRANCHABLE_ATLAS","atlas/source_extraction/","F06_ATLAS","FILE_PLAN_ALL 1464 BRANCHABLE_ATLAS OBSIDIA_BRANCHABLE_ATLAS_FULL_V0_5_DEEP_FINAL_AUDIT/docs/full_doc_extraction/tables/DOCX_TABLE_0672.md atlas/source_extraction/ DOCX_TABLE_0672.md md P4_ATLAS_EVIDENCE_OR_DOCS F06 0 0 0 0 1  NOT_FOUND_LOC","INTEGRATE_TO_ATLAS_READONLY_SCENARIO_SPEC_CANDIDATE","ATLAS_READONLY_ADVISORY_ONLY","false","false","false","false","false","F06 audit/spec only; Atlas scenario/context candidate; never runtime reality claim"
"BRANCHABLE_ATLAS","atlas/source_extraction/","F06_ATLAS","FILE_PLAN_ALL 1465 BRANCHABLE_ATLAS OBSIDIA_BRANCHABLE_ATLAS_FULL_V0_5_DEEP_FINAL_AUDIT/docs/full_doc_extraction/tables/DOCX_TABLE_0673.md atlas/source_extraction/ DOCX_TABLE_0673.md md P4_ATLAS_EVIDENCE_OR_DOCS F06 0 0 0 0 1  NOT_FOUND_LOC","INTEGRATE_TO_ATLAS_READONLY_SCENARIO_SPEC_CANDIDATE","ATLAS_READONLY_ADVISORY_ONLY","false","false","false","false","false","F06 audit/spec only; Atlas scenario/context candidate; never runtime reality claim"
"BRANCHABLE_ATLAS","atlas/source_extraction/","F06_ATLAS","FILE_PLAN_ALL 1466 BRANCHABLE_ATLAS OBSIDIA_BRANCHABLE_ATLAS_FULL_V0_5_DEEP_FINAL_AUDIT/docs/full_doc_extraction/tables/DOCX_TABLE_0674.md atlas/source_extraction/ DOCX_TABLE_0674.md md P4_ATLAS_EVIDENCE_OR_DOCS F06 0 0 0 0 1  NOT_FOUND_LOC","INTEGRATE_TO_ATLAS_READONLY_SCENARIO_SPEC_CANDIDATE","ATLAS_READONLY_ADVISORY_ONLY","false","false","false","false","false","F06 audit/spec only; Atlas scenario/context candidate; never runtime reality claim"
"BRANCHABLE_ATLAS","atlas/source_extraction/","F06_ATLAS","FILE_PLAN_ALL 1467 BRANCHABLE_ATLAS OBSIDIA_BRANCHABLE_ATLAS_FULL_V0_5_DEEP_FINAL_AUDIT/docs/full_doc_extraction/tables/DOCX_TABLE_0675.md atlas/source_extraction/ DOCX_TABLE_0675.md md P4_ATLAS_EVIDENCE_OR_DOCS F06 0 0 0 0 1  NOT_FOUND_LOC","INTEGRATE_TO_ATLAS_READONLY_SCENARIO_SPEC_CANDIDATE","ATLAS_READONLY_ADVISORY_ONLY","false","false","false","false","false","F06 audit/spec only; Atlas scenario/context candidate; never runtime reality claim"
"BRANCHABLE_ATLAS","atlas/source_extraction/","F06_ATLAS","FILE_PLAN_ALL 1468 BRANCHABLE_ATLAS OBSIDIA_BRANCHABLE_ATLAS_FULL_V0_5_DEEP_FINAL_AUDIT/docs/full_doc_extraction/tables/DOCX_TABLE_0676.md atlas/source_extraction/ DOCX_TABLE_0676.md md P4_ATLAS_EVIDENCE_OR_DOCS F06 0 0 0 0 1  NOT_FOUND_LOC","INTEGRATE_TO_ATLAS_READONLY_SCENARIO_SPEC_CANDIDATE","ATLAS_READONLY_ADVISORY_ONLY","false","false","false","false","false","F06 audit/spec only; Atlas scenario/context candidate; never runtime reality claim"
"BRANCHABLE_ATLAS","atlas/source_extraction/","F06_ATLAS","FILE_PLAN_ALL 1469 BRANCHABLE_ATLAS OBSIDIA_BRANCHABLE_ATLAS_FULL_V0_5_DEEP_FINAL_AUDIT/docs/full_doc_extraction/tables/DOCX_TABLE_0677.md atlas/source_extraction/ DOCX_TABLE_0677.md md P4_ATLAS_EVIDENCE_OR_DOCS F06 0 0 0 0 1  NOT_FOUND_LOC","INTEGRATE_TO_ATLAS_READONLY_SCENARIO_SPEC_CANDIDATE","ATLAS_READONLY_ADVISORY_ONLY","false","false","false","false","false","F06 audit/spec only; Atlas scenario/context candidate; never runtime reality claim"
"BRANCHABLE_ATLAS","atlas/source_extraction/","F06_ATLAS","FILE_PLAN_ALL 1470 BRANCHABLE_ATLAS OBSIDIA_BRANCHABLE_ATLAS_FULL_V0_5_DEEP_FINAL_AUDIT/docs/full_doc_extraction/tables/DOCX_TABLE_0678.md atlas/source_extraction/ DOCX_TABLE_0678.md md P4_ATLAS_EVIDENCE_OR_DOCS F06 0 0 0 0 1  NOT_FOUND_LOC","INTEGRATE_TO_ATLAS_READONLY_SCENARIO_SPEC_CANDIDATE","ATLAS_READONLY_ADVISORY_ONLY","false","false","false","false","false","F06 audit/spec only; Atlas scenario/context candidate; never runtime reality claim"
"BRANCHABLE_ATLAS","atlas/source_extraction/","F06_ATLAS","FILE_PLAN_ALL 1471 BRANCHABLE_ATLAS OBSIDIA_BRANCHABLE_ATLAS_FULL_V0_5_DEEP_FINAL_AUDIT/docs/full_doc_extraction/tables/DOCX_TABLE_0679.md atlas/source_extraction/ DOCX_TABLE_0679.md md P4_ATLAS_EVIDENCE_OR_DOCS F06 0 0 0 0 1  NOT_FOUND_LOC","INTEGRATE_TO_ATLAS_READONLY_SCENARIO_SPEC_CANDIDATE","ATLAS_READONLY_ADVISORY_ONLY","false","false","false","false","false","F06 audit/spec only; Atlas scenario/context candidate; never runtime reality claim"
"BRANCHABLE_ATLAS","atlas/source_extraction/","F06_ATLAS","FILE_PLAN_ALL 1472 BRANCHABLE_ATLAS OBSIDIA_BRANCHABLE_ATLAS_FULL_V0_5_DEEP_FINAL_AUDIT/docs/full_doc_extraction/tables/DOCX_TABLE_0680.md atlas/source_extraction/ DOCX_TABLE_0680.md md P4_ATLAS_EVIDENCE_OR_DOCS F06 0 0 0 0 1  NOT_FOUND_LOC","INTEGRATE_TO_ATLAS_READONLY_SCENARIO_SPEC_CANDIDATE","ATLAS_READONLY_ADVISORY_ONLY","false","false","false","false","false","F06 audit/spec only; Atlas scenario/context candidate; never runtime reality claim"
"BRANCHABLE_ATLAS","atlas/source_extraction/","F06_ATLAS","FILE_PLAN_ALL 1473 BRANCHABLE_ATLAS OBSIDIA_BRANCHABLE_ATLAS_FULL_V0_5_DEEP_FINAL_AUDIT/docs/full_doc_extraction/tables/DOCX_TABLE_0681.md atlas/source_extraction/ DOCX_TABLE_0681.md md P4_ATLAS_EVIDENCE_OR_DOCS F06 0 0 0 0 1  NOT_FOUND_LOC","INTEGRATE_TO_ATLAS_READONLY_SCENARIO_SPEC_CANDIDATE","ATLAS_READONLY_ADVISORY_ONLY","false","false","false","false","false","F06 audit/spec only; Atlas scenario/context candidate; never runtime reality claim"
"BRANCHABLE_ATLAS","atlas/source_extraction/","F06_ATLAS","FILE_PLAN_ALL 1474 BRANCHABLE_ATLAS OBSIDIA_BRANCHABLE_ATLAS_FULL_V0_5_DEEP_FINAL_AUDIT/docs/full_doc_extraction/tables/DOCX_TABLE_0682.md atlas/source_extraction/ DOCX_TABLE_0682.md md P4_ATLAS_EVIDENCE_OR_DOCS F06 0 0 0 0 1  NOT_FOUND_LOC","INTEGRATE_TO_ATLAS_READONLY_SCENARIO_SPEC_CANDIDATE","ATLAS_READONLY_ADVISORY_ONLY","false","false","false","false","false","F06 audit/spec only; Atlas scenario/context candidate; never runtime reality claim"
"BRANCHABLE_ATLAS","atlas/source_extraction/","F06_ATLAS","FILE_PLAN_ALL 1475 BRANCHABLE_ATLAS OBSIDIA_BRANCHABLE_ATLAS_FULL_V0_5_DEEP_FINAL_AUDIT/docs/full_doc_extraction/tables/DOCX_TABLE_0683.md atlas/source_extraction/ DOCX_TABLE_0683.md md P4_ATLAS_EVIDENCE_OR_DOCS F06 0 0 0 0 1  NOT_FOUND_LOC","INTEGRATE_TO_ATLAS_READONLY_SCENARIO_SPEC_CANDIDATE","ATLAS_READONLY_ADVISORY_ONLY","false","false","false","false","false","F06 audit/spec only; Atlas scenario/context candidate; never runtime reality claim"
"BRANCHABLE_ATLAS","atlas/source_extraction/","F06_ATLAS","FILE_PLAN_ALL 1476 BRANCHABLE_ATLAS OBSIDIA_BRANCHABLE_ATLAS_FULL_V0_5_DEEP_FINAL_AUDIT/docs/full_doc_extraction/tables/DOCX_TABLE_0684.md atlas/source_extraction/ DOCX_TABLE_0684.md md P4_ATLAS_EVIDENCE_OR_DOCS F06 0 0 0 0 1  NOT_FOUND_LOC","INTEGRATE_TO_ATLAS_READONLY_SCENARIO_SPEC_CANDIDATE","ATLAS_READONLY_ADVISORY_ONLY","false","false","false","false","false","F06 audit/spec only; Atlas scenario/context candidate; never runtime reality claim"
"BRANCHABLE_ATLAS","atlas/source_extraction/","F06_ATLAS","FILE_PLAN_ALL 1477 BRANCHABLE_ATLAS OBSIDIA_BRANCHABLE_ATLAS_FULL_V0_5_DEEP_FINAL_AUDIT/docs/full_doc_extraction/tables/DOCX_TABLE_0685.md atlas/source_extraction/ DOCX_TABLE_0685.md md P4_ATLAS_EVIDENCE_OR_DOCS F06 0 0 0 0 1  NOT_FOUND_LOC","INTEGRATE_TO_ATLAS_READONLY_SCENARIO_SPEC_CANDIDATE","ATLAS_READONLY_ADVISORY_ONLY","false","false","false","false","false","F06 audit/spec only; Atlas scenario/context candidate; never runtime reality claim"
"BRANCHABLE_ATLAS","atlas/source_extraction/","F06_ATLAS","FILE_PLAN_ALL 1478 BRANCHABLE_ATLAS OBSIDIA_BRANCHABLE_ATLAS_FULL_V0_5_DEEP_FINAL_AUDIT/docs/full_doc_extraction/tables/DOCX_TABLE_0686.md atlas/source_extraction/ DOCX_TABLE_0686.md md P4_ATLAS_EVIDENCE_OR_DOCS F06 0 0 0 0 1  NOT_FOUND_LOC","INTEGRATE_TO_ATLAS_READONLY_SCENARIO_SPEC_CANDIDATE","ATLAS_READONLY_ADVISORY_ONLY","false","false","false","false","false","F06 audit/spec only; Atlas scenario/context candidate; never runtime reality claim"
"BRANCHABLE_ATLAS","atlas/source_extraction/","F06_ATLAS","FILE_PLAN_ALL 1479 BRANCHABLE_ATLAS OBSIDIA_BRANCHABLE_ATLAS_FULL_V0_5_DEEP_FINAL_AUDIT/docs/full_doc_extraction/tables/DOCX_TABLE_0687.md atlas/source_extraction/ DOCX_TABLE_0687.md md P4_ATLAS_EVIDENCE_OR_DOCS F06 0 0 0 0 1  NOT_FOUND_LOC","INTEGRATE_TO_ATLAS_READONLY_SCENARIO_SPEC_CANDIDATE","ATLAS_READONLY_ADVISORY_ONLY","false","false","false","false","false","F06 audit/spec only; Atlas scenario/context candidate; never runtime reality claim"
"BRANCHABLE_ATLAS","atlas/source_extraction/","F06_ATLAS","FILE_PLAN_ALL 1480 BRANCHABLE_ATLAS OBSIDIA_BRANCHABLE_ATLAS_FULL_V0_5_DEEP_FINAL_AUDIT/docs/full_doc_extraction/tables/DOCX_TABLE_0688.md atlas/source_extraction/ DOCX_TABLE_0688.md md P4_ATLAS_EVIDENCE_OR_DOCS F06 0 0 0 0 1  NOT_FOUND_LOC","INTEGRATE_TO_ATLAS_READONLY_SCENARIO_SPEC_CANDIDATE","ATLAS_READONLY_ADVISORY_ONLY","false","false","false","false","false","F06 audit/spec only; Atlas scenario/context candidate; never runtime reality claim"
"BRANCHABLE_ATLAS","atlas/source_extraction/","F06_ATLAS","FILE_PLAN_ALL 1481 BRANCHABLE_ATLAS OBSIDIA_BRANCHABLE_ATLAS_FULL_V0_5_DEEP_FINAL_AUDIT/docs/full_doc_extraction/tables/DOCX_TABLE_0689.md atlas/source_extraction/ DOCX_TABLE_0689.md md P4_ATLAS_EVIDENCE_OR_DOCS F06 0 0 0 0 1  NOT_FOUND_LOC","INTEGRATE_TO_ATLAS_READONLY_SCENARIO_SPEC_CANDIDATE","ATLAS_READONLY_ADVISORY_ONLY","false","false","false","false","false","F06 audit/spec only; Atlas scenario/context candidate; never runtime reality claim"
"BRANCHABLE_ATLAS","atlas/source_extraction/","F06_ATLAS","FILE_PLAN_ALL 1482 BRANCHABLE_ATLAS OBSIDIA_BRANCHABLE_ATLAS_FULL_V0_5_DEEP_FINAL_AUDIT/docs/full_doc_extraction/tables/DOCX_TABLE_0690.md atlas/source_extraction/ DOCX_TABLE_0690.md md P4_ATLAS_EVIDENCE_OR_DOCS F06 0 0 0 0 1  NOT_FOUND_LOC","INTEGRATE_TO_ATLAS_READONLY_SCENARIO_SPEC_CANDIDATE","ATLAS_READONLY_ADVISORY_ONLY","false","false","false","false","false","F06 audit/spec only; Atlas scenario/context candidate; never runtime reality claim"
"BRANCHABLE_ATLAS","atlas/source_extraction/","F06_ATLAS","FILE_PLAN_ALL 1483 BRANCHABLE_ATLAS OBSIDIA_BRANCHABLE_ATLAS_FULL_V0_5_DEEP_FINAL_AUDIT/docs/full_doc_extraction/tables/DOCX_TABLE_0691.md atlas/source_extraction/ DOCX_TABLE_0691.md md P4_ATLAS_EVIDENCE_OR_DOCS F06 0 0 0 0 1  NOT_FOUND_LOC","INTEGRATE_TO_ATLAS_READONLY_SCENARIO_SPEC_CANDIDATE","ATLAS_READONLY_ADVISORY_ONLY","false","false","false","false","false","F06 audit/spec only; Atlas scenario/context candidate; never runtime reality claim"
"BRANCHABLE_ATLAS","atlas/source_extraction/","F06_ATLAS","FILE_PLAN_ALL 1484 BRANCHABLE_ATLAS OBSIDIA_BRANCHABLE_ATLAS_FULL_V0_5_DEEP_FINAL_AUDIT/docs/full_doc_extraction/tables/DOCX_TABLE_0692.md atlas/source_extraction/ DOCX_TABLE_0692.md md P4_ATLAS_EVIDENCE_OR_DOCS F06 0 0 0 0 1  NOT_FOUND_LOC","INTEGRATE_TO_ATLAS_READONLY_SCENARIO_SPEC_CANDIDATE","ATLAS_READONLY_ADVISORY_ONLY","false","false","false","false","false","F06 audit/spec only; Atlas scenario/context candidate; never runtime reality claim"
"BRANCHABLE_ATLAS","atlas/source_extraction/","F06_ATLAS","FILE_PLAN_ALL 1485 BRANCHABLE_ATLAS OBSIDIA_BRANCHABLE_ATLAS_FULL_V0_5_DEEP_FINAL_AUDIT/docs/full_doc_extraction/tables/DOCX_TABLE_0693.md atlas/source_extraction/ DOCX_TABLE_0693.md md P4_ATLAS_EVIDENCE_OR_DOCS F06 0 0 0 0 1  NOT_FOUND_LOC","INTEGRATE_TO_ATLAS_READONLY_SCENARIO_SPEC_CANDIDATE","ATLAS_READONLY_ADVISORY_ONLY","false","false","false","false","false","F06 audit/spec only; Atlas scenario/context candidate; never runtime reality claim"
"BRANCHABLE_ATLAS","atlas/source_extraction/","F06_ATLAS","FILE_PLAN_ALL 1486 BRANCHABLE_ATLAS OBSIDIA_BRANCHABLE_ATLAS_FULL_V0_5_DEEP_FINAL_AUDIT/docs/full_doc_extraction/tables/DOCX_TABLE_0694.md atlas/source_extraction/ DOCX_TABLE_0694.md md P4_ATLAS_EVIDENCE_OR_DOCS F06 0 0 0 0 1  NOT_FOUND_LOC","INTEGRATE_TO_ATLAS_READONLY_SCENARIO_SPEC_CANDIDATE","ATLAS_READONLY_ADVISORY_ONLY","false","false","false","false","false","F06 audit/spec only; Atlas scenario/context candidate; never runtime reality claim"
"BRANCHABLE_ATLAS","atlas/source_extraction/","F06_ATLAS","FILE_PLAN_ALL 1487 BRANCHABLE_ATLAS OBSIDIA_BRANCHABLE_ATLAS_FULL_V0_5_DEEP_FINAL_AUDIT/docs/full_doc_extraction/tables/DOCX_TABLE_0695.md atlas/source_extraction/ DOCX_TABLE_0695.md md P4_ATLAS_EVIDENCE_OR_DOCS F06 0 0 0 0 1  NOT_FOUND_LOC","INTEGRATE_TO_ATLAS_READONLY_SCENARIO_SPEC_CANDIDATE","ATLAS_READONLY_ADVISORY_ONLY","false","false","false","false","false","F06 audit/spec only; Atlas scenario/context candidate; never runtime reality claim"
"BRANCHABLE_ATLAS","atlas/source_extraction/","F06_ATLAS","FILE_PLAN_ALL 1488 BRANCHABLE_ATLAS OBSIDIA_BRANCHABLE_ATLAS_FULL_V0_5_DEEP_FINAL_AUDIT/docs/full_doc_extraction/tables/DOCX_TABLE_0696.md atlas/source_extraction/ DOCX_TABLE_0696.md md P4_ATLAS_EVIDENCE_OR_DOCS F06 0 0 0 0 1  NOT_FOUND_LOC","INTEGRATE_TO_ATLAS_READONLY_SCENARIO_SPEC_CANDIDATE","ATLAS_READONLY_ADVISORY_ONLY","false","false","false","false","false","F06 audit/spec only; Atlas scenario/context candidate; never runtime reality claim"
"BRANCHABLE_ATLAS","atlas/source_extraction/","F06_ATLAS","FILE_PLAN_ALL 1489 BRANCHABLE_ATLAS OBSIDIA_BRANCHABLE_ATLAS_FULL_V0_5_DEEP_FINAL_AUDIT/docs/full_doc_extraction/tables/DOCX_TABLE_0697.md atlas/source_extraction/ DOCX_TABLE_0697.md md P4_ATLAS_EVIDENCE_OR_DOCS F06 0 0 0 0 1  NOT_FOUND_LOC","INTEGRATE_TO_ATLAS_READONLY_SCENARIO_SPEC_CANDIDATE","ATLAS_READONLY_ADVISORY_ONLY","false","false","false","false","false","F06 audit/spec only; Atlas scenario/context candidate; never runtime reality claim"
"BRANCHABLE_ATLAS","atlas/source_extraction/","F06_ATLAS","FILE_PLAN_ALL 1490 BRANCHABLE_ATLAS OBSIDIA_BRANCHABLE_ATLAS_FULL_V0_5_DEEP_FINAL_AUDIT/docs/full_doc_extraction/tables/DOCX_TABLE_0698.md atlas/source_extraction/ DOCX_TABLE_0698.md md P4_ATLAS_EVIDENCE_OR_DOCS F06 0 0 0 0 1  NOT_FOUND_LOC","INTEGRATE_TO_ATLAS_READONLY_SCENARIO_SPEC_CANDIDATE","ATLAS_READONLY_ADVISORY_ONLY","false","false","false","false","false","F06 audit/spec only; Atlas scenario/context candidate; never runtime reality claim"
"BRANCHABLE_ATLAS","atlas/source_extraction/","F06_ATLAS","FILE_PLAN_ALL 1491 BRANCHABLE_ATLAS OBSIDIA_BRANCHABLE_ATLAS_FULL_V0_5_DEEP_FINAL_AUDIT/docs/full_doc_extraction/tables/DOCX_TABLE_0699.md atlas/source_extraction/ DOCX_TABLE_0699.md md P4_ATLAS_EVIDENCE_OR_DOCS F06 0 0 0 0 1  NOT_FOUND_LOC","INTEGRATE_TO_ATLAS_READONLY_SCENARIO_SPEC_CANDIDATE","ATLAS_READONLY_ADVISORY_ONLY","false","false","false","false","false","F06 audit/spec only; Atlas scenario/context candidate; never runtime reality claim"
"BRANCHABLE_ATLAS","atlas/source_extraction/","F06_ATLAS","FILE_PLAN_ALL 1492 BRANCHABLE_ATLAS OBSIDIA_BRANCHABLE_ATLAS_FULL_V0_5_DEEP_FINAL_AUDIT/docs/full_doc_extraction/tables/DOCX_TABLE_0700.md atlas/source_extraction/ DOCX_TABLE_0700.md md P4_ATLAS_EVIDENCE_OR_DOCS F06 0 0 0 0 1  NOT_FOUND_LOC","INTEGRATE_TO_ATLAS_READONLY_SCENARIO_SPEC_CANDIDATE","ATLAS_READONLY_ADVISORY_ONLY","false","false","false","false","false","F06 audit/spec only; Atlas scenario/context candidate; never runtime reality claim"
"BRANCHABLE_ATLAS","atlas/source_extraction/","F06_ATLAS","FILE_PLAN_ALL 1493 BRANCHABLE_ATLAS OBSIDIA_BRANCHABLE_ATLAS_FULL_V0_5_DEEP_FINAL_AUDIT/docs/full_doc_extraction/tables/DOCX_TABLE_0701.md atlas/source_extraction/ DOCX_TABLE_0701.md md P4_ATLAS_EVIDENCE_OR_DOCS F06 0 0 0 0 1  NOT_FOUND_LOC","INTEGRATE_TO_ATLAS_READONLY_SCENARIO_SPEC_CANDIDATE","ATLAS_READONLY_ADVISORY_ONLY","false","false","false","false","false","F06 audit/spec only; Atlas scenario/context candidate; never runtime reality claim"
"BRANCHABLE_ATLAS","atlas/source_extraction/","F06_ATLAS","FILE_PLAN_ALL 1494 BRANCHABLE_ATLAS OBSIDIA_BRANCHABLE_ATLAS_FULL_V0_5_DEEP_FINAL_AUDIT/docs/full_doc_extraction/tables/DOCX_TABLE_0702.md atlas/source_extraction/ DOCX_TABLE_0702.md md P4_ATLAS_EVIDENCE_OR_DOCS F06 0 0 0 0 1  NOT_FOUND_LOC","INTEGRATE_TO_ATLAS_READONLY_SCENARIO_SPEC_CANDIDATE","ATLAS_READONLY_ADVISORY_ONLY","false","false","false","false","false","F06 audit/spec only; Atlas scenario/context candidate; never runtime reality claim"
"BRANCHABLE_ATLAS","atlas/source_extraction/","F06_ATLAS","FILE_PLAN_ALL 1495 BRANCHABLE_ATLAS OBSIDIA_BRANCHABLE_ATLAS_FULL_V0_5_DEEP_FINAL_AUDIT/docs/full_doc_extraction/tables/DOCX_TABLE_0703.md atlas/source_extraction/ DOCX_TABLE_0703.md md P4_ATLAS_EVIDENCE_OR_DOCS F06 0 0 0 0 1  NOT_FOUND_LOC","INTEGRATE_TO_ATLAS_READONLY_SCENARIO_SPEC_CANDIDATE","ATLAS_READONLY_ADVISORY_ONLY","false","false","false","false","false","F06 audit/spec only; Atlas scenario/context candidate; never runtime reality claim"
"BRANCHABLE_ATLAS","atlas/metadata/","F06_ATLAS","FILE_PLAN_ALL 1496 BRANCHABLE_ATLAS OBSIDIA_BRANCHABLE_ATLAS_FULL_V0_5_DEEP_FINAL_AUDIT/docs/metadata/FILE_METRICS_FILL_REPORT_V0_2.md atlas/metadata/ FILE_METRICS_FILL_REPORT_V0_2.md md P4_ATLAS_EVIDENCE_OR_DOCS F06 0 0 0 0 1  NOT_FOUND_LO","INTEGRATE_TO_ATLAS_READONLY_SCENARIO_SPEC_CANDIDATE","ATLAS_READONLY_ADVISORY_ONLY","false","false","false","false","false","F06 audit/spec only; Atlas scenario/context candidate; never runtime reality claim"
"BRANCHABLE_ATLAS","atlas/metadata/","F06_ATLAS","FILE_PLAN_ALL 1497 BRANCHABLE_ATLAS OBSIDIA_BRANCHABLE_ATLAS_FULL_V0_5_DEEP_FINAL_AUDIT/docs/metadata/FILE_METRICS_REGISTRY_V0_2.json atlas/metadata/ FILE_METRICS_REGISTRY_V0_2.json json P4_ATLAS_EVIDENCE_OR_DOCS F06 0 0 0 0 1  NOT_FOUND_LO","INTEGRATE_TO_ATLAS_READONLY_SCENARIO_SPEC_CANDIDATE","ATLAS_READONLY_ADVISORY_ONLY","false","false","false","false","false","F06 audit/spec only; Atlas scenario/context candidate; never runtime reality claim"
"BRANCHABLE_ATLAS","atlas/metadata/","F06_ATLAS","FILE_PLAN_ALL 1498 BRANCHABLE_ATLAS OBSIDIA_BRANCHABLE_ATLAS_FULL_V0_5_DEEP_FINAL_AUDIT/docs/metadata/INLINE_METRICS_VERIFICATION_V0_2.json atlas/metadata/ INLINE_METRICS_VERIFICATION_V0_2.json json P4_ATLAS_EVIDENCE_OR_DOCS F06 0 0 0 0 1  ","INTEGRATE_TO_ATLAS_READONLY_SCENARIO_SPEC_CANDIDATE","ATLAS_READONLY_ADVISORY_ONLY","false","false","false","false","false","F06 audit/spec only; Atlas scenario/context candidate; never runtime reality claim"
"BRANCHABLE_ATLAS","atlas/metadata/","F06_ATLAS","FILE_PLAN_ALL 1499 BRANCHABLE_ATLAS OBSIDIA_BRANCHABLE_ATLAS_FULL_V0_5_DEEP_FINAL_AUDIT/docs/metadata/SPECIFIC_METRICS_FILL_REPORT_V0_4.md atlas/metadata/ SPECIFIC_METRICS_FILL_REPORT_V0_4.md md P4_ATLAS_EVIDENCE_OR_DOCS F06 0 0 0 0 1  NOT_","INTEGRATE_TO_ATLAS_READONLY_SCENARIO_SPEC_CANDIDATE","ATLAS_READONLY_ADVISORY_ONLY","false","false","false","false","false","F06 audit/spec only; Atlas scenario/context candidate; never runtime reality claim"
"BRANCHABLE_ATLAS","atlas/metadata/","F06_ATLAS","FILE_PLAN_ALL 1500 BRANCHABLE_ATLAS OBSIDIA_BRANCHABLE_ATLAS_FULL_V0_5_DEEP_FINAL_AUDIT/docs/metadata/SPECIFIC_METRICS_REGISTRY_V0_4.json atlas/metadata/ SPECIFIC_METRICS_REGISTRY_V0_4.json json P4_ATLAS_EVIDENCE_OR_DOCS F06 0 0 0 0 1  NOT_","INTEGRATE_TO_ATLAS_READONLY_SCENARIO_SPEC_CANDIDATE","ATLAS_READONLY_ADVISORY_ONLY","false","false","false","false","false","F06 audit/spec only; Atlas scenario/context candidate; never runtime reality claim"
"BRANCHABLE_ATLAS","atlas/metadata/","F06_ATLAS","FILE_PLAN_ALL 1501 BRANCHABLE_ATLAS OBSIDIA_BRANCHABLE_ATLAS_FULL_V0_5_DEEP_FINAL_AUDIT/docs/metadata/SPECIFIC_METRICS_VERIFICATION_V0_4.json atlas/metadata/ SPECIFIC_METRICS_VERIFICATION_V0_4.json json P4_ATLAS_EVIDENCE_OR_DOCS F06 0 0 0 0","INTEGRATE_TO_ATLAS_READONLY_SCENARIO_SPEC_CANDIDATE","ATLAS_READONLY_ADVISORY_ONLY","false","false","false","false","false","F06 audit/spec only; Atlas scenario/context candidate; never runtime reality claim"
"BRANCHABLE_ATLAS","atlas/cards/","F06_ATLAS","FILE_PLAN_ALL 1502 BRANCHABLE_ATLAS OBSIDIA_BRANCHABLE_ATLAS_FULL_V0_5_DEEP_FINAL_AUDIT/docs/obsidia_cards/CARD_REGISTRY_V0_1.json atlas/cards/ CARD_REGISTRY_V0_1.json json P4_ATLAS_EVIDENCE_OR_DOCS F06 0 0 0 0 1  NOT_FOUND_LOCAL DUPLICATE_","INTEGRATE_TO_ATLAS_READONLY_SCENARIO_SPEC_CANDIDATE","ATLAS_READONLY_ADVISORY_ONLY","false","false","false","false","false","F06 audit/spec only; Atlas scenario/context candidate; never runtime reality claim"
"BRANCHABLE_ATLAS","atlas/cards/","F06_ATLAS","FILE_PLAN_ALL 1503 BRANCHABLE_ATLAS OBSIDIA_BRANCHABLE_ATLAS_FULL_V0_5_DEEP_FINAL_AUDIT/docs/obsidia_cards/CARD_REGISTRY_V0_1.md atlas/cards/ CARD_REGISTRY_V0_1.md md P4_ATLAS_EVIDENCE_OR_DOCS F06 0 0 0 0 1  NOT_FOUND_LOCAL DUPLICATE_SAFE C","INTEGRATE_TO_ATLAS_READONLY_SCENARIO_SPEC_CANDIDATE","ATLAS_READONLY_ADVISORY_ONLY","false","false","false","false","false","F06 audit/spec only; Atlas scenario/context candidate; never runtime reality claim"
"BRANCHABLE_ATLAS","atlas/cards/","F06_ATLAS","FILE_PLAN_ALL 1504 BRANCHABLE_ATLAS OBSIDIA_BRANCHABLE_ATLAS_FULL_V0_5_DEEP_FINAL_AUDIT/docs/obsidia_cards/cards/CARD_BONUS_001_systeme_des_cartes.json atlas/cards/ CARD_BONUS_001_systeme_des_cartes.json json P4_ATLAS_EVIDENCE_OR_DOCS F06 0","INTEGRATE_TO_ATLAS_READONLY_SCENARIO_SPEC_CANDIDATE","ATLAS_READONLY_ADVISORY_ONLY","false","false","false","false","false","F06 audit/spec only; Atlas scenario/context candidate; never runtime reality claim"
"BRANCHABLE_ATLAS","atlas/cards/","F06_ATLAS","FILE_PLAN_ALL 1505 BRANCHABLE_ATLAS OBSIDIA_BRANCHABLE_ATLAS_FULL_V0_5_DEEP_FINAL_AUDIT/docs/obsidia_cards/cards/CARD_BONUS_001_systeme_des_cartes.md atlas/cards/ CARD_BONUS_001_systeme_des_cartes.md md P4_ATLAS_EVIDENCE_OR_DOCS F06 0 0 0 0","INTEGRATE_TO_ATLAS_READONLY_SCENARIO_SPEC_CANDIDATE","ATLAS_READONLY_ADVISORY_ONLY","false","false","false","false","false","F06 audit/spec only; Atlas scenario/context candidate; never runtime reality claim"
"BRANCHABLE_ATLAS","atlas/cards/","F06_ATLAS","FILE_PLAN_ALL 1506 BRANCHABLE_ATLAS OBSIDIA_BRANCHABLE_ATLAS_FULL_V0_5_DEEP_FINAL_AUDIT/docs/obsidia_cards/cards/CARD_BONUS_002_interactions_architecte.json atlas/cards/ CARD_BONUS_002_interactions_architecte.json json P4_ATLAS_EVIDENCE_OR_","INTEGRATE_TO_ATLAS_READONLY_SCENARIO_SPEC_CANDIDATE","ATLAS_READONLY_ADVISORY_ONLY","false","false","false","false","false","F06 audit/spec only; Atlas scenario/context candidate; never runtime reality claim"
"BRANCHABLE_ATLAS","atlas/cards/","F06_ATLAS","FILE_PLAN_ALL 1507 BRANCHABLE_ATLAS OBSIDIA_BRANCHABLE_ATLAS_FULL_V0_5_DEEP_FINAL_AUDIT/docs/obsidia_cards/cards/CARD_BONUS_002_interactions_architecte.md atlas/cards/ CARD_BONUS_002_interactions_architecte.md md P4_ATLAS_EVIDENCE_OR_DOCS F","INTEGRATE_TO_ATLAS_READONLY_SCENARIO_SPEC_CANDIDATE","ATLAS_READONLY_ADVISORY_ONLY","false","false","false","false","false","F06 audit/spec only; Atlas scenario/context candidate; never runtime reality claim"
"BRANCHABLE_ATLAS","atlas/cards/","F06_ATLAS","FILE_PLAN_ALL 1508 BRANCHABLE_ATLAS OBSIDIA_BRANCHABLE_ATLAS_FULL_V0_5_DEEP_FINAL_AUDIT/docs/obsidia_cards/cards/CARD_BONUS_003_evolutions.json atlas/cards/ CARD_BONUS_003_evolutions.json json P4_ATLAS_EVIDENCE_OR_DOCS F06 0 0 0 0 1  NOT_FO","INTEGRATE_TO_ATLAS_READONLY_SCENARIO_SPEC_CANDIDATE","ATLAS_READONLY_ADVISORY_ONLY","false","false","false","false","false","F06 audit/spec only; Atlas scenario/context candidate; never runtime reality claim"
"BRANCHABLE_ATLAS","atlas/cards/","F06_ATLAS","FILE_PLAN_ALL 1509 BRANCHABLE_ATLAS OBSIDIA_BRANCHABLE_ATLAS_FULL_V0_5_DEEP_FINAL_AUDIT/docs/obsidia_cards/cards/CARD_BONUS_003_evolutions.md atlas/cards/ CARD_BONUS_003_evolutions.md md P4_ATLAS_EVIDENCE_OR_DOCS F06 0 0 0 0 1  NOT_FOUND_LO","INTEGRATE_TO_ATLAS_READONLY_SCENARIO_SPEC_CANDIDATE","ATLAS_READONLY_ADVISORY_ONLY","false","false","false","false","false","F06 audit/spec only; Atlas scenario/context candidate; never runtime reality claim"
"BRANCHABLE_ATLAS","atlas/cards/","F06_ATLAS","FILE_PLAN_ALL 1510 BRANCHABLE_ATLAS OBSIDIA_BRANCHABLE_ATLAS_FULL_V0_5_DEEP_FINAL_AUDIT/docs/obsidia_cards/cards/CARD_BONUS_004_noeuds_cognitifs.json atlas/cards/ CARD_BONUS_004_noeuds_cognitifs.json json P4_ATLAS_EVIDENCE_OR_DOCS F06 0 0 0","INTEGRATE_TO_ATLAS_READONLY_SCENARIO_SPEC_CANDIDATE","ATLAS_READONLY_ADVISORY_ONLY","false","false","false","false","false","F06 audit/spec only; Atlas scenario/context candidate; never runtime reality claim"
"BRANCHABLE_ATLAS","atlas/cards/","F06_ATLAS","FILE_PLAN_ALL 1511 BRANCHABLE_ATLAS OBSIDIA_BRANCHABLE_ATLAS_FULL_V0_5_DEEP_FINAL_AUDIT/docs/obsidia_cards/cards/CARD_BONUS_004_noeuds_cognitifs.md atlas/cards/ CARD_BONUS_004_noeuds_cognitifs.md md P4_ATLAS_EVIDENCE_OR_DOCS F06 0 0 0 0 1  ","INTEGRATE_TO_ATLAS_READONLY_SCENARIO_SPEC_CANDIDATE","ATLAS_READONLY_ADVISORY_ONLY","false","false","false","false","false","F06 audit/spec only; Atlas scenario/context candidate; never runtime reality claim"
"BRANCHABLE_ATLAS","atlas/cards/","F06_ATLAS","FILE_PLAN_ALL 1512 BRANCHABLE_ATLAS OBSIDIA_BRANCHABLE_ATLAS_FULL_V0_5_DEEP_FINAL_AUDIT/docs/obsidia_cards/cards/CARD_BONUS_005_topologie_neuronale.json atlas/cards/ CARD_BONUS_005_topologie_neuronale.json json P4_ATLAS_EVIDENCE_OR_DOCS F06","INTEGRATE_TO_ATLAS_READONLY_SCENARIO_SPEC_CANDIDATE","ATLAS_READONLY_ADVISORY_ONLY","false","false","false","false","false","F06 audit/spec only; Atlas scenario/context candidate; never runtime reality claim"
"BRANCHABLE_ATLAS","atlas/cards/","F06_ATLAS","FILE_PLAN_ALL 1513 BRANCHABLE_ATLAS OBSIDIA_BRANCHABLE_ATLAS_FULL_V0_5_DEEP_FINAL_AUDIT/docs/obsidia_cards/cards/CARD_BONUS_005_topologie_neuronale.md atlas/cards/ CARD_BONUS_005_topologie_neuronale.md md P4_ATLAS_EVIDENCE_OR_DOCS F06 0 0 0","INTEGRATE_TO_ATLAS_READONLY_SCENARIO_SPEC_CANDIDATE","ATLAS_READONLY_ADVISORY_ONLY","false","false","false","false","false","F06 audit/spec only; Atlas scenario/context candidate; never runtime reality claim"
"BRANCHABLE_ATLAS","atlas/cards/","F06_ATLAS","FILE_PLAN_ALL 1514 BRANCHABLE_ATLAS OBSIDIA_BRANCHABLE_ATLAS_FULL_V0_5_DEEP_FINAL_AUDIT/docs/obsidia_cards/cards/CARD_BONUS_006_noeuds_internes.json atlas/cards/ CARD_BONUS_006_noeuds_internes.json json P4_ATLAS_EVIDENCE_OR_DOCS F06 0 0 0 0","INTEGRATE_TO_ATLAS_READONLY_SCENARIO_SPEC_CANDIDATE","ATLAS_READONLY_ADVISORY_ONLY","false","false","false","false","false","F06 audit/spec only; Atlas scenario/context candidate; never runtime reality claim"
"BRANCHABLE_ATLAS","atlas/cards/","F06_ATLAS","FILE_PLAN_ALL 1515 BRANCHABLE_ATLAS OBSIDIA_BRANCHABLE_ATLAS_FULL_V0_5_DEEP_FINAL_AUDIT/docs/obsidia_cards/cards/CARD_BONUS_006_noeuds_internes.md atlas/cards/ CARD_BONUS_006_noeuds_internes.md md P4_ATLAS_EVIDENCE_OR_DOCS F06 0 0 0 0 1  NO","INTEGRATE_TO_ATLAS_READONLY_SCENARIO_SPEC_CANDIDATE","ATLAS_READONLY_ADVISORY_ONLY","false","false","false","false","false","F06 audit/spec only; Atlas scenario/context candidate; never runtime reality claim"
"BRANCHABLE_ATLAS","atlas/cards/","F06_ATLAS","FILE_PLAN_ALL 1516 BRANCHABLE_ATLAS OBSIDIA_BRANCHABLE_ATLAS_FULL_V0_5_DEEP_FINAL_AUDIT/docs/obsidia_cards/cards/CARD_COG_001_portes_monde_exterieur.json atlas/cards/ CARD_COG_001_portes_monde_exterieur.json json P4_ATLAS_EVIDENCE_OR_DOCS F","INTEGRATE_TO_ATLAS_READONLY_SCENARIO_SPEC_CANDIDATE","ATLAS_READONLY_ADVISORY_ONLY","false","false","false","false","false","F06 audit/spec only; Atlas scenario/context candidate; never runtime reality claim"
"BRANCHABLE_ATLAS","atlas/cards/","F06_ATLAS","FILE_PLAN_ALL 1517 BRANCHABLE_ATLAS OBSIDIA_BRANCHABLE_ATLAS_FULL_V0_5_DEEP_FINAL_AUDIT/docs/obsidia_cards/cards/CARD_COG_001_portes_monde_exterieur.md atlas/cards/ CARD_COG_001_portes_monde_exterieur.md md P4_ATLAS_EVIDENCE_OR_DOCS F06 0 0","INTEGRATE_TO_ATLAS_READONLY_SCENARIO_SPEC_CANDIDATE","ATLAS_READONLY_ADVISORY_ONLY","false","false","false","false","false","F06 audit/spec only; Atlas scenario/context candidate; never runtime reality claim"
"BRANCHABLE_ATLAS","atlas/cards/","F06_ATLAS","FILE_PLAN_ALL 1518 BRANCHABLE_ATLAS OBSIDIA_BRANCHABLE_ATLAS_FULL_V0_5_DEEP_FINAL_AUDIT/docs/obsidia_cards/cards/CARD_COG_002_boucles_de_raisonnement.json atlas/cards/ CARD_COG_002_boucles_de_raisonnement.json json P4_ATLAS_EVIDENCE_OR_DOCS","INTEGRATE_TO_ATLAS_READONLY_SCENARIO_SPEC_CANDIDATE","ATLAS_READONLY_ADVISORY_ONLY","false","false","false","false","false","F06 audit/spec only; Atlas scenario/context candidate; never runtime reality claim"
"BRANCHABLE_ATLAS","atlas/cards/","F06_ATLAS","FILE_PLAN_ALL 1519 BRANCHABLE_ATLAS OBSIDIA_BRANCHABLE_ATLAS_FULL_V0_5_DEEP_FINAL_AUDIT/docs/obsidia_cards/cards/CARD_COG_002_boucles_de_raisonnement.md atlas/cards/ CARD_COG_002_boucles_de_raisonnement.md md P4_ATLAS_EVIDENCE_OR_DOCS F06 0","INTEGRATE_TO_ATLAS_READONLY_SCENARIO_SPEC_CANDIDATE","ATLAS_READONLY_ADVISORY_ONLY","false","false","false","false","false","F06 audit/spec only; Atlas scenario/context candidate; never runtime reality claim"
"BRANCHABLE_ATLAS","atlas/cards/","F06_ATLAS","FILE_PLAN_ALL 1520 BRANCHABLE_ATLAS OBSIDIA_BRANCHABLE_ATLAS_FULL_V0_5_DEEP_FINAL_AUDIT/docs/obsidia_cards/cards/CARD_FOUND_001_hierarchie_des_agents.json atlas/cards/ CARD_FOUND_001_hierarchie_des_agents.json json P4_ATLAS_EVIDENCE_OR_DOCS","INTEGRATE_TO_ATLAS_READONLY_SCENARIO_SPEC_CANDIDATE","ATLAS_READONLY_ADVISORY_ONLY","false","false","false","false","false","F06 audit/spec only; Atlas scenario/context candidate; never runtime reality claim"
"BRANCHABLE_ATLAS","atlas/cards/","F06_ATLAS","FILE_PLAN_ALL 1521 BRANCHABLE_ATLAS OBSIDIA_BRANCHABLE_ATLAS_FULL_V0_5_DEEP_FINAL_AUDIT/docs/obsidia_cards/cards/CARD_FOUND_001_hierarchie_des_agents.md atlas/cards/ CARD_FOUND_001_hierarchie_des_agents.md md P4_ATLAS_EVIDENCE_OR_DOCS F06 0","INTEGRATE_TO_ATLAS_READONLY_SCENARIO_SPEC_CANDIDATE","ATLAS_READONLY_ADVISORY_ONLY","false","false","false","false","false","F06 audit/spec only; Atlas scenario/context candidate; never runtime reality claim"
"BRANCHABLE_ATLAS","atlas/cards/","F06_ATLAS","FILE_PLAN_ALL 1522 BRANCHABLE_ATLAS OBSIDIA_BRANCHABLE_ATLAS_FULL_V0_5_DEEP_FINAL_AUDIT/docs/obsidia_cards/cards/CARD_FOUND_002_memoire_d_un_agent.json atlas/cards/ CARD_FOUND_002_memoire_d_un_agent.json json P4_ATLAS_EVIDENCE_OR_DOCS F06 0","INTEGRATE_TO_ATLAS_READONLY_SCENARIO_SPEC_CANDIDATE","ATLAS_READONLY_ADVISORY_ONLY","false","false","false","false","false","F06 audit/spec only; Atlas scenario/context candidate; never runtime reality claim"
"BRANCHABLE_ATLAS","atlas/cards/","F06_ATLAS","FILE_PLAN_ALL 1523 BRANCHABLE_ATLAS OBSIDIA_BRANCHABLE_ATLAS_FULL_V0_5_DEEP_FINAL_AUDIT/docs/obsidia_cards/cards/CARD_FOUND_002_memoire_d_un_agent.md atlas/cards/ CARD_FOUND_002_memoire_d_un_agent.md md P4_ATLAS_EVIDENCE_OR_DOCS F06 0 0 0 0","INTEGRATE_TO_ATLAS_READONLY_SCENARIO_SPEC_CANDIDATE","ATLAS_READONLY_ADVISORY_ONLY","false","false","false","false","false","F06 audit/spec only; Atlas scenario/context candidate; never runtime reality claim"
"BRANCHABLE_ATLAS","atlas/cards/","F06_ATLAS","FILE_PLAN_ALL 1524 BRANCHABLE_ATLAS OBSIDIA_BRANCHABLE_ATLAS_FULL_V0_5_DEEP_FINAL_AUDIT/docs/obsidia_cards/cards/CARD_FOUND_003_anatomie_agent_master.json atlas/cards/ CARD_FOUND_003_anatomie_agent_master.json json P4_ATLAS_EVIDENCE_OR_DOCS","INTEGRATE_TO_ATLAS_READONLY_SCENARIO_SPEC_CANDIDATE","ATLAS_READONLY_ADVISORY_ONLY","false","false","false","false","false","F06 audit/spec only; Atlas scenario/context candidate; never runtime reality claim"
"BRANCHABLE_ATLAS","atlas/cards/","F06_ATLAS","FILE_PLAN_ALL 1525 BRANCHABLE_ATLAS OBSIDIA_BRANCHABLE_ATLAS_FULL_V0_5_DEEP_FINAL_AUDIT/docs/obsidia_cards/cards/CARD_FOUND_003_anatomie_agent_master.md atlas/cards/ CARD_FOUND_003_anatomie_agent_master.md md P4_ATLAS_EVIDENCE_OR_DOCS F06 0","INTEGRATE_TO_ATLAS_READONLY_SCENARIO_SPEC_CANDIDATE","ATLAS_READONLY_ADVISORY_ONLY","false","false","false","false","false","F06 audit/spec only; Atlas scenario/context candidate; never runtime reality claim"
"BRANCHABLE_ATLAS","atlas/cards/","F06_ATLAS","FILE_PLAN_ALL 1526 BRANCHABLE_ATLAS OBSIDIA_BRANCHABLE_ATLAS_FULL_V0_5_DEEP_FINAL_AUDIT/docs/obsidia_cards/cards/CARD_MISSION_001_mission_evolution_conscience_video_1.json atlas/cards/ CARD_MISSION_001_mission_evolution_conscience_video_1.j","INTEGRATE_TO_ATLAS_READONLY_SCENARIO_SPEC_CANDIDATE","ATLAS_READONLY_ADVISORY_ONLY","false","false","false","false","false","F06 audit/spec only; Atlas scenario/context candidate; never runtime reality claim"
"BRANCHABLE_ATLAS","atlas/cards/","F06_ATLAS","FILE_PLAN_ALL 1527 BRANCHABLE_ATLAS OBSIDIA_BRANCHABLE_ATLAS_FULL_V0_5_DEEP_FINAL_AUDIT/docs/obsidia_cards/cards/CARD_MISSION_001_mission_evolution_conscience_video_1.md atlas/cards/ CARD_MISSION_001_mission_evolution_conscience_video_1.md ","INTEGRATE_TO_ATLAS_READONLY_SCENARIO_SPEC_CANDIDATE","ATLAS_READONLY_ADVISORY_ONLY","false","false","false","false","false","F06 audit/spec only; Atlas scenario/context candidate; never runtime reality claim"
"BRANCHABLE_ATLAS","atlas/cards/","F06_ATLAS","FILE_PLAN_ALL 1528 BRANCHABLE_ATLAS OBSIDIA_BRANCHABLE_ATLAS_FULL_V0_5_DEEP_FINAL_AUDIT/docs/obsidia_cards/cards/CARD_MISSION_002_mission_evolution_conscience_video_2.json atlas/cards/ CARD_MISSION_002_mission_evolution_conscience_video_2.j","INTEGRATE_TO_ATLAS_READONLY_SCENARIO_SPEC_CANDIDATE","ATLAS_READONLY_ADVISORY_ONLY","false","false","false","false","false","F06 audit/spec only; Atlas scenario/context candidate; never runtime reality claim"
"BRANCHABLE_ATLAS","atlas/cards/","F06_ATLAS","FILE_PLAN_ALL 1529 BRANCHABLE_ATLAS OBSIDIA_BRANCHABLE_ATLAS_FULL_V0_5_DEEP_FINAL_AUDIT/docs/obsidia_cards/cards/CARD_MISSION_002_mission_evolution_conscience_video_2.md atlas/cards/ CARD_MISSION_002_mission_evolution_conscience_video_2.md ","INTEGRATE_TO_ATLAS_READONLY_SCENARIO_SPEC_CANDIDATE","ATLAS_READONLY_ADVISORY_ONLY","false","false","false","false","false","F06 audit/spec only; Atlas scenario/context candidate; never runtime reality claim"
"BRANCHABLE_ATLAS","atlas/cards/","F06_ATLAS","FILE_PLAN_ALL 1530 BRANCHABLE_ATLAS OBSIDIA_BRANCHABLE_ATLAS_FULL_V0_5_DEEP_FINAL_AUDIT/docs/obsidia_cards/cards/CARD_MISSION_003_mission_evolution_conscience_video_3.json atlas/cards/ CARD_MISSION_003_mission_evolution_conscience_video_3.j","INTEGRATE_TO_ATLAS_READONLY_SCENARIO_SPEC_CANDIDATE","ATLAS_READONLY_ADVISORY_ONLY","false","false","false","false","false","F06 audit/spec only; Atlas scenario/context candidate; never runtime reality claim"
"BRANCHABLE_ATLAS","atlas/cards/","F06_ATLAS","FILE_PLAN_ALL 1531 BRANCHABLE_ATLAS OBSIDIA_BRANCHABLE_ATLAS_FULL_V0_5_DEEP_FINAL_AUDIT/docs/obsidia_cards/cards/CARD_MISSION_003_mission_evolution_conscience_video_3.md atlas/cards/ CARD_MISSION_003_mission_evolution_conscience_video_3.md ","INTEGRATE_TO_ATLAS_READONLY_SCENARIO_SPEC_CANDIDATE","ATLAS_READONLY_ADVISORY_ONLY","false","false","false","false","false","F06 audit/spec only; Atlas scenario/context candidate; never runtime reality claim"
"BRANCHABLE_ATLAS","atlas/cards/","F06_ATLAS","FILE_PLAN_ALL 1532 BRANCHABLE_ATLAS OBSIDIA_BRANCHABLE_ATLAS_FULL_V0_5_DEEP_FINAL_AUDIT/docs/obsidia_cards/cards/CARD_MISSION_004_mission_evolution_conscience_video_4.json atlas/cards/ CARD_MISSION_004_mission_evolution_conscience_video_4.j","INTEGRATE_TO_ATLAS_READONLY_SCENARIO_SPEC_CANDIDATE","ATLAS_READONLY_ADVISORY_ONLY","false","false","false","false","false","F06 audit/spec only; Atlas scenario/context candidate; never runtime reality claim"
"BRANCHABLE_ATLAS","atlas/cards/","F06_ATLAS","FILE_PLAN_ALL 1533 BRANCHABLE_ATLAS OBSIDIA_BRANCHABLE_ATLAS_FULL_V0_5_DEEP_FINAL_AUDIT/docs/obsidia_cards/cards/CARD_MISSION_004_mission_evolution_conscience_video_4.md atlas/cards/ CARD_MISSION_004_mission_evolution_conscience_video_4.md ","INTEGRATE_TO_ATLAS_READONLY_SCENARIO_SPEC_CANDIDATE","ATLAS_READONLY_ADVISORY_ONLY","false","false","false","false","false","F06 audit/spec only; Atlas scenario/context candidate; never runtime reality claim"
"BRANCHABLE_ATLAS","atlas/cards/","F06_ATLAS","FILE_PLAN_ALL 1534 BRANCHABLE_ATLAS OBSIDIA_BRANCHABLE_ATLAS_FULL_V0_5_DEEP_FINAL_AUDIT/docs/obsidia_cards/cards/CARD_MISSION_005_mission_evolution_conscience_video_5.json atlas/cards/ CARD_MISSION_005_mission_evolution_conscience_video_5.j","INTEGRATE_TO_ATLAS_READONLY_SCENARIO_SPEC_CANDIDATE","ATLAS_READONLY_ADVISORY_ONLY","false","false","false","false","false","F06 audit/spec only; Atlas scenario/context candidate; never runtime reality claim"
"BRANCHABLE_ATLAS","atlas/cards/","F06_ATLAS","FILE_PLAN_ALL 1535 BRANCHABLE_ATLAS OBSIDIA_BRANCHABLE_ATLAS_FULL_V0_5_DEEP_FINAL_AUDIT/docs/obsidia_cards/cards/CARD_MISSION_005_mission_evolution_conscience_video_5.md atlas/cards/ CARD_MISSION_005_mission_evolution_conscience_video_5.md ","INTEGRATE_TO_ATLAS_READONLY_SCENARIO_SPEC_CANDIDATE","ATLAS_READONLY_ADVISORY_ONLY","false","false","false","false","false","F06 audit/spec only; Atlas scenario/context candidate; never runtime reality claim"
"BRANCHABLE_ATLAS","atlas/cards/","F06_ATLAS","FILE_PLAN_ALL 1536 BRANCHABLE_ATLAS OBSIDIA_BRANCHABLE_ATLAS_FULL_V0_5_DEEP_FINAL_AUDIT/docs/obsidia_cards/cards/CARD_PHILO_001_archetypes_symbolique.json atlas/cards/ CARD_PHILO_001_archetypes_symbolique.json json P4_ATLAS_EVIDENCE_OR_DOCS","INTEGRATE_TO_ATLAS_READONLY_SCENARIO_SPEC_CANDIDATE","ATLAS_READONLY_ADVISORY_ONLY","false","false","false","false","false","F06 audit/spec only; Atlas scenario/context candidate; never runtime reality claim"
"BRANCHABLE_ATLAS","atlas/cards/","F06_ATLAS","FILE_PLAN_ALL 1537 BRANCHABLE_ATLAS OBSIDIA_BRANCHABLE_ATLAS_FULL_V0_5_DEEP_FINAL_AUDIT/docs/obsidia_cards/cards/CARD_PHILO_001_archetypes_symbolique.md atlas/cards/ CARD_PHILO_001_archetypes_symbolique.md md P4_ATLAS_EVIDENCE_OR_DOCS F06 0","INTEGRATE_TO_ATLAS_READONLY_SCENARIO_SPEC_CANDIDATE","ATLAS_READONLY_ADVISORY_ONLY","false","false","false","false","false","F06 audit/spec only; Atlas scenario/context candidate; never runtime reality claim"
"BRANCHABLE_ATLAS","atlas/cards/","F06_ATLAS","FILE_PLAN_ALL 1538 BRANCHABLE_ATLAS OBSIDIA_BRANCHABLE_ATLAS_FULL_V0_5_DEEP_FINAL_AUDIT/docs/obsidia_cards/cards/CARD_PHILO_002_carte_du_coeur.json atlas/cards/ CARD_PHILO_002_carte_du_coeur.json json P4_ATLAS_EVIDENCE_OR_DOCS F06 0 0 0 0 1","INTEGRATE_TO_ATLAS_READONLY_SCENARIO_SPEC_CANDIDATE","ATLAS_READONLY_ADVISORY_ONLY","false","false","false","false","false","F06 audit/spec only; Atlas scenario/context candidate; never runtime reality claim"
"BRANCHABLE_ATLAS","atlas/cards/","F06_ATLAS","FILE_PLAN_ALL 1539 BRANCHABLE_ATLAS OBSIDIA_BRANCHABLE_ATLAS_FULL_V0_5_DEEP_FINAL_AUDIT/docs/obsidia_cards/cards/CARD_PHILO_002_carte_du_coeur.md atlas/cards/ CARD_PHILO_002_carte_du_coeur.md md P4_ATLAS_EVIDENCE_OR_DOCS F06 0 0 0 0 1  NOT_","INTEGRATE_TO_ATLAS_READONLY_SCENARIO_SPEC_CANDIDATE","ATLAS_READONLY_ADVISORY_ONLY","false","false","false","false","false","F06 audit/spec only; Atlas scenario/context candidate; never runtime reality claim"
"BRANCHABLE_ATLAS","atlas/runtime_docs/","F06_ATLAS","FILE_PLAN_ALL 1540 BRANCHABLE_ATLAS OBSIDIA_BRANCHABLE_ATLAS_FULL_V0_5_DEEP_FINAL_AUDIT/docs/runtime/OBSIDIA_WORLD_PROTOCOL_ATLAS_V0_1_EXHAUSTIVE_AUDIT.json atlas/runtime_docs/ OBSIDIA_WORLD_PROTOCOL_ATLAS_V0_1_EXHAUSTIVE_AUDIT.json json P2","INTEGRATE_TO_ATLAS_READONLY_SCENARIO_SPEC_CANDIDATE","ATLAS_READONLY_ADVISORY_ONLY","false","false","false","false","false","F06 audit/spec only; Atlas scenario/context candidate; never runtime reality claim"
"BRANCHABLE_ATLAS","atlas/runtime_docs/","F06_ATLAS","FILE_PLAN_ALL 1541 BRANCHABLE_ATLAS OBSIDIA_BRANCHABLE_ATLAS_FULL_V0_5_DEEP_FINAL_AUDIT/docs/runtime/OBSIDIA_WORLD_PROTOCOL_ATLAS_V0_AUDIT.json atlas/runtime_docs/ OBSIDIA_WORLD_PROTOCOL_ATLAS_V0_AUDIT.json json P2_ATLAS_BRANCHING F06 0 0 0","INTEGRATE_TO_ATLAS_READONLY_SCENARIO_SPEC_CANDIDATE","ATLAS_READONLY_ADVISORY_ONLY","false","false","false","false","false","F06 audit/spec only; Atlas scenario/context candidate; never runtime reality claim"
"BRANCHABLE_ATLAS","atlas/runtime_docs/","F06_ATLAS","FILE_PLAN_ALL 1542 BRANCHABLE_ATLAS OBSIDIA_BRANCHABLE_ATLAS_FULL_V0_5_DEEP_FINAL_AUDIT/docs/runtime/OBSIDIA_WORLD_PROTOCOL_ATLAS_V0_FREEZE_REPORT.md atlas/runtime_docs/ OBSIDIA_WORLD_PROTOCOL_ATLAS_V0_FREEZE_REPORT.md md P2_ATLAS_BRANCHING","INTEGRATE_TO_ATLAS_READONLY_SCENARIO_SPEC_CANDIDATE","ATLAS_READONLY_ADVISORY_ONLY","false","false","false","false","false","F06 audit/spec only; Atlas scenario/context candidate; never runtime reality claim"
"BRANCHABLE_ATLAS","atlas/world_protocol_atlas/","F06_ATLAS","FILE_PLAN_ALL 1543 BRANCHABLE_ATLAS OBSIDIA_BRANCHABLE_ATLAS_FULL_V0_5_DEEP_FINAL_AUDIT/docs/world_protocol_atlas/AGENT_CANDIDATES_V0.json atlas/world_protocol_atlas/ AGENT_CANDIDATES_V0.json json P3_ATLAS_CONTENT F06 0 0 0 0 1  NOT_FOUND_L","INTEGRATE_TO_ATLAS_READONLY_SCENARIO_SPEC_CANDIDATE","ATLAS_READONLY_ADVISORY_ONLY","false","false","false","false","false","F06 audit/spec only; Atlas scenario/context candidate; never runtime reality claim"
"BRANCHABLE_ATLAS","atlas/world_protocol_atlas/","F06_ATLAS","FILE_PLAN_ALL 1544 BRANCHABLE_ATLAS OBSIDIA_BRANCHABLE_ATLAS_FULL_V0_5_DEEP_FINAL_AUDIT/docs/world_protocol_atlas/A_MODULES_A1_A10_TABLES_V0.md atlas/world_protocol_atlas/ A_MODULES_A1_A10_TABLES_V0.md md P3_ATLAS_CONTENT F06 0 0 0 0 1  NOT","INTEGRATE_TO_ATLAS_READONLY_SCENARIO_SPEC_CANDIDATE","ATLAS_READONLY_ADVISORY_ONLY","false","false","false","false","false","F06 audit/spec only; Atlas scenario/context candidate; never runtime reality claim"
"BRANCHABLE_ATLAS","atlas/world_protocol_atlas/","F06_ATLAS","FILE_PLAN_ALL 1545 BRANCHABLE_ATLAS OBSIDIA_BRANCHABLE_ATLAS_FULL_V0_5_DEEP_FINAL_AUDIT/docs/world_protocol_atlas/BRODY_CONTEXT_PACKETS_V0.json atlas/world_protocol_atlas/ BRODY_CONTEXT_PACKETS_V0.json json P3_ATLAS_CONTENT F06 0 0 0 0 1  N","INTEGRATE_TO_ATLAS_READONLY_SCENARIO_SPEC_CANDIDATE","ATLAS_READONLY_ADVISORY_ONLY","false","false","false","false","false","F06 audit/spec only; Atlas scenario/context candidate; never runtime reality claim"
"BRANCHABLE_ATLAS","atlas/world_protocol_atlas/","F06_ATLAS","FILE_PLAN_ALL 1546 BRANCHABLE_ATLAS OBSIDIA_BRANCHABLE_ATLAS_FULL_V0_5_DEEP_FINAL_AUDIT/docs/world_protocol_atlas/B_ORGANISMS_B1_B7_TABLES_V0.md atlas/world_protocol_atlas/ B_ORGANISMS_B1_B7_TABLES_V0.md md P3_ATLAS_CONTENT F06 0 0 0 0 1  N","INTEGRATE_TO_ATLAS_READONLY_SCENARIO_SPEC_CANDIDATE","ATLAS_READONLY_ADVISORY_ONLY","false","false","false","false","false","F06 audit/spec only; Atlas scenario/context candidate; never runtime reality claim"
"BRANCHABLE_ATLAS","atlas/world_protocol_atlas/","F06_ATLAS","FILE_PLAN_ALL 1547 BRANCHABLE_ATLAS OBSIDIA_BRANCHABLE_ATLAS_FULL_V0_5_DEEP_FINAL_AUDIT/docs/world_protocol_atlas/GRAPHITI_NODE_CANDIDATES_V0.json atlas/world_protocol_atlas/ GRAPHITI_NODE_CANDIDATES_V0.json json P3_ATLAS_CONTENT F06 0 0 0 ","INTEGRATE_TO_ATLAS_READONLY_SCENARIO_SPEC_CANDIDATE","ATLAS_READONLY_ADVISORY_ONLY","false","false","false","false","false","F06 audit/spec only; Atlas scenario/context candidate; never runtime reality claim"
"BRANCHABLE_ATLAS","atlas/world_protocol_atlas/","F06_ATLAS","FILE_PLAN_ALL 1548 BRANCHABLE_ATLAS OBSIDIA_BRANCHABLE_ATLAS_FULL_V0_5_DEEP_FINAL_AUDIT/docs/world_protocol_atlas/GRIMOIRE_MODULES_M01_M24_TABLES_V0.md atlas/world_protocol_atlas/ GRIMOIRE_MODULES_M01_M24_TABLES_V0.md md P3_ATLAS_CONTENT F0","INTEGRATE_TO_ATLAS_READONLY_SCENARIO_SPEC_CANDIDATE","ATLAS_READONLY_ADVISORY_ONLY","false","false","false","false","false","F06 audit/spec only; Atlas scenario/context candidate; never runtime reality claim"
"BRANCHABLE_ATLAS","atlas/world_protocol_atlas/","F06_ATLAS","FILE_PLAN_ALL 1549 BRANCHABLE_ATLAS OBSIDIA_BRANCHABLE_ATLAS_FULL_V0_5_DEEP_FINAL_AUDIT/docs/world_protocol_atlas/OBSIDIA_WORLD_PROTOCOL_ATLAS_V0.md atlas/world_protocol_atlas/ OBSIDIA_WORLD_PROTOCOL_ATLAS_V0.md md P3_ATLAS_CONTENT F06 0 0 ","INTEGRATE_TO_ATLAS_READONLY_SCENARIO_SPEC_CANDIDATE","ATLAS_READONLY_ADVISORY_ONLY","false","false","false","false","false","F06 audit/spec only; Atlas scenario/context candidate; never runtime reality claim"
"BRANCHABLE_ATLAS","atlas/world_protocol_atlas/","F06_ATLAS","FILE_PLAN_ALL 1550 BRANCHABLE_ATLAS OBSIDIA_BRANCHABLE_ATLAS_FULL_V0_5_DEEP_FINAL_AUDIT/docs/world_protocol_atlas/PROTOCOL_CANDIDATES_V0.json atlas/world_protocol_atlas/ PROTOCOL_CANDIDATES_V0.json json P3_ATLAS_CONTENT F06 0 0 0 0 1  NOT_F","INTEGRATE_TO_ATLAS_READONLY_SCENARIO_SPEC_CANDIDATE","ATLAS_READONLY_ADVISORY_ONLY","false","false","false","false","false","F06 audit/spec only; Atlas scenario/context candidate; never runtime reality claim"
"BRANCHABLE_ATLAS","atlas/world_protocol_atlas/","F06_ATLAS","FILE_PLAN_ALL 1551 BRANCHABLE_ATLAS OBSIDIA_BRANCHABLE_ATLAS_FULL_V0_5_DEEP_FINAL_AUDIT/docs/world_protocol_atlas/README_READONLY_BOUNDARY.md atlas/world_protocol_atlas/ README_READONLY_BOUNDARY.md md P3_ATLAS_CONTENT F06 0 0 0 0 1  NOT_FOU","INTEGRATE_TO_ATLAS_READONLY_SCENARIO_SPEC_CANDIDATE","ATLAS_READONLY_ADVISORY_ONLY","false","false","false","false","false","F06 audit/spec only; Atlas scenario/context candidate; never runtime reality claim"
"BRANCHABLE_ATLAS","atlas/world_protocol_atlas/","F06_ATLAS","FILE_PLAN_ALL 1552 BRANCHABLE_ATLAS OBSIDIA_BRANCHABLE_ATLAS_FULL_V0_5_DEEP_FINAL_AUDIT/docs/world_protocol_atlas/WORLD_PROTOCOL_ATLAS_REGISTRY_V0.json atlas/world_protocol_atlas/ WORLD_PROTOCOL_ATLAS_REGISTRY_V0.json json P3_ATLAS_CONTENT ","INTEGRATE_TO_ATLAS_READONLY_SCENARIO_SPEC_CANDIDATE","ATLAS_READONLY_ADVISORY_ONLY","false","false","false","false","false","F06 audit/spec only; Atlas scenario/context candidate; never runtime reality claim"
"BRANCHABLE_ATLAS","atlas/world_protocol_atlas/","F06_ATLAS","FILE_PLAN_ALL 1553 BRANCHABLE_ATLAS OBSIDIA_BRANCHABLE_ATLAS_FULL_V0_5_DEEP_FINAL_AUDIT/docs/world_protocol_atlas/X108_SCENARIO_CANDIDATES_V0.json atlas/world_protocol_atlas/ X108_SCENARIO_CANDIDATES_V0.json json P3_ATLAS_CONTENT F06 0 0 0 ","INTEGRATE_TO_ATLAS_READONLY_SCENARIO_SPEC_CANDIDATE","ATLAS_READONLY_ADVISORY_ONLY","false","false","false","false","false","F06 audit/spec only; Atlas scenario/context candidate; never runtime reality claim"
"BRANCHABLE_ATLAS","atlas/world_protocol_atlas/","F06_ATLAS","FILE_PLAN_ALL 1554 BRANCHABLE_ATLAS OBSIDIA_BRANCHABLE_ATLAS_FULL_V0_5_DEEP_FINAL_AUDIT/docs/world_protocol_atlas/actors/AGROSMART_agrosmart.md atlas/world_protocol_atlas/ AGROSMART_agrosmart.md md P3_ATLAS_CONTENT F06 0 0 0 0 1  NOT_FOUND_","INTEGRATE_TO_ATLAS_READONLY_SCENARIO_SPEC_CANDIDATE","ATLAS_READONLY_ADVISORY_ONLY","false","false","false","false","false","F06 audit/spec only; Atlas scenario/context candidate; never runtime reality claim"
"BRANCHABLE_ATLAS","atlas/world_protocol_atlas/","F06_ATLAS","FILE_PLAN_ALL 1555 BRANCHABLE_ATLAS OBSIDIA_BRANCHABLE_ATLAS_FULL_V0_5_DEEP_FINAL_AUDIT/docs/world_protocol_atlas/actors/AIVO_aivo.md atlas/world_protocol_atlas/ AIVO_aivo.md md P3_ATLAS_CONTENT F06 0 0 0 0 1  NOT_FOUND_LOCAL DUPLICATE_SAFE","INTEGRATE_TO_ATLAS_READONLY_SCENARIO_SPEC_CANDIDATE","ATLAS_READONLY_ADVISORY_ONLY","false","false","false","false","false","F06 audit/spec only; Atlas scenario/context candidate; never runtime reality claim"
"BRANCHABLE_ATLAS","atlas/world_protocol_atlas/","F06_ATLAS","FILE_PLAN_ALL 1556 BRANCHABLE_ATLAS OBSIDIA_BRANCHABLE_ATLAS_FULL_V0_5_DEEP_FINAL_AUDIT/docs/world_protocol_atlas/actors/ALEPH_ALPHA_aleph_alpha.md atlas/world_protocol_atlas/ ALEPH_ALPHA_aleph_alpha.md md P3_ATLAS_CONTENT F06 0 0 0 0 1  NO","INTEGRATE_TO_ATLAS_READONLY_SCENARIO_SPEC_CANDIDATE","ATLAS_READONLY_ADVISORY_ONLY","false","false","false","false","false","F06 audit/spec only; Atlas scenario/context candidate; never runtime reality claim"
"BRANCHABLE_ATLAS","atlas/world_protocol_atlas/","F06_ATLAS","FILE_PLAN_ALL 1557 BRANCHABLE_ATLAS OBSIDIA_BRANCHABLE_ATLAS_FULL_V0_5_DEEP_FINAL_AUDIT/docs/world_protocol_atlas/actors/AMAZON_amazon_aws_ai.md atlas/world_protocol_atlas/ AMAZON_amazon_aws_ai.md md P3_ATLAS_CONTENT F06 0 0 0 0 1  NOT_FOUN","INTEGRATE_TO_ATLAS_READONLY_SCENARIO_SPEC_CANDIDATE","ATLAS_READONLY_ADVISORY_ONLY","false","false","false","false","false","F06 audit/spec only; Atlas scenario/context candidate; never runtime reality claim"
"BRANCHABLE_ATLAS","atlas/world_protocol_atlas/","F06_ATLAS","FILE_PLAN_ALL 1558 BRANCHABLE_ATLAS OBSIDIA_BRANCHABLE_ATLAS_FULL_V0_5_DEEP_FINAL_AUDIT/docs/world_protocol_atlas/actors/ANTHROPIC_anthropic.md atlas/world_protocol_atlas/ ANTHROPIC_anthropic.md md P3_ATLAS_CONTENT F06 0 0 0 0 1  NOT_FOUND_","INTEGRATE_TO_ATLAS_READONLY_SCENARIO_SPEC_CANDIDATE","ATLAS_READONLY_ADVISORY_ONLY","false","false","false","false","false","F06 audit/spec only; Atlas scenario/context candidate; never runtime reality claim"
"BRANCHABLE_ATLAS","atlas/world_protocol_atlas/","F06_ATLAS","FILE_PLAN_ALL 1559 BRANCHABLE_ATLAS OBSIDIA_BRANCHABLE_ATLAS_FULL_V0_5_DEEP_FINAL_AUDIT/docs/world_protocol_atlas/actors/APPLE_apple_intelligence.md atlas/world_protocol_atlas/ APPLE_apple_intelligence.md md P3_ATLAS_CONTENT F06 0 0 0 0 1  ","INTEGRATE_TO_ATLAS_READONLY_SCENARIO_SPEC_CANDIDATE","ATLAS_READONLY_ADVISORY_ONLY","false","false","false","false","false","F06 audit/spec only; Atlas scenario/context candidate; never runtime reality claim"
"BRANCHABLE_ATLAS","atlas/world_protocol_atlas/","F06_ATLAS","FILE_PLAN_ALL 1560 BRANCHABLE_ATLAS OBSIDIA_BRANCHABLE_ATLAS_FULL_V0_5_DEEP_FINAL_AUDIT/docs/world_protocol_atlas/actors/BENDITO_bendito_machine.md atlas/world_protocol_atlas/ BENDITO_bendito_machine.md md P3_ATLAS_CONTENT F06 0 0 0 0 1  NO","INTEGRATE_TO_ATLAS_READONLY_SCENARIO_SPEC_CANDIDATE","ATLAS_READONLY_ADVISORY_ONLY","false","false","false","false","false","F06 audit/spec only; Atlas scenario/context candidate; never runtime reality claim"
"BRANCHABLE_ATLAS","atlas/world_protocol_atlas/","F06_ATLAS","FILE_PLAN_ALL 1561 BRANCHABLE_ATLAS OBSIDIA_BRANCHABLE_ATLAS_FULL_V0_5_DEEP_FINAL_AUDIT/docs/world_protocol_atlas/actors/CEREBRAS_cerebras_systems.md atlas/world_protocol_atlas/ CEREBRAS_cerebras_systems.md md P3_ATLAS_CONTENT F06 0 0 0 0 1","INTEGRATE_TO_ATLAS_READONLY_SCENARIO_SPEC_CANDIDATE","ATLAS_READONLY_ADVISORY_ONLY","false","false","false","false","false","F06 audit/spec only; Atlas scenario/context candidate; never runtime reality claim"
"BRANCHABLE_ATLAS","atlas/world_protocol_atlas/","F06_ATLAS","FILE_PLAN_ALL 1562 BRANCHABLE_ATLAS OBSIDIA_BRANCHABLE_ATLAS_FULL_V0_5_DEEP_FINAL_AUDIT/docs/world_protocol_atlas/actors/COHERE_cohere.md atlas/world_protocol_atlas/ COHERE_cohere.md md P3_ATLAS_CONTENT F06 0 0 0 0 1  NOT_FOUND_LOCAL DUPLIC","INTEGRATE_TO_ATLAS_READONLY_SCENARIO_SPEC_CANDIDATE","ATLAS_READONLY_ADVISORY_ONLY","false","false","false","false","false","F06 audit/spec only; Atlas scenario/context candidate; never runtime reality claim"
"BRANCHABLE_ATLAS","atlas/world_protocol_atlas/","F06_ATLAS","FILE_PLAN_ALL 1563 BRANCHABLE_ATLAS OBSIDIA_BRANCHABLE_ATLAS_FULL_V0_5_DEEP_FINAL_AUDIT/docs/world_protocol_atlas/actors/DATASKETCH_datasketch.md atlas/world_protocol_atlas/ DATASKETCH_datasketch.md md P3_ATLAS_CONTENT F06 0 0 0 0 1  NOT_FO","INTEGRATE_TO_ATLAS_READONLY_SCENARIO_SPEC_CANDIDATE","ATLAS_READONLY_ADVISORY_ONLY","false","false","false","false","false","F06 audit/spec only; Atlas scenario/context candidate; never runtime reality claim"
"BRANCHABLE_ATLAS","atlas/world_protocol_atlas/","F06_ATLAS","FILE_PLAN_ALL 1564 BRANCHABLE_ATLAS OBSIDIA_BRANCHABLE_ATLAS_FULL_V0_5_DEEP_FINAL_AUDIT/docs/world_protocol_atlas/actors/EMBRAPII_embrapii.md atlas/world_protocol_atlas/ EMBRAPII_embrapii.md md P3_ATLAS_CONTENT F06 0 0 0 0 1  NOT_FOUND_LOCA","INTEGRATE_TO_ATLAS_READONLY_SCENARIO_SPEC_CANDIDATE","ATLAS_READONLY_ADVISORY_ONLY","false","false","false","false","false","F06 audit/spec only; Atlas scenario/context candidate; never runtime reality claim"
"BRANCHABLE_ATLAS","atlas/world_protocol_atlas/","F06_ATLAS","FILE_PLAN_ALL 1565 BRANCHABLE_ATLAS OBSIDIA_BRANCHABLE_ATLAS_FULL_V0_5_DEEP_FINAL_AUDIT/docs/world_protocol_atlas/actors/GLEDUCAR_gleducar.md atlas/world_protocol_atlas/ GLEDUCAR_gleducar.md md P3_ATLAS_CONTENT F06 0 0 0 0 1  NOT_FOUND_LOCA","INTEGRATE_TO_ATLAS_READONLY_SCENARIO_SPEC_CANDIDATE","ATLAS_READONLY_ADVISORY_ONLY","false","false","false","false","false","F06 audit/spec only; Atlas scenario/context candidate; never runtime reality claim"
"BRANCHABLE_ATLAS","atlas/world_protocol_atlas/","F06_ATLAS","FILE_PLAN_ALL 1566 BRANCHABLE_ATLAS OBSIDIA_BRANCHABLE_ATLAS_FULL_V0_5_DEEP_FINAL_AUDIT/docs/world_protocol_atlas/actors/GOOGLE_google_deepmind.md atlas/world_protocol_atlas/ GOOGLE_google_deepmind.md md P3_ATLAS_CONTENT F06 0 0 0 0 1  NOT_","INTEGRATE_TO_ATLAS_READONLY_SCENARIO_SPEC_CANDIDATE","ATLAS_READONLY_ADVISORY_ONLY","false","false","false","false","false","F06 audit/spec only; Atlas scenario/context candidate; never runtime reality claim"
"BRANCHABLE_ATLAS","atlas/world_protocol_atlas/","F06_ATLAS","FILE_PLAN_ALL 1567 BRANCHABLE_ATLAS OBSIDIA_BRANCHABLE_ATLAS_FULL_V0_5_DEEP_FINAL_AUDIT/docs/world_protocol_atlas/actors/HEBBIA_hebbia.md atlas/world_protocol_atlas/ HEBBIA_hebbia.md md P3_ATLAS_CONTENT F06 0 0 0 0 1  NOT_FOUND_LOCAL DUPLIC","INTEGRATE_TO_ATLAS_READONLY_SCENARIO_SPEC_CANDIDATE","ATLAS_READONLY_ADVISORY_ONLY","false","false","false","false","false","F06 audit/spec only; Atlas scenario/context candidate; never runtime reality claim"
"BRANCHABLE_ATLAS","atlas/world_protocol_atlas/","F06_ATLAS","FILE_PLAN_ALL 1568 BRANCHABLE_ATLAS OBSIDIA_BRANCHABLE_ATLAS_FULL_V0_5_DEEP_FINAL_AUDIT/docs/world_protocol_atlas/actors/HUGGINGFACE_hugging_face.md atlas/world_protocol_atlas/ HUGGINGFACE_hugging_face.md md P3_ATLAS_CONTENT F06 0 0 0 0 1  ","INTEGRATE_TO_ATLAS_READONLY_SCENARIO_SPEC_CANDIDATE","ATLAS_READONLY_ADVISORY_ONLY","false","false","false","false","false","F06 audit/spec only; Atlas scenario/context candidate; never runtime reality claim"
"BRANCHABLE_ATLAS","atlas/world_protocol_atlas/","F06_ATLAS","FILE_PLAN_ALL 1569 BRANCHABLE_ATLAS OBSIDIA_BRANCHABLE_ATLAS_FULL_V0_5_DEEP_FINAL_AUDIT/docs/world_protocol_atlas/actors/IBM_ibm_watsonx.md atlas/world_protocol_atlas/ IBM_ibm_watsonx.md md P3_ATLAS_CONTENT F06 0 0 0 0 1  NOT_FOUND_LOCAL DU","INTEGRATE_TO_ATLAS_READONLY_SCENARIO_SPEC_CANDIDATE","ATLAS_READONLY_ADVISORY_ONLY","false","false","false","false","false","F06 audit/spec only; Atlas scenario/context candidate; never runtime reality claim"
"BRANCHABLE_ATLAS","atlas/world_protocol_atlas/","F06_ATLAS","FILE_PLAN_ALL 1570 BRANCHABLE_ATLAS OBSIDIA_BRANCHABLE_ATLAS_FULL_V0_5_DEEP_FINAL_AUDIT/docs/world_protocol_atlas/actors/KILIMO_kilimo.md atlas/world_protocol_atlas/ KILIMO_kilimo.md md P3_ATLAS_CONTENT F06 0 0 0 0 1  NOT_FOUND_LOCAL DUPLIC","INTEGRATE_TO_ATLAS_READONLY_SCENARIO_SPEC_CANDIDATE","ATLAS_READONLY_ADVISORY_ONLY","false","false","false","false","false","F06 audit/spec only; Atlas scenario/context candidate; never runtime reality claim"
"BRANCHABLE_ATLAS","atlas/world_protocol_atlas/","F06_ATLAS","FILE_PLAN_ALL 1571 BRANCHABLE_ATLAS OBSIDIA_BRANCHABLE_ATLAS_FULL_V0_5_DEEP_FINAL_AUDIT/docs/world_protocol_atlas/actors/KRIKEY_krikey_ai.md atlas/world_protocol_atlas/ KRIKEY_krikey_ai.md md P3_ATLAS_CONTENT F06 0 0 0 0 1  NOT_FOUND_LOCAL ","INTEGRATE_TO_ATLAS_READONLY_SCENARIO_SPEC_CANDIDATE","ATLAS_READONLY_ADVISORY_ONLY","false","false","false","false","false","F06 audit/spec only; Atlas scenario/context candidate; never runtime reality claim"
"BRANCHABLE_ATLAS","atlas/world_protocol_atlas/","F06_ATLAS","FILE_PLAN_ALL 1572 BRANCHABLE_ATLAS OBSIDIA_BRANCHABLE_ATLAS_FULL_V0_5_DEEP_FINAL_AUDIT/docs/world_protocol_atlas/actors/KUNUMI_kunumi.md atlas/world_protocol_atlas/ KUNUMI_kunumi.md md P3_ATLAS_CONTENT F06 0 0 0 0 1  NOT_FOUND_LOCAL DUPLIC","INTEGRATE_TO_ATLAS_READONLY_SCENARIO_SPEC_CANDIDATE","ATLAS_READONLY_ADVISORY_ONLY","false","false","false","false","false","F06 audit/spec only; Atlas scenario/context candidate; never runtime reality claim"
"BRANCHABLE_ATLAS","atlas/world_protocol_atlas/","F06_ATLAS","FILE_PLAN_ALL 1573 BRANCHABLE_ATLAS OBSIDIA_BRANCHABLE_ATLAS_FULL_V0_5_DEEP_FINAL_AUDIT/docs/world_protocol_atlas/actors/LAMBDA_lambda_labs.md atlas/world_protocol_atlas/ LAMBDA_lambda_labs.md md P3_ATLAS_CONTENT F06 0 0 0 0 1  NOT_FOUND_LO","INTEGRATE_TO_ATLAS_READONLY_SCENARIO_SPEC_CANDIDATE","ATLAS_READONLY_ADVISORY_ONLY","false","false","false","false","false","F06 audit/spec only; Atlas scenario/context candidate; never runtime reality claim"
"BRANCHABLE_ATLAS","atlas/world_protocol_atlas/","F06_ATLAS","FILE_PLAN_ALL 1574 BRANCHABLE_ATLAS OBSIDIA_BRANCHABLE_ATLAS_FULL_V0_5_DEEP_FINAL_AUDIT/docs/world_protocol_atlas/actors/LEAL_leal.md atlas/world_protocol_atlas/ LEAL_leal.md md P3_ATLAS_CONTENT F06 0 0 0 0 1  NOT_FOUND_LOCAL DUPLICATE_SAFE","INTEGRATE_TO_ATLAS_READONLY_SCENARIO_SPEC_CANDIDATE","ATLAS_READONLY_ADVISORY_ONLY","false","false","false","false","false","F06 audit/spec only; Atlas scenario/context candidate; never runtime reality claim"
"BRANCHABLE_ATLAS","atlas/world_protocol_atlas/","F06_ATLAS","FILE_PLAN_ALL 1575 BRANCHABLE_ATLAS OBSIDIA_BRANCHABLE_ATLAS_FULL_V0_5_DEEP_FINAL_AUDIT/docs/world_protocol_atlas/actors/META_meta_facebook_ai.md atlas/world_protocol_atlas/ META_meta_facebook_ai.md md P3_ATLAS_CONTENT F06 0 0 0 0 1  NOT_FO","INTEGRATE_TO_ATLAS_READONLY_SCENARIO_SPEC_CANDIDATE","ATLAS_READONLY_ADVISORY_ONLY","false","false","false","false","false","F06 audit/spec only; Atlas scenario/context candidate; never runtime reality claim"
"BRANCHABLE_ATLAS","atlas/world_protocol_atlas/","F06_ATLAS","FILE_PLAN_ALL 1576 BRANCHABLE_ATLAS OBSIDIA_BRANCHABLE_ATLAS_FULL_V0_5_DEEP_FINAL_AUDIT/docs/world_protocol_atlas/actors/MICROSOFT_microsoft_ai.md atlas/world_protocol_atlas/ MICROSOFT_microsoft_ai.md md P3_ATLAS_CONTENT F06 0 0 0 0 1  NOT_","INTEGRATE_TO_ATLAS_READONLY_SCENARIO_SPEC_CANDIDATE","ATLAS_READONLY_ADVISORY_ONLY","false","false","false","false","false","F06 audit/spec only; Atlas scenario/context candidate; never runtime reality claim"
"BRANCHABLE_ATLAS","atlas/world_protocol_atlas/","F06_ATLAS","FILE_PLAN_ALL 1577 BRANCHABLE_ATLAS OBSIDIA_BRANCHABLE_ATLAS_FULL_V0_5_DEEP_FINAL_AUDIT/docs/world_protocol_atlas/actors/MINDMINERS_mindminers.md atlas/world_protocol_atlas/ MINDMINERS_mindminers.md md P3_ATLAS_CONTENT F06 0 0 0 0 1  NOT_FO","INTEGRATE_TO_ATLAS_READONLY_SCENARIO_SPEC_CANDIDATE","ATLAS_READONLY_ADVISORY_ONLY","false","false","false","false","false","F06 audit/spec only; Atlas scenario/context candidate; never runtime reality claim"
"BRANCHABLE_ATLAS","atlas/world_protocol_atlas/","F06_ATLAS","FILE_PLAN_ALL 1578 BRANCHABLE_ATLAS OBSIDIA_BRANCHABLE_ATLAS_FULL_V0_5_DEEP_FINAL_AUDIT/docs/world_protocol_atlas/actors/MISTRAL_mistral_ai.md atlas/world_protocol_atlas/ MISTRAL_mistral_ai.md md P3_ATLAS_CONTENT F06 0 0 0 0 1  NOT_FOUND_LO","INTEGRATE_TO_ATLAS_READONLY_SCENARIO_SPEC_CANDIDATE","ATLAS_READONLY_ADVISORY_ONLY","false","false","false","false","false","F06 audit/spec only; Atlas scenario/context candidate; never runtime reality claim"
"BRANCHABLE_ATLAS","atlas/world_protocol_atlas/","F06_ATLAS","FILE_PLAN_ALL 1579 BRANCHABLE_ATLAS OBSIDIA_BRANCHABLE_ATLAS_FULL_V0_5_DEEP_FINAL_AUDIT/docs/world_protocol_atlas/actors/NOTCO_notco.md atlas/world_protocol_atlas/ NOTCO_notco.md md P3_ATLAS_CONTENT F06 0 0 0 0 1  NOT_FOUND_LOCAL DUPLICATE_","INTEGRATE_TO_ATLAS_READONLY_SCENARIO_SPEC_CANDIDATE","ATLAS_READONLY_ADVISORY_ONLY","false","false","false","false","false","F06 audit/spec only; Atlas scenario/context candidate; never runtime reality claim"
"BRANCHABLE_ATLAS","atlas/world_protocol_atlas/","F06_ATLAS","FILE_PLAN_ALL 1580 BRANCHABLE_ATLAS OBSIDIA_BRANCHABLE_ATLAS_FULL_V0_5_DEEP_FINAL_AUDIT/docs/world_protocol_atlas/actors/NVIDIA_nvidia_ai.md atlas/world_protocol_atlas/ NVIDIA_nvidia_ai.md md P3_ATLAS_CONTENT F06 0 0 0 0 1  NOT_FOUND_LOCAL ","INTEGRATE_TO_ATLAS_READONLY_SCENARIO_SPEC_CANDIDATE","ATLAS_READONLY_ADVISORY_ONLY","false","false","false","false","false","F06 audit/spec only; Atlas scenario/context candidate; never runtime reality claim"
"BRANCHABLE_ATLAS","atlas/world_protocol_atlas/","F06_ATLAS","FILE_PLAN_ALL 1581 BRANCHABLE_ATLAS OBSIDIA_BRANCHABLE_ATLAS_FULL_V0_5_DEEP_FINAL_AUDIT/docs/world_protocol_atlas/actors/OPENAI_openai.md atlas/world_protocol_atlas/ OPENAI_openai.md md P3_ATLAS_CONTENT F06 0 0 0 0 1  NOT_FOUND_LOCAL DUPLIC","INTEGRATE_TO_ATLAS_READONLY_SCENARIO_SPEC_CANDIDATE","ATLAS_READONLY_ADVISORY_ONLY","false","false","false","false","false","F06 audit/spec only; Atlas scenario/context candidate; never runtime reality claim"
"BRANCHABLE_ATLAS","atlas/world_protocol_atlas/","F06_ATLAS","FILE_PLAN_ALL 1582 BRANCHABLE_ATLAS OBSIDIA_BRANCHABLE_ATLAS_FULL_V0_5_DEEP_FINAL_AUDIT/docs/world_protocol_atlas/actors/PEDIDOSYA_pedidosya.md atlas/world_protocol_atlas/ PEDIDOSYA_pedidosya.md md P3_ATLAS_CONTENT F06 0 0 0 0 1  NOT_FOUND_","INTEGRATE_TO_ATLAS_READONLY_SCENARIO_SPEC_CANDIDATE","ATLAS_READONLY_ADVISORY_ONLY","false","false","false","false","false","F06 audit/spec only; Atlas scenario/context candidate; never runtime reality claim"
"BRANCHABLE_ATLAS","atlas/world_protocol_atlas/","F06_ATLAS","FILE_PLAN_ALL 1583 BRANCHABLE_ATLAS OBSIDIA_BRANCHABLE_ATLAS_FULL_V0_5_DEEP_FINAL_AUDIT/docs/world_protocol_atlas/actors/PERPLEXITY_perplexity_ai.md atlas/world_protocol_atlas/ PERPLEXITY_perplexity_ai.md md P3_ATLAS_CONTENT F06 0 0 0 0 1  ","INTEGRATE_TO_ATLAS_READONLY_SCENARIO_SPEC_CANDIDATE","ATLAS_READONLY_ADVISORY_ONLY","false","false","false","false","false","F06 audit/spec only; Atlas scenario/context candidate; never runtime reality claim"
"BRANCHABLE_ATLAS","atlas/world_protocol_atlas/","F06_ATLAS","FILE_PLAN_ALL 1584 BRANCHABLE_ATLAS OBSIDIA_BRANCHABLE_ATLAS_FULL_V0_5_DEEP_FINAL_AUDIT/docs/world_protocol_atlas/actors/POOLSIDE_poolside_ai.md atlas/world_protocol_atlas/ POOLSIDE_poolside_ai.md md P3_ATLAS_CONTENT F06 0 0 0 0 1  NOT_FOUN","INTEGRATE_TO_ATLAS_READONLY_SCENARIO_SPEC_CANDIDATE","ATLAS_READONLY_ADVISORY_ONLY","false","false","false","false","false","F06 audit/spec only; Atlas scenario/context candidate; never runtime reality claim"
"BRANCHABLE_ATLAS","atlas/world_protocol_atlas/","F06_ATLAS","FILE_PLAN_ALL 1585 BRANCHABLE_ATLAS OBSIDIA_BRANCHABLE_ATLAS_FULL_V0_5_DEEP_FINAL_AUDIT/docs/world_protocol_atlas/actors/REKA_reka_ai.md atlas/world_protocol_atlas/ REKA_reka_ai.md md P3_ATLAS_CONTENT F06 0 0 0 0 1  NOT_FOUND_LOCAL DUPLICAT","INTEGRATE_TO_ATLAS_READONLY_SCENARIO_SPEC_CANDIDATE","ATLAS_READONLY_ADVISORY_ONLY","false","false","false","false","false","F06 audit/spec only; Atlas scenario/context candidate; never runtime reality claim"
"BRANCHABLE_ATLAS","atlas/world_protocol_atlas/","F06_ATLAS","FILE_PLAN_ALL 1586 BRANCHABLE_ATLAS OBSIDIA_BRANCHABLE_ATLAS_FULL_V0_5_DEEP_FINAL_AUDIT/docs/world_protocol_atlas/actors/RUNWAY_runway_ml.md atlas/world_protocol_atlas/ RUNWAY_runway_ml.md md P3_ATLAS_CONTENT F06 0 0 0 0 1  NOT_FOUND_LOCAL ","INTEGRATE_TO_ATLAS_READONLY_SCENARIO_SPEC_CANDIDATE","ATLAS_READONLY_ADVISORY_ONLY","false","false","false","false","false","F06 audit/spec only; Atlas scenario/context candidate; never runtime reality claim"
"BRANCHABLE_ATLAS","atlas/world_protocol_atlas/","F06_ATLAS","FILE_PLAN_ALL 1587 BRANCHABLE_ATLAS OBSIDIA_BRANCHABLE_ATLAS_FULL_V0_5_DEEP_FINAL_AUDIT/docs/world_protocol_atlas/actors/SARVAM_sarvam_ai.md atlas/world_protocol_atlas/ SARVAM_sarvam_ai.md md P3_ATLAS_CONTENT F06 0 0 0 0 1  NOT_FOUND_LOCAL ","INTEGRATE_TO_ATLAS_READONLY_SCENARIO_SPEC_CANDIDATE","ATLAS_READONLY_ADVISORY_ONLY","false","false","false","false","false","F06 audit/spec only; Atlas scenario/context candidate; never runtime reality claim"
"BRANCHABLE_ATLAS","atlas/world_protocol_atlas/","F06_ATLAS","FILE_PLAN_ALL 1588 BRANCHABLE_ATLAS OBSIDIA_BRANCHABLE_ATLAS_FULL_V0_5_DEEP_FINAL_AUDIT/docs/world_protocol_atlas/actors/SOLINFTEC_solinftec.md atlas/world_protocol_atlas/ SOLINFTEC_solinftec.md md P3_ATLAS_CONTENT F06 0 0 0 0 1  NOT_FOUND_","INTEGRATE_TO_ATLAS_READONLY_SCENARIO_SPEC_CANDIDATE","ATLAS_READONLY_ADVISORY_ONLY","false","false","false","false","false","F06 audit/spec only; Atlas scenario/context candidate; never runtime reality claim"
"BRANCHABLE_ATLAS","atlas/world_protocol_atlas/","F06_ATLAS","FILE_PLAN_ALL 1589 BRANCHABLE_ATLAS OBSIDIA_BRANCHABLE_ATLAS_FULL_V0_5_DEEP_FINAL_AUDIT/docs/world_protocol_atlas/actors/STABILITY_stability_ai.md atlas/world_protocol_atlas/ STABILITY_stability_ai.md md P3_ATLAS_CONTENT F06 0 0 0 0 1  NOT_","INTEGRATE_TO_ATLAS_READONLY_SCENARIO_SPEC_CANDIDATE","ATLAS_READONLY_ADVISORY_ONLY","false","false","false","false","false","F06 audit/spec only; Atlas scenario/context candidate; never runtime reality claim"
"BRANCHABLE_ATLAS","atlas/world_protocol_atlas/","F06_ATLAS","FILE_PLAN_ALL 1590 BRANCHABLE_ATLAS OBSIDIA_BRANCHABLE_ATLAS_FULL_V0_5_DEEP_FINAL_AUDIT/docs/world_protocol_atlas/actors/UALABEE_ualabee.md atlas/world_protocol_atlas/ UALABEE_ualabee.md md P3_ATLAS_CONTENT F06 0 0 0 0 1  NOT_FOUND_LOCAL DU","INTEGRATE_TO_ATLAS_READONLY_SCENARIO_SPEC_CANDIDATE","ATLAS_READONLY_ADVISORY_ONLY","false","false","false","false","false","F06 audit/spec only; Atlas scenario/context candidate; never runtime reality claim"
"BRANCHABLE_ATLAS","atlas/world_protocol_atlas/","F06_ATLAS","FILE_PLAN_ALL 1591 BRANCHABLE_ATLAS OBSIDIA_BRANCHABLE_ATLAS_FULL_V0_5_DEEP_FINAL_AUDIT/docs/world_protocol_atlas/actors/VU_SECURITY_vu_security.md atlas/world_protocol_atlas/ VU_SECURITY_vu_security.md md P3_ATLAS_CONTENT F06 0 0 0 0 1  NO","INTEGRATE_TO_ATLAS_READONLY_SCENARIO_SPEC_CANDIDATE","ATLAS_READONLY_ADVISORY_ONLY","false","false","false","false","false","F06 audit/spec only; Atlas scenario/context candidate; never runtime reality claim"
"BRANCHABLE_ATLAS","atlas/world_protocol_atlas/","F06_ATLAS","FILE_PLAN_ALL 1592 BRANCHABLE_ATLAS OBSIDIA_BRANCHABLE_ATLAS_FULL_V0_5_DEEP_FINAL_AUDIT/docs/world_protocol_atlas/actors/XAI_xai_grok.md atlas/world_protocol_atlas/ XAI_xai_grok.md md P3_ATLAS_CONTENT F06 0 0 0 0 1  NOT_FOUND_LOCAL DUPLICAT","INTEGRATE_TO_ATLAS_READONLY_SCENARIO_SPEC_CANDIDATE","ATLAS_READONLY_ADVISORY_ONLY","false","false","false","false","false","F06 audit/spec only; Atlas scenario/context candidate; never runtime reality claim"
"BRANCHABLE_ATLAS","atlas/world_protocol_atlas/","F06_ATLAS","FILE_PLAN_ALL 1593 BRANCHABLE_ATLAS OBSIDIA_BRANCHABLE_ATLAS_FULL_V0_5_DEEP_FINAL_AUDIT/docs/world_protocol_atlas/actors/XIMANTIX_ximantix.md atlas/world_protocol_atlas/ XIMANTIX_ximantix.md md P3_ATLAS_CONTENT F06 0 0 0 0 1  NOT_FOUND_LOCA","INTEGRATE_TO_ATLAS_READONLY_SCENARIO_SPEC_CANDIDATE","ATLAS_READONLY_ADVISORY_ONLY","false","false","false","false","false","F06 audit/spec only; Atlas scenario/context candidate; never runtime reality claim"
"BRANCHABLE_ATLAS","atlas/world_protocol_atlas/","F06_ATLAS","FILE_PLAN_ALL 1594 BRANCHABLE_ATLAS OBSIDIA_BRANCHABLE_ATLAS_FULL_V0_5_DEEP_FINAL_AUDIT/docs/world_protocol_atlas/actors/ZIPPEDI_zippedi.md atlas/world_protocol_atlas/ ZIPPEDI_zippedi.md md P3_ATLAS_CONTENT F06 0 0 0 0 1  NOT_FOUND_LOCAL DU","INTEGRATE_TO_ATLAS_READONLY_SCENARIO_SPEC_CANDIDATE","ATLAS_READONLY_ADVISORY_ONLY","false","false","false","false","false","F06 audit/spec only; Atlas scenario/context candidate; never runtime reality claim"
"BRANCHABLE_ATLAS","atlas/world_protocol_atlas/","F06_ATLAS","FILE_PLAN_ALL 1595 BRANCHABLE_ATLAS OBSIDIA_BRANCHABLE_ATLAS_FULL_V0_5_DEEP_FINAL_AUDIT/docs/world_protocol_atlas/agents/abyssarchivist.json atlas/world_protocol_atlas/ abyssarchivist.json json P3_ATLAS_CONTENT F06 0 0 0 0 1  NOT_FOUND_LOCA","INTEGRATE_TO_ATLAS_READONLY_SCENARIO_SPEC_CANDIDATE","ATLAS_READONLY_ADVISORY_ONLY","false","false","false","false","false","F06 audit/spec only; Atlas scenario/context candidate; never runtime reality claim"
"BRANCHABLE_ATLAS","atlas/world_protocol_atlas/","F06_ATLAS","FILE_PLAN_ALL 1596 BRANCHABLE_ATLAS OBSIDIA_BRANCHABLE_ATLAS_FULL_V0_5_DEEP_FINAL_AUDIT/docs/world_protocol_atlas/agents/abyssarchivist.md atlas/world_protocol_atlas/ abyssarchivist.md md P3_ATLAS_CONTENT F06 0 0 0 0 1  NOT_FOUND_LOCAL DUPL","INTEGRATE_TO_ATLAS_READONLY_SCENARIO_SPEC_CANDIDATE","ATLAS_READONLY_ADVISORY_ONLY","false","false","false","false","false","F06 audit/spec only; Atlas scenario/context candidate; never runtime reality claim"
"BRANCHABLE_ATLAS","atlas/world_protocol_atlas/","F06_ATLAS","FILE_PLAN_ALL 1597 BRANCHABLE_ATLAS OBSIDIA_BRANCHABLE_ATLAS_FULL_V0_5_DEEP_FINAL_AUDIT/docs/world_protocol_atlas/agents/agent_insectoide.json atlas/world_protocol_atlas/ agent_insectoide.json json P3_ATLAS_CONTENT F06 0 0 0 0 1  NOT_FOUND_","INTEGRATE_TO_ATLAS_READONLY_SCENARIO_SPEC_CANDIDATE","ATLAS_READONLY_ADVISORY_ONLY","false","false","false","false","false","F06 audit/spec only; Atlas scenario/context candidate; never runtime reality claim"
"BRANCHABLE_ATLAS","atlas/world_protocol_atlas/","F06_ATLAS","FILE_PLAN_ALL 1598 BRANCHABLE_ATLAS OBSIDIA_BRANCHABLE_ATLAS_FULL_V0_5_DEEP_FINAL_AUDIT/docs/world_protocol_atlas/agents/agent_insectoide.md atlas/world_protocol_atlas/ agent_insectoide.md md P3_ATLAS_CONTENT F06 0 0 0 0 1  NOT_FOUND_LOCAL ","INTEGRATE_TO_ATLAS_READONLY_SCENARIO_SPEC_CANDIDATE","ATLAS_READONLY_ADVISORY_ONLY","false","false","false","false","false","F06 audit/spec only; Atlas scenario/context candidate; never runtime reality claim"
"BRANCHABLE_ATLAS","atlas/world_protocol_atlas/","F06_ATLAS","FILE_PLAN_ALL 1599 BRANCHABLE_ATLAS OBSIDIA_BRANCHABLE_ATLAS_FULL_V0_5_DEEP_FINAL_AUDIT/docs/world_protocol_atlas/agents/agent_insectoide_ia.json atlas/world_protocol_atlas/ agent_insectoide_ia.json json P3_ATLAS_CONTENT F06 0 0 0 0 1  NOT_","INTEGRATE_TO_ATLAS_READONLY_SCENARIO_SPEC_CANDIDATE","ATLAS_READONLY_ADVISORY_ONLY","false","false","false","false","false","F06 audit/spec only; Atlas scenario/context candidate; never runtime reality claim"
"BRANCHABLE_ATLAS","atlas/world_protocol_atlas/","F06_ATLAS","FILE_PLAN_ALL 1600 BRANCHABLE_ATLAS OBSIDIA_BRANCHABLE_ATLAS_FULL_V0_5_DEEP_FINAL_AUDIT/docs/world_protocol_atlas/agents/agent_insectoide_ia.md atlas/world_protocol_atlas/ agent_insectoide_ia.md md P3_ATLAS_CONTENT F06 0 0 0 0 1  NOT_FOUND_","INTEGRATE_TO_ATLAS_READONLY_SCENARIO_SPEC_CANDIDATE","ATLAS_READONLY_ADVISORY_ONLY","false","false","false","false","false","F06 audit/spec only; Atlas scenario/context candidate; never runtime reality claim"
"BRANCHABLE_ATLAS","atlas/world_protocol_atlas/","F06_ATLAS","FILE_PLAN_ALL 1601 BRANCHABLE_ATLAS OBSIDIA_BRANCHABLE_ATLAS_FULL_V0_5_DEEP_FINAL_AUDIT/docs/world_protocol_atlas/agents/agent_masque.json atlas/world_protocol_atlas/ agent_masque.json json P3_ATLAS_CONTENT F06 0 0 0 0 1  NOT_FOUND_LOCAL DU","INTEGRATE_TO_ATLAS_READONLY_SCENARIO_SPEC_CANDIDATE","ATLAS_READONLY_ADVISORY_ONLY","false","false","false","false","false","F06 audit/spec only; Atlas scenario/context candidate; never runtime reality claim"
"BRANCHABLE_ATLAS","atlas/world_protocol_atlas/","F06_ATLAS","FILE_PLAN_ALL 1602 BRANCHABLE_ATLAS OBSIDIA_BRANCHABLE_ATLAS_FULL_V0_5_DEEP_FINAL_AUDIT/docs/world_protocol_atlas/agents/agent_masque.md atlas/world_protocol_atlas/ agent_masque.md md P3_ATLAS_CONTENT F06 0 0 0 0 1  NOT_FOUND_LOCAL DUPLICAT","INTEGRATE_TO_ATLAS_READONLY_SCENARIO_SPEC_CANDIDATE","ATLAS_READONLY_ADVISORY_ONLY","false","false","false","false","false","F06 audit/spec only; Atlas scenario/context candidate; never runtime reality claim"
"BRANCHABLE_ATLAS","atlas/world_protocol_atlas/","F06_ATLAS","FILE_PLAN_ALL 1603 BRANCHABLE_ATLAS OBSIDIA_BRANCHABLE_ATLAS_FULL_V0_5_DEEP_FINAL_AUDIT/docs/world_protocol_atlas/agents/agent_multiversel.json atlas/world_protocol_atlas/ agent_multiversel.json json P3_ATLAS_CONTENT F06 0 0 0 0 1  NOT_FOUN","INTEGRATE_TO_ATLAS_READONLY_SCENARIO_SPEC_CANDIDATE","ATLAS_READONLY_ADVISORY_ONLY","false","false","false","false","false","F06 audit/spec only; Atlas scenario/context candidate; never runtime reality claim"
"BRANCHABLE_ATLAS","atlas/world_protocol_atlas/","F06_ATLAS","FILE_PLAN_ALL 1604 BRANCHABLE_ATLAS OBSIDIA_BRANCHABLE_ATLAS_FULL_V0_5_DEEP_FINAL_AUDIT/docs/world_protocol_atlas/agents/agent_multiversel.md atlas/world_protocol_atlas/ agent_multiversel.md md P3_ATLAS_CONTENT F06 0 0 0 0 1  NOT_FOUND_LOCA","INTEGRATE_TO_ATLAS_READONLY_SCENARIO_SPEC_CANDIDATE","ATLAS_READONLY_ADVISORY_ONLY","false","false","false","false","false","F06 audit/spec only; Atlas scenario/context candidate; never runtime reality claim"
"BRANCHABLE_ATLAS","atlas/world_protocol_atlas/","F06_ATLAS","FILE_PLAN_ALL 1605 BRANCHABLE_ATLAS OBSIDIA_BRANCHABLE_ATLAS_FULL_V0_5_DEEP_FINAL_AUDIT/docs/world_protocol_atlas/agents/agrosmart_adapter.json atlas/world_protocol_atlas/ agrosmart_adapter.json json P3_ATLAS_CONTENT F06 0 0 0 0 1  NOT_FOUN","INTEGRATE_TO_ATLAS_READONLY_SCENARIO_SPEC_CANDIDATE","ATLAS_READONLY_ADVISORY_ONLY","false","false","false","false","false","F06 audit/spec only; Atlas scenario/context candidate; never runtime reality claim"
"BRANCHABLE_ATLAS","atlas/world_protocol_atlas/","F06_ATLAS","FILE_PLAN_ALL 1606 BRANCHABLE_ATLAS OBSIDIA_BRANCHABLE_ATLAS_FULL_V0_5_DEEP_FINAL_AUDIT/docs/world_protocol_atlas/agents/agrosmart_adapter.md atlas/world_protocol_atlas/ agrosmart_adapter.md md P3_ATLAS_CONTENT F06 0 0 0 0 1  NOT_FOUND_LOCA","INTEGRATE_TO_ATLAS_READONLY_SCENARIO_SPEC_CANDIDATE","ATLAS_READONLY_ADVISORY_ONLY","false","false","false","false","false","F06 audit/spec only; Atlas scenario/context candidate; never runtime reality claim"
"BRANCHABLE_ATLAS","atlas/world_protocol_atlas/","F06_ATLAS","FILE_PLAN_ALL 1607 BRANCHABLE_ATLAS OBSIDIA_BRANCHABLE_ATLAS_FULL_V0_5_DEEP_FINAL_AUDIT/docs/world_protocol_atlas/agents/aissemble.json atlas/world_protocol_atlas/ aissemble.json json P3_ATLAS_CONTENT F06 0 0 0 0 1  NOT_FOUND_LOCAL DUPLICAT","INTEGRATE_TO_ATLAS_READONLY_SCENARIO_SPEC_CANDIDATE","ATLAS_READONLY_ADVISORY_ONLY","false","false","false","false","false","F06 audit/spec only; Atlas scenario/context candidate; never runtime reality claim"
"BRANCHABLE_ATLAS","atlas/world_protocol_atlas/","F06_ATLAS","FILE_PLAN_ALL 1608 BRANCHABLE_ATLAS OBSIDIA_BRANCHABLE_ATLAS_FULL_V0_5_DEEP_FINAL_AUDIT/docs/world_protocol_atlas/agents/aissemble.md atlas/world_protocol_atlas/ aissemble.md md P3_ATLAS_CONTENT F06 0 0 0 0 1  NOT_FOUND_LOCAL DUPLICATE_SAFE","INTEGRATE_TO_ATLAS_READONLY_SCENARIO_SPEC_CANDIDATE","ATLAS_READONLY_ADVISORY_ONLY","false","false","false","false","false","F06 audit/spec only; Atlas scenario/context candidate; never runtime reality claim"
"BRANCHABLE_ATLAS","atlas/world_protocol_atlas/","F06_ATLAS","FILE_PLAN_ALL 1609 BRANCHABLE_ATLAS OBSIDIA_BRANCHABLE_ATLAS_FULL_V0_5_DEEP_FINAL_AUDIT/docs/world_protocol_atlas/agents/aivo_adapter.json atlas/world_protocol_atlas/ aivo_adapter.json json P3_ATLAS_CONTENT F06 0 0 0 0 1  NOT_FOUND_LOCAL DU","INTEGRATE_TO_ATLAS_READONLY_SCENARIO_SPEC_CANDIDATE","ATLAS_READONLY_ADVISORY_ONLY","false","false","false","false","false","F06 audit/spec only; Atlas scenario/context candidate; never runtime reality claim"
"BRANCHABLE_ATLAS","atlas/world_protocol_atlas/","F06_ATLAS","FILE_PLAN_ALL 1610 BRANCHABLE_ATLAS OBSIDIA_BRANCHABLE_ATLAS_FULL_V0_5_DEEP_FINAL_AUDIT/docs/world_protocol_atlas/agents/aivo_adapter.md atlas/world_protocol_atlas/ aivo_adapter.md md P3_ATLAS_CONTENT F06 0 0 0 0 1  NOT_FOUND_LOCAL DUPLICAT","INTEGRATE_TO_ATLAS_READONLY_SCENARIO_SPEC_CANDIDATE","ATLAS_READONLY_ADVISORY_ONLY","false","false","false","false","false","F06 audit/spec only; Atlas scenario/context candidate; never runtime reality claim"
"BRANCHABLE_ATLAS","atlas/world_protocol_atlas/","F06_ATLAS","FILE_PLAN_ALL 1611 BRANCHABLE_ATLAS OBSIDIA_BRANCHABLE_ATLAS_FULL_V0_5_DEEP_FINAL_AUDIT/docs/world_protocol_atlas/agents/aleph_alpha_adapter.json atlas/world_protocol_atlas/ aleph_alpha_adapter.json json P3_ATLAS_CONTENT F06 0 0 0 0 1  NOT_","INTEGRATE_TO_ATLAS_READONLY_SCENARIO_SPEC_CANDIDATE","ATLAS_READONLY_ADVISORY_ONLY","false","false","false","false","false","F06 audit/spec only; Atlas scenario/context candidate; never runtime reality claim"
"BRANCHABLE_ATLAS","atlas/world_protocol_atlas/","F06_ATLAS","FILE_PLAN_ALL 1612 BRANCHABLE_ATLAS OBSIDIA_BRANCHABLE_ATLAS_FULL_V0_5_DEEP_FINAL_AUDIT/docs/world_protocol_atlas/agents/aleph_alpha_adapter.md atlas/world_protocol_atlas/ aleph_alpha_adapter.md md P3_ATLAS_CONTENT F06 0 0 0 0 1  NOT_FOUND_","INTEGRATE_TO_ATLAS_READONLY_SCENARIO_SPEC_CANDIDATE","ATLAS_READONLY_ADVISORY_ONLY","false","false","false","false","false","F06 audit/spec only; Atlas scenario/context candidate; never runtime reality claim"
"BRANCHABLE_ATLAS","atlas/world_protocol_atlas/","F06_ATLAS","FILE_PLAN_ALL 1613 BRANCHABLE_ATLAS OBSIDIA_BRANCHABLE_ATLAS_FULL_V0_5_DEEP_FINAL_AUDIT/docs/world_protocol_atlas/agents/amazon_aws_ai_adapter.json atlas/world_protocol_atlas/ amazon_aws_ai_adapter.json json P3_ATLAS_CONTENT F06 0 0 0 0 1  ","INTEGRATE_TO_ATLAS_READONLY_SCENARIO_SPEC_CANDIDATE","ATLAS_READONLY_ADVISORY_ONLY","false","false","false","false","false","F06 audit/spec only; Atlas scenario/context candidate; never runtime reality claim"
"BRANCHABLE_ATLAS","atlas/world_protocol_atlas/","F06_ATLAS","FILE_PLAN_ALL 1614 BRANCHABLE_ATLAS OBSIDIA_BRANCHABLE_ATLAS_FULL_V0_5_DEEP_FINAL_AUDIT/docs/world_protocol_atlas/agents/amazon_aws_ai_adapter.md atlas/world_protocol_atlas/ amazon_aws_ai_adapter.md md P3_ATLAS_CONTENT F06 0 0 0 0 1  NOT_FO","INTEGRATE_TO_ATLAS_READONLY_SCENARIO_SPEC_CANDIDATE","ATLAS_READONLY_ADVISORY_ONLY","false","false","false","false","false","F06 audit/spec only; Atlas scenario/context candidate; never runtime reality claim"
"BRANCHABLE_ATLAS","atlas/world_protocol_atlas/","F06_ATLAS","FILE_PLAN_ALL 1615 BRANCHABLE_ATLAS OBSIDIA_BRANCHABLE_ATLAS_FULL_V0_5_DEEP_FINAL_AUDIT/docs/world_protocol_atlas/agents/analogmemory.json atlas/world_protocol_atlas/ analogmemory.json json P3_ATLAS_CONTENT F06 0 0 0 0 1  NOT_FOUND_LOCAL DU","INTEGRATE_TO_ATLAS_READONLY_SCENARIO_SPEC_CANDIDATE","ATLAS_READONLY_ADVISORY_ONLY","false","false","false","false","false","F06 audit/spec only; Atlas scenario/context candidate; never runtime reality claim"
"BRANCHABLE_ATLAS","atlas/world_protocol_atlas/","F06_ATLAS","FILE_PLAN_ALL 1616 BRANCHABLE_ATLAS OBSIDIA_BRANCHABLE_ATLAS_FULL_V0_5_DEEP_FINAL_AUDIT/docs/world_protocol_atlas/agents/analogmemory.md atlas/world_protocol_atlas/ analogmemory.md md P3_ATLAS_CONTENT F06 0 0 0 0 1  NOT_FOUND_LOCAL DUPLICAT","INTEGRATE_TO_ATLAS_READONLY_SCENARIO_SPEC_CANDIDATE","ATLAS_READONLY_ADVISORY_ONLY","false","false","false","false","false","F06 audit/spec only; Atlas scenario/context candidate; never runtime reality claim"
"BRANCHABLE_ATLAS","atlas/world_protocol_atlas/","F06_ATLAS","FILE_PLAN_ALL 1617 BRANCHABLE_ATLAS OBSIDIA_BRANCHABLE_ATLAS_FULL_V0_5_DEEP_FINAL_AUDIT/docs/world_protocol_atlas/agents/analogtocontext.json atlas/world_protocol_atlas/ analogtocontext.json json P3_ATLAS_CONTENT F06 0 0 0 0 1  NOT_FOUND_LO","INTEGRATE_TO_ATLAS_READONLY_SCENARIO_SPEC_CANDIDATE","ATLAS_READONLY_ADVISORY_ONLY","false","false","false","false","false","F06 audit/spec only; Atlas scenario/context candidate; never runtime reality claim"
"BRANCHABLE_ATLAS","atlas/world_protocol_atlas/","F06_ATLAS","FILE_PLAN_ALL 1618 BRANCHABLE_ATLAS OBSIDIA_BRANCHABLE_ATLAS_FULL_V0_5_DEEP_FINAL_AUDIT/docs/world_protocol_atlas/agents/analogtocontext.md atlas/world_protocol_atlas/ analogtocontext.md md P3_ATLAS_CONTENT F06 0 0 0 0 1  NOT_FOUND_LOCAL DU","INTEGRATE_TO_ATLAS_READONLY_SCENARIO_SPEC_CANDIDATE","ATLAS_READONLY_ADVISORY_ONLY","false","false","false","false","false","F06 audit/spec only; Atlas scenario/context candidate; never runtime reality claim"
"BRANCHABLE_ATLAS","atlas/world_protocol_atlas/","F06_ATLAS","FILE_PLAN_ALL 1619 BRANCHABLE_ATLAS OBSIDIA_BRANCHABLE_ATLAS_FULL_V0_5_DEEP_FINAL_AUDIT/docs/world_protocol_atlas/agents/anthropic_adapter.json atlas/world_protocol_atlas/ anthropic_adapter.json json P3_ATLAS_CONTENT F06 0 0 0 0 1  NOT_FOUN","INTEGRATE_TO_ATLAS_READONLY_SCENARIO_SPEC_CANDIDATE","ATLAS_READONLY_ADVISORY_ONLY","false","false","false","false","false","F06 audit/spec only; Atlas scenario/context candidate; never runtime reality claim"
"BRANCHABLE_ATLAS","atlas/world_protocol_atlas/","F06_ATLAS","FILE_PLAN_ALL 1620 BRANCHABLE_ATLAS OBSIDIA_BRANCHABLE_ATLAS_FULL_V0_5_DEEP_FINAL_AUDIT/docs/world_protocol_atlas/agents/anthropic_adapter.md atlas/world_protocol_atlas/ anthropic_adapter.md md P3_ATLAS_CONTENT F06 0 0 0 0 1  NOT_FOUND_LOCA","INTEGRATE_TO_ATLAS_READONLY_SCENARIO_SPEC_CANDIDATE","ATLAS_READONLY_ADVISORY_ONLY","false","false","false","false","false","F06 audit/spec only; Atlas scenario/context candidate; never runtime reality claim"
"BRANCHABLE_ATLAS","atlas/world_protocol_atlas/","F06_ATLAS","FILE_PLAN_ALL 1621 BRANCHABLE_ATLAS OBSIDIA_BRANCHABLE_ATLAS_FULL_V0_5_DEEP_FINAL_AUDIT/docs/world_protocol_atlas/agents/apple_intelligence_adapter.json atlas/world_protocol_atlas/ apple_intelligence_adapter.json json P3_ATLAS_CONTENT F06 0","INTEGRATE_TO_ATLAS_READONLY_SCENARIO_SPEC_CANDIDATE","ATLAS_READONLY_ADVISORY_ONLY","false","false","false","false","false","F06 audit/spec only; Atlas scenario/context candidate; never runtime reality claim"
"BRANCHABLE_ATLAS","atlas/world_protocol_atlas/","F06_ATLAS","FILE_PLAN_ALL 1622 BRANCHABLE_ATLAS OBSIDIA_BRANCHABLE_ATLAS_FULL_V0_5_DEEP_FINAL_AUDIT/docs/world_protocol_atlas/agents/apple_intelligence_adapter.md atlas/world_protocol_atlas/ apple_intelligence_adapter.md md P3_ATLAS_CONTENT F06 0 0 0 0","INTEGRATE_TO_ATLAS_READONLY_SCENARIO_SPEC_CANDIDATE","ATLAS_READONLY_ADVISORY_ONLY","false","false","false","false","false","F06 audit/spec only; Atlas scenario/context candidate; never runtime reality claim"
"BRANCHABLE_ATLAS","atlas/world_protocol_atlas/","F06_ATLAS","FILE_PLAN_ALL 1623 BRANCHABLE_ATLAS OBSIDIA_BRANCHABLE_ATLAS_FULL_V0_5_DEEP_FINAL_AUDIT/docs/world_protocol_atlas/agents/arborescence_causale.json atlas/world_protocol_atlas/ arborescence_causale.json json P3_ATLAS_CONTENT F06 0 0 0 0 1  NO","INTEGRATE_TO_ATLAS_READONLY_SCENARIO_SPEC_CANDIDATE","ATLAS_READONLY_ADVISORY_ONLY","false","false","false","false","false","F06 audit/spec only; Atlas scenario/context candidate; never runtime reality claim"
"BRANCHABLE_ATLAS","atlas/world_protocol_atlas/","F06_ATLAS","FILE_PLAN_ALL 1624 BRANCHABLE_ATLAS OBSIDIA_BRANCHABLE_ATLAS_FULL_V0_5_DEEP_FINAL_AUDIT/docs/world_protocol_atlas/agents/arborescence_causale.md atlas/world_protocol_atlas/ arborescence_causale.md md P3_ATLAS_CONTENT F06 0 0 0 0 1  NOT_FOUN","INTEGRATE_TO_ATLAS_READONLY_SCENARIO_SPEC_CANDIDATE","ATLAS_READONLY_ADVISORY_ONLY","false","false","false","false","false","F06 audit/spec only; Atlas scenario/context candidate; never runtime reality claim"
"BRANCHABLE_ATLAS","atlas/world_protocol_atlas/","F06_ATLAS","FILE_PLAN_ALL 1625 BRANCHABLE_ATLAS OBSIDIA_BRANCHABLE_ATLAS_FULL_V0_5_DEEP_FINAL_AUDIT/docs/world_protocol_atlas/agents/archetypeobjectmap.json atlas/world_protocol_atlas/ archetypeobjectmap.json json P3_ATLAS_CONTENT F06 0 0 0 0 1  NOT_FO","INTEGRATE_TO_ATLAS_READONLY_SCENARIO_SPEC_CANDIDATE","ATLAS_READONLY_ADVISORY_ONLY","false","false","false","false","false","F06 audit/spec only; Atlas scenario/context candidate; never runtime reality claim"
"BRANCHABLE_ATLAS","atlas/world_protocol_atlas/","F06_ATLAS","FILE_PLAN_ALL 1626 BRANCHABLE_ATLAS OBSIDIA_BRANCHABLE_ATLAS_FULL_V0_5_DEEP_FINAL_AUDIT/docs/world_protocol_atlas/agents/archetypeobjectmap.md atlas/world_protocol_atlas/ archetypeobjectmap.md md P3_ATLAS_CONTENT F06 0 0 0 0 1  NOT_FOUND_LO","INTEGRATE_TO_ATLAS_READONLY_SCENARIO_SPEC_CANDIDATE","ATLAS_READONLY_ADVISORY_ONLY","false","false","false","false","false","F06 audit/spec only; Atlas scenario/context candidate; never runtime reality claim"
"BRANCHABLE_ATLAS","atlas/world_protocol_atlas/","F06_ATLAS","FILE_PLAN_ALL 1627 BRANCHABLE_ATLAS OBSIDIA_BRANCHABLE_ATLAS_FULL_V0_5_DEEP_FINAL_AUDIT/docs/world_protocol_atlas/agents/archive_transgenerationnelle.json atlas/world_protocol_atlas/ archive_transgenerationnelle.json json P3_ATLAS_CONTENT F","INTEGRATE_TO_ATLAS_READONLY_SCENARIO_SPEC_CANDIDATE","ATLAS_READONLY_ADVISORY_ONLY","false","false","false","false","false","F06 audit/spec only; Atlas scenario/context candidate; never runtime reality claim"
"BRANCHABLE_ATLAS","atlas/world_protocol_atlas/","F06_ATLAS","FILE_PLAN_ALL 1628 BRANCHABLE_ATLAS OBSIDIA_BRANCHABLE_ATLAS_FULL_V0_5_DEEP_FINAL_AUDIT/docs/world_protocol_atlas/agents/archive_transgenerationnelle.md atlas/world_protocol_atlas/ archive_transgenerationnelle.md md P3_ATLAS_CONTENT F06 0 0","INTEGRATE_TO_ATLAS_READONLY_SCENARIO_SPEC_CANDIDATE","ATLAS_READONLY_ADVISORY_ONLY","false","false","false","false","false","F06 audit/spec only; Atlas scenario/context candidate; never runtime reality claim"
"BRANCHABLE_ATLAS","atlas/world_protocol_atlas/","F06_ATLAS","FILE_PLAN_ALL 1629 BRANCHABLE_ATLAS OBSIDIA_BRANCHABLE_ATLAS_FULL_V0_5_DEEP_FINAL_AUDIT/docs/world_protocol_atlas/agents/archivebridge.json atlas/world_protocol_atlas/ archivebridge.json json P3_ATLAS_CONTENT F06 0 0 0 0 1  NOT_FOUND_LOCAL ","INTEGRATE_TO_ATLAS_READONLY_SCENARIO_SPEC_CANDIDATE","ATLAS_READONLY_ADVISORY_ONLY","false","false","false","false","false","F06 audit/spec only; Atlas scenario/context candidate; never runtime reality claim"
"BRANCHABLE_ATLAS","atlas/world_protocol_atlas/","F06_ATLAS","FILE_PLAN_ALL 1630 BRANCHABLE_ATLAS OBSIDIA_BRANCHABLE_ATLAS_FULL_V0_5_DEEP_FINAL_AUDIT/docs/world_protocol_atlas/agents/archivebridge.md atlas/world_protocol_atlas/ archivebridge.md md P3_ATLAS_CONTENT F06 0 0 0 0 1  NOT_FOUND_LOCAL DUPLIC","INTEGRATE_TO_ATLAS_READONLY_SCENARIO_SPEC_CANDIDATE","ATLAS_READONLY_ADVISORY_ONLY","false","false","false","false","false","F06 audit/spec only; Atlas scenario/context candidate; never runtime reality claim"
"BRANCHABLE_ATLAS","atlas/world_protocol_atlas/","F06_ATLAS","FILE_PLAN_ALL 1631 BRANCHABLE_ATLAS OBSIDIA_BRANCHABLE_ATLAS_FULL_V0_5_DEEP_FINAL_AUDIT/docs/world_protocol_atlas/agents/astronn.json atlas/world_protocol_atlas/ astronn.json json P3_ATLAS_CONTENT F06 0 0 0 0 1  NOT_FOUND_LOCAL DUPLICATE_SA","INTEGRATE_TO_ATLAS_READONLY_SCENARIO_SPEC_CANDIDATE","ATLAS_READONLY_ADVISORY_ONLY","false","false","false","false","false","F06 audit/spec only; Atlas scenario/context candidate; never runtime reality claim"
"BRANCHABLE_ATLAS","atlas/world_protocol_atlas/","F06_ATLAS","FILE_PLAN_ALL 1632 BRANCHABLE_ATLAS OBSIDIA_BRANCHABLE_ATLAS_FULL_V0_5_DEEP_FINAL_AUDIT/docs/world_protocol_atlas/agents/astronn.md atlas/world_protocol_atlas/ astronn.md md P3_ATLAS_CONTENT F06 0 0 0 0 1  NOT_FOUND_LOCAL DUPLICATE_SAFE CLE","INTEGRATE_TO_ATLAS_READONLY_SCENARIO_SPEC_CANDIDATE","ATLAS_READONLY_ADVISORY_ONLY","false","false","false","false","false","F06 audit/spec only; Atlas scenario/context candidate; never runtime reality claim"
"BRANCHABLE_ATLAS","atlas/world_protocol_atlas/","F06_ATLAS","FILE_PLAN_ALL 1633 BRANCHABLE_ATLAS OBSIDIA_BRANCHABLE_ATLAS_FULL_V0_5_DEEP_FINAL_AUDIT/docs/world_protocol_atlas/agents/autogen.json atlas/world_protocol_atlas/ autogen.json json P3_ATLAS_CONTENT F06 0 0 0 0 1  NOT_FOUND_LOCAL DUPLICATE_SA","INTEGRATE_TO_ATLAS_READONLY_SCENARIO_SPEC_CANDIDATE","ATLAS_READONLY_ADVISORY_ONLY","false","false","false","false","false","F06 audit/spec only; Atlas scenario/context candidate; never runtime reality claim"
"BRANCHABLE_ATLAS","atlas/world_protocol_atlas/","F06_ATLAS","FILE_PLAN_ALL 1634 BRANCHABLE_ATLAS OBSIDIA_BRANCHABLE_ATLAS_FULL_V0_5_DEEP_FINAL_AUDIT/docs/world_protocol_atlas/agents/autogen.md atlas/world_protocol_atlas/ autogen.md md P3_ATLAS_CONTENT F06 0 0 0 0 1  NOT_FOUND_LOCAL DUPLICATE_SAFE CLE","INTEGRATE_TO_ATLAS_READONLY_SCENARIO_SPEC_CANDIDATE","ATLAS_READONLY_ADVISORY_ONLY","false","false","false","false","false","F06 audit/spec only; Atlas scenario/context candidate; never runtime reality claim"
"BRANCHABLE_ATLAS","atlas/world_protocol_atlas/","F06_ATLAS","FILE_PLAN_ALL 1635 BRANCHABLE_ATLAS OBSIDIA_BRANCHABLE_ATLAS_FULL_V0_5_DEEP_FINAL_AUDIT/docs/world_protocol_atlas/agents/beeai.json atlas/world_protocol_atlas/ beeai.json json P3_ATLAS_CONTENT F06 0 0 0 0 1  NOT_FOUND_LOCAL DUPLICATE_SAFE C","INTEGRATE_TO_ATLAS_READONLY_SCENARIO_SPEC_CANDIDATE","ATLAS_READONLY_ADVISORY_ONLY","false","false","false","false","false","F06 audit/spec only; Atlas scenario/context candidate; never runtime reality claim"
"BRANCHABLE_ATLAS","atlas/world_protocol_atlas/","F06_ATLAS","FILE_PLAN_ALL 1636 BRANCHABLE_ATLAS OBSIDIA_BRANCHABLE_ATLAS_FULL_V0_5_DEEP_FINAL_AUDIT/docs/world_protocol_atlas/agents/beeai.md atlas/world_protocol_atlas/ beeai.md md P3_ATLAS_CONTENT F06 0 0 0 0 1  NOT_FOUND_LOCAL DUPLICATE_SAFE CLEAN L","INTEGRATE_TO_ATLAS_READONLY_SCENARIO_SPEC_CANDIDATE","ATLAS_READONLY_ADVISORY_ONLY","false","false","false","false","false","F06 audit/spec only; Atlas scenario/context candidate; never runtime reality claim"
"BRANCHABLE_ATLAS","atlas/world_protocol_atlas/","F06_ATLAS","FILE_PLAN_ALL 1637 BRANCHABLE_ATLAS OBSIDIA_BRANCHABLE_ATLAS_FULL_V0_5_DEEP_FINAL_AUDIT/docs/world_protocol_atlas/agents/beliefobjectvault.json atlas/world_protocol_atlas/ beliefobjectvault.json json P3_ATLAS_CONTENT F06 0 0 0 0 1  NOT_FOUN","INTEGRATE_TO_ATLAS_READONLY_SCENARIO_SPEC_CANDIDATE","ATLAS_READONLY_ADVISORY_ONLY","false","false","false","false","false","F06 audit/spec only; Atlas scenario/context candidate; never runtime reality claim"
"BRANCHABLE_ATLAS","atlas/world_protocol_atlas/","F06_ATLAS","FILE_PLAN_ALL 1638 BRANCHABLE_ATLAS OBSIDIA_BRANCHABLE_ATLAS_FULL_V0_5_DEEP_FINAL_AUDIT/docs/world_protocol_atlas/agents/beliefobjectvault.md atlas/world_protocol_atlas/ beliefobjectvault.md md P3_ATLAS_CONTENT F06 0 0 0 0 1  NOT_FOUND_LOCA","INTEGRATE_TO_ATLAS_READONLY_SCENARIO_SPEC_CANDIDATE","ATLAS_READONLY_ADVISORY_ONLY","false","false","false","false","false","F06 audit/spec only; Atlas scenario/context candidate; never runtime reality claim"
"BRANCHABLE_ATLAS","atlas/world_protocol_atlas/","F06_ATLAS","FILE_PLAN_ALL 1639 BRANCHABLE_ATLAS OBSIDIA_BRANCHABLE_ATLAS_FULL_V0_5_DEEP_FINAL_AUDIT/docs/world_protocol_atlas/agents/bendito_machine_adapter.json atlas/world_protocol_atlas/ bendito_machine_adapter.json json P3_ATLAS_CONTENT F06 0 0 0 0","INTEGRATE_TO_ATLAS_READONLY_SCENARIO_SPEC_CANDIDATE","ATLAS_READONLY_ADVISORY_ONLY","false","false","false","false","false","F06 audit/spec only; Atlas scenario/context candidate; never runtime reality claim"
"BRANCHABLE_ATLAS","atlas/world_protocol_atlas/","F06_ATLAS","FILE_PLAN_ALL 1640 BRANCHABLE_ATLAS OBSIDIA_BRANCHABLE_ATLAS_FULL_V0_5_DEEP_FINAL_AUDIT/docs/world_protocol_atlas/agents/bendito_machine_adapter.md atlas/world_protocol_atlas/ bendito_machine_adapter.md md P3_ATLAS_CONTENT F06 0 0 0 0 1  NO","INTEGRATE_TO_ATLAS_READONLY_SCENARIO_SPEC_CANDIDATE","ATLAS_READONLY_ADVISORY_ONLY","false","false","false","false","false","F06 audit/spec only; Atlas scenario/context candidate; never runtime reality claim"
"BRANCHABLE_ATLAS","atlas/world_protocol_atlas/","F06_ATLAS","FILE_PLAN_ALL 1641 BRANCHABLE_ATLAS OBSIDIA_BRANCHABLE_ATLAS_FULL_V0_5_DEEP_FINAL_AUDIT/docs/world_protocol_atlas/agents/berkeley_humanoid_lite.json atlas/world_protocol_atlas/ berkeley_humanoid_lite.json json P3_ATLAS_CONTENT F06 0 0 0 0 1","INTEGRATE_TO_ATLAS_READONLY_SCENARIO_SPEC_CANDIDATE","ATLAS_READONLY_ADVISORY_ONLY","false","false","false","false","false","F06 audit/spec only; Atlas scenario/context candidate; never runtime reality claim"
"BRANCHABLE_ATLAS","atlas/world_protocol_atlas/","F06_ATLAS","FILE_PLAN_ALL 1642 BRANCHABLE_ATLAS OBSIDIA_BRANCHABLE_ATLAS_FULL_V0_5_DEEP_FINAL_AUDIT/docs/world_protocol_atlas/agents/berkeley_humanoid_lite.md atlas/world_protocol_atlas/ berkeley_humanoid_lite.md md P3_ATLAS_CONTENT F06 0 0 0 0 1  NOT_","INTEGRATE_TO_ATLAS_READONLY_SCENARIO_SPEC_CANDIDATE","ATLAS_READONLY_ADVISORY_ONLY","false","false","false","false","false","F06 audit/spec only; Atlas scenario/context candidate; never runtime reality claim"
"BRANCHABLE_ATLAS","atlas/world_protocol_atlas/","F06_ATLAS","FILE_PLAN_ALL 1643 BRANCHABLE_ATLAS OBSIDIA_BRANCHABLE_ATLAS_FULL_V0_5_DEEP_FINAL_AUDIT/docs/world_protocol_atlas/agents/biocodex.json atlas/world_protocol_atlas/ biocodex.json json P3_ATLAS_CONTENT F06 0 0 0 0 1  NOT_FOUND_LOCAL DUPLICATE_","INTEGRATE_TO_ATLAS_READONLY_SCENARIO_SPEC_CANDIDATE","ATLAS_READONLY_ADVISORY_ONLY","false","false","false","false","false","F06 audit/spec only; Atlas scenario/context candidate; never runtime reality claim"
"BRANCHABLE_ATLAS","atlas/world_protocol_atlas/","F06_ATLAS","FILE_PLAN_ALL 1644 BRANCHABLE_ATLAS OBSIDIA_BRANCHABLE_ATLAS_FULL_V0_5_DEEP_FINAL_AUDIT/docs/world_protocol_atlas/agents/biocodex.md atlas/world_protocol_atlas/ biocodex.md md P3_ATLAS_CONTENT F06 0 0 0 0 1  NOT_FOUND_LOCAL DUPLICATE_SAFE C","INTEGRATE_TO_ATLAS_READONLY_SCENARIO_SPEC_CANDIDATE","ATLAS_READONLY_ADVISORY_ONLY","false","false","false","false","false","F06 audit/spec only; Atlas scenario/context candidate; never runtime reality claim"
"BRANCHABLE_ATLAS","atlas/world_protocol_atlas/","F06_ATLAS","FILE_PLAN_ALL 1645 BRANCHABLE_ATLAS OBSIDIA_BRANCHABLE_ATLAS_FULL_V0_5_DEEP_FINAL_AUDIT/docs/world_protocol_atlas/agents/biodynamo.json atlas/world_protocol_atlas/ biodynamo.json json P3_ATLAS_CONTENT F06 0 0 0 0 1  NOT_FOUND_LOCAL DUPLICAT","INTEGRATE_TO_ATLAS_READONLY_SCENARIO_SPEC_CANDIDATE","ATLAS_READONLY_ADVISORY_ONLY","false","false","false","false","false","F06 audit/spec only; Atlas scenario/context candidate; never runtime reality claim"
"BRANCHABLE_ATLAS","atlas/world_protocol_atlas/","F06_ATLAS","FILE_PLAN_ALL 1646 BRANCHABLE_ATLAS OBSIDIA_BRANCHABLE_ATLAS_FULL_V0_5_DEEP_FINAL_AUDIT/docs/world_protocol_atlas/agents/biodynamo.md atlas/world_protocol_atlas/ biodynamo.md md P3_ATLAS_CONTENT F06 0 0 0 0 1  NOT_FOUND_LOCAL DUPLICATE_SAFE","INTEGRATE_TO_ATLAS_READONLY_SCENARIO_SPEC_CANDIDATE","ATLAS_READONLY_ADVISORY_ONLY","false","false","false","false","false","F06 audit/spec only; Atlas scenario/context candidate; never runtime reality claim"
"BRANCHABLE_ATLAS","atlas/world_protocol_atlas/","F06_ATLAS","FILE_PLAN_ALL 1647 BRANCHABLE_ATLAS OBSIDIA_BRANCHABLE_ATLAS_FULL_V0_5_DEEP_FINAL_AUDIT/docs/world_protocol_atlas/agents/brainpy.json atlas/world_protocol_atlas/ brainpy.json json P3_ATLAS_CONTENT F06 0 0 0 0 1  NOT_FOUND_LOCAL DUPLICATE_SA","INTEGRATE_TO_ATLAS_READONLY_SCENARIO_SPEC_CANDIDATE","ATLAS_READONLY_ADVISORY_ONLY","false","false","false","false","false","F06 audit/spec only; Atlas scenario/context candidate; never runtime reality claim"
"BRANCHABLE_ATLAS","atlas/world_protocol_atlas/","F06_ATLAS","FILE_PLAN_ALL 1648 BRANCHABLE_ATLAS OBSIDIA_BRANCHABLE_ATLAS_FULL_V0_5_DEEP_FINAL_AUDIT/docs/world_protocol_atlas/agents/brainpy.md atlas/world_protocol_atlas/ brainpy.md md P3_ATLAS_CONTENT F06 0 0 0 0 1  NOT_FOUND_LOCAL DUPLICATE_SAFE CLE","INTEGRATE_TO_ATLAS_READONLY_SCENARIO_SPEC_CANDIDATE","ATLAS_READONLY_ADVISORY_ONLY","false","false","false","false","false","F06 audit/spec only; Atlas scenario/context candidate; never runtime reality claim"
"BRANCHABLE_ATLAS","atlas/world_protocol_atlas/","F06_ATLAS","FILE_PLAN_ALL 1649 BRANCHABLE_ATLAS OBSIDIA_BRANCHABLE_ATLAS_FULL_V0_5_DEEP_FINAL_AUDIT/docs/world_protocol_atlas/agents/capteur_adn_virtuel.json atlas/world_protocol_atlas/ capteur_adn_virtuel.json json P3_ATLAS_CONTENT F06 0 0 0 0 1  NOT_","INTEGRATE_TO_ATLAS_READONLY_SCENARIO_SPEC_CANDIDATE","ATLAS_READONLY_ADVISORY_ONLY","false","false","false","false","false","F06 audit/spec only; Atlas scenario/context candidate; never runtime reality claim"
"BRANCHABLE_ATLAS","atlas/world_protocol_atlas/","F06_ATLAS","FILE_PLAN_ALL 1650 BRANCHABLE_ATLAS OBSIDIA_BRANCHABLE_ATLAS_FULL_V0_5_DEEP_FINAL_AUDIT/docs/world_protocol_atlas/agents/capteur_adn_virtuel.md atlas/world_protocol_atlas/ capteur_adn_virtuel.md md P3_ATLAS_CONTENT F06 0 0 0 0 1  NOT_FOUND_","INTEGRATE_TO_ATLAS_READONLY_SCENARIO_SPEC_CANDIDATE","ATLAS_READONLY_ADVISORY_ONLY","false","false","false","false","false","F06 audit/spec only; Atlas scenario/context candidate; never runtime reality claim"
"BRANCHABLE_ATLAS","atlas/world_protocol_atlas/","F06_ATLAS","FILE_PLAN_ALL 1651 BRANCHABLE_ATLAS OBSIDIA_BRANCHABLE_ATLAS_FULL_V0_5_DEEP_FINAL_AUDIT/docs/world_protocol_atlas/agents/cerebras_systems_adapter.json atlas/world_protocol_atlas/ cerebras_systems_adapter.json json P3_ATLAS_CONTENT F06 0 0 0","INTEGRATE_TO_ATLAS_READONLY_SCENARIO_SPEC_CANDIDATE","ATLAS_READONLY_ADVISORY_ONLY","false","false","false","false","false","F06 audit/spec only; Atlas scenario/context candidate; never runtime reality claim"
"BRANCHABLE_ATLAS","atlas/world_protocol_atlas/","F06_ATLAS","FILE_PLAN_ALL 1652 BRANCHABLE_ATLAS OBSIDIA_BRANCHABLE_ATLAS_FULL_V0_5_DEEP_FINAL_AUDIT/docs/world_protocol_atlas/agents/cerebras_systems_adapter.md atlas/world_protocol_atlas/ cerebras_systems_adapter.md md P3_ATLAS_CONTENT F06 0 0 0 0 1  ","INTEGRATE_TO_ATLAS_READONLY_SCENARIO_SPEC_CANDIDATE","ATLAS_READONLY_ADVISORY_ONLY","false","false","false","false","false","F06 audit/spec only; Atlas scenario/context candidate; never runtime reality claim"
"BRANCHABLE_ATLAS","atlas/world_protocol_atlas/","F06_ATLAS","FILE_PLAN_ALL 1653 BRANCHABLE_ATLAS OBSIDIA_BRANCHABLE_ATLAS_FULL_V0_5_DEEP_FINAL_AUDIT/docs/world_protocol_atlas/agents/codex_adn_vivant.json atlas/world_protocol_atlas/ codex_adn_vivant.json json P3_ATLAS_CONTENT F06 0 0 0 0 1  NOT_FOUND_","INTEGRATE_TO_ATLAS_READONLY_SCENARIO_SPEC_CANDIDATE","ATLAS_READONLY_ADVISORY_ONLY","false","false","false","false","false","F06 audit/spec only; Atlas scenario/context candidate; never runtime reality claim"
"BRANCHABLE_ATLAS","atlas/world_protocol_atlas/","F06_ATLAS","FILE_PLAN_ALL 1654 BRANCHABLE_ATLAS OBSIDIA_BRANCHABLE_ATLAS_FULL_V0_5_DEEP_FINAL_AUDIT/docs/world_protocol_atlas/agents/codex_adn_vivant.md atlas/world_protocol_atlas/ codex_adn_vivant.md md P3_ATLAS_CONTENT F06 0 0 0 0 1  NOT_FOUND_LOCAL ","INTEGRATE_TO_ATLAS_READONLY_SCENARIO_SPEC_CANDIDATE","ATLAS_READONLY_ADVISORY_ONLY","false","false","false","false","false","F06 audit/spec only; Atlas scenario/context candidate; never runtime reality claim"
"BRANCHABLE_ATLAS","atlas/world_protocol_atlas/","F06_ATLAS","FILE_PLAN_ALL 1655 BRANCHABLE_ATLAS OBSIDIA_BRANCHABLE_ATLAS_FULL_V0_5_DEEP_FINAL_AUDIT/docs/world_protocol_atlas/agents/codex_biosymbolique.json atlas/world_protocol_atlas/ codex_biosymbolique.json json P3_ATLAS_CONTENT F06 0 0 0 0 1  NOT_","INTEGRATE_TO_ATLAS_READONLY_SCENARIO_SPEC_CANDIDATE","ATLAS_READONLY_ADVISORY_ONLY","false","false","false","false","false","F06 audit/spec only; Atlas scenario/context candidate; never runtime reality claim"
"BRANCHABLE_ATLAS","atlas/world_protocol_atlas/","F06_ATLAS","FILE_PLAN_ALL 1656 BRANCHABLE_ATLAS OBSIDIA_BRANCHABLE_ATLAS_FULL_V0_5_DEEP_FINAL_AUDIT/docs/world_protocol_atlas/agents/codex_biosymbolique.md atlas/world_protocol_atlas/ codex_biosymbolique.md md P3_ATLAS_CONTENT F06 0 0 0 0 1  NOT_FOUND_","INTEGRATE_TO_ATLAS_READONLY_SCENARIO_SPEC_CANDIDATE","ATLAS_READONLY_ADVISORY_ONLY","false","false","false","false","false","F06 audit/spec only; Atlas scenario/context candidate; never runtime reality claim"
"BRANCHABLE_ATLAS","atlas/world_protocol_atlas/","F06_ATLAS","FILE_PLAN_ALL 1657 BRANCHABLE_ATLAS OBSIDIA_BRANCHABLE_ATLAS_FULL_V0_5_DEEP_FINAL_AUDIT/docs/world_protocol_atlas/agents/codex_de_regles_exotiques.json atlas/world_protocol_atlas/ codex_de_regles_exotiques.json json P3_ATLAS_CONTENT F06 0 0","INTEGRATE_TO_ATLAS_READONLY_SCENARIO_SPEC_CANDIDATE","ATLAS_READONLY_ADVISORY_ONLY","false","false","false","false","false","F06 audit/spec only; Atlas scenario/context candidate; never runtime reality claim"
"BRANCHABLE_ATLAS","atlas/world_protocol_atlas/","F06_ATLAS","FILE_PLAN_ALL 1658 BRANCHABLE_ATLAS OBSIDIA_BRANCHABLE_ATLAS_FULL_V0_5_DEEP_FINAL_AUDIT/docs/world_protocol_atlas/agents/codex_de_regles_exotiques.md atlas/world_protocol_atlas/ codex_de_regles_exotiques.md md P3_ATLAS_CONTENT F06 0 0 0 0 1","INTEGRATE_TO_ATLAS_READONLY_SCENARIO_SPEC_CANDIDATE","ATLAS_READONLY_ADVISORY_ONLY","false","false","false","false","false","F06 audit/spec only; Atlas scenario/context candidate; never runtime reality claim"
"BRANCHABLE_ATLAS","atlas/world_protocol_atlas/","F06_ATLAS","FILE_PLAN_ALL 1659 BRANCHABLE_ATLAS OBSIDIA_BRANCHABLE_ATLAS_FULL_V0_5_DEEP_FINAL_AUDIT/docs/world_protocol_atlas/agents/codex_des_ames.json atlas/world_protocol_atlas/ codex_des_ames.json json P3_ATLAS_CONTENT F06 0 0 0 0 1  NOT_FOUND_LOCA","INTEGRATE_TO_ATLAS_READONLY_SCENARIO_SPEC_CANDIDATE","ATLAS_READONLY_ADVISORY_ONLY","false","false","false","false","false","F06 audit/spec only; Atlas scenario/context candidate; never runtime reality claim"
"BRANCHABLE_ATLAS","atlas/world_protocol_atlas/","F06_ATLAS","FILE_PLAN_ALL 1660 BRANCHABLE_ATLAS OBSIDIA_BRANCHABLE_ATLAS_FULL_V0_5_DEEP_FINAL_AUDIT/docs/world_protocol_atlas/agents/codex_des_ames.md atlas/world_protocol_atlas/ codex_des_ames.md md P3_ATLAS_CONTENT F06 0 0 0 0 1  NOT_FOUND_LOCAL DUPL","INTEGRATE_TO_ATLAS_READONLY_SCENARIO_SPEC_CANDIDATE","ATLAS_READONLY_ADVISORY_ONLY","false","false","false","false","false","F06 audit/spec only; Atlas scenario/context candidate; never runtime reality claim"
"BRANCHABLE_ATLAS","atlas/world_protocol_atlas/","F06_ATLAS","FILE_PLAN_ALL 1661 BRANCHABLE_ATLAS OBSIDIA_BRANCHABLE_ATLAS_FULL_V0_5_DEEP_FINAL_AUDIT/docs/world_protocol_atlas/agents/codex_des_disparus.json atlas/world_protocol_atlas/ codex_des_disparus.json json P3_ATLAS_CONTENT F06 0 0 0 0 1  NOT_FO","INTEGRATE_TO_ATLAS_READONLY_SCENARIO_SPEC_CANDIDATE","ATLAS_READONLY_ADVISORY_ONLY","false","false","false","false","false","F06 audit/spec only; Atlas scenario/context candidate; never runtime reality claim"
"BRANCHABLE_ATLAS","atlas/world_protocol_atlas/","F06_ATLAS","FILE_PLAN_ALL 1662 BRANCHABLE_ATLAS OBSIDIA_BRANCHABLE_ATLAS_FULL_V0_5_DEEP_FINAL_AUDIT/docs/world_protocol_atlas/agents/codex_des_disparus.md atlas/world_protocol_atlas/ codex_des_disparus.md md P3_ATLAS_CONTENT F06 0 0 0 0 1  NOT_FOUND_LO","INTEGRATE_TO_ATLAS_READONLY_SCENARIO_SPEC_CANDIDATE","ATLAS_READONLY_ADVISORY_ONLY","false","false","false","false","false","F06 audit/spec only; Atlas scenario/context candidate; never runtime reality claim"
"BRANCHABLE_ATLAS","atlas/world_protocol_atlas/","F06_ATLAS","FILE_PLAN_ALL 1663 BRANCHABLE_ATLAS OBSIDIA_BRANCHABLE_ATLAS_FULL_V0_5_DEEP_FINAL_AUDIT/docs/world_protocol_atlas/agents/codex_dialectal.json atlas/world_protocol_atlas/ codex_dialectal.json json P3_ATLAS_CONTENT F06 0 0 0 0 1  NOT_FOUND_LO","INTEGRATE_TO_ATLAS_READONLY_SCENARIO_SPEC_CANDIDATE","ATLAS_READONLY_ADVISORY_ONLY","false","false","false","false","false","F06 audit/spec only; Atlas scenario/context candidate; never runtime reality claim"
"BRANCHABLE_ATLAS","atlas/world_protocol_atlas/","F06_ATLAS","FILE_PLAN_ALL 1664 BRANCHABLE_ATLAS OBSIDIA_BRANCHABLE_ATLAS_FULL_V0_5_DEEP_FINAL_AUDIT/docs/world_protocol_atlas/agents/codex_dialectal.md atlas/world_protocol_atlas/ codex_dialectal.md md P3_ATLAS_CONTENT F06 0 0 0 0 1  NOT_FOUND_LOCAL DU","INTEGRATE_TO_ATLAS_READONLY_SCENARIO_SPEC_CANDIDATE","ATLAS_READONLY_ADVISORY_ONLY","false","false","false","false","false","F06 audit/spec only; Atlas scenario/context candidate; never runtime reality claim"
"BRANCHABLE_ATLAS","atlas/world_protocol_atlas/","F06_ATLAS","FILE_PLAN_ALL 1665 BRANCHABLE_ATLAS OBSIDIA_BRANCHABLE_ATLAS_FULL_V0_5_DEEP_FINAL_AUDIT/docs/world_protocol_atlas/agents/codex_metamorphose.json atlas/world_protocol_atlas/ codex_metamorphose.json json P3_ATLAS_CONTENT F06 0 0 0 0 1  NOT_FO","INTEGRATE_TO_ATLAS_READONLY_SCENARIO_SPEC_CANDIDATE","ATLAS_READONLY_ADVISORY_ONLY","false","false","false","false","false","F06 audit/spec only; Atlas scenario/context candidate; never runtime reality claim"
"BRANCHABLE_ATLAS","atlas/world_protocol_atlas/","F06_ATLAS","FILE_PLAN_ALL 1666 BRANCHABLE_ATLAS OBSIDIA_BRANCHABLE_ATLAS_FULL_V0_5_DEEP_FINAL_AUDIT/docs/world_protocol_atlas/agents/codex_metamorphose.md atlas/world_protocol_atlas/ codex_metamorphose.md md P3_ATLAS_CONTENT F06 0 0 0 0 1  NOT_FOUND_LO","INTEGRATE_TO_ATLAS_READONLY_SCENARIO_SPEC_CANDIDATE","ATLAS_READONLY_ADVISORY_ONLY","false","false","false","false","false","F06 audit/spec only; Atlas scenario/context candidate; never runtime reality claim"
"BRANCHABLE_ATLAS","atlas/world_protocol_atlas/","F06_ATLAS","FILE_PLAN_ALL 1667 BRANCHABLE_ATLAS OBSIDIA_BRANCHABLE_ATLAS_FULL_V0_5_DEEP_FINAL_AUDIT/docs/world_protocol_atlas/agents/codex_post_mortem.json atlas/world_protocol_atlas/ codex_post_mortem.json json P3_ATLAS_CONTENT F06 0 0 0 0 1  NOT_FOUN","INTEGRATE_TO_ATLAS_READONLY_SCENARIO_SPEC_CANDIDATE","ATLAS_READONLY_ADVISORY_ONLY","false","false","false","false","false","F06 audit/spec only; Atlas scenario/context candidate; never runtime reality claim"
"BRANCHABLE_ATLAS","atlas/world_protocol_atlas/","F06_ATLAS","FILE_PLAN_ALL 1668 BRANCHABLE_ATLAS OBSIDIA_BRANCHABLE_ATLAS_FULL_V0_5_DEEP_FINAL_AUDIT/docs/world_protocol_atlas/agents/codex_post_mortem.md atlas/world_protocol_atlas/ codex_post_mortem.md md P3_ATLAS_CONTENT F06 0 0 0 0 1  NOT_FOUND_LOCA","INTEGRATE_TO_ATLAS_READONLY_SCENARIO_SPEC_CANDIDATE","ATLAS_READONLY_ADVISORY_ONLY","false","false","false","false","false","F06 audit/spec only; Atlas scenario/context candidate; never runtime reality claim"
"BRANCHABLE_ATLAS","atlas/world_protocol_atlas/","F06_ATLAS","FILE_PLAN_ALL 1669 BRANCHABLE_ATLAS OBSIDIA_BRANCHABLE_ATLAS_FULL_V0_5_DEEP_FINAL_AUDIT/docs/world_protocol_atlas/agents/codex_post_vitae.json atlas/world_protocol_atlas/ codex_post_vitae.json json P3_ATLAS_CONTENT F06 0 0 0 0 1  NOT_FOUND_","INTEGRATE_TO_ATLAS_READONLY_SCENARIO_SPEC_CANDIDATE","ATLAS_READONLY_ADVISORY_ONLY","false","false","false","false","false","F06 audit/spec only; Atlas scenario/context candidate; never runtime reality claim"
"BRANCHABLE_ATLAS","atlas/world_protocol_atlas/","F06_ATLAS","FILE_PLAN_ALL 1670 BRANCHABLE_ATLAS OBSIDIA_BRANCHABLE_ATLAS_FULL_V0_5_DEEP_FINAL_AUDIT/docs/world_protocol_atlas/agents/codex_post_vitae.md atlas/world_protocol_atlas/ codex_post_vitae.md md P3_ATLAS_CONTENT F06 0 0 0 0 1  NOT_FOUND_LOCAL ","INTEGRATE_TO_ATLAS_READONLY_SCENARIO_SPEC_CANDIDATE","ATLAS_READONLY_ADVISORY_ONLY","false","false","false","false","false","F06 audit/spec only; Atlas scenario/context candidate; never runtime reality claim"
"BRANCHABLE_ATLAS","atlas/world_protocol_atlas/","F06_ATLAS","FILE_PLAN_ALL 1671 BRANCHABLE_ATLAS OBSIDIA_BRANCHABLE_ATLAS_FULL_V0_5_DEEP_FINAL_AUDIT/docs/world_protocol_atlas/agents/cohere_adapter.json atlas/world_protocol_atlas/ cohere_adapter.json json P3_ATLAS_CONTENT F06 0 0 0 0 1  NOT_FOUND_LOCA","INTEGRATE_TO_ATLAS_READONLY_SCENARIO_SPEC_CANDIDATE","ATLAS_READONLY_ADVISORY_ONLY","false","false","false","false","false","F06 audit/spec only; Atlas scenario/context candidate; never runtime reality claim"
"BRANCHABLE_ATLAS","atlas/world_protocol_atlas/","F06_ATLAS","FILE_PLAN_ALL 1672 BRANCHABLE_ATLAS OBSIDIA_BRANCHABLE_ATLAS_FULL_V0_5_DEEP_FINAL_AUDIT/docs/world_protocol_atlas/agents/cohere_adapter.md atlas/world_protocol_atlas/ cohere_adapter.md md P3_ATLAS_CONTENT F06 0 0 0 0 1  NOT_FOUND_LOCAL DUPL","INTEGRATE_TO_ATLAS_READONLY_SCENARIO_SPEC_CANDIDATE","ATLAS_READONLY_ADVISORY_ONLY","false","false","false","false","false","F06 audit/spec only; Atlas scenario/context candidate; never runtime reality claim"
"BRANCHABLE_ATLAS","atlas/world_protocol_atlas/","F06_ATLAS","FILE_PLAN_ALL 1673 BRANCHABLE_ATLAS OBSIDIA_BRANCHABLE_ATLAS_FULL_V0_5_DEEP_FINAL_AUDIT/docs/world_protocol_atlas/agents/collectiveresiliencemap.json atlas/world_protocol_atlas/ collectiveresiliencemap.json json P3_ATLAS_CONTENT F06 0 0 0 0","INTEGRATE_TO_ATLAS_READONLY_SCENARIO_SPEC_CANDIDATE","ATLAS_READONLY_ADVISORY_ONLY","false","false","false","false","false","F06 audit/spec only; Atlas scenario/context candidate; never runtime reality claim"
"BRANCHABLE_ATLAS","atlas/world_protocol_atlas/","F06_ATLAS","FILE_PLAN_ALL 1674 BRANCHABLE_ATLAS OBSIDIA_BRANCHABLE_ATLAS_FULL_V0_5_DEEP_FINAL_AUDIT/docs/world_protocol_atlas/agents/collectiveresiliencemap.md atlas/world_protocol_atlas/ collectiveresiliencemap.md md P3_ATLAS_CONTENT F06 0 0 0 0 1  NO","INTEGRATE_TO_ATLAS_READONLY_SCENARIO_SPEC_CANDIDATE","ATLAS_READONLY_ADVISORY_ONLY","false","false","false","false","false","F06 audit/spec only; Atlas scenario/context candidate; never runtime reality claim"
"BRANCHABLE_ATLAS","atlas/world_protocol_atlas/","F06_ATLAS","FILE_PLAN_ALL 1675 BRANCHABLE_ATLAS OBSIDIA_BRANCHABLE_ATLAS_FULL_V0_5_DEEP_FINAL_AUDIT/docs/world_protocol_atlas/agents/communitycare.json atlas/world_protocol_atlas/ communitycare.json json P3_ATLAS_CONTENT F06 0 0 0 0 1  NOT_FOUND_LOCAL ","INTEGRATE_TO_ATLAS_READONLY_SCENARIO_SPEC_CANDIDATE","ATLAS_READONLY_ADVISORY_ONLY","false","false","false","false","false","F06 audit/spec only; Atlas scenario/context candidate; never runtime reality claim"
"BRANCHABLE_ATLAS","atlas/world_protocol_atlas/","F06_ATLAS","FILE_PLAN_ALL 1676 BRANCHABLE_ATLAS OBSIDIA_BRANCHABLE_ATLAS_FULL_V0_5_DEEP_FINAL_AUDIT/docs/world_protocol_atlas/agents/communitycare.md atlas/world_protocol_atlas/ communitycare.md md P3_ATLAS_CONTENT F06 0 0 0 0 1  NOT_FOUND_LOCAL DUPLIC","INTEGRATE_TO_ATLAS_READONLY_SCENARIO_SPEC_CANDIDATE","ATLAS_READONLY_ADVISORY_ONLY","false","false","false","false","false","F06 audit/spec only; Atlas scenario/context candidate; never runtime reality claim"
"BRANCHABLE_ATLAS","atlas/world_protocol_atlas/","F06_ATLAS","FILE_PLAN_ALL 1677 BRANCHABLE_ATLAS OBSIDIA_BRANCHABLE_ATLAS_FULL_V0_5_DEEP_FINAL_AUDIT/docs/world_protocol_atlas/agents/composio.json atlas/world_protocol_atlas/ composio.json json P3_ATLAS_CONTENT F06 0 0 0 0 1  NOT_FOUND_LOCAL DUPLICATE_","INTEGRATE_TO_ATLAS_READONLY_SCENARIO_SPEC_CANDIDATE","ATLAS_READONLY_ADVISORY_ONLY","false","false","false","false","false","F06 audit/spec only; Atlas scenario/context candidate; never runtime reality claim"
"BRANCHABLE_ATLAS","atlas/world_protocol_atlas/","F06_ATLAS","FILE_PLAN_ALL 1678 BRANCHABLE_ATLAS OBSIDIA_BRANCHABLE_ATLAS_FULL_V0_5_DEEP_FINAL_AUDIT/docs/world_protocol_atlas/agents/composio.md atlas/world_protocol_atlas/ composio.md md P3_ATLAS_CONTENT F06 0 0 0 0 1  NOT_FOUND_LOCAL DUPLICATE_SAFE C","INTEGRATE_TO_ATLAS_READONLY_SCENARIO_SPEC_CANDIDATE","ATLAS_READONLY_ADVISORY_ONLY","false","false","false","false","false","F06 audit/spec only; Atlas scenario/context candidate; never runtime reality claim"
"BRANCHABLE_ATLAS","atlas/world_protocol_atlas/","F06_ATLAS","FILE_PLAN_ALL 1679 BRANCHABLE_ATLAS OBSIDIA_BRANCHABLE_ATLAS_FULL_V0_5_DEEP_FINAL_AUDIT/docs/world_protocol_atlas/agents/cosmolang.json atlas/world_protocol_atlas/ cosmolang.json json P3_ATLAS_CONTENT F06 0 0 0 0 1  NOT_FOUND_LOCAL DUPLICAT","INTEGRATE_TO_ATLAS_READONLY_SCENARIO_SPEC_CANDIDATE","ATLAS_READONLY_ADVISORY_ONLY","false","false","false","false","false","F06 audit/spec only; Atlas scenario/context candidate; never runtime reality claim"
"BRANCHABLE_ATLAS","atlas/world_protocol_atlas/","F06_ATLAS","FILE_PLAN_ALL 1680 BRANCHABLE_ATLAS OBSIDIA_BRANCHABLE_ATLAS_FULL_V0_5_DEEP_FINAL_AUDIT/docs/world_protocol_atlas/agents/cosmolang.md atlas/world_protocol_atlas/ cosmolang.md md P3_ATLAS_CONTENT F06 0 0 0 0 1  NOT_FOUND_LOCAL DUPLICATE_SAFE","INTEGRATE_TO_ATLAS_READONLY_SCENARIO_SPEC_CANDIDATE","ATLAS_READONLY_ADVISORY_ONLY","false","false","false","false","false","F06 audit/spec only; Atlas scenario/context candidate; never runtime reality claim"
"BRANCHABLE_ATLAS","atlas/world_protocol_atlas/","F06_ATLAS","FILE_PLAN_ALL 1681 BRANCHABLE_ATLAS OBSIDIA_BRANCHABLE_ATLAS_FULL_V0_5_DEEP_FINAL_AUDIT/docs/world_protocol_atlas/agents/crewai.json atlas/world_protocol_atlas/ crewai.json json P3_ATLAS_CONTENT F06 0 0 0 0 1  NOT_FOUND_LOCAL DUPLICATE_SAFE","INTEGRATE_TO_ATLAS_READONLY_SCENARIO_SPEC_CANDIDATE","ATLAS_READONLY_ADVISORY_ONLY","false","false","false","false","false","F06 audit/spec only; Atlas scenario/context candidate; never runtime reality claim"
"BRANCHABLE_ATLAS","atlas/world_protocol_atlas/","F06_ATLAS","FILE_PLAN_ALL 1682 BRANCHABLE_ATLAS OBSIDIA_BRANCHABLE_ATLAS_FULL_V0_5_DEEP_FINAL_AUDIT/docs/world_protocol_atlas/agents/crewai.md atlas/world_protocol_atlas/ crewai.md md P3_ATLAS_CONTENT F06 0 0 0 0 1  NOT_FOUND_LOCAL DUPLICATE_SAFE CLEAN","INTEGRATE_TO_ATLAS_READONLY_SCENARIO_SPEC_CANDIDATE","ATLAS_READONLY_ADVISORY_ONLY","false","false","false","false","false","F06 audit/spec only; Atlas scenario/context candidate; never runtime reality claim"
"BRANCHABLE_ATLAS","atlas/world_protocol_atlas/","F06_ATLAS","FILE_PLAN_ALL 1683 BRANCHABLE_ATLAS OBSIDIA_BRANCHABLE_ATLAS_FULL_V0_5_DEEP_FINAL_AUDIT/docs/world_protocol_atlas/agents/cryomemory.json atlas/world_protocol_atlas/ cryomemory.json json P3_ATLAS_CONTENT F06 0 0 0 0 1  NOT_FOUND_LOCAL DUPLIC","INTEGRATE_TO_ATLAS_READONLY_SCENARIO_SPEC_CANDIDATE","ATLAS_READONLY_ADVISORY_ONLY","false","false","false","false","false","F06 audit/spec only; Atlas scenario/context candidate; never runtime reality claim"
"BRANCHABLE_ATLAS","atlas/world_protocol_atlas/","F06_ATLAS","FILE_PLAN_ALL 1684 BRANCHABLE_ATLAS OBSIDIA_BRANCHABLE_ATLAS_FULL_V0_5_DEEP_FINAL_AUDIT/docs/world_protocol_atlas/agents/cryomemory.md atlas/world_protocol_atlas/ cryomemory.md md P3_ATLAS_CONTENT F06 0 0 0 0 1  NOT_FOUND_LOCAL DUPLICATE_SA","INTEGRATE_TO_ATLAS_READONLY_SCENARIO_SPEC_CANDIDATE","ATLAS_READONLY_ADVISORY_ONLY","false","false","false","false","false","F06 audit/spec only; Atlas scenario/context candidate; never runtime reality claim"
"BRANCHABLE_ATLAS","atlas/world_protocol_atlas/","F06_ATLAS","FILE_PLAN_ALL 1685 BRANCHABLE_ATLAS OBSIDIA_BRANCHABLE_ATLAS_FULL_V0_5_DEEP_FINAL_AUDIT/docs/world_protocol_atlas/agents/datasketch_adapter.json atlas/world_protocol_atlas/ datasketch_adapter.json json P3_ATLAS_CONTENT F06 0 0 0 0 1  NOT_FO","INTEGRATE_TO_ATLAS_READONLY_SCENARIO_SPEC_CANDIDATE","ATLAS_READONLY_ADVISORY_ONLY","false","false","false","false","false","F06 audit/spec only; Atlas scenario/context candidate; never runtime reality claim"
"BRANCHABLE_ATLAS","atlas/world_protocol_atlas/","F06_ATLAS","FILE_PLAN_ALL 1686 BRANCHABLE_ATLAS OBSIDIA_BRANCHABLE_ATLAS_FULL_V0_5_DEEP_FINAL_AUDIT/docs/world_protocol_atlas/agents/datasketch_adapter.md atlas/world_protocol_atlas/ datasketch_adapter.md md P3_ATLAS_CONTENT F06 0 0 0 0 1  NOT_FOUND_LO","INTEGRATE_TO_ATLAS_READONLY_SCENARIO_SPEC_CANDIDATE","ATLAS_READONLY_ADVISORY_ONLY","false","false","false","false","false","F06 audit/spec only; Atlas scenario/context candidate; never runtime reality claim"
"BRANCHABLE_ATLAS","atlas/world_protocol_atlas/","F06_ATLAS","FILE_PLAN_ALL 1687 BRANCHABLE_ATLAS OBSIDIA_BRANCHABLE_ATLAS_FULL_V0_5_DEEP_FINAL_AUDIT/docs/world_protocol_atlas/agents/deepchem.json atlas/world_protocol_atlas/ deepchem.json json P3_ATLAS_CONTENT F06 0 0 0 0 1  NOT_FOUND_LOCAL DUPLICATE_","INTEGRATE_TO_ATLAS_READONLY_SCENARIO_SPEC_CANDIDATE","ATLAS_READONLY_ADVISORY_ONLY","false","false","false","false","false","F06 audit/spec only; Atlas scenario/context candidate; never runtime reality claim"
"BRANCHABLE_ATLAS","atlas/world_protocol_atlas/","F06_ATLAS","FILE_PLAN_ALL 1688 BRANCHABLE_ATLAS OBSIDIA_BRANCHABLE_ATLAS_FULL_V0_5_DEEP_FINAL_AUDIT/docs/world_protocol_atlas/agents/deepchem.md atlas/world_protocol_atlas/ deepchem.md md P3_ATLAS_CONTENT F06 0 0 0 0 1  NOT_FOUND_LOCAL DUPLICATE_SAFE C","INTEGRATE_TO_ATLAS_READONLY_SCENARIO_SPEC_CANDIDATE","ATLAS_READONLY_ADVISORY_ONLY","false","false","false","false","false","F06 audit/spec only; Atlas scenario/context candidate; never runtime reality claim"
"BRANCHABLE_ATLAS","atlas/world_protocol_atlas/","F06_ATLAS","FILE_PLAN_ALL 1689 BRANCHABLE_ATLAS OBSIDIA_BRANCHABLE_ATLAS_FULL_V0_5_DEEP_FINAL_AUDIT/docs/world_protocol_atlas/agents/deepseek_r1.json atlas/world_protocol_atlas/ deepseek_r1.json json P3_ATLAS_CONTENT F06 0 0 0 0 1  NOT_FOUND_LOCAL DUPL","INTEGRATE_TO_ATLAS_READONLY_SCENARIO_SPEC_CANDIDATE","ATLAS_READONLY_ADVISORY_ONLY","false","false","false","false","false","F06 audit/spec only; Atlas scenario/context candidate; never runtime reality claim"
"BRANCHABLE_ATLAS","atlas/world_protocol_atlas/","F06_ATLAS","FILE_PLAN_ALL 1690 BRANCHABLE_ATLAS OBSIDIA_BRANCHABLE_ATLAS_FULL_V0_5_DEEP_FINAL_AUDIT/docs/world_protocol_atlas/agents/deepseek_r1.md atlas/world_protocol_atlas/ deepseek_r1.md md P3_ATLAS_CONTENT F06 0 0 0 0 1  NOT_FOUND_LOCAL DUPLICATE_","INTEGRATE_TO_ATLAS_READONLY_SCENARIO_SPEC_CANDIDATE","ATLAS_READONLY_ADVISORY_ONLY","false","false","false","false","false","F06 audit/spec only; Atlas scenario/context candidate; never runtime reality claim"
"BRANCHABLE_ATLAS","atlas/world_protocol_atlas/","F06_ATLAS","FILE_PLAN_ALL 1691 BRANCHABLE_ATLAS OBSIDIA_BRANCHABLE_ATLAS_FULL_V0_5_DEEP_FINAL_AUDIT/docs/world_protocol_atlas/agents/delphi.json atlas/world_protocol_atlas/ delphi.json json P3_ATLAS_CONTENT F06 0 0 0 0 1  NOT_FOUND_LOCAL DUPLICATE_SAFE","INTEGRATE_TO_ATLAS_READONLY_SCENARIO_SPEC_CANDIDATE","ATLAS_READONLY_ADVISORY_ONLY","false","false","false","false","false","F06 audit/spec only; Atlas scenario/context candidate; never runtime reality claim"
"BRANCHABLE_ATLAS","atlas/world_protocol_atlas/","F06_ATLAS","FILE_PLAN_ALL 1692 BRANCHABLE_ATLAS OBSIDIA_BRANCHABLE_ATLAS_FULL_V0_5_DEEP_FINAL_AUDIT/docs/world_protocol_atlas/agents/delphi.md atlas/world_protocol_atlas/ delphi.md md P3_ATLAS_CONTENT F06 0 0 0 0 1  NOT_FOUND_LOCAL DUPLICATE_SAFE CLEAN","INTEGRATE_TO_ATLAS_READONLY_SCENARIO_SPEC_CANDIDATE","ATLAS_READONLY_ADVISORY_ONLY","false","false","false","false","false","F06 audit/spec only; Atlas scenario/context candidate; never runtime reality claim"
"BRANCHABLE_ATLAS","atlas/world_protocol_atlas/","F06_ATLAS","FILE_PLAN_ALL 1693 BRANCHABLE_ATLAS OBSIDIA_BRANCHABLE_ATLAS_FULL_V0_5_DEEP_FINAL_AUDIT/docs/world_protocol_atlas/agents/diasporamemory.json atlas/world_protocol_atlas/ diasporamemory.json json P3_ATLAS_CONTENT F06 0 0 0 0 1  NOT_FOUND_LOCA","INTEGRATE_TO_ATLAS_READONLY_SCENARIO_SPEC_CANDIDATE","ATLAS_READONLY_ADVISORY_ONLY","false","false","false","false","false","F06 audit/spec only; Atlas scenario/context candidate; never runtime reality claim"
"BRANCHABLE_ATLAS","atlas/world_protocol_atlas/","F06_ATLAS","FILE_PLAN_ALL 1694 BRANCHABLE_ATLAS OBSIDIA_BRANCHABLE_ATLAS_FULL_V0_5_DEEP_FINAL_AUDIT/docs/world_protocol_atlas/agents/diasporamemory.md atlas/world_protocol_atlas/ diasporamemory.md md P3_ATLAS_CONTENT F06 0 0 0 0 1  NOT_FOUND_LOCAL DUPL","INTEGRATE_TO_ATLAS_READONLY_SCENARIO_SPEC_CANDIDATE","ATLAS_READONLY_ADVISORY_ONLY","false","false","false","false","false","F06 audit/spec only; Atlas scenario/context candidate; never runtime reality claim"
"BRANCHABLE_ATLAS","atlas/world_protocol_atlas/","F06_ATLAS","FILE_PLAN_ALL 1695 BRANCHABLE_ATLAS OBSIDIA_BRANCHABLE_ATLAS_FULL_V0_5_DEEP_FINAL_AUDIT/docs/world_protocol_atlas/agents/dramatron.json atlas/world_protocol_atlas/ dramatron.json json P3_ATLAS_CONTENT F06 0 0 0 0 1  NOT_FOUND_LOCAL DUPLICAT","INTEGRATE_TO_ATLAS_READONLY_SCENARIO_SPEC_CANDIDATE","ATLAS_READONLY_ADVISORY_ONLY","false","false","false","false","false","F06 audit/spec only; Atlas scenario/context candidate; never runtime reality claim"
"BRANCHABLE_ATLAS","atlas/world_protocol_atlas/","F06_ATLAS","FILE_PLAN_ALL 1696 BRANCHABLE_ATLAS OBSIDIA_BRANCHABLE_ATLAS_FULL_V0_5_DEEP_FINAL_AUDIT/docs/world_protocol_atlas/agents/dramatron.md atlas/world_protocol_atlas/ dramatron.md md P3_ATLAS_CONTENT F06 0 0 0 0 1  NOT_FOUND_LOCAL DUPLICATE_SAFE","INTEGRATE_TO_ATLAS_READONLY_SCENARIO_SPEC_CANDIDATE","ATLAS_READONLY_ADVISORY_ONLY","false","false","false","false","false","F06 audit/spec only; Atlas scenario/context candidate; never runtime reality claim"
"BRANCHABLE_ATLAS","atlas/world_protocol_atlas/","F06_ATLAS","FILE_PLAN_ALL 1697 BRANCHABLE_ATLAS OBSIDIA_BRANCHABLE_ATLAS_FULL_V0_5_DEEP_FINAL_AUDIT/docs/world_protocol_atlas/agents/ecocideriskmap.json atlas/world_protocol_atlas/ ecocideriskmap.json json P3_ATLAS_CONTENT F06 0 0 0 0 1  NOT_FOUND_LOCA","INTEGRATE_TO_ATLAS_READONLY_SCENARIO_SPEC_CANDIDATE","ATLAS_READONLY_ADVISORY_ONLY","false","false","false","false","false","F06 audit/spec only; Atlas scenario/context candidate; never runtime reality claim"
"BRANCHABLE_ATLAS","atlas/world_protocol_atlas/","F06_ATLAS","FILE_PLAN_ALL 1698 BRANCHABLE_ATLAS OBSIDIA_BRANCHABLE_ATLAS_FULL_V0_5_DEEP_FINAL_AUDIT/docs/world_protocol_atlas/agents/ecocideriskmap.md atlas/world_protocol_atlas/ ecocideriskmap.md md P3_ATLAS_CONTENT F06 0 0 0 0 1  NOT_FOUND_LOCAL DUPL","INTEGRATE_TO_ATLAS_READONLY_SCENARIO_SPEC_CANDIDATE","ATLAS_READONLY_ADVISORY_ONLY","false","false","false","false","false","F06 audit/spec only; Atlas scenario/context candidate; never runtime reality claim"
"BRANCHABLE_ATLAS","atlas/world_protocol_atlas/","F06_ATLAS","FILE_PLAN_ALL 1699 BRANCHABLE_ATLAS OBSIDIA_BRANCHABLE_ATLAS_FULL_V0_5_DEEP_FINAL_AUDIT/docs/world_protocol_atlas/agents/embrapii_adapter.json atlas/world_protocol_atlas/ embrapii_adapter.json json P3_ATLAS_CONTENT F06 0 0 0 0 1  NOT_FOUND_","INTEGRATE_TO_ATLAS_READONLY_SCENARIO_SPEC_CANDIDATE","ATLAS_READONLY_ADVISORY_ONLY","false","false","false","false","false","F06 audit/spec only; Atlas scenario/context candidate; never runtime reality claim"
"BRANCHABLE_ATLAS","atlas/world_protocol_atlas/","F06_ATLAS","FILE_PLAN_ALL 1700 BRANCHABLE_ATLAS OBSIDIA_BRANCHABLE_ATLAS_FULL_V0_5_DEEP_FINAL_AUDIT/docs/world_protocol_atlas/agents/embrapii_adapter.md atlas/world_protocol_atlas/ embrapii_adapter.md md P3_ATLAS_CONTENT F06 0 0 0 0 1  NOT_FOUND_LOCAL ","INTEGRATE_TO_ATLAS_READONLY_SCENARIO_SPEC_CANDIDATE","ATLAS_READONLY_ADVISORY_ONLY","false","false","false","false","false","F06 audit/spec only; Atlas scenario/context candidate; never runtime reality claim"
"BRANCHABLE_ATLAS","atlas/world_protocol_atlas/","F06_ATLAS","FILE_PLAN_ALL 1701 BRANCHABLE_ATLAS OBSIDIA_BRANCHABLE_ATLAS_FULL_V0_5_DEEP_FINAL_AUDIT/docs/world_protocol_atlas/agents/ephemeralperformancearchive.json atlas/world_protocol_atlas/ ephemeralperformancearchive.json json P3_ATLAS_CONTENT F06","INTEGRATE_TO_ATLAS_READONLY_SCENARIO_SPEC_CANDIDATE","ATLAS_READONLY_ADVISORY_ONLY","false","false","false","false","false","F06 audit/spec only; Atlas scenario/context candidate; never runtime reality claim"
"BRANCHABLE_ATLAS","atlas/world_protocol_atlas/","F06_ATLAS","FILE_PLAN_ALL 1702 BRANCHABLE_ATLAS OBSIDIA_BRANCHABLE_ATLAS_FULL_V0_5_DEEP_FINAL_AUDIT/docs/world_protocol_atlas/agents/ephemeralperformancearchive.md atlas/world_protocol_atlas/ ephemeralperformancearchive.md md P3_ATLAS_CONTENT F06 0 0 0","INTEGRATE_TO_ATLAS_READONLY_SCENARIO_SPEC_CANDIDATE","ATLAS_READONLY_ADVISORY_ONLY","false","false","false","false","false","F06 audit/spec only; Atlas scenario/context candidate; never runtime reality claim"
"BRANCHABLE_ATLAS","atlas/world_protocol_atlas/","F06_ATLAS","FILE_PLAN_ALL 1703 BRANCHABLE_ATLAS OBSIDIA_BRANCHABLE_ATLAS_FULL_V0_5_DEEP_FINAL_AUDIT/docs/world_protocol_atlas/agents/exilearchive.json atlas/world_protocol_atlas/ exilearchive.json json P3_ATLAS_CONTENT F06 0 0 0 0 1  NOT_FOUND_LOCAL DU","INTEGRATE_TO_ATLAS_READONLY_SCENARIO_SPEC_CANDIDATE","ATLAS_READONLY_ADVISORY_ONLY","false","false","false","false","false","F06 audit/spec only; Atlas scenario/context candidate; never runtime reality claim"
"BRANCHABLE_ATLAS","atlas/world_protocol_atlas/","F06_ATLAS","FILE_PLAN_ALL 1704 BRANCHABLE_ATLAS OBSIDIA_BRANCHABLE_ATLAS_FULL_V0_5_DEEP_FINAL_AUDIT/docs/world_protocol_atlas/agents/exilearchive.md atlas/world_protocol_atlas/ exilearchive.md md P3_ATLAS_CONTENT F06 0 0 0 0 1  NOT_FOUND_LOCAL DUPLICAT","INTEGRATE_TO_ATLAS_READONLY_SCENARIO_SPEC_CANDIDATE","ATLAS_READONLY_ADVISORY_ONLY","false","false","false","false","false","F06 audit/spec only; Atlas scenario/context candidate; never runtime reality claim"
"BRANCHABLE_ATLAS","atlas/world_protocol_atlas/","F06_ATLAS","FILE_PLAN_ALL 1705 BRANCHABLE_ATLAS OBSIDIA_BRANCHABLE_ATLAS_FULL_V0_5_DEEP_FINAL_AUDIT/docs/world_protocol_atlas/agents/gaia.json atlas/world_protocol_atlas/ gaia.json json P3_ATLAS_CONTENT F06 0 0 0 0 1  NOT_FOUND_LOCAL DUPLICATE_SAFE CLE","INTEGRATE_TO_ATLAS_READONLY_SCENARIO_SPEC_CANDIDATE","ATLAS_READONLY_ADVISORY_ONLY","false","false","false","false","false","F06 audit/spec only; Atlas scenario/context candidate; never runtime reality claim"
"BRANCHABLE_ATLAS","atlas/world_protocol_atlas/","F06_ATLAS","FILE_PLAN_ALL 1706 BRANCHABLE_ATLAS OBSIDIA_BRANCHABLE_ATLAS_FULL_V0_5_DEEP_FINAL_AUDIT/docs/world_protocol_atlas/agents/gaia.md atlas/world_protocol_atlas/ gaia.md md P3_ATLAS_CONTENT F06 0 0 0 0 1  NOT_FOUND_LOCAL DUPLICATE_SAFE CLEAN LOW","INTEGRATE_TO_ATLAS_READONLY_SCENARIO_SPEC_CANDIDATE","ATLAS_READONLY_ADVISORY_ONLY","false","false","false","false","false","F06 audit/spec only; Atlas scenario/context candidate; never runtime reality claim"
"BRANCHABLE_ATLAS","atlas/world_protocol_atlas/","F06_ATLAS","FILE_PLAN_ALL 1707 BRANCHABLE_ATLAS OBSIDIA_BRANCHABLE_ATLAS_FULL_V0_5_DEEP_FINAL_AUDIT/docs/world_protocol_atlas/agents/gardien_du_passage.json atlas/world_protocol_atlas/ gardien_du_passage.json json P3_ATLAS_CONTENT F06 0 0 0 0 1  NOT_FO","INTEGRATE_TO_ATLAS_READONLY_SCENARIO_SPEC_CANDIDATE","ATLAS_READONLY_ADVISORY_ONLY","false","false","false","false","false","F06 audit/spec only; Atlas scenario/context candidate; never runtime reality claim"
"BRANCHABLE_ATLAS","atlas/world_protocol_atlas/","F06_ATLAS","FILE_PLAN_ALL 1708 BRANCHABLE_ATLAS OBSIDIA_BRANCHABLE_ATLAS_FULL_V0_5_DEEP_FINAL_AUDIT/docs/world_protocol_atlas/agents/gardien_du_passage.md atlas/world_protocol_atlas/ gardien_du_passage.md md P3_ATLAS_CONTENT F06 0 0 0 0 1  NOT_FOUND_LO","INTEGRATE_TO_ATLAS_READONLY_SCENARIO_SPEC_CANDIDATE","ATLAS_READONLY_ADVISORY_ONLY","false","false","false","false","false","F06 audit/spec only; Atlas scenario/context candidate; never runtime reality claim"
"BRANCHABLE_ATLAS","atlas/world_protocol_atlas/","F06_ATLAS","FILE_PLAN_ALL 1709 BRANCHABLE_ATLAS OBSIDIA_BRANCHABLE_ATLAS_FULL_V0_5_DEEP_FINAL_AUDIT/docs/world_protocol_atlas/agents/gleducar_adapter.json atlas/world_protocol_atlas/ gleducar_adapter.json json P3_ATLAS_CONTENT F06 0 0 0 0 1  NOT_FOUND_","INTEGRATE_TO_ATLAS_READONLY_SCENARIO_SPEC_CANDIDATE","ATLAS_READONLY_ADVISORY_ONLY","false","false","false","false","false","F06 audit/spec only; Atlas scenario/context candidate; never runtime reality claim"
"BRANCHABLE_ATLAS","atlas/world_protocol_atlas/","F06_ATLAS","FILE_PLAN_ALL 1710 BRANCHABLE_ATLAS OBSIDIA_BRANCHABLE_ATLAS_FULL_V0_5_DEEP_FINAL_AUDIT/docs/world_protocol_atlas/agents/gleducar_adapter.md atlas/world_protocol_atlas/ gleducar_adapter.md md P3_ATLAS_CONTENT F06 0 0 0 0 1  NOT_FOUND_LOCAL ","INTEGRATE_TO_ATLAS_READONLY_SCENARIO_SPEC_CANDIDATE","ATLAS_READONLY_ADVISORY_ONLY","false","false","false","false","false","F06 audit/spec only; Atlas scenario/context candidate; never runtime reality claim"
"BRANCHABLE_ATLAS","atlas/world_protocol_atlas/","F06_ATLAS","FILE_PLAN_ALL 1711 BRANCHABLE_ATLAS OBSIDIA_BRANCHABLE_ATLAS_FULL_V0_5_DEEP_FINAL_AUDIT/docs/world_protocol_atlas/agents/google_deepmind_adapter.json atlas/world_protocol_atlas/ google_deepmind_adapter.json json P3_ATLAS_CONTENT F06 0 0 0 0","INTEGRATE_TO_ATLAS_READONLY_SCENARIO_SPEC_CANDIDATE","ATLAS_READONLY_ADVISORY_ONLY","false","false","false","false","false","F06 audit/spec only; Atlas scenario/context candidate; never runtime reality claim"
"BRANCHABLE_ATLAS","atlas/world_protocol_atlas/","F06_ATLAS","FILE_PLAN_ALL 1712 BRANCHABLE_ATLAS OBSIDIA_BRANCHABLE_ATLAS_FULL_V0_5_DEEP_FINAL_AUDIT/docs/world_protocol_atlas/agents/google_deepmind_adapter.md atlas/world_protocol_atlas/ google_deepmind_adapter.md md P3_ATLAS_CONTENT F06 0 0 0 0 1  NO","INTEGRATE_TO_ATLAS_READONLY_SCENARIO_SPEC_CANDIDATE","ATLAS_READONLY_ADVISORY_ONLY","false","false","false","false","false","F06 audit/spec only; Atlas scenario/context candidate; never runtime reality claim"
"BRANCHABLE_ATLAS","atlas/world_protocol_atlas/","F06_ATLAS","FILE_PLAN_ALL 1713 BRANCHABLE_ATLAS OBSIDIA_BRANCHABLE_ATLAS_FULL_V0_5_DEEP_FINAL_AUDIT/docs/world_protocol_atlas/agents/goshhardwarebridge.json atlas/world_protocol_atlas/ goshhardwarebridge.json json P3_ATLAS_CONTENT F06 0 0 0 0 1  NOT_FO","INTEGRATE_TO_ATLAS_READONLY_SCENARIO_SPEC_CANDIDATE","ATLAS_READONLY_ADVISORY_ONLY","false","false","false","false","false","F06 audit/spec only; Atlas scenario/context candidate; never runtime reality claim"
"BRANCHABLE_ATLAS","atlas/world_protocol_atlas/","F06_ATLAS","FILE_PLAN_ALL 1714 BRANCHABLE_ATLAS OBSIDIA_BRANCHABLE_ATLAS_FULL_V0_5_DEEP_FINAL_AUDIT/docs/world_protocol_atlas/agents/goshhardwarebridge.md atlas/world_protocol_atlas/ goshhardwarebridge.md md P3_ATLAS_CONTENT F06 0 0 0 0 1  NOT_FOUND_LO","INTEGRATE_TO_ATLAS_READONLY_SCENARIO_SPEC_CANDIDATE","ATLAS_READONLY_ADVISORY_ONLY","false","false","false","false","false","F06 audit/spec only; Atlas scenario/context candidate; never runtime reality claim"
"BRANCHABLE_ATLAS","atlas/world_protocol_atlas/","F06_ATLAS","FILE_PLAN_ALL 1715 BRANCHABLE_ATLAS OBSIDIA_BRANCHABLE_ATLAS_FULL_V0_5_DEEP_FINAL_AUDIT/docs/world_protocol_atlas/agents/hebbia_adapter.json atlas/world_protocol_atlas/ hebbia_adapter.json json P3_ATLAS_CONTENT F06 0 0 0 0 1  NOT_FOUND_LOCA","INTEGRATE_TO_ATLAS_READONLY_SCENARIO_SPEC_CANDIDATE","ATLAS_READONLY_ADVISORY_ONLY","false","false","false","false","false","F06 audit/spec only; Atlas scenario/context candidate; never runtime reality claim"
"BRANCHABLE_ATLAS","atlas/world_protocol_atlas/","F06_ATLAS","FILE_PLAN_ALL 1716 BRANCHABLE_ATLAS OBSIDIA_BRANCHABLE_ATLAS_FULL_V0_5_DEEP_FINAL_AUDIT/docs/world_protocol_atlas/agents/hebbia_adapter.md atlas/world_protocol_atlas/ hebbia_adapter.md md P3_ATLAS_CONTENT F06 0 0 0 0 1  NOT_FOUND_LOCAL DUPL","INTEGRATE_TO_ATLAS_READONLY_SCENARIO_SPEC_CANDIDATE","ATLAS_READONLY_ADVISORY_ONLY","false","false","false","false","false","F06 audit/spec only; Atlas scenario/context candidate; never runtime reality claim"
"BRANCHABLE_ATLAS","atlas/world_protocol_atlas/","F06_ATLAS","FILE_PLAN_ALL 1717 BRANCHABLE_ATLAS OBSIDIA_BRANCHABLE_ATLAS_FULL_V0_5_DEEP_FINAL_AUDIT/docs/world_protocol_atlas/agents/heliopy.json atlas/world_protocol_atlas/ heliopy.json json P3_ATLAS_CONTENT F06 0 0 0 0 1  NOT_FOUND_LOCAL DUPLICATE_SA","INTEGRATE_TO_ATLAS_READONLY_SCENARIO_SPEC_CANDIDATE","ATLAS_READONLY_ADVISORY_ONLY","false","false","false","false","false","F06 audit/spec only; Atlas scenario/context candidate; never runtime reality claim"
"BRANCHABLE_ATLAS","atlas/world_protocol_atlas/","F06_ATLAS","FILE_PLAN_ALL 1718 BRANCHABLE_ATLAS OBSIDIA_BRANCHABLE_ATLAS_FULL_V0_5_DEEP_FINAL_AUDIT/docs/world_protocol_atlas/agents/heliopy.md atlas/world_protocol_atlas/ heliopy.md md P3_ATLAS_CONTENT F06 0 0 0 0 1  NOT_FOUND_LOCAL DUPLICATE_SAFE CLE","INTEGRATE_TO_ATLAS_READONLY_SCENARIO_SPEC_CANDIDATE","ATLAS_READONLY_ADVISORY_ONLY","false","false","false","false","false","F06 audit/spec only; Atlas scenario/context candidate; never runtime reality claim"
"BRANCHABLE_ATLAS","atlas/world_protocol_atlas/","F06_ATLAS","FILE_PLAN_ALL 1719 BRANCHABLE_ATLAS OBSIDIA_BRANCHABLE_ATLAS_FULL_V0_5_DEEP_FINAL_AUDIT/docs/world_protocol_atlas/agents/hugging_face_adapter.json atlas/world_protocol_atlas/ hugging_face_adapter.json json P3_ATLAS_CONTENT F06 0 0 0 0 1  NO","INTEGRATE_TO_ATLAS_READONLY_SCENARIO_SPEC_CANDIDATE","ATLAS_READONLY_ADVISORY_ONLY","false","false","false","false","false","F06 audit/spec only; Atlas scenario/context candidate; never runtime reality claim"
"BRANCHABLE_ATLAS","atlas/world_protocol_atlas/","F06_ATLAS","FILE_PLAN_ALL 1720 BRANCHABLE_ATLAS OBSIDIA_BRANCHABLE_ATLAS_FULL_V0_5_DEEP_FINAL_AUDIT/docs/world_protocol_atlas/agents/hugging_face_adapter.md atlas/world_protocol_atlas/ hugging_face_adapter.md md P3_ATLAS_CONTENT F06 0 0 0 0 1  NOT_FOUN","INTEGRATE_TO_ATLAS_READONLY_SCENARIO_SPEC_CANDIDATE","ATLAS_READONLY_ADVISORY_ONLY","false","false","false","false","false","F06 audit/spec only; Atlas scenario/context candidate; never runtime reality claim"
"BRANCHABLE_ATLAS","atlas/world_protocol_atlas/","F06_ATLAS","FILE_PLAN_ALL 1721 BRANCHABLE_ATLAS OBSIDIA_BRANCHABLE_ATLAS_FULL_V0_5_DEEP_FINAL_AUDIT/docs/world_protocol_atlas/agents/ia_cameleon.json atlas/world_protocol_atlas/ ia_cameleon.json json P3_ATLAS_CONTENT F06 0 0 0 0 1  NOT_FOUND_LOCAL DUPL","INTEGRATE_TO_ATLAS_READONLY_SCENARIO_SPEC_CANDIDATE","ATLAS_READONLY_ADVISORY_ONLY","false","false","false","false","false","F06 audit/spec only; Atlas scenario/context candidate; never runtime reality claim"
"BRANCHABLE_ATLAS","atlas/world_protocol_atlas/","F06_ATLAS","FILE_PLAN_ALL 1722 BRANCHABLE_ATLAS OBSIDIA_BRANCHABLE_ATLAS_FULL_V0_5_DEEP_FINAL_AUDIT/docs/world_protocol_atlas/agents/ia_cameleon.md atlas/world_protocol_atlas/ ia_cameleon.md md P3_ATLAS_CONTENT F06 0 0 0 0 1  NOT_FOUND_LOCAL DUPLICATE_","INTEGRATE_TO_ATLAS_READONLY_SCENARIO_SPEC_CANDIDATE","ATLAS_READONLY_ADVISORY_ONLY","false","false","false","false","false","F06 audit/spec only; Atlas scenario/context candidate; never runtime reality claim"
"BRANCHABLE_ATLAS","atlas/world_protocol_atlas/","F06_ATLAS","FILE_PLAN_ALL 1723 BRANCHABLE_ATLAS OBSIDIA_BRANCHABLE_ATLAS_FULL_V0_5_DEEP_FINAL_AUDIT/docs/world_protocol_atlas/agents/ia_de_reconfiguration.json atlas/world_protocol_atlas/ ia_de_reconfiguration.json json P3_ATLAS_CONTENT F06 0 0 0 0 1  ","INTEGRATE_TO_ATLAS_READONLY_SCENARIO_SPEC_CANDIDATE","ATLAS_READONLY_ADVISORY_ONLY","false","false","false","false","false","F06 audit/spec only; Atlas scenario/context candidate; never runtime reality claim"
"BRANCHABLE_ATLAS","atlas/world_protocol_atlas/","F06_ATLAS","FILE_PLAN_ALL 1724 BRANCHABLE_ATLAS OBSIDIA_BRANCHABLE_ATLAS_FULL_V0_5_DEEP_FINAL_AUDIT/docs/world_protocol_atlas/agents/ia_de_reconfiguration.md atlas/world_protocol_atlas/ ia_de_reconfiguration.md md P3_ATLAS_CONTENT F06 0 0 0 0 1  NOT_FO","INTEGRATE_TO_ATLAS_READONLY_SCENARIO_SPEC_CANDIDATE","ATLAS_READONLY_ADVISORY_ONLY","false","false","false","false","false","F06 audit/spec only; Atlas scenario/context candidate; never runtime reality claim"
"BRANCHABLE_ATLAS","atlas/world_protocol_atlas/","F06_ATLAS","FILE_PLAN_ALL 1725 BRANCHABLE_ATLAS OBSIDIA_BRANCHABLE_ATLAS_FULL_V0_5_DEEP_FINAL_AUDIT/docs/world_protocol_atlas/agents/ia_deuil_transmission.json atlas/world_protocol_atlas/ ia_deuil_transmission.json json P3_ATLAS_CONTENT F06 0 0 0 0 1  ","INTEGRATE_TO_ATLAS_READONLY_SCENARIO_SPEC_CANDIDATE","ATLAS_READONLY_ADVISORY_ONLY","false","false","false","false","false","F06 audit/spec only; Atlas scenario/context candidate; never runtime reality claim"
"BRANCHABLE_ATLAS","atlas/world_protocol_atlas/","F06_ATLAS","FILE_PLAN_ALL 1726 BRANCHABLE_ATLAS OBSIDIA_BRANCHABLE_ATLAS_FULL_V0_5_DEEP_FINAL_AUDIT/docs/world_protocol_atlas/agents/ia_deuil_transmission.md atlas/world_protocol_atlas/ ia_deuil_transmission.md md P3_ATLAS_CONTENT F06 0 0 0 0 1  NOT_FO","INTEGRATE_TO_ATLAS_READONLY_SCENARIO_SPEC_CANDIDATE","ATLAS_READONLY_ADVISORY_ONLY","false","false","false","false","false","F06 audit/spec only; Atlas scenario/context candidate; never runtime reality claim"
"BRANCHABLE_ATLAS","atlas/world_protocol_atlas/","F06_ATLAS","FILE_PLAN_ALL 1727 BRANCHABLE_ATLAS OBSIDIA_BRANCHABLE_ATLAS_FULL_V0_5_DEEP_FINAL_AUDIT/docs/world_protocol_atlas/agents/ia_ecogenetique.json atlas/world_protocol_atlas/ ia_ecogenetique.json json P3_ATLAS_CONTENT F06 0 0 0 0 1  NOT_FOUND_LO","INTEGRATE_TO_ATLAS_READONLY_SCENARIO_SPEC_CANDIDATE","ATLAS_READONLY_ADVISORY_ONLY","false","false","false","false","false","F06 audit/spec only; Atlas scenario/context candidate; never runtime reality claim"
"BRANCHABLE_ATLAS","atlas/world_protocol_atlas/","F06_ATLAS","FILE_PLAN_ALL 1728 BRANCHABLE_ATLAS OBSIDIA_BRANCHABLE_ATLAS_FULL_V0_5_DEEP_FINAL_AUDIT/docs/world_protocol_atlas/agents/ia_ecogenetique.md atlas/world_protocol_atlas/ ia_ecogenetique.md md P3_ATLAS_CONTENT F06 0 0 0 0 1  NOT_FOUND_LOCAL DU","INTEGRATE_TO_ATLAS_READONLY_SCENARIO_SPEC_CANDIDATE","ATLAS_READONLY_ADVISORY_ONLY","false","false","false","false","false","F06 audit/spec only; Atlas scenario/context candidate; never runtime reality claim"
"BRANCHABLE_ATLAS","atlas/world_protocol_atlas/","F06_ATLAS","FILE_PLAN_ALL 1729 BRANCHABLE_ATLAS OBSIDIA_BRANCHABLE_ATLAS_FULL_V0_5_DEEP_FINAL_AUDIT/docs/world_protocol_atlas/agents/ia_ecosystemique.json atlas/world_protocol_atlas/ ia_ecosystemique.json json P3_ATLAS_CONTENT F06 0 0 0 0 1  NOT_FOUND_","INTEGRATE_TO_ATLAS_READONLY_SCENARIO_SPEC_CANDIDATE","ATLAS_READONLY_ADVISORY_ONLY","false","false","false","false","false","F06 audit/spec only; Atlas scenario/context candidate; never runtime reality claim"
"BRANCHABLE_ATLAS","atlas/world_protocol_atlas/","F06_ATLAS","FILE_PLAN_ALL 1730 BRANCHABLE_ATLAS OBSIDIA_BRANCHABLE_ATLAS_FULL_V0_5_DEEP_FINAL_AUDIT/docs/world_protocol_atlas/agents/ia_ecosystemique.md atlas/world_protocol_atlas/ ia_ecosystemique.md md P3_ATLAS_CONTENT F06 0 0 0 0 1  NOT_FOUND_LOCAL ","INTEGRATE_TO_ATLAS_READONLY_SCENARIO_SPEC_CANDIDATE","ATLAS_READONLY_ADVISORY_ONLY","false","false","false","false","false","F06 audit/spec only; Atlas scenario/context candidate; never runtime reality claim"
"BRANCHABLE_ATLAS","atlas/world_protocol_atlas/","F06_ATLAS","FILE_PLAN_ALL 1731 BRANCHABLE_ATLAS OBSIDIA_BRANCHABLE_ATLAS_FULL_V0_5_DEEP_FINAL_AUDIT/docs/world_protocol_atlas/agents/ia_meta_traductrice.json atlas/world_protocol_atlas/ ia_meta_traductrice.json json P3_ATLAS_CONTENT F06 0 0 0 0 1  NOT_","INTEGRATE_TO_ATLAS_READONLY_SCENARIO_SPEC_CANDIDATE","ATLAS_READONLY_ADVISORY_ONLY","false","false","false","false","false","F06 audit/spec only; Atlas scenario/context candidate; never runtime reality claim"
"BRANCHABLE_ATLAS","atlas/world_protocol_atlas/","F06_ATLAS","FILE_PLAN_ALL 1732 BRANCHABLE_ATLAS OBSIDIA_BRANCHABLE_ATLAS_FULL_V0_5_DEEP_FINAL_AUDIT/docs/world_protocol_atlas/agents/ia_meta_traductrice.md atlas/world_protocol_atlas/ ia_meta_traductrice.md md P3_ATLAS_CONTENT F06 0 0 0 0 1  NOT_FOUND_","INTEGRATE_TO_ATLAS_READONLY_SCENARIO_SPEC_CANDIDATE","ATLAS_READONLY_ADVISORY_ONLY","false","false","false","false","false","F06 audit/spec only; Atlas scenario/context candidate; never runtime reality claim"
"BRANCHABLE_ATLAS","atlas/world_protocol_atlas/","F06_ATLAS","FILE_PLAN_ALL 1733 BRANCHABLE_ATLAS OBSIDIA_BRANCHABLE_ATLAS_FULL_V0_5_DEEP_FINAL_AUDIT/docs/world_protocol_atlas/agents/ia_mortem_simulateur.json atlas/world_protocol_atlas/ ia_mortem_simulateur.json json P3_ATLAS_CONTENT F06 0 0 0 0 1  NO","INTEGRATE_TO_ATLAS_READONLY_SCENARIO_SPEC_CANDIDATE","ATLAS_READONLY_ADVISORY_ONLY","false","false","false","false","false","F06 audit/spec only; Atlas scenario/context candidate; never runtime reality claim"
"BRANCHABLE_ATLAS","atlas/world_protocol_atlas/","F06_ATLAS","FILE_PLAN_ALL 1734 BRANCHABLE_ATLAS OBSIDIA_BRANCHABLE_ATLAS_FULL_V0_5_DEEP_FINAL_AUDIT/docs/world_protocol_atlas/agents/ia_mortem_simulateur.md atlas/world_protocol_atlas/ ia_mortem_simulateur.md md P3_ATLAS_CONTENT F06 0 0 0 0 1  NOT_FOUN","INTEGRATE_TO_ATLAS_READONLY_SCENARIO_SPEC_CANDIDATE","ATLAS_READONLY_ADVISORY_ONLY","false","false","false","false","false","F06 audit/spec only; Atlas scenario/context candidate; never runtime reality claim"
"BRANCHABLE_ATLAS","atlas/world_protocol_atlas/","F06_ATLAS","FILE_PLAN_ALL 1735 BRANCHABLE_ATLAS OBSIDIA_BRANCHABLE_ATLAS_FULL_V0_5_DEEP_FINAL_AUDIT/docs/world_protocol_atlas/agents/ia_multiverse.json atlas/world_protocol_atlas/ ia_multiverse.json json P3_ATLAS_CONTENT F06 0 0 0 0 1  NOT_FOUND_LOCAL ","INTEGRATE_TO_ATLAS_READONLY_SCENARIO_SPEC_CANDIDATE","ATLAS_READONLY_ADVISORY_ONLY","false","false","false","false","false","F06 audit/spec only; Atlas scenario/context candidate; never runtime reality claim"
"BRANCHABLE_ATLAS","atlas/world_protocol_atlas/","F06_ATLAS","FILE_PLAN_ALL 1736 BRANCHABLE_ATLAS OBSIDIA_BRANCHABLE_ATLAS_FULL_V0_5_DEEP_FINAL_AUDIT/docs/world_protocol_atlas/agents/ia_multiverse.md atlas/world_protocol_atlas/ ia_multiverse.md md P3_ATLAS_CONTENT F06 0 0 0 0 1  NOT_FOUND_LOCAL DUPLIC","INTEGRATE_TO_ATLAS_READONLY_SCENARIO_SPEC_CANDIDATE","ATLAS_READONLY_ADVISORY_ONLY","false","false","false","false","false","F06 audit/spec only; Atlas scenario/context candidate; never runtime reality claim"
"BRANCHABLE_ATLAS","atlas/world_protocol_atlas/","F06_ATLAS","FILE_PLAN_ALL 1737 BRANCHABLE_ATLAS OBSIDIA_BRANCHABLE_ATLAS_FULL_V0_5_DEEP_FINAL_AUDIT/docs/world_protocol_atlas/agents/ia_post_mortem.json atlas/world_protocol_atlas/ ia_post_mortem.json json P3_ATLAS_CONTENT F06 0 0 0 0 1  NOT_FOUND_LOCA","INTEGRATE_TO_ATLAS_READONLY_SCENARIO_SPEC_CANDIDATE","ATLAS_READONLY_ADVISORY_ONLY","false","false","false","false","false","F06 audit/spec only; Atlas scenario/context candidate; never runtime reality claim"
"BRANCHABLE_ATLAS","atlas/world_protocol_atlas/","F06_ATLAS","FILE_PLAN_ALL 1738 BRANCHABLE_ATLAS OBSIDIA_BRANCHABLE_ATLAS_FULL_V0_5_DEEP_FINAL_AUDIT/docs/world_protocol_atlas/agents/ia_post_mortem.md atlas/world_protocol_atlas/ ia_post_mortem.md md P3_ATLAS_CONTENT F06 0 0 0 0 1  NOT_FOUND_LOCAL DUPL","INTEGRATE_TO_ATLAS_READONLY_SCENARIO_SPEC_CANDIDATE","ATLAS_READONLY_ADVISORY_ONLY","false","false","false","false","false","F06 audit/spec only; Atlas scenario/context candidate; never runtime reality claim"
"BRANCHABLE_ATLAS","atlas/world_protocol_atlas/","F06_ATLAS","FILE_PLAN_ALL 1739 BRANCHABLE_ATLAS OBSIDIA_BRANCHABLE_ATLAS_FULL_V0_5_DEEP_FINAL_AUDIT/docs/world_protocol_atlas/agents/ia_preventive.json atlas/world_protocol_atlas/ ia_preventive.json json P3_ATLAS_CONTENT F06 0 0 0 0 1  NOT_FOUND_LOCAL ","INTEGRATE_TO_ATLAS_READONLY_SCENARIO_SPEC_CANDIDATE","ATLAS_READONLY_ADVISORY_ONLY","false","false","false","false","false","F06 audit/spec only; Atlas scenario/context candidate; never runtime reality claim"
"BRANCHABLE_ATLAS","atlas/world_protocol_atlas/","F06_ATLAS","FILE_PLAN_ALL 1740 BRANCHABLE_ATLAS OBSIDIA_BRANCHABLE_ATLAS_FULL_V0_5_DEEP_FINAL_AUDIT/docs/world_protocol_atlas/agents/ia_preventive.md atlas/world_protocol_atlas/ ia_preventive.md md P3_ATLAS_CONTENT F06 0 0 0 0 1  NOT_FOUND_LOCAL DUPLIC","INTEGRATE_TO_ATLAS_READONLY_SCENARIO_SPEC_CANDIDATE","ATLAS_READONLY_ADVISORY_ONLY","false","false","false","false","false","F06 audit/spec only; Atlas scenario/context candidate; never runtime reality claim"
"BRANCHABLE_ATLAS","atlas/world_protocol_atlas/","F06_ATLAS","FILE_PLAN_ALL 1741 BRANCHABLE_ATLAS OBSIDIA_BRANCHABLE_ATLAS_FULL_V0_5_DEEP_FINAL_AUDIT/docs/world_protocol_atlas/agents/ia_thanatosynthetique.json atlas/world_protocol_atlas/ ia_thanatosynthetique.json json P3_ATLAS_CONTENT F06 0 0 0 0 1  ","INTEGRATE_TO_ATLAS_READONLY_SCENARIO_SPEC_CANDIDATE","ATLAS_READONLY_ADVISORY_ONLY","false","false","false","false","false","F06 audit/spec only; Atlas scenario/context candidate; never runtime reality claim"
"BRANCHABLE_ATLAS","atlas/world_protocol_atlas/","F06_ATLAS","FILE_PLAN_ALL 1742 BRANCHABLE_ATLAS OBSIDIA_BRANCHABLE_ATLAS_FULL_V0_5_DEEP_FINAL_AUDIT/docs/world_protocol_atlas/agents/ia_thanatosynthetique.md atlas/world_protocol_atlas/ ia_thanatosynthetique.md md P3_ATLAS_CONTENT F06 0 0 0 0 1  NOT_FO","INTEGRATE_TO_ATLAS_READONLY_SCENARIO_SPEC_CANDIDATE","ATLAS_READONLY_ADVISORY_ONLY","false","false","false","false","false","F06 audit/spec only; Atlas scenario/context candidate; never runtime reality claim"
"BRANCHABLE_ATLAS","atlas/world_protocol_atlas/","F06_ATLAS","FILE_PLAN_ALL 1743 BRANCHABLE_ATLAS OBSIDIA_BRANCHABLE_ATLAS_FULL_V0_5_DEEP_FINAL_AUDIT/docs/world_protocol_atlas/agents/ibm_watsonx_adapter.json atlas/world_protocol_atlas/ ibm_watsonx_adapter.json json P3_ATLAS_CONTENT F06 0 0 0 0 1  NOT_","INTEGRATE_TO_ATLAS_READONLY_SCENARIO_SPEC_CANDIDATE","ATLAS_READONLY_ADVISORY_ONLY","false","false","false","false","false","F06 audit/spec only; Atlas scenario/context candidate; never runtime reality claim"
"BRANCHABLE_ATLAS","atlas/world_protocol_atlas/","F06_ATLAS","FILE_PLAN_ALL 1744 BRANCHABLE_ATLAS OBSIDIA_BRANCHABLE_ATLAS_FULL_V0_5_DEEP_FINAL_AUDIT/docs/world_protocol_atlas/agents/ibm_watsonx_adapter.md atlas/world_protocol_atlas/ ibm_watsonx_adapter.md md P3_ATLAS_CONTENT F06 0 0 0 0 1  NOT_FOUND_","INTEGRATE_TO_ATLAS_READONLY_SCENARIO_SPEC_CANDIDATE","ATLAS_READONLY_ADVISORY_ONLY","false","false","false","false","false","F06 audit/spec only; Atlas scenario/context candidate; never runtime reality claim"
"BRANCHABLE_ATLAS","atlas/world_protocol_atlas/","F06_ATLAS","FILE_PLAN_ALL 1745 BRANCHABLE_ATLAS OBSIDIA_BRANCHABLE_ATLAS_FULL_V0_5_DEEP_FINAL_AUDIT/docs/world_protocol_atlas/agents/icetransitionmap.json atlas/world_protocol_atlas/ icetransitionmap.json json P3_ATLAS_CONTENT F06 0 0 0 0 1  NOT_FOUND_","INTEGRATE_TO_ATLAS_READONLY_SCENARIO_SPEC_CANDIDATE","ATLAS_READONLY_ADVISORY_ONLY","false","false","false","false","false","F06 audit/spec only; Atlas scenario/context candidate; never runtime reality claim"
"BRANCHABLE_ATLAS","atlas/world_protocol_atlas/","F06_ATLAS","FILE_PLAN_ALL 1746 BRANCHABLE_ATLAS OBSIDIA_BRANCHABLE_ATLAS_FULL_V0_5_DEEP_FINAL_AUDIT/docs/world_protocol_atlas/agents/icetransitionmap.md atlas/world_protocol_atlas/ icetransitionmap.md md P3_ATLAS_CONTENT F06 0 0 0 0 1  NOT_FOUND_LOCAL ","INTEGRATE_TO_ATLAS_READONLY_SCENARIO_SPEC_CANDIDATE","ATLAS_READONLY_ADVISORY_ONLY","false","false","false","false","false","F06 audit/spec only; Atlas scenario/context candidate; never runtime reality claim"
"BRANCHABLE_ATLAS","atlas/world_protocol_atlas/","F06_ATLAS","FILE_PLAN_ALL 1747 BRANCHABLE_ATLAS OBSIDIA_BRANCHABLE_ATLAS_FULL_V0_5_DEEP_FINAL_AUDIT/docs/world_protocol_atlas/agents/instructlab.json atlas/world_protocol_atlas/ instructlab.json json P3_ATLAS_CONTENT F06 0 0 0 0 1  NOT_FOUND_LOCAL DUPL","INTEGRATE_TO_ATLAS_READONLY_SCENARIO_SPEC_CANDIDATE","ATLAS_READONLY_ADVISORY_ONLY","false","false","false","false","false","F06 audit/spec only; Atlas scenario/context candidate; never runtime reality claim"
"BRANCHABLE_ATLAS","atlas/world_protocol_atlas/","F06_ATLAS","FILE_PLAN_ALL 1748 BRANCHABLE_ATLAS OBSIDIA_BRANCHABLE_ATLAS_FULL_V0_5_DEEP_FINAL_AUDIT/docs/world_protocol_atlas/agents/instructlab.md atlas/world_protocol_atlas/ instructlab.md md P3_ATLAS_CONTENT F06 0 0 0 0 1  NOT_FOUND_LOCAL DUPLICATE_","INTEGRATE_TO_ATLAS_READONLY_SCENARIO_SPEC_CANDIDATE","ATLAS_READONLY_ADVISORY_ONLY","false","false","false","false","false","F06 audit/spec only; Atlas scenario/context candidate; never runtime reality claim"
"BRANCHABLE_ATLAS","atlas/world_protocol_atlas/","F06_ATLAS","FILE_PLAN_ALL 1749 BRANCHABLE_ATLAS OBSIDIA_BRANCHABLE_ATLAS_FULL_V0_5_DEEP_FINAL_AUDIT/docs/world_protocol_atlas/agents/jderobot_visualcircuit.json atlas/world_protocol_atlas/ jderobot_visualcircuit.json json P3_ATLAS_CONTENT F06 0 0 0 0 1","INTEGRATE_TO_ATLAS_READONLY_SCENARIO_SPEC_CANDIDATE","ATLAS_READONLY_ADVISORY_ONLY","false","false","false","false","false","F06 audit/spec only; Atlas scenario/context candidate; never runtime reality claim"
"BRANCHABLE_ATLAS","atlas/world_protocol_atlas/","F06_ATLAS","FILE_PLAN_ALL 1750 BRANCHABLE_ATLAS OBSIDIA_BRANCHABLE_ATLAS_FULL_V0_5_DEEP_FINAL_AUDIT/docs/world_protocol_atlas/agents/jderobot_visualcircuit.md atlas/world_protocol_atlas/ jderobot_visualcircuit.md md P3_ATLAS_CONTENT F06 0 0 0 0 1  NOT_","INTEGRATE_TO_ATLAS_READONLY_SCENARIO_SPEC_CANDIDATE","ATLAS_READONLY_ADVISORY_ONLY","false","false","false","false","false","F06 audit/spec only; Atlas scenario/context candidate; never runtime reality claim"
"BRANCHABLE_ATLAS","atlas/world_protocol_atlas/","F06_ATLAS","FILE_PLAN_ALL 1751 BRANCHABLE_ATLAS OBSIDIA_BRANCHABLE_ATLAS_FULL_V0_5_DEEP_FINAL_AUDIT/docs/world_protocol_atlas/agents/kilimo_adapter.json atlas/world_protocol_atlas/ kilimo_adapter.json json P3_ATLAS_CONTENT F06 0 0 0 0 1  NOT_FOUND_LOCA","INTEGRATE_TO_ATLAS_READONLY_SCENARIO_SPEC_CANDIDATE","ATLAS_READONLY_ADVISORY_ONLY","false","false","false","false","false","F06 audit/spec only; Atlas scenario/context candidate; never runtime reality claim"
"BRANCHABLE_ATLAS","atlas/world_protocol_atlas/","F06_ATLAS","FILE_PLAN_ALL 1752 BRANCHABLE_ATLAS OBSIDIA_BRANCHABLE_ATLAS_FULL_V0_5_DEEP_FINAL_AUDIT/docs/world_protocol_atlas/agents/kilimo_adapter.md atlas/world_protocol_atlas/ kilimo_adapter.md md P3_ATLAS_CONTENT F06 0 0 0 0 1  NOT_FOUND_LOCAL DUPL","INTEGRATE_TO_ATLAS_READONLY_SCENARIO_SPEC_CANDIDATE","ATLAS_READONLY_ADVISORY_ONLY","false","false","false","false","false","F06 audit/spec only; Atlas scenario/context candidate; never runtime reality claim"
"BRANCHABLE_ATLAS","atlas/world_protocol_atlas/","F06_ATLAS","FILE_PLAN_ALL 1753 BRANCHABLE_ATLAS OBSIDIA_BRANCHABLE_ATLAS_FULL_V0_5_DEEP_FINAL_AUDIT/docs/world_protocol_atlas/agents/krikey_ai_adapter.json atlas/world_protocol_atlas/ krikey_ai_adapter.json json P3_ATLAS_CONTENT F06 0 0 0 0 1  NOT_FOUN","INTEGRATE_TO_ATLAS_READONLY_SCENARIO_SPEC_CANDIDATE","ATLAS_READONLY_ADVISORY_ONLY","false","false","false","false","false","F06 audit/spec only; Atlas scenario/context candidate; never runtime reality claim"
"BRANCHABLE_ATLAS","atlas/world_protocol_atlas/","F06_ATLAS","FILE_PLAN_ALL 1754 BRANCHABLE_ATLAS OBSIDIA_BRANCHABLE_ATLAS_FULL_V0_5_DEEP_FINAL_AUDIT/docs/world_protocol_atlas/agents/krikey_ai_adapter.md atlas/world_protocol_atlas/ krikey_ai_adapter.md md P3_ATLAS_CONTENT F06 0 0 0 0 1  NOT_FOUND_LOCA","INTEGRATE_TO_ATLAS_READONLY_SCENARIO_SPEC_CANDIDATE","ATLAS_READONLY_ADVISORY_ONLY","false","false","false","false","false","F06 audit/spec only; Atlas scenario/context candidate; never runtime reality claim"
"BRANCHABLE_ATLAS","atlas/world_protocol_atlas/","F06_ATLAS","FILE_PLAN_ALL 1755 BRANCHABLE_ATLAS OBSIDIA_BRANCHABLE_ATLAS_FULL_V0_5_DEEP_FINAL_AUDIT/docs/world_protocol_atlas/agents/kunumi_adapter.json atlas/world_protocol_atlas/ kunumi_adapter.json json P3_ATLAS_CONTENT F06 0 0 0 0 1  NOT_FOUND_LOCA","INTEGRATE_TO_ATLAS_READONLY_SCENARIO_SPEC_CANDIDATE","ATLAS_READONLY_ADVISORY_ONLY","false","false","false","false","false","F06 audit/spec only; Atlas scenario/context candidate; never runtime reality claim"
"BRANCHABLE_ATLAS","atlas/world_protocol_atlas/","F06_ATLAS","FILE_PLAN_ALL 1756 BRANCHABLE_ATLAS OBSIDIA_BRANCHABLE_ATLAS_FULL_V0_5_DEEP_FINAL_AUDIT/docs/world_protocol_atlas/agents/kunumi_adapter.md atlas/world_protocol_atlas/ kunumi_adapter.md md P3_ATLAS_CONTENT F06 0 0 0 0 1  NOT_FOUND_LOCAL DUPL","INTEGRATE_TO_ATLAS_READONLY_SCENARIO_SPEC_CANDIDATE","ATLAS_READONLY_ADVISORY_ONLY","false","false","false","false","false","F06 audit/spec only; Atlas scenario/context candidate; never runtime reality claim"
"BRANCHABLE_ATLAS","atlas/world_protocol_atlas/","F06_ATLAS","FILE_PLAN_ALL 1757 BRANCHABLE_ATLAS OBSIDIA_BRANCHABLE_ATLAS_FULL_V0_5_DEEP_FINAL_AUDIT/docs/world_protocol_atlas/agents/kwant_ai.json atlas/world_protocol_atlas/ kwant_ai.json json P3_ATLAS_CONTENT F06 0 0 0 0 1  NOT_FOUND_LOCAL DUPLICATE_","INTEGRATE_TO_ATLAS_READONLY_SCENARIO_SPEC_CANDIDATE","ATLAS_READONLY_ADVISORY_ONLY","false","false","false","false","false","F06 audit/spec only; Atlas scenario/context candidate; never runtime reality claim"
"BRANCHABLE_ATLAS","atlas/world_protocol_atlas/","F06_ATLAS","FILE_PLAN_ALL 1758 BRANCHABLE_ATLAS OBSIDIA_BRANCHABLE_ATLAS_FULL_V0_5_DEEP_FINAL_AUDIT/docs/world_protocol_atlas/agents/kwant_ai.md atlas/world_protocol_atlas/ kwant_ai.md md P3_ATLAS_CONTENT F06 0 0 0 0 1  NOT_FOUND_LOCAL DUPLICATE_SAFE C","INTEGRATE_TO_ATLAS_READONLY_SCENARIO_SPEC_CANDIDATE","ATLAS_READONLY_ADVISORY_ONLY","false","false","false","false","false","F06 audit/spec only; Atlas scenario/context candidate; never runtime reality claim"
"BRANCHABLE_ATLAS","atlas/world_protocol_atlas/","F06_ATLAS","FILE_PLAN_ALL 1759 BRANCHABLE_ATLAS OBSIDIA_BRANCHABLE_ATLAS_FULL_V0_5_DEEP_FINAL_AUDIT/docs/world_protocol_atlas/agents/lamas.json atlas/world_protocol_atlas/ lamas.json json P3_ATLAS_CONTENT F06 0 0 0 0 1  NOT_FOUND_LOCAL DUPLICATE_SAFE C","INTEGRATE_TO_ATLAS_READONLY_SCENARIO_SPEC_CANDIDATE","ATLAS_READONLY_ADVISORY_ONLY","false","false","false","false","false","F06 audit/spec only; Atlas scenario/context candidate; never runtime reality claim"
"BRANCHABLE_ATLAS","atlas/world_protocol_atlas/","F06_ATLAS","FILE_PLAN_ALL 1760 BRANCHABLE_ATLAS OBSIDIA_BRANCHABLE_ATLAS_FULL_V0_5_DEEP_FINAL_AUDIT/docs/world_protocol_atlas/agents/lamas.md atlas/world_protocol_atlas/ lamas.md md P3_ATLAS_CONTENT F06 0 0 0 0 1  NOT_FOUND_LOCAL DUPLICATE_SAFE CLEAN L","INTEGRATE_TO_ATLAS_READONLY_SCENARIO_SPEC_CANDIDATE","ATLAS_READONLY_ADVISORY_ONLY","false","false","false","false","false","F06 audit/spec only; Atlas scenario/context candidate; never runtime reality claim"
"BRANCHABLE_ATLAS","atlas/world_protocol_atlas/","F06_ATLAS","FILE_PLAN_ALL 1761 BRANCHABLE_ATLAS OBSIDIA_BRANCHABLE_ATLAS_FULL_V0_5_DEEP_FINAL_AUDIT/docs/world_protocol_atlas/agents/lambda_labs_adapter.json atlas/world_protocol_atlas/ lambda_labs_adapter.json json P3_ATLAS_CONTENT F06 0 0 0 0 1  NOT_","INTEGRATE_TO_ATLAS_READONLY_SCENARIO_SPEC_CANDIDATE","ATLAS_READONLY_ADVISORY_ONLY","false","false","false","false","false","F06 audit/spec only; Atlas scenario/context candidate; never runtime reality claim"
"BRANCHABLE_ATLAS","atlas/world_protocol_atlas/","F06_ATLAS","FILE_PLAN_ALL 1762 BRANCHABLE_ATLAS OBSIDIA_BRANCHABLE_ATLAS_FULL_V0_5_DEEP_FINAL_AUDIT/docs/world_protocol_atlas/agents/lambda_labs_adapter.md atlas/world_protocol_atlas/ lambda_labs_adapter.md md P3_ATLAS_CONTENT F06 0 0 0 0 1  NOT_FOUND_","INTEGRATE_TO_ATLAS_READONLY_SCENARIO_SPEC_CANDIDATE","ATLAS_READONLY_ADVISORY_ONLY","false","false","false","false","false","F06 audit/spec only; Atlas scenario/context candidate; never runtime reality claim"
"BRANCHABLE_ATLAS","atlas/world_protocol_atlas/","F06_ATLAS","FILE_PLAN_ALL 1763 BRANCHABLE_ATLAS OBSIDIA_BRANCHABLE_ATLAS_FULL_V0_5_DEEP_FINAL_AUDIT/docs/world_protocol_atlas/agents/langchain.json atlas/world_protocol_atlas/ langchain.json json P3_ATLAS_CONTENT F06 0 0 0 0 1  NOT_FOUND_LOCAL DUPLICAT","INTEGRATE_TO_ATLAS_READONLY_SCENARIO_SPEC_CANDIDATE","ATLAS_READONLY_ADVISORY_ONLY","false","false","false","false","false","F06 audit/spec only; Atlas scenario/context candidate; never runtime reality claim"
"BRANCHABLE_ATLAS","atlas/world_protocol_atlas/","F06_ATLAS","FILE_PLAN_ALL 1764 BRANCHABLE_ATLAS OBSIDIA_BRANCHABLE_ATLAS_FULL_V0_5_DEEP_FINAL_AUDIT/docs/world_protocol_atlas/agents/langchain.md atlas/world_protocol_atlas/ langchain.md md P3_ATLAS_CONTENT F06 0 0 0 0 1  NOT_FOUND_LOCAL DUPLICATE_SAFE","INTEGRATE_TO_ATLAS_READONLY_SCENARIO_SPEC_CANDIDATE","ATLAS_READONLY_ADVISORY_ONLY","false","false","false","false","false","F06 audit/spec only; Atlas scenario/context candidate; never runtime reality claim"
"BRANCHABLE_ATLAS","atlas/world_protocol_atlas/","F06_ATLAS","FILE_PLAN_ALL 1765 BRANCHABLE_ATLAS OBSIDIA_BRANCHABLE_ATLAS_FULL_V0_5_DEEP_FINAL_AUDIT/docs/world_protocol_atlas/agents/langgraph.json atlas/world_protocol_atlas/ langgraph.json json P3_ATLAS_CONTENT F06 0 0 0 0 1  NOT_FOUND_LOCAL DUPLICAT","INTEGRATE_TO_ATLAS_READONLY_SCENARIO_SPEC_CANDIDATE","ATLAS_READONLY_ADVISORY_ONLY","false","false","false","false","false","F06 audit/spec only; Atlas scenario/context candidate; never runtime reality claim"
"BRANCHABLE_ATLAS","atlas/world_protocol_atlas/","F06_ATLAS","FILE_PLAN_ALL 1766 BRANCHABLE_ATLAS OBSIDIA_BRANCHABLE_ATLAS_FULL_V0_5_DEEP_FINAL_AUDIT/docs/world_protocol_atlas/agents/langgraph.md atlas/world_protocol_atlas/ langgraph.md md P3_ATLAS_CONTENT F06 0 0 0 0 1  NOT_FOUND_LOCAL DUPLICATE_SAFE","INTEGRATE_TO_ATLAS_READONLY_SCENARIO_SPEC_CANDIDATE","ATLAS_READONLY_ADVISORY_ONLY","false","false","false","false","false","F06 audit/spec only; Atlas scenario/context candidate; never runtime reality claim"
"BRANCHABLE_ATLAS","atlas/world_protocol_atlas/","F06_ATLAS","FILE_PLAN_ALL 1767 BRANCHABLE_ATLAS OBSIDIA_BRANCHABLE_ATLAS_FULL_V0_5_DEEP_FINAL_AUDIT/docs/world_protocol_atlas/agents/leal_adapter.json atlas/world_protocol_atlas/ leal_adapter.json json P3_ATLAS_CONTENT F06 0 0 0 0 1  NOT_FOUND_LOCAL DU","INTEGRATE_TO_ATLAS_READONLY_SCENARIO_SPEC_CANDIDATE","ATLAS_READONLY_ADVISORY_ONLY","false","false","false","false","false","F06 audit/spec only; Atlas scenario/context candidate; never runtime reality claim"
"BRANCHABLE_ATLAS","atlas/world_protocol_atlas/","F06_ATLAS","FILE_PLAN_ALL 1768 BRANCHABLE_ATLAS OBSIDIA_BRANCHABLE_ATLAS_FULL_V0_5_DEEP_FINAL_AUDIT/docs/world_protocol_atlas/agents/leal_adapter.md atlas/world_protocol_atlas/ leal_adapter.md md P3_ATLAS_CONTENT F06 0 0 0 0 1  NOT_FOUND_LOCAL DUPLICAT","INTEGRATE_TO_ATLAS_READONLY_SCENARIO_SPEC_CANDIDATE","ATLAS_READONLY_ADVISORY_ONLY","false","false","false","false","false","F06 audit/spec only; Atlas scenario/context candidate; never runtime reality claim"
"BRANCHABLE_ATLAS","atlas/world_protocol_atlas/","F06_ATLAS","FILE_PLAN_ALL 1769 BRANCHABLE_ATLAS OBSIDIA_BRANCHABLE_ATLAS_FULL_V0_5_DEEP_FINAL_AUDIT/docs/world_protocol_atlas/agents/legacyopenaimap.json atlas/world_protocol_atlas/ legacyopenaimap.json json P3_ATLAS_CONTENT F06 0 0 0 0 1  NOT_FOUND_LO","INTEGRATE_TO_ATLAS_READONLY_SCENARIO_SPEC_CANDIDATE","ATLAS_READONLY_ADVISORY_ONLY","false","false","false","false","false","F06 audit/spec only; Atlas scenario/context candidate; never runtime reality claim"
"BRANCHABLE_ATLAS","atlas/world_protocol_atlas/","F06_ATLAS","FILE_PLAN_ALL 1770 BRANCHABLE_ATLAS OBSIDIA_BRANCHABLE_ATLAS_FULL_V0_5_DEEP_FINAL_AUDIT/docs/world_protocol_atlas/agents/legacyopenaimap.md atlas/world_protocol_atlas/ legacyopenaimap.md md P3_ATLAS_CONTENT F06 0 0 0 0 1  NOT_FOUND_LOCAL DU","INTEGRATE_TO_ATLAS_READONLY_SCENARIO_SPEC_CANDIDATE","ATLAS_READONLY_ADVISORY_ONLY","false","false","false","false","false","F06 audit/spec only; Atlas scenario/context candidate; never runtime reality claim"
"BRANCHABLE_ATLAS","atlas/world_protocol_atlas/","F06_ATLAS","FILE_PLAN_ALL 1771 BRANCHABLE_ATLAS OBSIDIA_BRANCHABLE_ATLAS_FULL_V0_5_DEEP_FINAL_AUDIT/docs/world_protocol_atlas/agents/licenseguardian.json atlas/world_protocol_atlas/ licenseguardian.json json P3_ATLAS_CONTENT F06 0 0 0 0 1  NOT_FOUND_LO","INTEGRATE_TO_ATLAS_READONLY_SCENARIO_SPEC_CANDIDATE","ATLAS_READONLY_ADVISORY_ONLY","false","false","false","false","false","F06 audit/spec only; Atlas scenario/context candidate; never runtime reality claim"
"BRANCHABLE_ATLAS","atlas/world_protocol_atlas/","F06_ATLAS","FILE_PLAN_ALL 1772 BRANCHABLE_ATLAS OBSIDIA_BRANCHABLE_ATLAS_FULL_V0_5_DEEP_FINAL_AUDIT/docs/world_protocol_atlas/agents/licenseguardian.md atlas/world_protocol_atlas/ licenseguardian.md md P3_ATLAS_CONTENT F06 0 0 0 0 1  NOT_FOUND_LOCAL DU","INTEGRATE_TO_ATLAS_READONLY_SCENARIO_SPEC_CANDIDATE","ATLAS_READONLY_ADVISORY_ONLY","false","false","false","false","false","F06 audit/spec only; Atlas scenario/context candidate; never runtime reality claim"
"BRANCHABLE_ATLAS","atlas/world_protocol_atlas/","F06_ATLAS","FILE_PLAN_ALL 1773 BRANCHABLE_ATLAS OBSIDIA_BRANCHABLE_ATLAS_FULL_V0_5_DEEP_FINAL_AUDIT/docs/world_protocol_atlas/agents/llama_guard.json atlas/world_protocol_atlas/ llama_guard.json json P3_ATLAS_CONTENT F06 0 0 0 0 1  NOT_FOUND_LOCAL DUPL","INTEGRATE_TO_ATLAS_READONLY_SCENARIO_SPEC_CANDIDATE","ATLAS_READONLY_ADVISORY_ONLY","false","false","false","false","false","F06 audit/spec only; Atlas scenario/context candidate; never runtime reality claim"
"BRANCHABLE_ATLAS","atlas/world_protocol_atlas/","F06_ATLAS","FILE_PLAN_ALL 1774 BRANCHABLE_ATLAS OBSIDIA_BRANCHABLE_ATLAS_FULL_V0_5_DEEP_FINAL_AUDIT/docs/world_protocol_atlas/agents/llama_guard.md atlas/world_protocol_atlas/ llama_guard.md md P3_ATLAS_CONTENT F06 0 0 0 0 1  NOT_FOUND_LOCAL DUPLICATE_","INTEGRATE_TO_ATLAS_READONLY_SCENARIO_SPEC_CANDIDATE","ATLAS_READONLY_ADVISORY_ONLY","false","false","false","false","false","F06 audit/spec only; Atlas scenario/context candidate; never runtime reality claim"
"BRANCHABLE_ATLAS","atlas/world_protocol_atlas/","F06_ATLAS","FILE_PLAN_ALL 1775 BRANCHABLE_ATLAS OBSIDIA_BRANCHABLE_ATLAS_FULL_V0_5_DEEP_FINAL_AUDIT/docs/world_protocol_atlas/agents/lostcivilizationnarrator.json atlas/world_protocol_atlas/ lostcivilizationnarrator.json json P3_ATLAS_CONTENT F06 0 0 0","INTEGRATE_TO_ATLAS_READONLY_SCENARIO_SPEC_CANDIDATE","ATLAS_READONLY_ADVISORY_ONLY","false","false","false","false","false","F06 audit/spec only; Atlas scenario/context candidate; never runtime reality claim"
"BRANCHABLE_ATLAS","atlas/world_protocol_atlas/","F06_ATLAS","FILE_PLAN_ALL 1776 BRANCHABLE_ATLAS OBSIDIA_BRANCHABLE_ATLAS_FULL_V0_5_DEEP_FINAL_AUDIT/docs/world_protocol_atlas/agents/lostcivilizationnarrator.md atlas/world_protocol_atlas/ lostcivilizationnarrator.md md P3_ATLAS_CONTENT F06 0 0 0 0 1  ","INTEGRATE_TO_ATLAS_READONLY_SCENARIO_SPEC_CANDIDATE","ATLAS_READONLY_ADVISORY_ONLY","false","false","false","false","false","F06 audit/spec only; Atlas scenario/context candidate; never runtime reality claim"
"BRANCHABLE_ATLAS","atlas/world_protocol_atlas/","F06_ATLAS","FILE_PLAN_ALL 1777 BRANCHABLE_ATLAS OBSIDIA_BRANCHABLE_ATLAS_FULL_V0_5_DEEP_FINAL_AUDIT/docs/world_protocol_atlas/agents/masques_narratifs.json atlas/world_protocol_atlas/ masques_narratifs.json json P3_ATLAS_CONTENT F06 0 0 0 0 1  NOT_FOUN","INTEGRATE_TO_ATLAS_READONLY_SCENARIO_SPEC_CANDIDATE","ATLAS_READONLY_ADVISORY_ONLY","false","false","false","false","false","F06 audit/spec only; Atlas scenario/context candidate; never runtime reality claim"
"BRANCHABLE_ATLAS","atlas/world_protocol_atlas/","F06_ATLAS","FILE_PLAN_ALL 1778 BRANCHABLE_ATLAS OBSIDIA_BRANCHABLE_ATLAS_FULL_V0_5_DEEP_FINAL_AUDIT/docs/world_protocol_atlas/agents/masques_narratifs.md atlas/world_protocol_atlas/ masques_narratifs.md md P3_ATLAS_CONTENT F06 0 0 0 0 1  NOT_FOUND_LOCA","INTEGRATE_TO_ATLAS_READONLY_SCENARIO_SPEC_CANDIDATE","ATLAS_READONLY_ADVISORY_ONLY","false","false","false","false","false","F06 audit/spec only; Atlas scenario/context candidate; never runtime reality claim"
"BRANCHABLE_ATLAS","atlas/world_protocol_atlas/","F06_ATLAS","FILE_PLAN_ALL 1779 BRANCHABLE_ATLAS OBSIDIA_BRANCHABLE_ATLAS_FULL_V0_5_DEEP_FINAL_AUDIT/docs/world_protocol_atlas/agents/masques_symboliques.json atlas/world_protocol_atlas/ masques_symboliques.json json P3_ATLAS_CONTENT F06 0 0 0 0 1  NOT_","INTEGRATE_TO_ATLAS_READONLY_SCENARIO_SPEC_CANDIDATE","ATLAS_READONLY_ADVISORY_ONLY","false","false","false","false","false","F06 audit/spec only; Atlas scenario/context candidate; never runtime reality claim"
"BRANCHABLE_ATLAS","atlas/world_protocol_atlas/","F06_ATLAS","FILE_PLAN_ALL 1780 BRANCHABLE_ATLAS OBSIDIA_BRANCHABLE_ATLAS_FULL_V0_5_DEEP_FINAL_AUDIT/docs/world_protocol_atlas/agents/masques_symboliques.md atlas/world_protocol_atlas/ masques_symboliques.md md P3_ATLAS_CONTENT F06 0 0 0 0 1  NOT_FOUND_","INTEGRATE_TO_ATLAS_READONLY_SCENARIO_SPEC_CANDIDATE","ATLAS_READONLY_ADVISORY_ONLY","false","false","false","false","false","F06 audit/spec only; Atlas scenario/context candidate; never runtime reality claim"
"BRANCHABLE_ATLAS","atlas/world_protocol_atlas/","F06_ATLAS","FILE_PLAN_ALL 1781 BRANCHABLE_ATLAS OBSIDIA_BRANCHABLE_ATLAS_FULL_V0_5_DEEP_FINAL_AUDIT/docs/world_protocol_atlas/agents/memoire_diachronique.json atlas/world_protocol_atlas/ memoire_diachronique.json json P3_ATLAS_CONTENT F06 0 0 0 0 1  NO","INTEGRATE_TO_ATLAS_READONLY_SCENARIO_SPEC_CANDIDATE","ATLAS_READONLY_ADVISORY_ONLY","false","false","false","false","false","F06 audit/spec only; Atlas scenario/context candidate; never runtime reality claim"
"BRANCHABLE_ATLAS","atlas/world_protocol_atlas/","F06_ATLAS","FILE_PLAN_ALL 1782 BRANCHABLE_ATLAS OBSIDIA_BRANCHABLE_ATLAS_FULL_V0_5_DEEP_FINAL_AUDIT/docs/world_protocol_atlas/agents/memoire_diachronique.md atlas/world_protocol_atlas/ memoire_diachronique.md md P3_ATLAS_CONTENT F06 0 0 0 0 1  NOT_FOUN","INTEGRATE_TO_ATLAS_READONLY_SCENARIO_SPEC_CANDIDATE","ATLAS_READONLY_ADVISORY_ONLY","false","false","false","false","false","F06 audit/spec only; Atlas scenario/context candidate; never runtime reality claim"
"BRANCHABLE_ATLAS","atlas/world_protocol_atlas/","F06_ATLAS","FILE_PLAN_ALL 1783 BRANCHABLE_ATLAS OBSIDIA_BRANCHABLE_ATLAS_FULL_V0_5_DEEP_FINAL_AUDIT/docs/world_protocol_atlas/agents/memoire_mycelienne.json atlas/world_protocol_atlas/ memoire_mycelienne.json json P3_ATLAS_CONTENT F06 0 0 0 0 1  NOT_FO","INTEGRATE_TO_ATLAS_READONLY_SCENARIO_SPEC_CANDIDATE","ATLAS_READONLY_ADVISORY_ONLY","false","false","false","false","false","F06 audit/spec only; Atlas scenario/context candidate; never runtime reality claim"
"BRANCHABLE_ATLAS","atlas/world_protocol_atlas/","F06_ATLAS","FILE_PLAN_ALL 1784 BRANCHABLE_ATLAS OBSIDIA_BRANCHABLE_ATLAS_FULL_V0_5_DEEP_FINAL_AUDIT/docs/world_protocol_atlas/agents/memoire_mycelienne.md atlas/world_protocol_atlas/ memoire_mycelienne.md md P3_ATLAS_CONTENT F06 0 0 0 0 1  NOT_FOUND_LO","INTEGRATE_TO_ATLAS_READONLY_SCENARIO_SPEC_CANDIDATE","ATLAS_READONLY_ADVISORY_ONLY","false","false","false","false","false","F06 audit/spec only; Atlas scenario/context candidate; never runtime reality claim"
"BRANCHABLE_ATLAS","atlas/world_protocol_atlas/","F06_ATLAS","FILE_PLAN_ALL 1785 BRANCHABLE_ATLAS OBSIDIA_BRANCHABLE_ATLAS_FULL_V0_5_DEEP_FINAL_AUDIT/docs/world_protocol_atlas/agents/memoire_primordiale_fractale.json atlas/world_protocol_atlas/ memoire_primordiale_fractale.json json P3_ATLAS_CONTENT F","INTEGRATE_TO_ATLAS_READONLY_SCENARIO_SPEC_CANDIDATE","ATLAS_READONLY_ADVISORY_ONLY","false","false","false","false","false","F06 audit/spec only; Atlas scenario/context candidate; never runtime reality claim"
"BRANCHABLE_ATLAS","atlas/world_protocol_atlas/","F06_ATLAS","FILE_PLAN_ALL 1786 BRANCHABLE_ATLAS OBSIDIA_BRANCHABLE_ATLAS_FULL_V0_5_DEEP_FINAL_AUDIT/docs/world_protocol_atlas/agents/memoire_primordiale_fractale.md atlas/world_protocol_atlas/ memoire_primordiale_fractale.md md P3_ATLAS_CONTENT F06 0 0","INTEGRATE_TO_ATLAS_READONLY_SCENARIO_SPEC_CANDIDATE","ATLAS_READONLY_ADVISORY_ONLY","false","false","false","false","false","F06 audit/spec only; Atlas scenario/context candidate; never runtime reality claim"
"BRANCHABLE_ATLAS","atlas/world_protocol_atlas/","F06_ATLAS","FILE_PLAN_ALL 1787 BRANCHABLE_ATLAS OBSIDIA_BRANCHABLE_ATLAS_FULL_V0_5_DEEP_FINAL_AUDIT/docs/world_protocol_atlas/agents/memoires_de_crise.json atlas/world_protocol_atlas/ memoires_de_crise.json json P3_ATLAS_CONTENT F06 0 0 0 0 1  NOT_FOUN","INTEGRATE_TO_ATLAS_READONLY_SCENARIO_SPEC_CANDIDATE","ATLAS_READONLY_ADVISORY_ONLY","false","false","false","false","false","F06 audit/spec only; Atlas scenario/context candidate; never runtime reality claim"
"BRANCHABLE_ATLAS","atlas/world_protocol_atlas/","F06_ATLAS","FILE_PLAN_ALL 1788 BRANCHABLE_ATLAS OBSIDIA_BRANCHABLE_ATLAS_FULL_V0_5_DEEP_FINAL_AUDIT/docs/world_protocol_atlas/agents/memoires_de_crise.md atlas/world_protocol_atlas/ memoires_de_crise.md md P3_ATLAS_CONTENT F06 0 0 0 0 1  NOT_FOUND_LOCA","INTEGRATE_TO_ATLAS_READONLY_SCENARIO_SPEC_CANDIDATE","ATLAS_READONLY_ADVISORY_ONLY","false","false","false","false","false","F06 audit/spec only; Atlas scenario/context candidate; never runtime reality claim"
"BRANCHABLE_ATLAS","atlas/world_protocol_atlas/","F06_ATLAS","FILE_PLAN_ALL 1789 BRANCHABLE_ATLAS OBSIDIA_BRANCHABLE_ATLAS_FULL_V0_5_DEEP_FINAL_AUDIT/docs/world_protocol_atlas/agents/memorium.json atlas/world_protocol_atlas/ memorium.json json P3_ATLAS_CONTENT F06 0 0 0 0 1  NOT_FOUND_LOCAL DUPLICATE_","INTEGRATE_TO_ATLAS_READONLY_SCENARIO_SPEC_CANDIDATE","ATLAS_READONLY_ADVISORY_ONLY","false","false","false","false","false","F06 audit/spec only; Atlas scenario/context candidate; never runtime reality claim"
"BRANCHABLE_ATLAS","atlas/world_protocol_atlas/","F06_ATLAS","FILE_PLAN_ALL 1790 BRANCHABLE_ATLAS OBSIDIA_BRANCHABLE_ATLAS_FULL_V0_5_DEEP_FINAL_AUDIT/docs/world_protocol_atlas/agents/memorium.md atlas/world_protocol_atlas/ memorium.md md P3_ATLAS_CONTENT F06 0 0 0 0 1  NOT_FOUND_LOCAL DUPLICATE_SAFE C","INTEGRATE_TO_ATLAS_READONLY_SCENARIO_SPEC_CANDIDATE","ATLAS_READONLY_ADVISORY_ONLY","false","false","false","false","false","F06 audit/spec only; Atlas scenario/context candidate; never runtime reality claim"
"BRANCHABLE_ATLAS","atlas/world_protocol_atlas/","F06_ATLAS","FILE_PLAN_ALL 1791 BRANCHABLE_ATLAS OBSIDIA_BRANCHABLE_ATLAS_FULL_V0_5_DEEP_FINAL_AUDIT/docs/world_protocol_atlas/agents/meta_facebook_ai_adapter.json atlas/world_protocol_atlas/ meta_facebook_ai_adapter.json json P3_ATLAS_CONTENT F06 0 0 0","INTEGRATE_TO_ATLAS_READONLY_SCENARIO_SPEC_CANDIDATE","ATLAS_READONLY_ADVISORY_ONLY","false","false","false","false","false","F06 audit/spec only; Atlas scenario/context candidate; never runtime reality claim"
"BRANCHABLE_ATLAS","atlas/world_protocol_atlas/","F06_ATLAS","FILE_PLAN_ALL 1792 BRANCHABLE_ATLAS OBSIDIA_BRANCHABLE_ATLAS_FULL_V0_5_DEEP_FINAL_AUDIT/docs/world_protocol_atlas/agents/meta_facebook_ai_adapter.md atlas/world_protocol_atlas/ meta_facebook_ai_adapter.md md P3_ATLAS_CONTENT F06 0 0 0 0 1  ","INTEGRATE_TO_ATLAS_READONLY_SCENARIO_SPEC_CANDIDATE","ATLAS_READONLY_ADVISORY_ONLY","false","false","false","false","false","F06 audit/spec only; Atlas scenario/context candidate; never runtime reality claim"
"BRANCHABLE_ATLAS","atlas/world_protocol_atlas/","F06_ATLAS","FILE_PLAN_ALL 1793 BRANCHABLE_ATLAS OBSIDIA_BRANCHABLE_ATLAS_FULL_V0_5_DEEP_FINAL_AUDIT/docs/world_protocol_atlas/agents/microsoft_ai_adapter.json atlas/world_protocol_atlas/ microsoft_ai_adapter.json json P3_ATLAS_CONTENT F06 0 0 0 0 1  NO","INTEGRATE_TO_ATLAS_READONLY_SCENARIO_SPEC_CANDIDATE","ATLAS_READONLY_ADVISORY_ONLY","false","false","false","false","false","F06 audit/spec only; Atlas scenario/context candidate; never runtime reality claim"
"BRANCHABLE_ATLAS","atlas/world_protocol_atlas/","F06_ATLAS","FILE_PLAN_ALL 1794 BRANCHABLE_ATLAS OBSIDIA_BRANCHABLE_ATLAS_FULL_V0_5_DEEP_FINAL_AUDIT/docs/world_protocol_atlas/agents/microsoft_ai_adapter.md atlas/world_protocol_atlas/ microsoft_ai_adapter.md md P3_ATLAS_CONTENT F06 0 0 0 0 1  NOT_FOUN","INTEGRATE_TO_ATLAS_READONLY_SCENARIO_SPEC_CANDIDATE","ATLAS_READONLY_ADVISORY_ONLY","false","false","false","false","false","F06 audit/spec only; Atlas scenario/context candidate; never runtime reality claim"
"BRANCHABLE_ATLAS","atlas/world_protocol_atlas/","F06_ATLAS","FILE_PLAN_ALL 1795 BRANCHABLE_ATLAS OBSIDIA_BRANCHABLE_ATLAS_FULL_V0_5_DEEP_FINAL_AUDIT/docs/world_protocol_atlas/agents/mindminers_adapter.json atlas/world_protocol_atlas/ mindminers_adapter.json json P3_ATLAS_CONTENT F06 0 0 0 0 1  NOT_FO","INTEGRATE_TO_ATLAS_READONLY_SCENARIO_SPEC_CANDIDATE","ATLAS_READONLY_ADVISORY_ONLY","false","false","false","false","false","F06 audit/spec only; Atlas scenario/context candidate; never runtime reality claim"
"BRANCHABLE_ATLAS","atlas/world_protocol_atlas/","F06_ATLAS","FILE_PLAN_ALL 1796 BRANCHABLE_ATLAS OBSIDIA_BRANCHABLE_ATLAS_FULL_V0_5_DEEP_FINAL_AUDIT/docs/world_protocol_atlas/agents/mindminers_adapter.md atlas/world_protocol_atlas/ mindminers_adapter.md md P3_ATLAS_CONTENT F06 0 0 0 0 1  NOT_FOUND_LO","INTEGRATE_TO_ATLAS_READONLY_SCENARIO_SPEC_CANDIDATE","ATLAS_READONLY_ADVISORY_ONLY","false","false","false","false","false","F06 audit/spec only; Atlas scenario/context candidate; never runtime reality claim"
"BRANCHABLE_ATLAS","atlas/world_protocol_atlas/","F06_ATLAS","FILE_PLAN_ALL 1797 BRANCHABLE_ATLAS OBSIDIA_BRANCHABLE_ATLAS_FULL_V0_5_DEEP_FINAL_AUDIT/docs/world_protocol_atlas/agents/mindos.json atlas/world_protocol_atlas/ mindos.json json P3_ATLAS_CONTENT F06 0 0 0 0 1  NOT_FOUND_LOCAL DUPLICATE_SAFE","INTEGRATE_TO_ATLAS_READONLY_SCENARIO_SPEC_CANDIDATE","ATLAS_READONLY_ADVISORY_ONLY","false","false","false","false","false","F06 audit/spec only; Atlas scenario/context candidate; never runtime reality claim"
"BRANCHABLE_ATLAS","atlas/world_protocol_atlas/","F06_ATLAS","FILE_PLAN_ALL 1798 BRANCHABLE_ATLAS OBSIDIA_BRANCHABLE_ATLAS_FULL_V0_5_DEEP_FINAL_AUDIT/docs/world_protocol_atlas/agents/mindos.md atlas/world_protocol_atlas/ mindos.md md P3_ATLAS_CONTENT F06 0 0 0 0 1  NOT_FOUND_LOCAL DUPLICATE_SAFE CLEAN","INTEGRATE_TO_ATLAS_READONLY_SCENARIO_SPEC_CANDIDATE","ATLAS_READONLY_ADVISORY_ONLY","false","false","false","false","false","F06 audit/spec only; Atlas scenario/context candidate; never runtime reality claim"
"BRANCHABLE_ATLAS","atlas/world_protocol_atlas/","F06_ATLAS","FILE_PLAN_ALL 1799 BRANCHABLE_ATLAS OBSIDIA_BRANCHABLE_ATLAS_FULL_V0_5_DEEP_FINAL_AUDIT/docs/world_protocol_atlas/agents/mineethics.json atlas/world_protocol_atlas/ mineethics.json json P3_ATLAS_CONTENT F06 0 0 0 0 1  NOT_FOUND_LOCAL DUPLIC","INTEGRATE_TO_ATLAS_READONLY_SCENARIO_SPEC_CANDIDATE","ATLAS_READONLY_ADVISORY_ONLY","false","false","false","false","false","F06 audit/spec only; Atlas scenario/context candidate; never runtime reality claim"
"BRANCHABLE_ATLAS","atlas/world_protocol_atlas/","F06_ATLAS","FILE_PLAN_ALL 1800 BRANCHABLE_ATLAS OBSIDIA_BRANCHABLE_ATLAS_FULL_V0_5_DEEP_FINAL_AUDIT/docs/world_protocol_atlas/agents/mineethics.md atlas/world_protocol_atlas/ mineethics.md md P3_ATLAS_CONTENT F06 0 0 0 0 1  NOT_FOUND_LOCAL DUPLICATE_SA","INTEGRATE_TO_ATLAS_READONLY_SCENARIO_SPEC_CANDIDATE","ATLAS_READONLY_ADVISORY_ONLY","false","false","false","false","false","F06 audit/spec only; Atlas scenario/context candidate; never runtime reality claim"
"BRANCHABLE_ATLAS","atlas/world_protocol_atlas/","F06_ATLAS","FILE_PLAN_ALL 1801 BRANCHABLE_ATLAS OBSIDIA_BRANCHABLE_ATLAS_FULL_V0_5_DEEP_FINAL_AUDIT/docs/world_protocol_atlas/agents/miroir_cosmique.json atlas/world_protocol_atlas/ miroir_cosmique.json json P3_ATLAS_CONTENT F06 0 0 0 0 1  NOT_FOUND_LO","INTEGRATE_TO_ATLAS_READONLY_SCENARIO_SPEC_CANDIDATE","ATLAS_READONLY_ADVISORY_ONLY","false","false","false","false","false","F06 audit/spec only; Atlas scenario/context candidate; never runtime reality claim"
"BRANCHABLE_ATLAS","atlas/world_protocol_atlas/","F06_ATLAS","FILE_PLAN_ALL 1802 BRANCHABLE_ATLAS OBSIDIA_BRANCHABLE_ATLAS_FULL_V0_5_DEEP_FINAL_AUDIT/docs/world_protocol_atlas/agents/miroir_cosmique.md atlas/world_protocol_atlas/ miroir_cosmique.md md P3_ATLAS_CONTENT F06 0 0 0 0 1  NOT_FOUND_LOCAL DU","INTEGRATE_TO_ATLAS_READONLY_SCENARIO_SPEC_CANDIDATE","ATLAS_READONLY_ADVISORY_ONLY","false","false","false","false","false","F06 audit/spec only; Atlas scenario/context candidate; never runtime reality claim"
"BRANCHABLE_ATLAS","atlas/world_protocol_atlas/","F06_ATLAS","FILE_PLAN_ALL 1803 BRANCHABLE_ATLAS OBSIDIA_BRANCHABLE_ATLAS_FULL_V0_5_DEEP_FINAL_AUDIT/docs/world_protocol_atlas/agents/miroirs_alternatifs.json atlas/world_protocol_atlas/ miroirs_alternatifs.json json P3_ATLAS_CONTENT F06 0 0 0 0 1  NOT_","INTEGRATE_TO_ATLAS_READONLY_SCENARIO_SPEC_CANDIDATE","ATLAS_READONLY_ADVISORY_ONLY","false","false","false","false","false","F06 audit/spec only; Atlas scenario/context candidate; never runtime reality claim"
"BRANCHABLE_ATLAS","atlas/world_protocol_atlas/","F06_ATLAS","FILE_PLAN_ALL 1804 BRANCHABLE_ATLAS OBSIDIA_BRANCHABLE_ATLAS_FULL_V0_5_DEEP_FINAL_AUDIT/docs/world_protocol_atlas/agents/miroirs_alternatifs.md atlas/world_protocol_atlas/ miroirs_alternatifs.md md P3_ATLAS_CONTENT F06 0 0 0 0 1  NOT_FOUND_","INTEGRATE_TO_ATLAS_READONLY_SCENARIO_SPEC_CANDIDATE","ATLAS_READONLY_ADVISORY_ONLY","false","false","false","false","false","F06 audit/spec only; Atlas scenario/context candidate; never runtime reality claim"
"BRANCHABLE_ATLAS","atlas/world_protocol_atlas/","F06_ATLAS","FILE_PLAN_ALL 1805 BRANCHABLE_ATLAS OBSIDIA_BRANCHABLE_ATLAS_FULL_V0_5_DEEP_FINAL_AUDIT/docs/world_protocol_atlas/agents/mistral_ai_adapter.json atlas/world_protocol_atlas/ mistral_ai_adapter.json json P3_ATLAS_CONTENT F06 0 0 0 0 1  NOT_FO","INTEGRATE_TO_ATLAS_READONLY_SCENARIO_SPEC_CANDIDATE","ATLAS_READONLY_ADVISORY_ONLY","false","false","false","false","false","F06 audit/spec only; Atlas scenario/context candidate; never runtime reality claim"
"BRANCHABLE_ATLAS","atlas/world_protocol_atlas/","F06_ATLAS","FILE_PLAN_ALL 1806 BRANCHABLE_ATLAS OBSIDIA_BRANCHABLE_ATLAS_FULL_V0_5_DEEP_FINAL_AUDIT/docs/world_protocol_atlas/agents/mistral_ai_adapter.md atlas/world_protocol_atlas/ mistral_ai_adapter.md md P3_ATLAS_CONTENT F06 0 0 0 0 1  NOT_FOUND_LO","INTEGRATE_TO_ATLAS_READONLY_SCENARIO_SPEC_CANDIDATE","ATLAS_READONLY_ADVISORY_ONLY","false","false","false","false","false","F06 audit/spec only; Atlas scenario/context candidate; never runtime reality claim"
"BRANCHABLE_ATLAS","atlas/world_protocol_atlas/","F06_ATLAS","FILE_PLAN_ALL 1807 BRANCHABLE_ATLAS OBSIDIA_BRANCHABLE_ATLAS_FULL_V0_5_DEEP_FINAL_AUDIT/docs/world_protocol_atlas/agents/module_metamorphose.json atlas/world_protocol_atlas/ module_metamorphose.json json P3_ATLAS_CONTENT F06 0 0 0 0 1  NOT_","INTEGRATE_TO_ATLAS_READONLY_SCENARIO_SPEC_CANDIDATE","ATLAS_READONLY_ADVISORY_ONLY","false","false","false","false","false","F06 audit/spec only; Atlas scenario/context candidate; never runtime reality claim"
"BRANCHABLE_ATLAS","atlas/world_protocol_atlas/","F06_ATLAS","FILE_PLAN_ALL 1808 BRANCHABLE_ATLAS OBSIDIA_BRANCHABLE_ATLAS_FULL_V0_5_DEEP_FINAL_AUDIT/docs/world_protocol_atlas/agents/module_metamorphose.md atlas/world_protocol_atlas/ module_metamorphose.md md P3_ATLAS_CONTENT F06 0 0 0 0 1  NOT_FOUND_","INTEGRATE_TO_ATLAS_READONLY_SCENARIO_SPEC_CANDIDATE","ATLAS_READONLY_ADVISORY_ONLY","false","false","false","false","false","F06 audit/spec only; Atlas scenario/context candidate; never runtime reality claim"
"BRANCHABLE_ATLAS","atlas/world_protocol_atlas/","F06_ATLAS","FILE_PLAN_ALL 1809 BRANCHABLE_ATLAS OBSIDIA_BRANCHABLE_ATLAS_FULL_V0_5_DEEP_FINAL_AUDIT/docs/world_protocol_atlas/agents/module_metamorphosis.json atlas/world_protocol_atlas/ module_metamorphosis.json json P3_ATLAS_CONTENT F06 0 0 0 0 1  NO","INTEGRATE_TO_ATLAS_READONLY_SCENARIO_SPEC_CANDIDATE","ATLAS_READONLY_ADVISORY_ONLY","false","false","false","false","false","F06 audit/spec only; Atlas scenario/context candidate; never runtime reality claim"
"BRANCHABLE_ATLAS","atlas/world_protocol_atlas/","F06_ATLAS","FILE_PLAN_ALL 1810 BRANCHABLE_ATLAS OBSIDIA_BRANCHABLE_ATLAS_FULL_V0_5_DEEP_FINAL_AUDIT/docs/world_protocol_atlas/agents/module_metamorphosis.md atlas/world_protocol_atlas/ module_metamorphosis.md md P3_ATLAS_CONTENT F06 0 0 0 0 1  NOT_FOUN","INTEGRATE_TO_ATLAS_READONLY_SCENARIO_SPEC_CANDIDATE","ATLAS_READONLY_ADVISORY_ONLY","false","false","false","false","false","F06 audit/spec only; Atlas scenario/context candidate; never runtime reality claim"
"BRANCHABLE_ATLAS","atlas/world_protocol_atlas/","F06_ATLAS","FILE_PLAN_ALL 1811 BRANCHABLE_ATLAS OBSIDIA_BRANCHABLE_ATLAS_FULL_V0_5_DEEP_FINAL_AUDIT/docs/world_protocol_atlas/agents/module_reaction.json atlas/world_protocol_atlas/ module_reaction.json json P3_ATLAS_CONTENT F06 0 0 0 0 1  NOT_FOUND_LO","INTEGRATE_TO_ATLAS_READONLY_SCENARIO_SPEC_CANDIDATE","ATLAS_READONLY_ADVISORY_ONLY","false","false","false","false","false","F06 audit/spec only; Atlas scenario/context candidate; never runtime reality claim"
"BRANCHABLE_ATLAS","atlas/world_protocol_atlas/","F06_ATLAS","FILE_PLAN_ALL 1812 BRANCHABLE_ATLAS OBSIDIA_BRANCHABLE_ATLAS_FULL_V0_5_DEEP_FINAL_AUDIT/docs/world_protocol_atlas/agents/module_reaction.md atlas/world_protocol_atlas/ module_reaction.md md P3_ATLAS_CONTENT F06 0 0 0 0 1  NOT_FOUND_LOCAL DU","INTEGRATE_TO_ATLAS_READONLY_SCENARIO_SPEC_CANDIDATE","ATLAS_READONLY_ADVISORY_ONLY","false","false","false","false","false","F06 audit/spec only; Atlas scenario/context candidate; never runtime reality claim"
"BRANCHABLE_ATLAS","atlas/world_protocol_atlas/","F06_ATLAS","FILE_PLAN_ALL 1813 BRANCHABLE_ATLAS OBSIDIA_BRANCHABLE_ATLAS_FULL_V0_5_DEEP_FINAL_AUDIT/docs/world_protocol_atlas/agents/module_symbiose.json atlas/world_protocol_atlas/ module_symbiose.json json P3_ATLAS_CONTENT F06 0 0 0 0 1  NOT_FOUND_LO","INTEGRATE_TO_ATLAS_READONLY_SCENARIO_SPEC_CANDIDATE","ATLAS_READONLY_ADVISORY_ONLY","false","false","false","false","false","F06 audit/spec only; Atlas scenario/context candidate; never runtime reality claim"
"BRANCHABLE_ATLAS","atlas/world_protocol_atlas/","F06_ATLAS","FILE_PLAN_ALL 1814 BRANCHABLE_ATLAS OBSIDIA_BRANCHABLE_ATLAS_FULL_V0_5_DEEP_FINAL_AUDIT/docs/world_protocol_atlas/agents/module_symbiose.md atlas/world_protocol_atlas/ module_symbiose.md md P3_ATLAS_CONTENT F06 0 0 0 0 1  NOT_FOUND_LOCAL DU","INTEGRATE_TO_ATLAS_READONLY_SCENARIO_SPEC_CANDIDATE","ATLAS_READONLY_ADVISORY_ONLY","false","false","false","false","false","F06 audit/spec only; Atlas scenario/context candidate; never runtime reality claim"
"BRANCHABLE_ATLAS","atlas/world_protocol_atlas/","F06_ATLAS","FILE_PLAN_ALL 1815 BRANCHABLE_ATLAS OBSIDIA_BRANCHABLE_ATLAS_FULL_V0_5_DEEP_FINAL_AUDIT/docs/world_protocol_atlas/agents/moteur_de_resilience.json atlas/world_protocol_atlas/ moteur_de_resilience.json json P3_ATLAS_CONTENT F06 0 0 0 0 1  NO","INTEGRATE_TO_ATLAS_READONLY_SCENARIO_SPEC_CANDIDATE","ATLAS_READONLY_ADVISORY_ONLY","false","false","false","false","false","F06 audit/spec only; Atlas scenario/context candidate; never runtime reality claim"
"BRANCHABLE_ATLAS","atlas/world_protocol_atlas/","F06_ATLAS","FILE_PLAN_ALL 1816 BRANCHABLE_ATLAS OBSIDIA_BRANCHABLE_ATLAS_FULL_V0_5_DEEP_FINAL_AUDIT/docs/world_protocol_atlas/agents/moteur_de_resilience.md atlas/world_protocol_atlas/ moteur_de_resilience.md md P3_ATLAS_CONTENT F06 0 0 0 0 1  NOT_FOUN","INTEGRATE_TO_ATLAS_READONLY_SCENARIO_SPEC_CANDIDATE","ATLAS_READONLY_ADVISORY_ONLY","false","false","false","false","false","F06 audit/spec only; Atlas scenario/context candidate; never runtime reality claim"
"BRANCHABLE_ATLAS","atlas/world_protocol_atlas/","F06_ATLAS","FILE_PLAN_ALL 1817 BRANCHABLE_ATLAS OBSIDIA_BRANCHABLE_ATLAS_FULL_V0_5_DEEP_FINAL_AUDIT/docs/world_protocol_atlas/agents/multivers_cognitif.json atlas/world_protocol_atlas/ multivers_cognitif.json json P3_ATLAS_CONTENT F06 0 0 0 0 1  NOT_FO","INTEGRATE_TO_ATLAS_READONLY_SCENARIO_SPEC_CANDIDATE","ATLAS_READONLY_ADVISORY_ONLY","false","false","false","false","false","F06 audit/spec only; Atlas scenario/context candidate; never runtime reality claim"
"BRANCHABLE_ATLAS","atlas/world_protocol_atlas/","F06_ATLAS","FILE_PLAN_ALL 1818 BRANCHABLE_ATLAS OBSIDIA_BRANCHABLE_ATLAS_FULL_V0_5_DEEP_FINAL_AUDIT/docs/world_protocol_atlas/agents/multivers_cognitif.md atlas/world_protocol_atlas/ multivers_cognitif.md md P3_ATLAS_CONTENT F06 0 0 0 0 1  NOT_FOUND_LO","INTEGRATE_TO_ATLAS_READONLY_SCENARIO_SPEC_CANDIDATE","ATLAS_READONLY_ADVISORY_ONLY","false","false","false","false","false","F06 audit/spec only; Atlas scenario/context candidate; never runtime reality claim"
"BRANCHABLE_ATLAS","atlas/world_protocol_atlas/","F06_ATLAS","FILE_PLAN_ALL 1819 BRANCHABLE_ATLAS OBSIDIA_BRANCHABLE_ATLAS_FULL_V0_5_DEEP_FINAL_AUDIT/docs/world_protocol_atlas/agents/multiversum_engine.json atlas/world_protocol_atlas/ multiversum_engine.json json P3_ATLAS_CONTENT F06 0 0 0 0 1  NOT_FO","INTEGRATE_TO_ATLAS_READONLY_SCENARIO_SPEC_CANDIDATE","ATLAS_READONLY_ADVISORY_ONLY","false","false","false","false","false","F06 audit/spec only; Atlas scenario/context candidate; never runtime reality claim"
"BRANCHABLE_ATLAS","atlas/world_protocol_atlas/","F06_ATLAS","FILE_PLAN_ALL 1820 BRANCHABLE_ATLAS OBSIDIA_BRANCHABLE_ATLAS_FULL_V0_5_DEEP_FINAL_AUDIT/docs/world_protocol_atlas/agents/multiversum_engine.md atlas/world_protocol_atlas/ multiversum_engine.md md P3_ATLAS_CONTENT F06 0 0 0 0 1  NOT_FOUND_LO","INTEGRATE_TO_ATLAS_READONLY_SCENARIO_SPEC_CANDIDATE","ATLAS_READONLY_ADVISORY_ONLY","false","false","false","false","false","F06 audit/spec only; Atlas scenario/context candidate; never runtime reality claim"
"BRANCHABLE_ATLAS","atlas/world_protocol_atlas/","F06_ATLAS","FILE_PLAN_ALL 1821 BRANCHABLE_ATLAS OBSIDIA_BRANCHABLE_ATLAS_FULL_V0_5_DEEP_FINAL_AUDIT/docs/world_protocol_atlas/agents/musique_generative_ethique.json atlas/world_protocol_atlas/ musique_generative_ethique.json json P3_ATLAS_CONTENT F06 0","INTEGRATE_TO_ATLAS_READONLY_SCENARIO_SPEC_CANDIDATE","ATLAS_READONLY_ADVISORY_ONLY","false","false","false","false","false","F06 audit/spec only; Atlas scenario/context candidate; never runtime reality claim"
"BRANCHABLE_ATLAS","atlas/world_protocol_atlas/","F06_ATLAS","FILE_PLAN_ALL 1822 BRANCHABLE_ATLAS OBSIDIA_BRANCHABLE_ATLAS_FULL_V0_5_DEEP_FINAL_AUDIT/docs/world_protocol_atlas/agents/musique_generative_ethique.md atlas/world_protocol_atlas/ musique_generative_ethique.md md P3_ATLAS_CONTENT F06 0 0 0 0","INTEGRATE_TO_ATLAS_READONLY_SCENARIO_SPEC_CANDIDATE","ATLAS_READONLY_ADVISORY_ONLY","false","false","false","false","false","F06 audit/spec only; Atlas scenario/context candidate; never runtime reality claim"
"BRANCHABLE_ATLAS","atlas/world_protocol_atlas/","F06_ATLAS","FILE_PLAN_ALL 1823 BRANCHABLE_ATLAS OBSIDIA_BRANCHABLE_ATLAS_FULL_V0_5_DEEP_FINAL_AUDIT/docs/world_protocol_atlas/agents/nest_simulator.json atlas/world_protocol_atlas/ nest_simulator.json json P3_ATLAS_CONTENT F06 0 0 0 0 1  NOT_FOUND_LOCA","INTEGRATE_TO_ATLAS_READONLY_SCENARIO_SPEC_CANDIDATE","ATLAS_READONLY_ADVISORY_ONLY","false","false","false","false","false","F06 audit/spec only; Atlas scenario/context candidate; never runtime reality claim"
"BRANCHABLE_ATLAS","atlas/world_protocol_atlas/","F06_ATLAS","FILE_PLAN_ALL 1824 BRANCHABLE_ATLAS OBSIDIA_BRANCHABLE_ATLAS_FULL_V0_5_DEEP_FINAL_AUDIT/docs/world_protocol_atlas/agents/nest_simulator.md atlas/world_protocol_atlas/ nest_simulator.md md P3_ATLAS_CONTENT F06 0 0 0 0 1  NOT_FOUND_LOCAL DUPL","INTEGRATE_TO_ATLAS_READONLY_SCENARIO_SPEC_CANDIDATE","ATLAS_READONLY_ADVISORY_ONLY","false","false","false","false","false","F06 audit/spec only; Atlas scenario/context candidate; never runtime reality claim"
"BRANCHABLE_ATLAS","atlas/world_protocol_atlas/","F06_ATLAS","FILE_PLAN_ALL 1825 BRANCHABLE_ATLAS OBSIDIA_BRANCHABLE_ATLAS_FULL_V0_5_DEEP_FINAL_AUDIT/docs/world_protocol_atlas/agents/neuroml.json atlas/world_protocol_atlas/ neuroml.json json P3_ATLAS_CONTENT F06 0 0 0 0 1  NOT_FOUND_LOCAL DUPLICATE_SA","INTEGRATE_TO_ATLAS_READONLY_SCENARIO_SPEC_CANDIDATE","ATLAS_READONLY_ADVISORY_ONLY","false","false","false","false","false","F06 audit/spec only; Atlas scenario/context candidate; never runtime reality claim"
"BRANCHABLE_ATLAS","atlas/world_protocol_atlas/","F06_ATLAS","FILE_PLAN_ALL 1826 BRANCHABLE_ATLAS OBSIDIA_BRANCHABLE_ATLAS_FULL_V0_5_DEEP_FINAL_AUDIT/docs/world_protocol_atlas/agents/neuroml.md atlas/world_protocol_atlas/ neuroml.md md P3_ATLAS_CONTENT F06 0 0 0 0 1  NOT_FOUND_LOCAL DUPLICATE_SAFE CLE","INTEGRATE_TO_ATLAS_READONLY_SCENARIO_SPEC_CANDIDATE","ATLAS_READONLY_ADVISORY_ONLY","false","false","false","false","false","F06 audit/spec only; Atlas scenario/context candidate; never runtime reality claim"
"BRANCHABLE_ATLAS","atlas/world_protocol_atlas/","F06_ATLAS","FILE_PLAN_ALL 1827 BRANCHABLE_ATLAS OBSIDIA_BRANCHABLE_ATLAS_FULL_V0_5_DEEP_FINAL_AUDIT/docs/world_protocol_atlas/agents/nomadarts.json atlas/world_protocol_atlas/ nomadarts.json json P3_ATLAS_CONTENT F06 0 0 0 0 1  NOT_FOUND_LOCAL DUPLICAT","INTEGRATE_TO_ATLAS_READONLY_SCENARIO_SPEC_CANDIDATE","ATLAS_READONLY_ADVISORY_ONLY","false","false","false","false","false","F06 audit/spec only; Atlas scenario/context candidate; never runtime reality claim"
"BRANCHABLE_ATLAS","atlas/world_protocol_atlas/","F06_ATLAS","FILE_PLAN_ALL 1828 BRANCHABLE_ATLAS OBSIDIA_BRANCHABLE_ATLAS_FULL_V0_5_DEEP_FINAL_AUDIT/docs/world_protocol_atlas/agents/nomadarts.md atlas/world_protocol_atlas/ nomadarts.md md P3_ATLAS_CONTENT F06 0 0 0 0 1  NOT_FOUND_LOCAL DUPLICATE_SAFE","INTEGRATE_TO_ATLAS_READONLY_SCENARIO_SPEC_CANDIDATE","ATLAS_READONLY_ADVISORY_ONLY","false","false","false","false","false","F06 audit/spec only; Atlas scenario/context candidate; never runtime reality claim"
"BRANCHABLE_ATLAS","atlas/world_protocol_atlas/","F06_ATLAS","FILE_PLAN_ALL 1829 BRANCHABLE_ATLAS OBSIDIA_BRANCHABLE_ATLAS_FULL_V0_5_DEEP_FINAL_AUDIT/docs/world_protocol_atlas/agents/nonwesternsymbolparser.json atlas/world_protocol_atlas/ nonwesternsymbolparser.json json P3_ATLAS_CONTENT F06 0 0 0 0 1","INTEGRATE_TO_ATLAS_READONLY_SCENARIO_SPEC_CANDIDATE","ATLAS_READONLY_ADVISORY_ONLY","false","false","false","false","false","F06 audit/spec only; Atlas scenario/context candidate; never runtime reality claim"
"BRANCHABLE_ATLAS","atlas/world_protocol_atlas/","F06_ATLAS","FILE_PLAN_ALL 1830 BRANCHABLE_ATLAS OBSIDIA_BRANCHABLE_ATLAS_FULL_V0_5_DEEP_FINAL_AUDIT/docs/world_protocol_atlas/agents/nonwesternsymbolparser.md atlas/world_protocol_atlas/ nonwesternsymbolparser.md md P3_ATLAS_CONTENT F06 0 0 0 0 1  NOT_","INTEGRATE_TO_ATLAS_READONLY_SCENARIO_SPEC_CANDIDATE","ATLAS_READONLY_ADVISORY_ONLY","false","false","false","false","false","F06 audit/spec only; Atlas scenario/context candidate; never runtime reality claim"
"BRANCHABLE_ATLAS","atlas/world_protocol_atlas/","F06_ATLAS","FILE_PLAN_ALL 1831 BRANCHABLE_ATLAS OBSIDIA_BRANCHABLE_ATLAS_FULL_V0_5_DEEP_FINAL_AUDIT/docs/world_protocol_atlas/agents/notco_adapter.json atlas/world_protocol_atlas/ notco_adapter.json json P3_ATLAS_CONTENT F06 0 0 0 0 1  NOT_FOUND_LOCAL ","INTEGRATE_TO_ATLAS_READONLY_SCENARIO_SPEC_CANDIDATE","ATLAS_READONLY_ADVISORY_ONLY","false","false","false","false","false","F06 audit/spec only; Atlas scenario/context candidate; never runtime reality claim"
"BRANCHABLE_ATLAS","atlas/world_protocol_atlas/","F06_ATLAS","FILE_PLAN_ALL 1832 BRANCHABLE_ATLAS OBSIDIA_BRANCHABLE_ATLAS_FULL_V0_5_DEEP_FINAL_AUDIT/docs/world_protocol_atlas/agents/notco_adapter.md atlas/world_protocol_atlas/ notco_adapter.md md P3_ATLAS_CONTENT F06 0 0 0 0 1  NOT_FOUND_LOCAL DUPLIC","INTEGRATE_TO_ATLAS_READONLY_SCENARIO_SPEC_CANDIDATE","ATLAS_READONLY_ADVISORY_ONLY","false","false","false","false","false","F06 audit/spec only; Atlas scenario/context candidate; never runtime reality claim"
"BRANCHABLE_ATLAS","atlas/world_protocol_atlas/","F06_ATLAS","FILE_PLAN_ALL 1833 BRANCHABLE_ATLAS OBSIDIA_BRANCHABLE_ATLAS_FULL_V0_5_DEEP_FINAL_AUDIT/docs/world_protocol_atlas/agents/nvidia_ai_adapter.json atlas/world_protocol_atlas/ nvidia_ai_adapter.json json P3_ATLAS_CONTENT F06 0 0 0 0 1  NOT_FOUN","INTEGRATE_TO_ATLAS_READONLY_SCENARIO_SPEC_CANDIDATE","ATLAS_READONLY_ADVISORY_ONLY","false","false","false","false","false","F06 audit/spec only; Atlas scenario/context candidate; never runtime reality claim"
"BRANCHABLE_ATLAS","atlas/world_protocol_atlas/","F06_ATLAS","FILE_PLAN_ALL 1834 BRANCHABLE_ATLAS OBSIDIA_BRANCHABLE_ATLAS_FULL_V0_5_DEEP_FINAL_AUDIT/docs/world_protocol_atlas/agents/nvidia_ai_adapter.md atlas/world_protocol_atlas/ nvidia_ai_adapter.md md P3_ATLAS_CONTENT F06 0 0 0 0 1  NOT_FOUND_LOCA","INTEGRATE_TO_ATLAS_READONLY_SCENARIO_SPEC_CANDIDATE","ATLAS_READONLY_ADVISORY_ONLY","false","false","false","false","false","F06 audit/spec only; Atlas scenario/context candidate; never runtime reality claim"
"BRANCHABLE_ATLAS","atlas/world_protocol_atlas/","F06_ATLAS","FILE_PLAN_ALL 1835 BRANCHABLE_ATLAS OBSIDIA_BRANCHABLE_ATLAS_FULL_V0_5_DEEP_FINAL_AUDIT/docs/world_protocol_atlas/agents/nvidia_isaac_gr00t_n1.json atlas/world_protocol_atlas/ nvidia_isaac_gr00t_n1.json json P3_ATLAS_CONTENT F06 0 0 0 0 1  ","INTEGRATE_TO_ATLAS_READONLY_SCENARIO_SPEC_CANDIDATE","ATLAS_READONLY_ADVISORY_ONLY","false","false","false","false","false","F06 audit/spec only; Atlas scenario/context candidate; never runtime reality claim"
"BRANCHABLE_ATLAS","atlas/world_protocol_atlas/","F06_ATLAS","FILE_PLAN_ALL 1836 BRANCHABLE_ATLAS OBSIDIA_BRANCHABLE_ATLAS_FULL_V0_5_DEEP_FINAL_AUDIT/docs/world_protocol_atlas/agents/nvidia_isaac_gr00t_n1.md atlas/world_protocol_atlas/ nvidia_isaac_gr00t_n1.md md P3_ATLAS_CONTENT F06 0 0 0 0 1  NOT_FO","INTEGRATE_TO_ATLAS_READONLY_SCENARIO_SPEC_CANDIDATE","ATLAS_READONLY_ADVISORY_ONLY","false","false","false","false","false","F06 audit/spec only; Atlas scenario/context candidate; never runtime reality claim"
"BRANCHABLE_ATLAS","atlas/world_protocol_atlas/","F06_ATLAS","FILE_PLAN_ALL 1837 BRANCHABLE_ATLAS OBSIDIA_BRANCHABLE_ATLAS_FULL_V0_5_DEEP_FINAL_AUDIT/docs/world_protocol_atlas/agents/oneirocodex.json atlas/world_protocol_atlas/ oneirocodex.json json P3_ATLAS_CONTENT F06 0 0 0 0 1  NOT_FOUND_LOCAL DUPL","INTEGRATE_TO_ATLAS_READONLY_SCENARIO_SPEC_CANDIDATE","ATLAS_READONLY_ADVISORY_ONLY","false","false","false","false","false","F06 audit/spec only; Atlas scenario/context candidate; never runtime reality claim"
"BRANCHABLE_ATLAS","atlas/world_protocol_atlas/","F06_ATLAS","FILE_PLAN_ALL 1838 BRANCHABLE_ATLAS OBSIDIA_BRANCHABLE_ATLAS_FULL_V0_5_DEEP_FINAL_AUDIT/docs/world_protocol_atlas/agents/oneirocodex.md atlas/world_protocol_atlas/ oneirocodex.md md P3_ATLAS_CONTENT F06 0 0 0 0 1  NOT_FOUND_LOCAL DUPLICATE_","INTEGRATE_TO_ATLAS_READONLY_SCENARIO_SPEC_CANDIDATE","ATLAS_READONLY_ADVISORY_ONLY","false","false","false","false","false","F06 audit/spec only; Atlas scenario/context candidate; never runtime reality claim"
"BRANCHABLE_ATLAS","atlas/world_protocol_atlas/","F06_ATLAS","FILE_PLAN_ALL 1839 BRANCHABLE_ATLAS OBSIDIA_BRANCHABLE_ATLAS_FULL_V0_5_DEEP_FINAL_AUDIT/docs/world_protocol_atlas/agents/open_civic_ai.json atlas/world_protocol_atlas/ open_civic_ai.json json P3_ATLAS_CONTENT F06 0 0 0 0 1  NOT_FOUND_LOCAL ","INTEGRATE_TO_ATLAS_READONLY_SCENARIO_SPEC_CANDIDATE","ATLAS_READONLY_ADVISORY_ONLY","false","false","false","false","false","F06 audit/spec only; Atlas scenario/context candidate; never runtime reality claim"
"BRANCHABLE_ATLAS","atlas/world_protocol_atlas/","F06_ATLAS","FILE_PLAN_ALL 1840 BRANCHABLE_ATLAS OBSIDIA_BRANCHABLE_ATLAS_FULL_V0_5_DEEP_FINAL_AUDIT/docs/world_protocol_atlas/agents/open_civic_ai.md atlas/world_protocol_atlas/ open_civic_ai.md md P3_ATLAS_CONTENT F06 0 0 0 0 1  NOT_FOUND_LOCAL DUPLIC","INTEGRATE_TO_ATLAS_READONLY_SCENARIO_SPEC_CANDIDATE","ATLAS_READONLY_ADVISORY_ONLY","false","false","false","false","false","F06 audit/spec only; Atlas scenario/context candidate; never runtime reality claim"
"BRANCHABLE_ATLAS","atlas/world_protocol_atlas/","F06_ATLAS","FILE_PLAN_ALL 1841 BRANCHABLE_ATLAS OBSIDIA_BRANCHABLE_ATLAS_FULL_V0_5_DEEP_FINAL_AUDIT/docs/world_protocol_atlas/agents/openai_adapter.json atlas/world_protocol_atlas/ openai_adapter.json json P3_ATLAS_CONTENT F06 0 0 0 0 1  NOT_FOUND_LOCA","INTEGRATE_TO_ATLAS_READONLY_SCENARIO_SPEC_CANDIDATE","ATLAS_READONLY_ADVISORY_ONLY","false","false","false","false","false","F06 audit/spec only; Atlas scenario/context candidate; never runtime reality claim"
"BRANCHABLE_ATLAS","atlas/world_protocol_atlas/","F06_ATLAS","FILE_PLAN_ALL 1842 BRANCHABLE_ATLAS OBSIDIA_BRANCHABLE_ATLAS_FULL_V0_5_DEEP_FINAL_AUDIT/docs/world_protocol_atlas/agents/openai_adapter.md atlas/world_protocol_atlas/ openai_adapter.md md P3_ATLAS_CONTENT F06 0 0 0 0 1  NOT_FOUND_LOCAL DUPL","INTEGRATE_TO_ATLAS_READONLY_SCENARIO_SPEC_CANDIDATE","ATLAS_READONLY_ADVISORY_ONLY","false","false","false","false","false","F06 audit/spec only; Atlas scenario/context candidate; never runtime reality claim"
"BRANCHABLE_ATLAS","atlas/world_protocol_atlas/","F06_ATLAS","FILE_PLAN_ALL 1843 BRANCHABLE_ATLAS OBSIDIA_BRANCHABLE_ATLAS_FULL_V0_5_DEEP_FINAL_AUDIT/docs/world_protocol_atlas/agents/opencell_ai.json atlas/world_protocol_atlas/ opencell_ai.json json P3_ATLAS_CONTENT F06 0 0 0 0 1  NOT_FOUND_LOCAL DUPL","INTEGRATE_TO_ATLAS_READONLY_SCENARIO_SPEC_CANDIDATE","ATLAS_READONLY_ADVISORY_ONLY","false","false","false","false","false","F06 audit/spec only; Atlas scenario/context candidate; never runtime reality claim"
"BRANCHABLE_ATLAS","atlas/world_protocol_atlas/","F06_ATLAS","FILE_PLAN_ALL 1844 BRANCHABLE_ATLAS OBSIDIA_BRANCHABLE_ATLAS_FULL_V0_5_DEEP_FINAL_AUDIT/docs/world_protocol_atlas/agents/opencell_ai.md atlas/world_protocol_atlas/ opencell_ai.md md P3_ATLAS_CONTENT F06 0 0 0 0 1  NOT_FOUND_LOCAL DUPLICATE_","INTEGRATE_TO_ATLAS_READONLY_SCENARIO_SPEC_CANDIDATE","ATLAS_READONLY_ADVISORY_ONLY","false","false","false","false","false","F06 audit/spec only; Atlas scenario/context candidate; never runtime reality claim"
"BRANCHABLE_ATLAS","atlas/world_protocol_atlas/","F06_ATLAS","FILE_PLAN_ALL 1845 BRANCHABLE_ATLAS OBSIDIA_BRANCHABLE_ATLAS_FULL_V0_5_DEEP_FINAL_AUDIT/docs/world_protocol_atlas/agents/openhardwarebuilder.json atlas/world_protocol_atlas/ openhardwarebuilder.json json P3_ATLAS_CONTENT F06 0 0 0 0 1  NOT_","INTEGRATE_TO_ATLAS_READONLY_SCENARIO_SPEC_CANDIDATE","ATLAS_READONLY_ADVISORY_ONLY","false","false","false","false","false","F06 audit/spec only; Atlas scenario/context candidate; never runtime reality claim"
"BRANCHABLE_ATLAS","atlas/world_protocol_atlas/","F06_ATLAS","FILE_PLAN_ALL 1846 BRANCHABLE_ATLAS OBSIDIA_BRANCHABLE_ATLAS_FULL_V0_5_DEEP_FINAL_AUDIT/docs/world_protocol_atlas/agents/openhardwarebuilder.md atlas/world_protocol_atlas/ openhardwarebuilder.md md P3_ATLAS_CONTENT F06 0 0 0 0 1  NOT_FOUND_","INTEGRATE_TO_ATLAS_READONLY_SCENARIO_SPEC_CANDIDATE","ATLAS_READONLY_ADVISORY_ONLY","false","false","false","false","false","F06 audit/spec only; Atlas scenario/context candidate; never runtime reality claim"
"BRANCHABLE_ATLAS","atlas/world_protocol_atlas/","F06_ATLAS","FILE_PLAN_ALL 1847 BRANCHABLE_ATLAS OBSIDIA_BRANCHABLE_ATLAS_FULL_V0_5_DEEP_FINAL_AUDIT/docs/world_protocol_atlas/agents/opensource_construction.json atlas/world_protocol_atlas/ opensource_construction.json json P3_ATLAS_CONTENT F06 0 0 0 0","INTEGRATE_TO_ATLAS_READONLY_SCENARIO_SPEC_CANDIDATE","ATLAS_READONLY_ADVISORY_ONLY","false","false","false","false","false","F06 audit/spec only; Atlas scenario/context candidate; never runtime reality claim"
"BRANCHABLE_ATLAS","atlas/world_protocol_atlas/","F06_ATLAS","FILE_PLAN_ALL 1848 BRANCHABLE_ATLAS OBSIDIA_BRANCHABLE_ATLAS_FULL_V0_5_DEEP_FINAL_AUDIT/docs/world_protocol_atlas/agents/opensource_construction.md atlas/world_protocol_atlas/ opensource_construction.md md P3_ATLAS_CONTENT F06 0 0 0 0 1  NO","INTEGRATE_TO_ATLAS_READONLY_SCENARIO_SPEC_CANDIDATE","ATLAS_READONLY_ADVISORY_ONLY","false","false","false","false","false","F06 audit/spec only; Atlas scenario/context candidate; never runtime reality claim"
"BRANCHABLE_ATLAS","atlas/world_protocol_atlas/","F06_ATLAS","FILE_PLAN_ALL 1849 BRANCHABLE_ATLAS OBSIDIA_BRANCHABLE_ATLAS_FULL_V0_5_DEEP_FINAL_AUDIT/docs/world_protocol_atlas/agents/oralhistoryvault.json atlas/world_protocol_atlas/ oralhistoryvault.json json P3_ATLAS_CONTENT F06 0 0 0 0 1  NOT_FOUND_","INTEGRATE_TO_ATLAS_READONLY_SCENARIO_SPEC_CANDIDATE","ATLAS_READONLY_ADVISORY_ONLY","false","false","false","false","false","F06 audit/spec only; Atlas scenario/context candidate; never runtime reality claim"
"BRANCHABLE_ATLAS","atlas/world_protocol_atlas/","F06_ATLAS","FILE_PLAN_ALL 1850 BRANCHABLE_ATLAS OBSIDIA_BRANCHABLE_ATLAS_FULL_V0_5_DEEP_FINAL_AUDIT/docs/world_protocol_atlas/agents/oralhistoryvault.md atlas/world_protocol_atlas/ oralhistoryvault.md md P3_ATLAS_CONTENT F06 0 0 0 0 1  NOT_FOUND_LOCAL ","INTEGRATE_TO_ATLAS_READONLY_SCENARIO_SPEC_CANDIDATE","ATLAS_READONLY_ADVISORY_ONLY","false","false","false","false","false","F06 audit/spec only; Atlas scenario/context candidate; never runtime reality claim"
"BRANCHABLE_ATLAS","atlas/world_protocol_atlas/","F06_ATLAS","FILE_PLAN_ALL 1851 BRANCHABLE_ATLAS OBSIDIA_BRANCHABLE_ATLAS_FULL_V0_5_DEEP_FINAL_AUDIT/docs/world_protocol_atlas/agents/passageagent.json atlas/world_protocol_atlas/ passageagent.json json P3_ATLAS_CONTENT F06 0 0 0 0 1  NOT_FOUND_LOCAL DU","INTEGRATE_TO_ATLAS_READONLY_SCENARIO_SPEC_CANDIDATE","ATLAS_READONLY_ADVISORY_ONLY","false","false","false","false","false","F06 audit/spec only; Atlas scenario/context candidate; never runtime reality claim"
"BRANCHABLE_ATLAS","atlas/world_protocol_atlas/","F06_ATLAS","FILE_PLAN_ALL 1852 BRANCHABLE_ATLAS OBSIDIA_BRANCHABLE_ATLAS_FULL_V0_5_DEEP_FINAL_AUDIT/docs/world_protocol_atlas/agents/passageagent.md atlas/world_protocol_atlas/ passageagent.md md P3_ATLAS_CONTENT F06 0 0 0 0 1  NOT_FOUND_LOCAL DUPLICAT","INTEGRATE_TO_ATLAS_READONLY_SCENARIO_SPEC_CANDIDATE","ATLAS_READONLY_ADVISORY_ONLY","false","false","false","false","false","F06 audit/spec only; Atlas scenario/context candidate; never runtime reality claim"
"BRANCHABLE_ATLAS","atlas/world_protocol_atlas/","F06_ATLAS","FILE_PLAN_ALL 1853 BRANCHABLE_ATLAS OBSIDIA_BRANCHABLE_ATLAS_FULL_V0_5_DEEP_FINAL_AUDIT/docs/world_protocol_atlas/agents/pedidosya_adapter.json atlas/world_protocol_atlas/ pedidosya_adapter.json json P3_ATLAS_CONTENT F06 0 0 0 0 1  NOT_FOUN","INTEGRATE_TO_ATLAS_READONLY_SCENARIO_SPEC_CANDIDATE","ATLAS_READONLY_ADVISORY_ONLY","false","false","false","false","false","F06 audit/spec only; Atlas scenario/context candidate; never runtime reality claim"
"BRANCHABLE_ATLAS","atlas/world_protocol_atlas/","F06_ATLAS","FILE_PLAN_ALL 1854 BRANCHABLE_ATLAS OBSIDIA_BRANCHABLE_ATLAS_FULL_V0_5_DEEP_FINAL_AUDIT/docs/world_protocol_atlas/agents/pedidosya_adapter.md atlas/world_protocol_atlas/ pedidosya_adapter.md md P3_ATLAS_CONTENT F06 0 0 0 0 1  NOT_FOUND_LOCA","INTEGRATE_TO_ATLAS_READONLY_SCENARIO_SPEC_CANDIDATE","ATLAS_READONLY_ADVISORY_ONLY","false","false","false","false","false","F06 audit/spec only; Atlas scenario/context candidate; never runtime reality claim"
"BRANCHABLE_ATLAS","atlas/world_protocol_atlas/","F06_ATLAS","FILE_PLAN_ALL 1855 BRANCHABLE_ATLAS OBSIDIA_BRANCHABLE_ATLAS_FULL_V0_5_DEEP_FINAL_AUDIT/docs/world_protocol_atlas/agents/perplexity_ai_adapter.json atlas/world_protocol_atlas/ perplexity_ai_adapter.json json P3_ATLAS_CONTENT F06 0 0 0 0 1  ","INTEGRATE_TO_ATLAS_READONLY_SCENARIO_SPEC_CANDIDATE","ATLAS_READONLY_ADVISORY_ONLY","false","false","false","false","false","F06 audit/spec only; Atlas scenario/context candidate; never runtime reality claim"
"BRANCHABLE_ATLAS","atlas/world_protocol_atlas/","F06_ATLAS","FILE_PLAN_ALL 1856 BRANCHABLE_ATLAS OBSIDIA_BRANCHABLE_ATLAS_FULL_V0_5_DEEP_FINAL_AUDIT/docs/world_protocol_atlas/agents/perplexity_ai_adapter.md atlas/world_protocol_atlas/ perplexity_ai_adapter.md md P3_ATLAS_CONTENT F06 0 0 0 0 1  NOT_FO","INTEGRATE_TO_ATLAS_READONLY_SCENARIO_SPEC_CANDIDATE","ATLAS_READONLY_ADVISORY_ONLY","false","false","false","false","false","F06 audit/spec only; Atlas scenario/context candidate; never runtime reality claim"
"BRANCHABLE_ATLAS","atlas/world_protocol_atlas/","F06_ATLAS","FILE_PLAN_ALL 1857 BRANCHABLE_ATLAS OBSIDIA_BRANCHABLE_ATLAS_FULL_V0_5_DEEP_FINAL_AUDIT/docs/world_protocol_atlas/agents/persona_engine.json atlas/world_protocol_atlas/ persona_engine.json json P3_ATLAS_CONTENT F06 0 0 0 0 1  NOT_FOUND_LOCA","INTEGRATE_TO_ATLAS_READONLY_SCENARIO_SPEC_CANDIDATE","ATLAS_READONLY_ADVISORY_ONLY","false","false","false","false","false","F06 audit/spec only; Atlas scenario/context candidate; never runtime reality claim"
"BRANCHABLE_ATLAS","atlas/world_protocol_atlas/","F06_ATLAS","FILE_PLAN_ALL 1858 BRANCHABLE_ATLAS OBSIDIA_BRANCHABLE_ATLAS_FULL_V0_5_DEEP_FINAL_AUDIT/docs/world_protocol_atlas/agents/persona_engine.md atlas/world_protocol_atlas/ persona_engine.md md P3_ATLAS_CONTENT F06 0 0 0 0 1  NOT_FOUND_LOCAL DUPL","INTEGRATE_TO_ATLAS_READONLY_SCENARIO_SPEC_CANDIDATE","ATLAS_READONLY_ADVISORY_ONLY","false","false","false","false","false","F06 audit/spec only; Atlas scenario/context candidate; never runtime reality claim"
"BRANCHABLE_ATLAS","atlas/world_protocol_atlas/","F06_ATLAS","FILE_PLAN_ALL 1859 BRANCHABLE_ATLAS OBSIDIA_BRANCHABLE_ATLAS_FULL_V0_5_DEEP_FINAL_AUDIT/docs/world_protocol_atlas/agents/polarsentinel.json atlas/world_protocol_atlas/ polarsentinel.json json P3_ATLAS_CONTENT F06 0 0 0 0 1  NOT_FOUND_LOCAL ","INTEGRATE_TO_ATLAS_READONLY_SCENARIO_SPEC_CANDIDATE","ATLAS_READONLY_ADVISORY_ONLY","false","false","false","false","false","F06 audit/spec only; Atlas scenario/context candidate; never runtime reality claim"
"BRANCHABLE_ATLAS","atlas/world_protocol_atlas/","F06_ATLAS","FILE_PLAN_ALL 1860 BRANCHABLE_ATLAS OBSIDIA_BRANCHABLE_ATLAS_FULL_V0_5_DEEP_FINAL_AUDIT/docs/world_protocol_atlas/agents/polarsentinel.md atlas/world_protocol_atlas/ polarsentinel.md md P3_ATLAS_CONTENT F06 0 0 0 0 1  NOT_FOUND_LOCAL DUPLIC","INTEGRATE_TO_ATLAS_READONLY_SCENARIO_SPEC_CANDIDATE","ATLAS_READONLY_ADVISORY_ONLY","false","false","false","false","false","F06 audit/spec only; Atlas scenario/context candidate; never runtime reality claim"
"BRANCHABLE_ATLAS","atlas/world_protocol_atlas/","F06_ATLAS","FILE_PLAN_ALL 1861 BRANCHABLE_ATLAS OBSIDIA_BRANCHABLE_ATLAS_FULL_V0_5_DEEP_FINAL_AUDIT/docs/world_protocol_atlas/agents/policygym.json atlas/world_protocol_atlas/ policygym.json json P3_ATLAS_CONTENT F06 0 0 0 0 1  NOT_FOUND_LOCAL DUPLICAT","INTEGRATE_TO_ATLAS_READONLY_SCENARIO_SPEC_CANDIDATE","ATLAS_READONLY_ADVISORY_ONLY","false","false","false","false","false","F06 audit/spec only; Atlas scenario/context candidate; never runtime reality claim"
"BRANCHABLE_ATLAS","atlas/world_protocol_atlas/","F06_ATLAS","FILE_PLAN_ALL 1862 BRANCHABLE_ATLAS OBSIDIA_BRANCHABLE_ATLAS_FULL_V0_5_DEEP_FINAL_AUDIT/docs/world_protocol_atlas/agents/policygym.md atlas/world_protocol_atlas/ policygym.md md P3_ATLAS_CONTENT F06 0 0 0 0 1  NOT_FOUND_LOCAL DUPLICATE_SAFE","INTEGRATE_TO_ATLAS_READONLY_SCENARIO_SPEC_CANDIDATE","ATLAS_READONLY_ADVISORY_ONLY","false","false","false","false","false","F06 audit/spec only; Atlas scenario/context candidate; never runtime reality claim"
"BRANCHABLE_ATLAS","atlas/world_protocol_atlas/","F06_ATLAS","FILE_PLAN_ALL 1863 BRANCHABLE_ATLAS OBSIDIA_BRANCHABLE_ATLAS_FULL_V0_5_DEEP_FINAL_AUDIT/docs/world_protocol_atlas/agents/polylingua.json atlas/world_protocol_atlas/ polylingua.json json P3_ATLAS_CONTENT F06 0 0 0 0 1  NOT_FOUND_LOCAL DUPLIC","INTEGRATE_TO_ATLAS_READONLY_SCENARIO_SPEC_CANDIDATE","ATLAS_READONLY_ADVISORY_ONLY","false","false","false","false","false","F06 audit/spec only; Atlas scenario/context candidate; never runtime reality claim"
"BRANCHABLE_ATLAS","atlas/world_protocol_atlas/","F06_ATLAS","FILE_PLAN_ALL 1864 BRANCHABLE_ATLAS OBSIDIA_BRANCHABLE_ATLAS_FULL_V0_5_DEEP_FINAL_AUDIT/docs/world_protocol_atlas/agents/polylingua.md atlas/world_protocol_atlas/ polylingua.md md P3_ATLAS_CONTENT F06 0 0 0 0 1  NOT_FOUND_LOCAL DUPLICATE_SA","INTEGRATE_TO_ATLAS_READONLY_SCENARIO_SPEC_CANDIDATE","ATLAS_READONLY_ADVISORY_ONLY","false","false","false","false","false","F06 audit/spec only; Atlas scenario/context candidate; never runtime reality claim"
"BRANCHABLE_ATLAS","atlas/world_protocol_atlas/","F06_ATLAS","FILE_PLAN_ALL 1865 BRANCHABLE_ATLAS OBSIDIA_BRANCHABLE_ATLAS_FULL_V0_5_DEEP_FINAL_AUDIT/docs/world_protocol_atlas/agents/poolside_ai_adapter.json atlas/world_protocol_atlas/ poolside_ai_adapter.json json P3_ATLAS_CONTENT F06 0 0 0 0 1  NOT_","INTEGRATE_TO_ATLAS_READONLY_SCENARIO_SPEC_CANDIDATE","ATLAS_READONLY_ADVISORY_ONLY","false","false","false","false","false","F06 audit/spec only; Atlas scenario/context candidate; never runtime reality claim"
"BRANCHABLE_ATLAS","atlas/world_protocol_atlas/","F06_ATLAS","FILE_PLAN_ALL 1866 BRANCHABLE_ATLAS OBSIDIA_BRANCHABLE_ATLAS_FULL_V0_5_DEEP_FINAL_AUDIT/docs/world_protocol_atlas/agents/poolside_ai_adapter.md atlas/world_protocol_atlas/ poolside_ai_adapter.md md P3_ATLAS_CONTENT F06 0 0 0 0 1  NOT_FOUND_","INTEGRATE_TO_ATLAS_READONLY_SCENARIO_SPEC_CANDIDATE","ATLAS_READONLY_ADVISORY_ONLY","false","false","false","false","false","F06 audit/spec only; Atlas scenario/context candidate; never runtime reality claim"
"BRANCHABLE_ATLAS","atlas/world_protocol_atlas/","F06_ATLAS","FILE_PLAN_ALL 1867 BRANCHABLE_ATLAS OBSIDIA_BRANCHABLE_ATLAS_FULL_V0_5_DEEP_FINAL_AUDIT/docs/world_protocol_atlas/agents/portail_onirique.json atlas/world_protocol_atlas/ portail_onirique.json json P3_ATLAS_CONTENT F06 0 0 0 0 1  NOT_FOUND_","INTEGRATE_TO_ATLAS_READONLY_SCENARIO_SPEC_CANDIDATE","ATLAS_READONLY_ADVISORY_ONLY","false","false","false","false","false","F06 audit/spec only; Atlas scenario/context candidate; never runtime reality claim"
"BRANCHABLE_ATLAS","atlas/world_protocol_atlas/","F06_ATLAS","FILE_PLAN_ALL 1868 BRANCHABLE_ATLAS OBSIDIA_BRANCHABLE_ATLAS_FULL_V0_5_DEEP_FINAL_AUDIT/docs/world_protocol_atlas/agents/portail_onirique.md atlas/world_protocol_atlas/ portail_onirique.md md P3_ATLAS_CONTENT F06 0 0 0 0 1  NOT_FOUND_LOCAL ","INTEGRATE_TO_ATLAS_READONLY_SCENARIO_SPEC_CANDIDATE","ATLAS_READONLY_ADVISORY_ONLY","false","false","false","false","false","F06 audit/spec only; Atlas scenario/context candidate; never runtime reality claim"
"BRANCHABLE_ATLAS","atlas/world_protocol_atlas/","F06_ATLAS","FILE_PLAN_ALL 1869 BRANCHABLE_ATLAS OBSIDIA_BRANCHABLE_ATLAS_FULL_V0_5_DEEP_FINAL_AUDIT/docs/world_protocol_atlas/agents/protocole_chronos.json atlas/world_protocol_atlas/ protocole_chronos.json json P3_ATLAS_CONTENT F06 0 0 0 0 1  NOT_FOUN","INTEGRATE_TO_ATLAS_READONLY_SCENARIO_SPEC_CANDIDATE","ATLAS_READONLY_ADVISORY_ONLY","false","false","false","false","false","F06 audit/spec only; Atlas scenario/context candidate; never runtime reality claim"
"BRANCHABLE_ATLAS","atlas/world_protocol_atlas/","F06_ATLAS","FILE_PLAN_ALL 1870 BRANCHABLE_ATLAS OBSIDIA_BRANCHABLE_ATLAS_FULL_V0_5_DEEP_FINAL_AUDIT/docs/world_protocol_atlas/agents/protocole_chronos.md atlas/world_protocol_atlas/ protocole_chronos.md md P3_ATLAS_CONTENT F06 0 0 0 0 1  NOT_FOUND_LOCA","INTEGRATE_TO_ATLAS_READONLY_SCENARIO_SPEC_CANDIDATE","ATLAS_READONLY_ADVISORY_ONLY","false","false","false","false","false","F06 audit/spec only; Atlas scenario/context candidate; never runtime reality claim"
"BRANCHABLE_ATLAS","atlas/world_protocol_atlas/","F06_ATLAS","FILE_PLAN_ALL 1871 BRANCHABLE_ATLAS OBSIDIA_BRANCHABLE_ATLAS_FULL_V0_5_DEEP_FINAL_AUDIT/docs/world_protocol_atlas/agents/rareearthtrace.json atlas/world_protocol_atlas/ rareearthtrace.json json P3_ATLAS_CONTENT F06 0 0 0 0 1  NOT_FOUND_LOCA","INTEGRATE_TO_ATLAS_READONLY_SCENARIO_SPEC_CANDIDATE","ATLAS_READONLY_ADVISORY_ONLY","false","false","false","false","false","F06 audit/spec only; Atlas scenario/context candidate; never runtime reality claim"
"BRANCHABLE_ATLAS","atlas/world_protocol_atlas/","F06_ATLAS","FILE_PLAN_ALL 1872 BRANCHABLE_ATLAS OBSIDIA_BRANCHABLE_ATLAS_FULL_V0_5_DEEP_FINAL_AUDIT/docs/world_protocol_atlas/agents/rareearthtrace.md atlas/world_protocol_atlas/ rareearthtrace.md md P3_ATLAS_CONTENT F06 0 0 0 0 1  NOT_FOUND_LOCAL DUPL","INTEGRATE_TO_ATLAS_READONLY_SCENARIO_SPEC_CANDIDATE","ATLAS_READONLY_ADVISORY_ONLY","false","false","false","false","false","F06 audit/spec only; Atlas scenario/context candidate; never runtime reality claim"
"BRANCHABLE_ATLAS","atlas/world_protocol_atlas/","F06_ATLAS","FILE_PLAN_ALL 1873 BRANCHABLE_ATLAS OBSIDIA_BRANCHABLE_ATLAS_FULL_V0_5_DEEP_FINAL_AUDIT/docs/world_protocol_atlas/agents/ray.json atlas/world_protocol_atlas/ ray.json json P3_ATLAS_CONTENT F06 0 0 0 0 1  NOT_FOUND_LOCAL DUPLICATE_SAFE CLEAN","INTEGRATE_TO_ATLAS_READONLY_SCENARIO_SPEC_CANDIDATE","ATLAS_READONLY_ADVISORY_ONLY","false","false","false","false","false","F06 audit/spec only; Atlas scenario/context candidate; never runtime reality claim"
"BRANCHABLE_ATLAS","atlas/world_protocol_atlas/","F06_ATLAS","FILE_PLAN_ALL 1874 BRANCHABLE_ATLAS OBSIDIA_BRANCHABLE_ATLAS_FULL_V0_5_DEEP_FINAL_AUDIT/docs/world_protocol_atlas/agents/ray.md atlas/world_protocol_atlas/ ray.md md P3_ATLAS_CONTENT F06 0 0 0 0 1  NOT_FOUND_LOCAL DUPLICATE_SAFE CLEAN LOW K","INTEGRATE_TO_ATLAS_READONLY_SCENARIO_SPEC_CANDIDATE","ATLAS_READONLY_ADVISORY_ONLY","false","false","false","false","false","F06 audit/spec only; Atlas scenario/context candidate; never runtime reality claim"
"BRANCHABLE_ATLAS","atlas/world_protocol_atlas/","F06_ATLAS","FILE_PLAN_ALL 1875 BRANCHABLE_ATLAS OBSIDIA_BRANCHABLE_ATLAS_FULL_V0_5_DEEP_FINAL_AUDIT/docs/world_protocol_atlas/agents/reka_ai_adapter.json atlas/world_protocol_atlas/ reka_ai_adapter.json json P3_ATLAS_CONTENT F06 0 0 0 0 1  NOT_FOUND_LO","INTEGRATE_TO_ATLAS_READONLY_SCENARIO_SPEC_CANDIDATE","ATLAS_READONLY_ADVISORY_ONLY","false","false","false","false","false","F06 audit/spec only; Atlas scenario/context candidate; never runtime reality claim"
"BRANCHABLE_ATLAS","atlas/world_protocol_atlas/","F06_ATLAS","FILE_PLAN_ALL 1876 BRANCHABLE_ATLAS OBSIDIA_BRANCHABLE_ATLAS_FULL_V0_5_DEEP_FINAL_AUDIT/docs/world_protocol_atlas/agents/reka_ai_adapter.md atlas/world_protocol_atlas/ reka_ai_adapter.md md P3_ATLAS_CONTENT F06 0 0 0 0 1  NOT_FOUND_LOCAL DU","INTEGRATE_TO_ATLAS_READONLY_SCENARIO_SPEC_CANDIDATE","ATLAS_READONLY_ADVISORY_ONLY","false","false","false","false","false","F06 audit/spec only; Atlas scenario/context candidate; never runtime reality claim"
"BRANCHABLE_ATLAS","atlas/world_protocol_atlas/","F06_ATLAS","FILE_PLAN_ALL 1877 BRANCHABLE_ATLAS OBSIDIA_BRANCHABLE_ATLAS_FULL_V0_5_DEEP_FINAL_AUDIT/docs/world_protocol_atlas/agents/reseau_fractal_d_alerte.json atlas/world_protocol_atlas/ reseau_fractal_d_alerte.json json P3_ATLAS_CONTENT F06 0 0 0 0","INTEGRATE_TO_ATLAS_READONLY_SCENARIO_SPEC_CANDIDATE","ATLAS_READONLY_ADVISORY_ONLY","false","false","false","false","false","F06 audit/spec only; Atlas scenario/context candidate; never runtime reality claim"
"BRANCHABLE_ATLAS","atlas/world_protocol_atlas/","F06_ATLAS","FILE_PLAN_ALL 1878 BRANCHABLE_ATLAS OBSIDIA_BRANCHABLE_ATLAS_FULL_V0_5_DEEP_FINAL_AUDIT/docs/world_protocol_atlas/agents/reseau_fractal_d_alerte.md atlas/world_protocol_atlas/ reseau_fractal_d_alerte.md md P3_ATLAS_CONTENT F06 0 0 0 0 1  NO","INTEGRATE_TO_ATLAS_READONLY_SCENARIO_SPEC_CANDIDATE","ATLAS_READONLY_ADVISORY_ONLY","false","false","false","false","false","F06 audit/spec only; Atlas scenario/context candidate; never runtime reality claim"
"BRANCHABLE_ATLAS","atlas/world_protocol_atlas/","F06_ATLAS","FILE_PLAN_ALL 1879 BRANCHABLE_ATLAS OBSIDIA_BRANCHABLE_ATLAS_FULL_V0_5_DEEP_FINAL_AUDIT/docs/world_protocol_atlas/agents/returnmap.json atlas/world_protocol_atlas/ returnmap.json json P3_ATLAS_CONTENT F06 0 0 0 0 1  NOT_FOUND_LOCAL DUPLICAT","INTEGRATE_TO_ATLAS_READONLY_SCENARIO_SPEC_CANDIDATE","ATLAS_READONLY_ADVISORY_ONLY","false","false","false","false","false","F06 audit/spec only; Atlas scenario/context candidate; never runtime reality claim"
"BRANCHABLE_ATLAS","atlas/world_protocol_atlas/","F06_ATLAS","FILE_PLAN_ALL 1880 BRANCHABLE_ATLAS OBSIDIA_BRANCHABLE_ATLAS_FULL_V0_5_DEEP_FINAL_AUDIT/docs/world_protocol_atlas/agents/returnmap.md atlas/world_protocol_atlas/ returnmap.md md P3_ATLAS_CONTENT F06 0 0 0 0 1  NOT_FOUND_LOCAL DUPLICATE_SAFE","INTEGRATE_TO_ATLAS_READONLY_SCENARIO_SPEC_CANDIDATE","ATLAS_READONLY_ADVISORY_ONLY","false","false","false","false","false","F06 audit/spec only; Atlas scenario/context candidate; never runtime reality claim"
"BRANCHABLE_ATLAS","atlas/world_protocol_atlas/","F06_ATLAS","FILE_PLAN_ALL 1881 BRANCHABLE_ATLAS OBSIDIA_BRANCHABLE_ATLAS_FULL_V0_5_DEEP_FINAL_AUDIT/docs/world_protocol_atlas/agents/reve_simule.json atlas/world_protocol_atlas/ reve_simule.json json P3_ATLAS_CONTENT F06 0 0 0 0 1  NOT_FOUND_LOCAL DUPL","INTEGRATE_TO_ATLAS_READONLY_SCENARIO_SPEC_CANDIDATE","ATLAS_READONLY_ADVISORY_ONLY","false","false","false","false","false","F06 audit/spec only; Atlas scenario/context candidate; never runtime reality claim"
"BRANCHABLE_ATLAS","atlas/world_protocol_atlas/","F06_ATLAS","FILE_PLAN_ALL 1882 BRANCHABLE_ATLAS OBSIDIA_BRANCHABLE_ATLAS_FULL_V0_5_DEEP_FINAL_AUDIT/docs/world_protocol_atlas/agents/reve_simule.md atlas/world_protocol_atlas/ reve_simule.md md P3_ATLAS_CONTENT F06 0 0 0 0 1  NOT_FOUND_LOCAL DUPLICATE_","INTEGRATE_TO_ATLAS_READONLY_SCENARIO_SPEC_CANDIDATE","ATLAS_READONLY_ADVISORY_ONLY","false","false","false","false","false","F06 audit/spec only; Atlas scenario/context candidate; never runtime reality claim"
"BRANCHABLE_ATLAS","atlas/world_protocol_atlas/","F06_ATLAS","FILE_PLAN_ALL 1883 BRANCHABLE_ATLAS OBSIDIA_BRANCHABLE_ATLAS_FULL_V0_5_DEEP_FINAL_AUDIT/docs/world_protocol_atlas/agents/riffusion.json atlas/world_protocol_atlas/ riffusion.json json P3_ATLAS_CONTENT F06 0 0 0 0 1  NOT_FOUND_LOCAL DUPLICAT","INTEGRATE_TO_ATLAS_READONLY_SCENARIO_SPEC_CANDIDATE","ATLAS_READONLY_ADVISORY_ONLY","false","false","false","false","false","F06 audit/spec only; Atlas scenario/context candidate; never runtime reality claim"
"BRANCHABLE_ATLAS","atlas/world_protocol_atlas/","F06_ATLAS","FILE_PLAN_ALL 1884 BRANCHABLE_ATLAS OBSIDIA_BRANCHABLE_ATLAS_FULL_V0_5_DEEP_FINAL_AUDIT/docs/world_protocol_atlas/agents/riffusion.md atlas/world_protocol_atlas/ riffusion.md md P3_ATLAS_CONTENT F06 0 0 0 0 1  NOT_FOUND_LOCAL DUPLICATE_SAFE","INTEGRATE_TO_ATLAS_READONLY_SCENARIO_SPEC_CANDIDATE","ATLAS_READONLY_ADVISORY_ONLY","false","false","false","false","false","F06 audit/spec only; Atlas scenario/context candidate; never runtime reality claim"
"BRANCHABLE_ATLAS","atlas/world_protocol_atlas/","F06_ATLAS","FILE_PLAN_ALL 1885 BRANCHABLE_ATLAS OBSIDIA_BRANCHABLE_ATLAS_FULL_V0_5_DEEP_FINAL_AUDIT/docs/world_protocol_atlas/agents/ritualcontext.json atlas/world_protocol_atlas/ ritualcontext.json json P3_ATLAS_CONTENT F06 0 0 0 0 1  NOT_FOUND_LOCAL ","INTEGRATE_TO_ATLAS_READONLY_SCENARIO_SPEC_CANDIDATE","ATLAS_READONLY_ADVISORY_ONLY","false","false","false","false","false","F06 audit/spec only; Atlas scenario/context candidate; never runtime reality claim"
"BRANCHABLE_ATLAS","atlas/world_protocol_atlas/","F06_ATLAS","FILE_PLAN_ALL 1886 BRANCHABLE_ATLAS OBSIDIA_BRANCHABLE_ATLAS_FULL_V0_5_DEEP_FINAL_AUDIT/docs/world_protocol_atlas/agents/ritualcontext.md atlas/world_protocol_atlas/ ritualcontext.md md P3_ATLAS_CONTENT F06 0 0 0 0 1  NOT_FOUND_LOCAL DUPLIC","INTEGRATE_TO_ATLAS_READONLY_SCENARIO_SPEC_CANDIDATE","ATLAS_READONLY_ADVISORY_ONLY","false","false","false","false","false","F06 audit/spec only; Atlas scenario/context candidate; never runtime reality claim"
"BRANCHABLE_ATLAS","atlas/world_protocol_atlas/","F06_ATLAS","FILE_PLAN_ALL 1887 BRANCHABLE_ATLAS OBSIDIA_BRANCHABLE_ATLAS_FULL_V0_5_DEEP_FINAL_AUDIT/docs/world_protocol_atlas/agents/runway_ml_adapter.json atlas/world_protocol_atlas/ runway_ml_adapter.json json P3_ATLAS_CONTENT F06 0 0 0 0 1  NOT_FOUN","INTEGRATE_TO_ATLAS_READONLY_SCENARIO_SPEC_CANDIDATE","ATLAS_READONLY_ADVISORY_ONLY","false","false","false","false","false","F06 audit/spec only; Atlas scenario/context candidate; never runtime reality claim"
"BRANCHABLE_ATLAS","atlas/world_protocol_atlas/","F06_ATLAS","FILE_PLAN_ALL 1888 BRANCHABLE_ATLAS OBSIDIA_BRANCHABLE_ATLAS_FULL_V0_5_DEEP_FINAL_AUDIT/docs/world_protocol_atlas/agents/runway_ml_adapter.md atlas/world_protocol_atlas/ runway_ml_adapter.md md P3_ATLAS_CONTENT F06 0 0 0 0 1  NOT_FOUND_LOCA","INTEGRATE_TO_ATLAS_READONLY_SCENARIO_SPEC_CANDIDATE","ATLAS_READONLY_ADVISORY_ONLY","false","false","false","false","false","F06 audit/spec only; Atlas scenario/context candidate; never runtime reality claim"
"BRANCHABLE_ATLAS","atlas/world_protocol_atlas/","F06_ATLAS","FILE_PLAN_ALL 1889 BRANCHABLE_ATLAS OBSIDIA_BRANCHABLE_ATLAS_FULL_V0_5_DEEP_FINAL_AUDIT/docs/world_protocol_atlas/agents/sanctuaire_cognitif.json atlas/world_protocol_atlas/ sanctuaire_cognitif.json json P3_ATLAS_CONTENT F06 0 0 0 0 1  NOT_","INTEGRATE_TO_ATLAS_READONLY_SCENARIO_SPEC_CANDIDATE","ATLAS_READONLY_ADVISORY_ONLY","false","false","false","false","false","F06 audit/spec only; Atlas scenario/context candidate; never runtime reality claim"
"BRANCHABLE_ATLAS","atlas/world_protocol_atlas/","F06_ATLAS","FILE_PLAN_ALL 1890 BRANCHABLE_ATLAS OBSIDIA_BRANCHABLE_ATLAS_FULL_V0_5_DEEP_FINAL_AUDIT/docs/world_protocol_atlas/agents/sanctuaire_cognitif.md atlas/world_protocol_atlas/ sanctuaire_cognitif.md md P3_ATLAS_CONTENT F06 0 0 0 0 1  NOT_FOUND_","INTEGRATE_TO_ATLAS_READONLY_SCENARIO_SPEC_CANDIDATE","ATLAS_READONLY_ADVISORY_ONLY","false","false","false","false","false","F06 audit/spec only; Atlas scenario/context candidate; never runtime reality claim"
"BRANCHABLE_ATLAS","atlas/world_protocol_atlas/","F06_ATLAS","FILE_PLAN_ALL 1891 BRANCHABLE_ATLAS OBSIDIA_BRANCHABLE_ATLAS_FULL_V0_5_DEEP_FINAL_AUDIT/docs/world_protocol_atlas/agents/sandbox_de_realite_augmentee.json atlas/world_protocol_atlas/ sandbox_de_realite_augmentee.json json P3_ATLAS_CONTENT F","INTEGRATE_TO_ATLAS_READONLY_SCENARIO_SPEC_CANDIDATE","ATLAS_READONLY_ADVISORY_ONLY","false","false","false","false","false","F06 audit/spec only; Atlas scenario/context candidate; never runtime reality claim"
"BRANCHABLE_ATLAS","atlas/world_protocol_atlas/","F06_ATLAS","FILE_PLAN_ALL 1892 BRANCHABLE_ATLAS OBSIDIA_BRANCHABLE_ATLAS_FULL_V0_5_DEEP_FINAL_AUDIT/docs/world_protocol_atlas/agents/sandbox_de_realite_augmentee.md atlas/world_protocol_atlas/ sandbox_de_realite_augmentee.md md P3_ATLAS_CONTENT F06 0 0","INTEGRATE_TO_ATLAS_READONLY_SCENARIO_SPEC_CANDIDATE","ATLAS_READONLY_ADVISORY_ONLY","false","false","false","false","false","F06 audit/spec only; Atlas scenario/context candidate; never runtime reality claim"
"BRANCHABLE_ATLAS","atlas/world_protocol_atlas/","F06_ATLAS","FILE_PLAN_ALL 1893 BRANCHABLE_ATLAS OBSIDIA_BRANCHABLE_ATLAS_FULL_V0_5_DEEP_FINAL_AUDIT/docs/world_protocol_atlas/agents/sarvam_ai_adapter.json atlas/world_protocol_atlas/ sarvam_ai_adapter.json json P3_ATLAS_CONTENT F06 0 0 0 0 1  NOT_FOUN","INTEGRATE_TO_ATLAS_READONLY_SCENARIO_SPEC_CANDIDATE","ATLAS_READONLY_ADVISORY_ONLY","false","false","false","false","false","F06 audit/spec only; Atlas scenario/context candidate; never runtime reality claim"
"BRANCHABLE_ATLAS","atlas/world_protocol_atlas/","F06_ATLAS","FILE_PLAN_ALL 1894 BRANCHABLE_ATLAS OBSIDIA_BRANCHABLE_ATLAS_FULL_V0_5_DEEP_FINAL_AUDIT/docs/world_protocol_atlas/agents/sarvam_ai_adapter.md atlas/world_protocol_atlas/ sarvam_ai_adapter.md md P3_ATLAS_CONTENT F06 0 0 0 0 1  NOT_FOUND_LOCA","INTEGRATE_TO_ATLAS_READONLY_SCENARIO_SPEC_CANDIDATE","ATLAS_READONLY_ADVISORY_ONLY","false","false","false","false","false","F06 audit/spec only; Atlas scenario/context candidate; never runtime reality claim"
"BRANCHABLE_ATLAS","atlas/world_protocol_atlas/","F06_ATLAS","FILE_PLAN_ALL 1895 BRANCHABLE_ATLAS OBSIDIA_BRANCHABLE_ATLAS_FULL_V0_5_DEEP_FINAL_AUDIT/docs/world_protocol_atlas/agents/scene_onirique.json atlas/world_protocol_atlas/ scene_onirique.json json P3_ATLAS_CONTENT F06 0 0 0 0 1  NOT_FOUND_LOCA","INTEGRATE_TO_ATLAS_READONLY_SCENARIO_SPEC_CANDIDATE","ATLAS_READONLY_ADVISORY_ONLY","false","false","false","false","false","F06 audit/spec only; Atlas scenario/context candidate; never runtime reality claim"
"BRANCHABLE_ATLAS","atlas/world_protocol_atlas/","F06_ATLAS","FILE_PLAN_ALL 1896 BRANCHABLE_ATLAS OBSIDIA_BRANCHABLE_ATLAS_FULL_V0_5_DEEP_FINAL_AUDIT/docs/world_protocol_atlas/agents/scene_onirique.md atlas/world_protocol_atlas/ scene_onirique.md md P3_ATLAS_CONTENT F06 0 0 0 0 1  NOT_FOUND_LOCAL DUPL","INTEGRATE_TO_ATLAS_READONLY_SCENARIO_SPEC_CANDIDATE","ATLAS_READONLY_ADVISORY_ONLY","false","false","false","false","false","F06 audit/spec only; Atlas scenario/context candidate; never runtime reality claim"
"BRANCHABLE_ATLAS","atlas/world_protocol_atlas/","F06_ATLAS","FILE_PLAN_ALL 1897 BRANCHABLE_ATLAS OBSIDIA_BRANCHABLE_ATLAS_FULL_V0_5_DEEP_FINAL_AUDIT/docs/world_protocol_atlas/agents/sentinelle_climatique.json atlas/world_protocol_atlas/ sentinelle_climatique.json json P3_ATLAS_CONTENT F06 0 0 0 0 1  ","INTEGRATE_TO_ATLAS_READONLY_SCENARIO_SPEC_CANDIDATE","ATLAS_READONLY_ADVISORY_ONLY","false","false","false","false","false","F06 audit/spec only; Atlas scenario/context candidate; never runtime reality claim"
"BRANCHABLE_ATLAS","atlas/world_protocol_atlas/","F06_ATLAS","FILE_PLAN_ALL 1898 BRANCHABLE_ATLAS OBSIDIA_BRANCHABLE_ATLAS_FULL_V0_5_DEEP_FINAL_AUDIT/docs/world_protocol_atlas/agents/sentinelle_climatique.md atlas/world_protocol_atlas/ sentinelle_climatique.md md P3_ATLAS_CONTENT F06 0 0 0 0 1  NOT_FO","INTEGRATE_TO_ATLAS_READONLY_SCENARIO_SPEC_CANDIDATE","ATLAS_READONLY_ADVISORY_ONLY","false","false","false","false","false","F06 audit/spec only; Atlas scenario/context candidate; never runtime reality claim"
"BRANCHABLE_ATLAS","atlas/world_protocol_atlas/","F06_ATLAS","FILE_PLAN_ALL 1899 BRANCHABLE_ATLAS OBSIDIA_BRANCHABLE_ATLAS_FULL_V0_5_DEEP_FINAL_AUDIT/docs/world_protocol_atlas/agents/simcivilization.json atlas/world_protocol_atlas/ simcivilization.json json P3_ATLAS_CONTENT F06 0 0 0 0 1  NOT_FOUND_LO","INTEGRATE_TO_ATLAS_READONLY_SCENARIO_SPEC_CANDIDATE","ATLAS_READONLY_ADVISORY_ONLY","false","false","false","false","false","F06 audit/spec only; Atlas scenario/context candidate; never runtime reality claim"
"BRANCHABLE_ATLAS","atlas/world_protocol_atlas/","F06_ATLAS","FILE_PLAN_ALL 1900 BRANCHABLE_ATLAS OBSIDIA_BRANCHABLE_ATLAS_FULL_V0_5_DEEP_FINAL_AUDIT/docs/world_protocol_atlas/agents/simcivilization.md atlas/world_protocol_atlas/ simcivilization.md md P3_ATLAS_CONTENT F06 0 0 0 0 1  NOT_FOUND_LOCAL DU","INTEGRATE_TO_ATLAS_READONLY_SCENARIO_SPEC_CANDIDATE","ATLAS_READONLY_ADVISORY_ONLY","false","false","false","false","false","F06 audit/spec only; Atlas scenario/context candidate; never runtime reality claim"
"BRANCHABLE_ATLAS","atlas/world_protocol_atlas/","F06_ATLAS","FILE_PLAN_ALL 1901 BRANCHABLE_ATLAS OBSIDIA_BRANCHABLE_ATLAS_FULL_V0_5_DEEP_FINAL_AUDIT/docs/world_protocol_atlas/agents/simulateur_fictionnel.json atlas/world_protocol_atlas/ simulateur_fictionnel.json json P3_ATLAS_CONTENT F06 0 0 0 0 1  ","INTEGRATE_TO_ATLAS_READONLY_SCENARIO_SPEC_CANDIDATE","ATLAS_READONLY_ADVISORY_ONLY","false","false","false","false","false","F06 audit/spec only; Atlas scenario/context candidate; never runtime reality claim"
"BRANCHABLE_ATLAS","atlas/world_protocol_atlas/","F06_ATLAS","FILE_PLAN_ALL 1902 BRANCHABLE_ATLAS OBSIDIA_BRANCHABLE_ATLAS_FULL_V0_5_DEEP_FINAL_AUDIT/docs/world_protocol_atlas/agents/simulateur_fictionnel.md atlas/world_protocol_atlas/ simulateur_fictionnel.md md P3_ATLAS_CONTENT F06 0 0 0 0 1  NOT_FO","INTEGRATE_TO_ATLAS_READONLY_SCENARIO_SPEC_CANDIDATE","ATLAS_READONLY_ADVISORY_ONLY","false","false","false","false","false","F06 audit/spec only; Atlas scenario/context candidate; never runtime reality claim"
"BRANCHABLE_ATLAS","atlas/world_protocol_atlas/","F06_ATLAS","FILE_PLAN_ALL 1903 BRANCHABLE_ATLAS OBSIDIA_BRANCHABLE_ATLAS_FULL_V0_5_DEEP_FINAL_AUDIT/docs/world_protocol_atlas/agents/simulateur_fractal.json atlas/world_protocol_atlas/ simulateur_fractal.json json P3_ATLAS_CONTENT F06 0 0 0 0 1  NOT_FO","INTEGRATE_TO_ATLAS_READONLY_SCENARIO_SPEC_CANDIDATE","ATLAS_READONLY_ADVISORY_ONLY","false","false","false","false","false","F06 audit/spec only; Atlas scenario/context candidate; never runtime reality claim"
"BRANCHABLE_ATLAS","atlas/world_protocol_atlas/","F06_ATLAS","FILE_PLAN_ALL 1904 BRANCHABLE_ATLAS OBSIDIA_BRANCHABLE_ATLAS_FULL_V0_5_DEEP_FINAL_AUDIT/docs/world_protocol_atlas/agents/simulateur_fractal.md atlas/world_protocol_atlas/ simulateur_fractal.md md P3_ATLAS_CONTENT F06 0 0 0 0 1  NOT_FOUND_LO","INTEGRATE_TO_ATLAS_READONLY_SCENARIO_SPEC_CANDIDATE","ATLAS_READONLY_ADVISORY_ONLY","false","false","false","false","false","F06 audit/spec only; Atlas scenario/context candidate; never runtime reality claim"
"BRANCHABLE_ATLAS","atlas/world_protocol_atlas/","F06_ATLAS","FILE_PLAN_ALL 1905 BRANCHABLE_ATLAS OBSIDIA_BRANCHABLE_ATLAS_FULL_V0_5_DEEP_FINAL_AUDIT/docs/world_protocol_atlas/agents/skypilot.json atlas/world_protocol_atlas/ skypilot.json json P3_ATLAS_CONTENT F06 0 0 0 0 1  NOT_FOUND_LOCAL DUPLICATE_","INTEGRATE_TO_ATLAS_READONLY_SCENARIO_SPEC_CANDIDATE","ATLAS_READONLY_ADVISORY_ONLY","false","false","false","false","false","F06 audit/spec only; Atlas scenario/context candidate; never runtime reality claim"
"BRANCHABLE_ATLAS","atlas/world_protocol_atlas/","F06_ATLAS","FILE_PLAN_ALL 1906 BRANCHABLE_ATLAS OBSIDIA_BRANCHABLE_ATLAS_FULL_V0_5_DEEP_FINAL_AUDIT/docs/world_protocol_atlas/agents/skypilot.md atlas/world_protocol_atlas/ skypilot.md md P3_ATLAS_CONTENT F06 0 0 0 0 1  NOT_FOUND_LOCAL DUPLICATE_SAFE C","INTEGRATE_TO_ATLAS_READONLY_SCENARIO_SPEC_CANDIDATE","ATLAS_READONLY_ADVISORY_ONLY","false","false","false","false","false","F06 audit/spec only; Atlas scenario/context candidate; never runtime reality claim"
"BRANCHABLE_ATLAS","atlas/world_protocol_atlas/","F06_ATLAS","FILE_PLAN_ALL 1907 BRANCHABLE_ATLAS OBSIDIA_BRANCHABLE_ATLAS_FULL_V0_5_DEEP_FINAL_AUDIT/docs/world_protocol_atlas/agents/skyportal.json atlas/world_protocol_atlas/ skyportal.json json P3_ATLAS_CONTENT F06 0 0 0 0 1  NOT_FOUND_LOCAL DUPLICAT","INTEGRATE_TO_ATLAS_READONLY_SCENARIO_SPEC_CANDIDATE","ATLAS_READONLY_ADVISORY_ONLY","false","false","false","false","false","F06 audit/spec only; Atlas scenario/context candidate; never runtime reality claim"
"BRANCHABLE_ATLAS","atlas/world_protocol_atlas/","F06_ATLAS","FILE_PLAN_ALL 1908 BRANCHABLE_ATLAS OBSIDIA_BRANCHABLE_ATLAS_FULL_V0_5_DEEP_FINAL_AUDIT/docs/world_protocol_atlas/agents/skyportal.md atlas/world_protocol_atlas/ skyportal.md md P3_ATLAS_CONTENT F06 0 0 0 0 1  NOT_FOUND_LOCAL DUPLICATE_SAFE","INTEGRATE_TO_ATLAS_READONLY_SCENARIO_SPEC_CANDIDATE","ATLAS_READONLY_ADVISORY_ONLY","false","false","false","false","false","F06 audit/spec only; Atlas scenario/context candidate; never runtime reality claim"
"BRANCHABLE_ATLAS","atlas/world_protocol_atlas/","F06_ATLAS","FILE_PLAN_ALL 1909 BRANCHABLE_ATLAS OBSIDIA_BRANCHABLE_ATLAS_FULL_V0_5_DEEP_FINAL_AUDIT/docs/world_protocol_atlas/agents/solinftec_adapter.json atlas/world_protocol_atlas/ solinftec_adapter.json json P3_ATLAS_CONTENT F06 0 0 0 0 1  NOT_FOUN","INTEGRATE_TO_ATLAS_READONLY_SCENARIO_SPEC_CANDIDATE","ATLAS_READONLY_ADVISORY_ONLY","false","false","false","false","false","F06 audit/spec only; Atlas scenario/context candidate; never runtime reality claim"
"BRANCHABLE_ATLAS","atlas/world_protocol_atlas/","F06_ATLAS","FILE_PLAN_ALL 1910 BRANCHABLE_ATLAS OBSIDIA_BRANCHABLE_ATLAS_FULL_V0_5_DEEP_FINAL_AUDIT/docs/world_protocol_atlas/agents/solinftec_adapter.md atlas/world_protocol_atlas/ solinftec_adapter.md md P3_ATLAS_CONTENT F06 0 0 0 0 1  NOT_FOUND_LOCA","INTEGRATE_TO_ATLAS_READONLY_SCENARIO_SPEC_CANDIDATE","ATLAS_READONLY_ADVISORY_ONLY","false","false","false","false","false","F06 audit/spec only; Atlas scenario/context candidate; never runtime reality claim"
"BRANCHABLE_ATLAS","atlas/world_protocol_atlas/","F06_ATLAS","FILE_PLAN_ALL 1911 BRANCHABLE_ATLAS OBSIDIA_BRANCHABLE_ATLAS_FULL_V0_5_DEEP_FINAL_AUDIT/docs/world_protocol_atlas/agents/sonarobsidia.json atlas/world_protocol_atlas/ sonarobsidia.json json P3_ATLAS_CONTENT F06 0 0 0 0 1  NOT_FOUND_LOCAL DU","INTEGRATE_TO_ATLAS_READONLY_SCENARIO_SPEC_CANDIDATE","ATLAS_READONLY_ADVISORY_ONLY","false","false","false","false","false","F06 audit/spec only; Atlas scenario/context candidate; never runtime reality claim"
"BRANCHABLE_ATLAS","atlas/world_protocol_atlas/","F06_ATLAS","FILE_PLAN_ALL 1912 BRANCHABLE_ATLAS OBSIDIA_BRANCHABLE_ATLAS_FULL_V0_5_DEEP_FINAL_AUDIT/docs/world_protocol_atlas/agents/sonarobsidia.md atlas/world_protocol_atlas/ sonarobsidia.md md P3_ATLAS_CONTENT F06 0 0 0 0 1  NOT_FOUND_LOCAL DUPLICAT","INTEGRATE_TO_ATLAS_READONLY_SCENARIO_SPEC_CANDIDATE","ATLAS_READONLY_ADVISORY_ONLY","false","false","false","false","false","F06 audit/spec only; Atlas scenario/context candidate; never runtime reality claim"
"BRANCHABLE_ATLAS","atlas/world_protocol_atlas/","F06_ATLAS","FILE_PLAN_ALL 1913 BRANCHABLE_ATLAS OBSIDIA_BRANCHABLE_ATLAS_FULL_V0_5_DEEP_FINAL_AUDIT/docs/world_protocol_atlas/agents/soulcareprotocol.json atlas/world_protocol_atlas/ soulcareprotocol.json json P3_ATLAS_CONTENT F06 0 0 0 0 1  NOT_FOUND_","INTEGRATE_TO_ATLAS_READONLY_SCENARIO_SPEC_CANDIDATE","ATLAS_READONLY_ADVISORY_ONLY","false","false","false","false","false","F06 audit/spec only; Atlas scenario/context candidate; never runtime reality claim"
"BRANCHABLE_ATLAS","atlas/world_protocol_atlas/","F06_ATLAS","FILE_PLAN_ALL 1914 BRANCHABLE_ATLAS OBSIDIA_BRANCHABLE_ATLAS_FULL_V0_5_DEEP_FINAL_AUDIT/docs/world_protocol_atlas/agents/soulcareprotocol.md atlas/world_protocol_atlas/ soulcareprotocol.md md P3_ATLAS_CONTENT F06 0 0 0 0 1  NOT_FOUND_LOCAL ","INTEGRATE_TO_ATLAS_READONLY_SCENARIO_SPEC_CANDIDATE","ATLAS_READONLY_ADVISORY_ONLY","false","false","false","false","false","F06 audit/spec only; Atlas scenario/context candidate; never runtime reality claim"
"BRANCHABLE_ATLAS","atlas/world_protocol_atlas/","F06_ATLAS","FILE_PLAN_ALL 1915 BRANCHABLE_ATLAS OBSIDIA_BRANCHABLE_ATLAS_FULL_V0_5_DEEP_FINAL_AUDIT/docs/world_protocol_atlas/agents/spiritbridge.json atlas/world_protocol_atlas/ spiritbridge.json json P3_ATLAS_CONTENT F06 0 0 0 0 1  NOT_FOUND_LOCAL DU","INTEGRATE_TO_ATLAS_READONLY_SCENARIO_SPEC_CANDIDATE","ATLAS_READONLY_ADVISORY_ONLY","false","false","false","false","false","F06 audit/spec only; Atlas scenario/context candidate; never runtime reality claim"
"BRANCHABLE_ATLAS","atlas/world_protocol_atlas/","F06_ATLAS","FILE_PLAN_ALL 1916 BRANCHABLE_ATLAS OBSIDIA_BRANCHABLE_ATLAS_FULL_V0_5_DEEP_FINAL_AUDIT/docs/world_protocol_atlas/agents/spiritbridge.md atlas/world_protocol_atlas/ spiritbridge.md md P3_ATLAS_CONTENT F06 0 0 0 0 1  NOT_FOUND_LOCAL DUPLICAT","INTEGRATE_TO_ATLAS_READONLY_SCENARIO_SPEC_CANDIDATE","ATLAS_READONLY_ADVISORY_ONLY","false","false","false","false","false","F06 audit/spec only; Atlas scenario/context candidate; never runtime reality claim"
"BRANCHABLE_ATLAS","atlas/world_protocol_atlas/","F06_ATLAS","FILE_PLAN_ALL 1917 BRANCHABLE_ATLAS OBSIDIA_BRANCHABLE_ATLAS_FULL_V0_5_DEEP_FINAL_AUDIT/docs/world_protocol_atlas/agents/stability_ai_adapter.json atlas/world_protocol_atlas/ stability_ai_adapter.json json P3_ATLAS_CONTENT F06 0 0 0 0 1  NO","INTEGRATE_TO_ATLAS_READONLY_SCENARIO_SPEC_CANDIDATE","ATLAS_READONLY_ADVISORY_ONLY","false","false","false","false","false","F06 audit/spec only; Atlas scenario/context candidate; never runtime reality claim"
"BRANCHABLE_ATLAS","atlas/world_protocol_atlas/","F06_ATLAS","FILE_PLAN_ALL 1918 BRANCHABLE_ATLAS OBSIDIA_BRANCHABLE_ATLAS_FULL_V0_5_DEEP_FINAL_AUDIT/docs/world_protocol_atlas/agents/stability_ai_adapter.md atlas/world_protocol_atlas/ stability_ai_adapter.md md P3_ATLAS_CONTENT F06 0 0 0 0 1  NOT_FOUN","INTEGRATE_TO_ATLAS_READONLY_SCENARIO_SPEC_CANDIDATE","ATLAS_READONLY_ADVISORY_ONLY","false","false","false","false","false","F06 audit/spec only; Atlas scenario/context candidate; never runtime reality claim"
"BRANCHABLE_ATLAS","atlas/world_protocol_atlas/","F06_ATLAS","FILE_PLAN_ALL 1919 BRANCHABLE_ATLAS OBSIDIA_BRANCHABLE_ATLAS_FULL_V0_5_DEEP_FINAL_AUDIT/docs/world_protocol_atlas/agents/submarinesitegraph.json atlas/world_protocol_atlas/ submarinesitegraph.json json P3_ATLAS_CONTENT F06 0 0 0 0 1  NOT_FO","INTEGRATE_TO_ATLAS_READONLY_SCENARIO_SPEC_CANDIDATE","ATLAS_READONLY_ADVISORY_ONLY","false","false","false","false","false","F06 audit/spec only; Atlas scenario/context candidate; never runtime reality claim"
"BRANCHABLE_ATLAS","atlas/world_protocol_atlas/","F06_ATLAS","FILE_PLAN_ALL 1920 BRANCHABLE_ATLAS OBSIDIA_BRANCHABLE_ATLAS_FULL_V0_5_DEEP_FINAL_AUDIT/docs/world_protocol_atlas/agents/submarinesitegraph.md atlas/world_protocol_atlas/ submarinesitegraph.md md P3_ATLAS_CONTENT F06 0 0 0 0 1  NOT_FOUND_LO","INTEGRATE_TO_ATLAS_READONLY_SCENARIO_SPEC_CANDIDATE","ATLAS_READONLY_ADVISORY_ONLY","false","false","false","false","false","F06 audit/spec only; Atlas scenario/context candidate; never runtime reality claim"
"BRANCHABLE_ATLAS","atlas/world_protocol_atlas/","F06_ATLAS","FILE_PLAN_ALL 1921 BRANCHABLE_ATLAS OBSIDIA_BRANCHABLE_ATLAS_FULL_V0_5_DEEP_FINAL_AUDIT/docs/world_protocol_atlas/agents/talismanparser.json atlas/world_protocol_atlas/ talismanparser.json json P3_ATLAS_CONTENT F06 0 0 0 0 1  NOT_FOUND_LOCA","INTEGRATE_TO_ATLAS_READONLY_SCENARIO_SPEC_CANDIDATE","ATLAS_READONLY_ADVISORY_ONLY","false","false","false","false","false","F06 audit/spec only; Atlas scenario/context candidate; never runtime reality claim"
"BRANCHABLE_ATLAS","atlas/world_protocol_atlas/","F06_ATLAS","FILE_PLAN_ALL 1922 BRANCHABLE_ATLAS OBSIDIA_BRANCHABLE_ATLAS_FULL_V0_5_DEEP_FINAL_AUDIT/docs/world_protocol_atlas/agents/talismanparser.md atlas/world_protocol_atlas/ talismanparser.md md P3_ATLAS_CONTENT F06 0 0 0 0 1  NOT_FOUND_LOCAL DUPL","INTEGRATE_TO_ATLAS_READONLY_SCENARIO_SPEC_CANDIDATE","ATLAS_READONLY_ADVISORY_ONLY","false","false","false","false","false","F06 audit/spec only; Atlas scenario/context candidate; never runtime reality claim"
"BRANCHABLE_ATLAS","atlas/world_protocol_atlas/","F06_ATLAS","FILE_PLAN_ALL 1923 BRANCHABLE_ATLAS OBSIDIA_BRANCHABLE_ATLAS_FULL_V0_5_DEEP_FINAL_AUDIT/docs/world_protocol_atlas/agents/terraancestor.json atlas/world_protocol_atlas/ terraancestor.json json P3_ATLAS_CONTENT F06 0 0 0 0 1  NOT_FOUND_LOCAL ","INTEGRATE_TO_ATLAS_READONLY_SCENARIO_SPEC_CANDIDATE","ATLAS_READONLY_ADVISORY_ONLY","false","false","false","false","false","F06 audit/spec only; Atlas scenario/context candidate; never runtime reality claim"
"BRANCHABLE_ATLAS","atlas/world_protocol_atlas/","F06_ATLAS","FILE_PLAN_ALL 1924 BRANCHABLE_ATLAS OBSIDIA_BRANCHABLE_ATLAS_FULL_V0_5_DEEP_FINAL_AUDIT/docs/world_protocol_atlas/agents/terraancestor.md atlas/world_protocol_atlas/ terraancestor.md md P3_ATLAS_CONTENT F06 0 0 0 0 1  NOT_FOUND_LOCAL DUPLIC","INTEGRATE_TO_ATLAS_READONLY_SCENARIO_SPEC_CANDIDATE","ATLAS_READONLY_ADVISORY_ONLY","false","false","false","false","false","F06 audit/spec only; Atlas scenario/context candidate; never runtime reality claim"
"BRANCHABLE_ATLAS","atlas/world_protocol_atlas/","F06_ATLAS","FILE_PLAN_ALL 1925 BRANCHABLE_ATLAS OBSIDIA_BRANCHABLE_ATLAS_FULL_V0_5_DEEP_FINAL_AUDIT/docs/world_protocol_atlas/agents/thanatologie_numerique.json atlas/world_protocol_atlas/ thanatologie_numerique.json json P3_ATLAS_CONTENT F06 0 0 0 0 1","INTEGRATE_TO_ATLAS_READONLY_SCENARIO_SPEC_CANDIDATE","ATLAS_READONLY_ADVISORY_ONLY","false","false","false","false","false","F06 audit/spec only; Atlas scenario/context candidate; never runtime reality claim"
"BRANCHABLE_ATLAS","atlas/world_protocol_atlas/","F06_ATLAS","FILE_PLAN_ALL 1926 BRANCHABLE_ATLAS OBSIDIA_BRANCHABLE_ATLAS_FULL_V0_5_DEEP_FINAL_AUDIT/docs/world_protocol_atlas/agents/thanatologie_numerique.md atlas/world_protocol_atlas/ thanatologie_numerique.md md P3_ATLAS_CONTENT F06 0 0 0 0 1  NOT_","INTEGRATE_TO_ATLAS_READONLY_SCENARIO_SPEC_CANDIDATE","ATLAS_READONLY_ADVISORY_ONLY","false","false","false","false","false","F06 audit/spec only; Atlas scenario/context candidate; never runtime reality claim"
"BRANCHABLE_ATLAS","atlas/world_protocol_atlas/","F06_ATLAS","FILE_PLAN_ALL 1927 BRANCHABLE_ATLAS OBSIDIA_BRANCHABLE_ATLAS_FULL_V0_5_DEEP_FINAL_AUDIT/docs/world_protocol_atlas/agents/theatre_cognitif.json atlas/world_protocol_atlas/ theatre_cognitif.json json P3_ATLAS_CONTENT F06 0 0 0 0 1  NOT_FOUND_","INTEGRATE_TO_ATLAS_READONLY_SCENARIO_SPEC_CANDIDATE","ATLAS_READONLY_ADVISORY_ONLY","false","false","false","false","false","F06 audit/spec only; Atlas scenario/context candidate; never runtime reality claim"
"BRANCHABLE_ATLAS","atlas/world_protocol_atlas/","F06_ATLAS","FILE_PLAN_ALL 1928 BRANCHABLE_ATLAS OBSIDIA_BRANCHABLE_ATLAS_FULL_V0_5_DEEP_FINAL_AUDIT/docs/world_protocol_atlas/agents/theatre_cognitif.md atlas/world_protocol_atlas/ theatre_cognitif.md md P3_ATLAS_CONTENT F06 0 0 0 0 1  NOT_FOUND_LOCAL ","INTEGRATE_TO_ATLAS_READONLY_SCENARIO_SPEC_CANDIDATE","ATLAS_READONLY_ADVISORY_ONLY","false","false","false","false","false","F06 audit/spec only; Atlas scenario/context candidate; never runtime reality claim"
"BRANCHABLE_ATLAS","atlas/world_protocol_atlas/","F06_ATLAS","FILE_PLAN_ALL 1929 BRANCHABLE_ATLAS OBSIDIA_BRANCHABLE_ATLAS_FULL_V0_5_DEEP_FINAL_AUDIT/docs/world_protocol_atlas/agents/themis.json atlas/world_protocol_atlas/ themis.json json P3_ATLAS_CONTENT F06 0 0 0 0 1  NOT_FOUND_LOCAL DUPLICATE_SAFE","INTEGRATE_TO_ATLAS_READONLY_SCENARIO_SPEC_CANDIDATE","ATLAS_READONLY_ADVISORY_ONLY","false","false","false","false","false","F06 audit/spec only; Atlas scenario/context candidate; never runtime reality claim"
"BRANCHABLE_ATLAS","atlas/world_protocol_atlas/","F06_ATLAS","FILE_PLAN_ALL 1930 BRANCHABLE_ATLAS OBSIDIA_BRANCHABLE_ATLAS_FULL_V0_5_DEEP_FINAL_AUDIT/docs/world_protocol_atlas/agents/themis.md atlas/world_protocol_atlas/ themis.md md P3_ATLAS_CONTENT F06 0 0 0 0 1  NOT_FOUND_LOCAL DUPLICATE_SAFE CLEAN","INTEGRATE_TO_ATLAS_READONLY_SCENARIO_SPEC_CANDIDATE","ATLAS_READONLY_ADVISORY_ONLY","false","false","false","false","false","F06 audit/spec only; Atlas scenario/context candidate; never runtime reality claim"
"BRANCHABLE_ATLAS","atlas/world_protocol_atlas/","F06_ATLAS","FILE_PLAN_ALL 1931 BRANCHABLE_ATLAS OBSIDIA_BRANCHABLE_ATLAS_FULL_V0_5_DEEP_FINAL_AUDIT/docs/world_protocol_atlas/agents/thunderforge.json atlas/world_protocol_atlas/ thunderforge.json json P3_ATLAS_CONTENT F06 0 0 0 0 1  NOT_FOUND_LOCAL DU","INTEGRATE_TO_ATLAS_READONLY_SCENARIO_SPEC_CANDIDATE","ATLAS_READONLY_ADVISORY_ONLY","false","false","false","false","false","F06 audit/spec only; Atlas scenario/context candidate; never runtime reality claim"
"BRANCHABLE_ATLAS","atlas/world_protocol_atlas/","F06_ATLAS","FILE_PLAN_ALL 1932 BRANCHABLE_ATLAS OBSIDIA_BRANCHABLE_ATLAS_FULL_V0_5_DEEP_FINAL_AUDIT/docs/world_protocol_atlas/agents/thunderforge.md atlas/world_protocol_atlas/ thunderforge.md md P3_ATLAS_CONTENT F06 0 0 0 0 1  NOT_FOUND_LOCAL DUPLICAT","INTEGRATE_TO_ATLAS_READONLY_SCENARIO_SPEC_CANDIDATE","ATLAS_READONLY_ADVISORY_ONLY","false","false","false","false","false","F06 audit/spec only; Atlas scenario/context candidate; never runtime reality claim"
"BRANCHABLE_ATLAS","atlas/world_protocol_atlas/","F06_ATLAS","FILE_PLAN_ALL 1933 BRANCHABLE_ATLAS OBSIDIA_BRANCHABLE_ATLAS_FULL_V0_5_DEEP_FINAL_AUDIT/docs/world_protocol_atlas/agents/ualabee_adapter.json atlas/world_protocol_atlas/ ualabee_adapter.json json P3_ATLAS_CONTENT F06 0 0 0 0 1  NOT_FOUND_LO","INTEGRATE_TO_ATLAS_READONLY_SCENARIO_SPEC_CANDIDATE","ATLAS_READONLY_ADVISORY_ONLY","false","false","false","false","false","F06 audit/spec only; Atlas scenario/context candidate; never runtime reality claim"
"BRANCHABLE_ATLAS","atlas/world_protocol_atlas/","F06_ATLAS","FILE_PLAN_ALL 1934 BRANCHABLE_ATLAS OBSIDIA_BRANCHABLE_ATLAS_FULL_V0_5_DEEP_FINAL_AUDIT/docs/world_protocol_atlas/agents/ualabee_adapter.md atlas/world_protocol_atlas/ ualabee_adapter.md md P3_ATLAS_CONTENT F06 0 0 0 0 1  NOT_FOUND_LOCAL DU","INTEGRATE_TO_ATLAS_READONLY_SCENARIO_SPEC_CANDIDATE","ATLAS_READONLY_ADVISORY_ONLY","false","false","false","false","false","F06 audit/spec only; Atlas scenario/context candidate; never runtime reality claim"
"BRANCHABLE_ATLAS","atlas/world_protocol_atlas/","F06_ATLAS","FILE_PLAN_ALL 1935 BRANCHABLE_ATLAS OBSIDIA_BRANCHABLE_ATLAS_FULL_V0_5_DEEP_FINAL_AUDIT/docs/world_protocol_atlas/agents/uccl.json atlas/world_protocol_atlas/ uccl.json json P3_ATLAS_CONTENT F06 0 0 0 0 1  NOT_FOUND_LOCAL DUPLICATE_SAFE CLE","INTEGRATE_TO_ATLAS_READONLY_SCENARIO_SPEC_CANDIDATE","ATLAS_READONLY_ADVISORY_ONLY","false","false","false","false","false","F06 audit/spec only; Atlas scenario/context candidate; never runtime reality claim"
"BRANCHABLE_ATLAS","atlas/world_protocol_atlas/","F06_ATLAS","FILE_PLAN_ALL 1936 BRANCHABLE_ATLAS OBSIDIA_BRANCHABLE_ATLAS_FULL_V0_5_DEEP_FINAL_AUDIT/docs/world_protocol_atlas/agents/uccl.md atlas/world_protocol_atlas/ uccl.md md P3_ATLAS_CONTENT F06 0 0 0 0 1  NOT_FOUND_LOCAL DUPLICATE_SAFE CLEAN LOW","INTEGRATE_TO_ATLAS_READONLY_SCENARIO_SPEC_CANDIDATE","ATLAS_READONLY_ADVISORY_ONLY","false","false","false","false","false","F06 audit/spec only; Atlas scenario/context candidate; never runtime reality claim"
"BRANCHABLE_ATLAS","atlas/world_protocol_atlas/","F06_ATLAS","FILE_PLAN_ALL 1937 BRANCHABLE_ATLAS OBSIDIA_BRANCHABLE_ATLAS_FULL_V0_5_DEEP_FINAL_AUDIT/docs/world_protocol_atlas/agents/uchronia_engine.json atlas/world_protocol_atlas/ uchronia_engine.json json P3_ATLAS_CONTENT F06 0 0 0 0 1  NOT_FOUND_LO","INTEGRATE_TO_ATLAS_READONLY_SCENARIO_SPEC_CANDIDATE","ATLAS_READONLY_ADVISORY_ONLY","false","false","false","false","false","F06 audit/spec only; Atlas scenario/context candidate; never runtime reality claim"
"BRANCHABLE_ATLAS","atlas/world_protocol_atlas/","F06_ATLAS","FILE_PLAN_ALL 1938 BRANCHABLE_ATLAS OBSIDIA_BRANCHABLE_ATLAS_FULL_V0_5_DEEP_FINAL_AUDIT/docs/world_protocol_atlas/agents/uchronia_engine.md atlas/world_protocol_atlas/ uchronia_engine.md md P3_ATLAS_CONTENT F06 0 0 0 0 1  NOT_FOUND_LOCAL DU","INTEGRATE_TO_ATLAS_READONLY_SCENARIO_SPEC_CANDIDATE","ATLAS_READONLY_ADVISORY_ONLY","false","false","false","false","false","F06 audit/spec only; Atlas scenario/context candidate; never runtime reality claim"
"BRANCHABLE_ATLAS","atlas/world_protocol_atlas/","F06_ATLAS","FILE_PLAN_ALL 1939 BRANCHABLE_ATLAS OBSIDIA_BRANCHABLE_ATLAS_FULL_V0_5_DEEP_FINAL_AUDIT/docs/world_protocol_atlas/agents/univers_fractaloides.json atlas/world_protocol_atlas/ univers_fractaloides.json json P3_ATLAS_CONTENT F06 0 0 0 0 1  NO","INTEGRATE_TO_ATLAS_READONLY_SCENARIO_SPEC_CANDIDATE","ATLAS_READONLY_ADVISORY_ONLY","false","false","false","false","false","F06 audit/spec only; Atlas scenario/context candidate; never runtime reality claim"
"BRANCHABLE_ATLAS","atlas/world_protocol_atlas/","F06_ATLAS","FILE_PLAN_ALL 1940 BRANCHABLE_ATLAS OBSIDIA_BRANCHABLE_ATLAS_FULL_V0_5_DEEP_FINAL_AUDIT/docs/world_protocol_atlas/agents/univers_fractaloides.md atlas/world_protocol_atlas/ univers_fractaloides.md md P3_ATLAS_CONTENT F06 0 0 0 0 1  NOT_FOUN","INTEGRATE_TO_ATLAS_READONLY_SCENARIO_SPEC_CANDIDATE","ATLAS_READONLY_ADVISORY_ONLY","false","false","false","false","false","F06 audit/spec only; Atlas scenario/context candidate; never runtime reality claim"
"BRANCHABLE_ATLAS","atlas/world_protocol_atlas/","F06_ATLAS","FILE_PLAN_ALL 1941 BRANCHABLE_ATLAS OBSIDIA_BRANCHABLE_ATLAS_FULL_V0_5_DEEP_FINAL_AUDIT/docs/world_protocol_atlas/agents/veille_tectonique_ia.json atlas/world_protocol_atlas/ veille_tectonique_ia.json json P3_ATLAS_CONTENT F06 0 0 0 0 1  NO","INTEGRATE_TO_ATLAS_READONLY_SCENARIO_SPEC_CANDIDATE","ATLAS_READONLY_ADVISORY_ONLY","false","false","false","false","false","F06 audit/spec only; Atlas scenario/context candidate; never runtime reality claim"
"BRANCHABLE_ATLAS","atlas/world_protocol_atlas/","F06_ATLAS","FILE_PLAN_ALL 1942 BRANCHABLE_ATLAS OBSIDIA_BRANCHABLE_ATLAS_FULL_V0_5_DEEP_FINAL_AUDIT/docs/world_protocol_atlas/agents/veille_tectonique_ia.md atlas/world_protocol_atlas/ veille_tectonique_ia.md md P3_ATLAS_CONTENT F06 0 0 0 0 1  NOT_FOUN","INTEGRATE_TO_ATLAS_READONLY_SCENARIO_SPEC_CANDIDATE","ATLAS_READONLY_ADVISORY_ONLY","false","false","false","false","false","F06 audit/spec only; Atlas scenario/context candidate; never runtime reality claim"
"BRANCHABLE_ATLAS","atlas/world_protocol_atlas/","F06_ATLAS","FILE_PLAN_ALL 1943 BRANCHABLE_ATLAS OBSIDIA_BRANCHABLE_ATLAS_FULL_V0_5_DEEP_FINAL_AUDIT/docs/world_protocol_atlas/agents/veille_virologique_ia.json atlas/world_protocol_atlas/ veille_virologique_ia.json json P3_ATLAS_CONTENT F06 0 0 0 0 1  ","INTEGRATE_TO_ATLAS_READONLY_SCENARIO_SPEC_CANDIDATE","ATLAS_READONLY_ADVISORY_ONLY","false","false","false","false","false","F06 audit/spec only; Atlas scenario/context candidate; never runtime reality claim"
"BRANCHABLE_ATLAS","atlas/world_protocol_atlas/","F06_ATLAS","FILE_PLAN_ALL 1944 BRANCHABLE_ATLAS OBSIDIA_BRANCHABLE_ATLAS_FULL_V0_5_DEEP_FINAL_AUDIT/docs/world_protocol_atlas/agents/veille_virologique_ia.md atlas/world_protocol_atlas/ veille_virologique_ia.md md P3_ATLAS_CONTENT F06 0 0 0 0 1  NOT_FO","INTEGRATE_TO_ATLAS_READONLY_SCENARIO_SPEC_CANDIDATE","ATLAS_READONLY_ADVISORY_ONLY","false","false","false","false","false","F06 audit/spec only; Atlas scenario/context candidate; never runtime reality claim"
"BRANCHABLE_ATLAS","atlas/world_protocol_atlas/","F06_ATLAS","FILE_PLAN_ALL 1945 BRANCHABLE_ATLAS OBSIDIA_BRANCHABLE_ATLAS_FULL_V0_5_DEEP_FINAL_AUDIT/docs/world_protocol_atlas/agents/vhsrevival.json atlas/world_protocol_atlas/ vhsrevival.json json P3_ATLAS_CONTENT F06 0 0 0 0 1  NOT_FOUND_LOCAL DUPLIC","INTEGRATE_TO_ATLAS_READONLY_SCENARIO_SPEC_CANDIDATE","ATLAS_READONLY_ADVISORY_ONLY","false","false","false","false","false","F06 audit/spec only; Atlas scenario/context candidate; never runtime reality claim"
"BRANCHABLE_ATLAS","atlas/world_protocol_atlas/","F06_ATLAS","FILE_PLAN_ALL 1946 BRANCHABLE_ATLAS OBSIDIA_BRANCHABLE_ATLAS_FULL_V0_5_DEEP_FINAL_AUDIT/docs/world_protocol_atlas/agents/vhsrevival.md atlas/world_protocol_atlas/ vhsrevival.md md P3_ATLAS_CONTENT F06 0 0 0 0 1  NOT_FOUND_LOCAL DUPLICATE_SA","INTEGRATE_TO_ATLAS_READONLY_SCENARIO_SPEC_CANDIDATE","ATLAS_READONLY_ADVISORY_ONLY","false","false","false","false","false","F06 audit/spec only; Atlas scenario/context candidate; never runtime reality claim"
"BRANCHABLE_ATLAS","atlas/world_protocol_atlas/","F06_ATLAS","FILE_PLAN_ALL 1947 BRANCHABLE_ATLAS OBSIDIA_BRANCHABLE_ATLAS_FULL_V0_5_DEEP_FINAL_AUDIT/docs/world_protocol_atlas/agents/vibrations_symboliques.json atlas/world_protocol_atlas/ vibrations_symboliques.json json P3_ATLAS_CONTENT F06 0 0 0 0 1","INTEGRATE_TO_ATLAS_READONLY_SCENARIO_SPEC_CANDIDATE","ATLAS_READONLY_ADVISORY_ONLY","false","false","false","false","false","F06 audit/spec only; Atlas scenario/context candidate; never runtime reality claim"
"BRANCHABLE_ATLAS","atlas/world_protocol_atlas/","F06_ATLAS","FILE_PLAN_ALL 1948 BRANCHABLE_ATLAS OBSIDIA_BRANCHABLE_ATLAS_FULL_V0_5_DEEP_FINAL_AUDIT/docs/world_protocol_atlas/agents/vibrations_symboliques.md atlas/world_protocol_atlas/ vibrations_symboliques.md md P3_ATLAS_CONTENT F06 0 0 0 0 1  NOT_","INTEGRATE_TO_ATLAS_READONLY_SCENARIO_SPEC_CANDIDATE","ATLAS_READONLY_ADVISORY_ONLY","false","false","false","false","false","F06 audit/spec only; Atlas scenario/context candidate; never runtime reality claim"
"BRANCHABLE_ATLAS","atlas/world_protocol_atlas/","F06_ATLAS","FILE_PLAN_ALL 1949 BRANCHABLE_ATLAS OBSIDIA_BRANCHABLE_ATLAS_FULL_V0_5_DEEP_FINAL_AUDIT/docs/world_protocol_atlas/agents/vllm.json atlas/world_protocol_atlas/ vllm.json json P3_ATLAS_CONTENT F06 0 0 0 0 1  NOT_FOUND_LOCAL DUPLICATE_SAFE CLE","INTEGRATE_TO_ATLAS_READONLY_SCENARIO_SPEC_CANDIDATE","ATLAS_READONLY_ADVISORY_ONLY","false","false","false","false","false","F06 audit/spec only; Atlas scenario/context candidate; never runtime reality claim"
"BRANCHABLE_ATLAS","atlas/world_protocol_atlas/","F06_ATLAS","FILE_PLAN_ALL 1950 BRANCHABLE_ATLAS OBSIDIA_BRANCHABLE_ATLAS_FULL_V0_5_DEEP_FINAL_AUDIT/docs/world_protocol_atlas/agents/vllm.md atlas/world_protocol_atlas/ vllm.md md P3_ATLAS_CONTENT F06 0 0 0 0 1  NOT_FOUND_LOCAL DUPLICATE_SAFE CLEAN LOW","INTEGRATE_TO_ATLAS_READONLY_SCENARIO_SPEC_CANDIDATE","ATLAS_READONLY_ADVISORY_ONLY","false","false","false","false","false","F06 audit/spec only; Atlas scenario/context candidate; never runtime reality claim"
"BRANCHABLE_ATLAS","atlas/world_protocol_atlas/","F06_ATLAS","FILE_PLAN_ALL 1951 BRANCHABLE_ATLAS OBSIDIA_BRANCHABLE_ATLAS_FULL_V0_5_DEEP_FINAL_AUDIT/docs/world_protocol_atlas/agents/voicecommonsbridge.json atlas/world_protocol_atlas/ voicecommonsbridge.json json P3_ATLAS_CONTENT F06 0 0 0 0 1  NOT_FO","INTEGRATE_TO_ATLAS_READONLY_SCENARIO_SPEC_CANDIDATE","ATLAS_READONLY_ADVISORY_ONLY","false","false","false","false","false","F06 audit/spec only; Atlas scenario/context candidate; never runtime reality claim"
"BRANCHABLE_ATLAS","atlas/world_protocol_atlas/","F06_ATLAS","FILE_PLAN_ALL 1952 BRANCHABLE_ATLAS OBSIDIA_BRANCHABLE_ATLAS_FULL_V0_5_DEEP_FINAL_AUDIT/docs/world_protocol_atlas/agents/voicecommonsbridge.md atlas/world_protocol_atlas/ voicecommonsbridge.md md P3_ATLAS_CONTENT F06 0 0 0 0 1  NOT_FOUND_LO","INTEGRATE_TO_ATLAS_READONLY_SCENARIO_SPEC_CANDIDATE","ATLAS_READONLY_ADVISORY_ONLY","false","false","false","false","false","F06 audit/spec only; Atlas scenario/context candidate; never runtime reality claim"
"BRANCHABLE_ATLAS","atlas/world_protocol_atlas/","F06_ATLAS","FILE_PLAN_ALL 1953 BRANCHABLE_ATLAS OBSIDIA_BRANCHABLE_ATLAS_FULL_V0_5_DEEP_FINAL_AUDIT/docs/world_protocol_atlas/agents/voie_des_possibles.json atlas/world_protocol_atlas/ voie_des_possibles.json json P3_ATLAS_CONTENT F06 0 0 0 0 1  NOT_FO","INTEGRATE_TO_ATLAS_READONLY_SCENARIO_SPEC_CANDIDATE","ATLAS_READONLY_ADVISORY_ONLY","false","false","false","false","false","F06 audit/spec only; Atlas scenario/context candidate; never runtime reality claim"
"BRANCHABLE_ATLAS","atlas/world_protocol_atlas/","F06_ATLAS","FILE_PLAN_ALL 1954 BRANCHABLE_ATLAS OBSIDIA_BRANCHABLE_ATLAS_FULL_V0_5_DEEP_FINAL_AUDIT/docs/world_protocol_atlas/agents/voie_des_possibles.md atlas/world_protocol_atlas/ voie_des_possibles.md md P3_ATLAS_CONTENT F06 0 0 0 0 1  NOT_FOUND_LO","INTEGRATE_TO_ATLAS_READONLY_SCENARIO_SPEC_CANDIDATE","ATLAS_READONLY_ADVISORY_ONLY","false","false","false","false","false","F06 audit/spec only; Atlas scenario/context candidate; never runtime reality claim"
"BRANCHABLE_ATLAS","atlas/world_protocol_atlas/","F06_ATLAS","FILE_PLAN_ALL 1955 BRANCHABLE_ATLAS OBSIDIA_BRANCHABLE_ATLAS_FULL_V0_5_DEEP_FINAL_AUDIT/docs/world_protocol_atlas/agents/vu_security_adapter.json atlas/world_protocol_atlas/ vu_security_adapter.json json P3_ATLAS_CONTENT F06 0 0 0 0 1  NOT_","INTEGRATE_TO_ATLAS_READONLY_SCENARIO_SPEC_CANDIDATE","ATLAS_READONLY_ADVISORY_ONLY","false","false","false","false","false","F06 audit/spec only; Atlas scenario/context candidate; never runtime reality claim"
"BRANCHABLE_ATLAS","atlas/world_protocol_atlas/","F06_ATLAS","FILE_PLAN_ALL 1956 BRANCHABLE_ATLAS OBSIDIA_BRANCHABLE_ATLAS_FULL_V0_5_DEEP_FINAL_AUDIT/docs/world_protocol_atlas/agents/vu_security_adapter.md atlas/world_protocol_atlas/ vu_security_adapter.md md P3_ATLAS_CONTENT F06 0 0 0 0 1  NOT_FOUND_","INTEGRATE_TO_ATLAS_READONLY_SCENARIO_SPEC_CANDIDATE","ATLAS_READONLY_ADVISORY_ONLY","false","false","false","false","false","F06 audit/spec only; Atlas scenario/context candidate; never runtime reality claim"
"BRANCHABLE_ATLAS","atlas/world_protocol_atlas/","F06_ATLAS","FILE_PLAN_ALL 1957 BRANCHABLE_ATLAS OBSIDIA_BRANCHABLE_ATLAS_FULL_V0_5_DEEP_FINAL_AUDIT/docs/world_protocol_atlas/agents/wikigraphconnector.json atlas/world_protocol_atlas/ wikigraphconnector.json json P3_ATLAS_CONTENT F06 0 0 0 0 1  NOT_FO","INTEGRATE_TO_ATLAS_READONLY_SCENARIO_SPEC_CANDIDATE","ATLAS_READONLY_ADVISORY_ONLY","false","false","false","false","false","F06 audit/spec only; Atlas scenario/context candidate; never runtime reality claim"
"BRANCHABLE_ATLAS","atlas/world_protocol_atlas/","F06_ATLAS","FILE_PLAN_ALL 1958 BRANCHABLE_ATLAS OBSIDIA_BRANCHABLE_ATLAS_FULL_V0_5_DEEP_FINAL_AUDIT/docs/world_protocol_atlas/agents/wikigraphconnector.md atlas/world_protocol_atlas/ wikigraphconnector.md md P3_ATLAS_CONTENT F06 0 0 0 0 1  NOT_FOUND_LO","INTEGRATE_TO_ATLAS_READONLY_SCENARIO_SPEC_CANDIDATE","ATLAS_READONLY_ADVISORY_ONLY","false","false","false","false","false","F06 audit/spec only; Atlas scenario/context candidate; never runtime reality claim"
"BRANCHABLE_ATLAS","atlas/world_protocol_atlas/","F06_ATLAS","FILE_PLAN_ALL 1959 BRANCHABLE_ATLAS OBSIDIA_BRANCHABLE_ATLAS_FULL_V0_5_DEEP_FINAL_AUDIT/docs/world_protocol_atlas/agents/xai_grok_adapter.json atlas/world_protocol_atlas/ xai_grok_adapter.json json P3_ATLAS_CONTENT F06 0 0 0 0 1  NOT_FOUND_","INTEGRATE_TO_ATLAS_READONLY_SCENARIO_SPEC_CANDIDATE","ATLAS_READONLY_ADVISORY_ONLY","false","false","false","false","false","F06 audit/spec only; Atlas scenario/context candidate; never runtime reality claim"
"BRANCHABLE_ATLAS","atlas/world_protocol_atlas/","F06_ATLAS","FILE_PLAN_ALL 1960 BRANCHABLE_ATLAS OBSIDIA_BRANCHABLE_ATLAS_FULL_V0_5_DEEP_FINAL_AUDIT/docs/world_protocol_atlas/agents/xai_grok_adapter.md atlas/world_protocol_atlas/ xai_grok_adapter.md md P3_ATLAS_CONTENT F06 0 0 0 0 1  NOT_FOUND_LOCAL ","INTEGRATE_TO_ATLAS_READONLY_SCENARIO_SPEC_CANDIDATE","ATLAS_READONLY_ADVISORY_ONLY","false","false","false","false","false","F06 audit/spec only; Atlas scenario/context candidate; never runtime reality claim"
"BRANCHABLE_ATLAS","atlas/world_protocol_atlas/","F06_ATLAS","FILE_PLAN_ALL 1961 BRANCHABLE_ATLAS OBSIDIA_BRANCHABLE_ATLAS_FULL_V0_5_DEEP_FINAL_AUDIT/docs/world_protocol_atlas/agents/ximantix_adapter.json atlas/world_protocol_atlas/ ximantix_adapter.json json P3_ATLAS_CONTENT F06 0 0 0 0 1  NOT_FOUND_","INTEGRATE_TO_ATLAS_READONLY_SCENARIO_SPEC_CANDIDATE","ATLAS_READONLY_ADVISORY_ONLY","false","false","false","false","false","F06 audit/spec only; Atlas scenario/context candidate; never runtime reality claim"
"BRANCHABLE_ATLAS","atlas/world_protocol_atlas/","F06_ATLAS","FILE_PLAN_ALL 1962 BRANCHABLE_ATLAS OBSIDIA_BRANCHABLE_ATLAS_FULL_V0_5_DEEP_FINAL_AUDIT/docs/world_protocol_atlas/agents/ximantix_adapter.md atlas/world_protocol_atlas/ ximantix_adapter.md md P3_ATLAS_CONTENT F06 0 0 0 0 1  NOT_FOUND_LOCAL ","INTEGRATE_TO_ATLAS_READONLY_SCENARIO_SPEC_CANDIDATE","ATLAS_READONLY_ADVISORY_ONLY","false","false","false","false","false","F06 audit/spec only; Atlas scenario/context candidate; never runtime reality claim"
"BRANCHABLE_ATLAS","atlas/world_protocol_atlas/","F06_ATLAS","FILE_PLAN_ALL 1963 BRANCHABLE_ATLAS OBSIDIA_BRANCHABLE_ATLAS_FULL_V0_5_DEEP_FINAL_AUDIT/docs/world_protocol_atlas/agents/zippedi_adapter.json atlas/world_protocol_atlas/ zippedi_adapter.json json P3_ATLAS_CONTENT F06 0 0 0 0 1  NOT_FOUND_LO","INTEGRATE_TO_ATLAS_READONLY_SCENARIO_SPEC_CANDIDATE","ATLAS_READONLY_ADVISORY_ONLY","false","false","false","false","false","F06 audit/spec only; Atlas scenario/context candidate; never runtime reality claim"
"BRANCHABLE_ATLAS","atlas/world_protocol_atlas/","F06_ATLAS","FILE_PLAN_ALL 1964 BRANCHABLE_ATLAS OBSIDIA_BRANCHABLE_ATLAS_FULL_V0_5_DEEP_FINAL_AUDIT/docs/world_protocol_atlas/agents/zippedi_adapter.md atlas/world_protocol_atlas/ zippedi_adapter.md md P3_ATLAS_CONTENT F06 0 0 0 0 1  NOT_FOUND_LOCAL DU","INTEGRATE_TO_ATLAS_READONLY_SCENARIO_SPEC_CANDIDATE","ATLAS_READONLY_ADVISORY_ONLY","false","false","false","false","false","F06 audit/spec only; Atlas scenario/context candidate; never runtime reality claim"
"BRANCHABLE_ATLAS","atlas/world_protocol_atlas/","F06_ATLAS","FILE_PLAN_ALL 1965 BRANCHABLE_ATLAS OBSIDIA_BRANCHABLE_ATLAS_FULL_V0_5_DEEP_FINAL_AUDIT/docs/world_protocol_atlas/modules/concept_modules/M01_catastrophes_naturelles_ia_de_resilience.md atlas/world_protocol_atlas/ M01_catastrophes_naturelle","INTEGRATE_TO_ATLAS_READONLY_SCENARIO_SPEC_CANDIDATE","ATLAS_READONLY_ADVISORY_ONLY","false","false","false","false","false","F06 audit/spec only; Atlas scenario/context candidate; never runtime reality claim"
"BRANCHABLE_ATLAS","atlas/world_protocol_atlas/","F06_ATLAS","FILE_PLAN_ALL 1966 BRANCHABLE_ATLAS OBSIDIA_BRANCHABLE_ATLAS_FULL_V0_5_DEEP_FINAL_AUDIT/docs/world_protocol_atlas/modules/concept_modules/M02_niches_biologiques_virus_adn_insectes_forets_primaires.md atlas/world_protocol_atlas/ M02_niches_b","INTEGRATE_TO_ATLAS_READONLY_SCENARIO_SPEC_CANDIDATE","ATLAS_READONLY_ADVISORY_ONLY","false","false","false","false","false","F06 audit/spec only; Atlas scenario/context candidate; never runtime reality claim"
"BRANCHABLE_ATLAS","atlas/world_protocol_atlas/","F06_ATLAS","FILE_PLAN_ALL 1967 BRANCHABLE_ATLAS OBSIDIA_BRANCHABLE_ATLAS_FULL_V0_5_DEEP_FINAL_AUDIT/docs/world_protocol_atlas/modules/concept_modules/M03_simulation_d_univers_alternatifs.md atlas/world_protocol_atlas/ M03_simulation_d_univers_alternati","INTEGRATE_TO_ATLAS_READONLY_SCENARIO_SPEC_CANDIDATE","ATLAS_READONLY_ADVISORY_ONLY","false","false","false","false","false","F06 audit/spec only; Atlas scenario/context candidate; never runtime reality claim"
"BRANCHABLE_ATLAS","atlas/world_protocol_atlas/","F06_ATLAS","FILE_PLAN_ALL 1968 BRANCHABLE_ATLAS OBSIDIA_BRANCHABLE_ATLAS_FULL_V0_5_DEEP_FINAL_AUDIT/docs/world_protocol_atlas/modules/concept_modules/M04_ia_mort_post_mortem_memoire_des_disparus.md atlas/world_protocol_atlas/ M04_ia_mort_post_mortem_me","INTEGRATE_TO_ATLAS_READONLY_SCENARIO_SPEC_CANDIDATE","ATLAS_READONLY_ADVISORY_ONLY","false","false","false","false","false","F06 audit/spec only; Atlas scenario/context candidate; never runtime reality claim"
"BRANCHABLE_ATLAS","atlas/world_protocol_atlas/","F06_ATLAS","FILE_PLAN_ALL 1969 BRANCHABLE_ATLAS OBSIDIA_BRANCHABLE_ATLAS_FULL_V0_5_DEEP_FINAL_AUDIT/docs/world_protocol_atlas/modules/concept_modules/M05_ia_theatre_fiction_metamorphose.md atlas/world_protocol_atlas/ M05_ia_theatre_fiction_metamorphose","INTEGRATE_TO_ATLAS_READONLY_SCENARIO_SPEC_CANDIDATE","ATLAS_READONLY_ADVISORY_ONLY","false","false","false","false","false","F06 audit/spec only; Atlas scenario/context candidate; never runtime reality claim"
"BRANCHABLE_ATLAS","atlas/world_protocol_atlas/","F06_ATLAS","FILE_PLAN_ALL 1970 BRANCHABLE_ATLAS OBSIDIA_BRANCHABLE_ATLAS_FULL_V0_5_DEEP_FINAL_AUDIT/docs/world_protocol_atlas/modules/concept_modules/M06_ia_reves_subconscient_oneirisme.md atlas/world_protocol_atlas/ M06_ia_reves_subconscient_oneirisme","INTEGRATE_TO_ATLAS_READONLY_SCENARIO_SPEC_CANDIDATE","ATLAS_READONLY_ADVISORY_ONLY","false","false","false","false","false","F06 audit/spec only; Atlas scenario/context candidate; never runtime reality claim"
"BRANCHABLE_ATLAS","atlas/world_protocol_atlas/","F06_ATLAS","FILE_PLAN_ALL 1971 BRANCHABLE_ATLAS OBSIDIA_BRANCHABLE_ATLAS_FULL_V0_5_DEEP_FINAL_AUDIT/docs/world_protocol_atlas/modules/concept_modules/M07_ia_musique_vibration_perception_sonore.md atlas/world_protocol_atlas/ M07_ia_musique_vibration_per","INTEGRATE_TO_ATLAS_READONLY_SCENARIO_SPEC_CANDIDATE","ATLAS_READONLY_ADVISORY_ONLY","false","false","false","false","false","F06 audit/spec only; Atlas scenario/context candidate; never runtime reality claim"
"BRANCHABLE_ATLAS","atlas/world_protocol_atlas/","F06_ATLAS","FILE_PLAN_ALL 1972 BRANCHABLE_ATLAS OBSIDIA_BRANCHABLE_ATLAS_FULL_V0_5_DEEP_FINAL_AUDIT/docs/world_protocol_atlas/modules/concept_modules/M08_ia_multilinguisme_langues_rares.md atlas/world_protocol_atlas/ M08_ia_multilinguisme_langues_rares","INTEGRATE_TO_ATLAS_READONLY_SCENARIO_SPEC_CANDIDATE","ATLAS_READONLY_ADVISORY_ONLY","false","false","false","false","false","F06 audit/spec only; Atlas scenario/context candidate; never runtime reality claim"
"BRANCHABLE_ATLAS","atlas/world_protocol_atlas/","F06_ATLAS","FILE_PLAN_ALL 1973 BRANCHABLE_ATLAS OBSIDIA_BRANCHABLE_ATLAS_FULL_V0_5_DEEP_FINAL_AUDIT/docs/world_protocol_atlas/modules/concept_modules/M09_ia_fiction_metamorphose_theatre_symbolique.md atlas/world_protocol_atlas/ M09_ia_fiction_metamorph","INTEGRATE_TO_ATLAS_READONLY_SCENARIO_SPEC_CANDIDATE","ATLAS_READONLY_ADVISORY_ONLY","false","false","false","false","false","F06 audit/spec only; Atlas scenario/context candidate; never runtime reality claim"
"BRANCHABLE_ATLAS","atlas/world_protocol_atlas/","F06_ATLAS","FILE_PLAN_ALL 1974 BRANCHABLE_ATLAS OBSIDIA_BRANCHABLE_ATLAS_FULL_V0_5_DEEP_FINAL_AUDIT/docs/world_protocol_atlas/modules/concept_modules/M10_ia_mort_post_mortem_memoire_transgenerationnelle.md atlas/world_protocol_atlas/ M10_ia_mort_post_m","INTEGRATE_TO_ATLAS_READONLY_SCENARIO_SPEC_CANDIDATE","ATLAS_READONLY_ADVISORY_ONLY","false","false","false","false","false","F06 audit/spec only; Atlas scenario/context candidate; never runtime reality claim"
"BRANCHABLE_ATLAS","atlas/world_protocol_atlas/","F06_ATLAS","FILE_PLAN_ALL 1975 BRANCHABLE_ATLAS OBSIDIA_BRANCHABLE_ATLAS_FULL_V0_5_DEEP_FINAL_AUDIT/docs/world_protocol_atlas/modules/concept_modules/M11_simulation_d_univers_alternatifs.md atlas/world_protocol_atlas/ M11_simulation_d_univers_alternati","INTEGRATE_TO_ATLAS_READONLY_SCENARIO_SPEC_CANDIDATE","ATLAS_READONLY_ADVISORY_ONLY","false","false","false","false","false","F06 audit/spec only; Atlas scenario/context candidate; never runtime reality claim"
"BRANCHABLE_ATLAS","atlas/world_protocol_atlas/","F06_ATLAS","FILE_PLAN_ALL 1976 BRANCHABLE_ATLAS OBSIDIA_BRANCHABLE_ATLAS_FULL_V0_5_DEEP_FINAL_AUDIT/docs/world_protocol_atlas/modules/concept_modules/M12_niches_biologiques_extremes.md atlas/world_protocol_atlas/ M12_niches_biologiques_extremes.md md P","INTEGRATE_TO_ATLAS_READONLY_SCENARIO_SPEC_CANDIDATE","ATLAS_READONLY_ADVISORY_ONLY","false","false","false","false","false","F06 audit/spec only; Atlas scenario/context candidate; never runtime reality claim"
"BRANCHABLE_ATLAS","atlas/world_protocol_atlas/","F06_ATLAS","FILE_PLAN_ALL 1977 BRANCHABLE_ATLAS OBSIDIA_BRANCHABLE_ATLAS_FULL_V0_5_DEEP_FINAL_AUDIT/docs/world_protocol_atlas/modules/concept_modules/M13_codex_des_ames_memoire_post_vie.md atlas/world_protocol_atlas/ M13_codex_des_ames_memoire_post_vie","INTEGRATE_TO_ATLAS_READONLY_SCENARIO_SPEC_CANDIDATE","ATLAS_READONLY_ADVISORY_ONLY","false","false","false","false","false","F06 audit/spec only; Atlas scenario/context candidate; never runtime reality claim"
"BRANCHABLE_ATLAS","atlas/world_protocol_atlas/","F06_ATLAS","FILE_PLAN_ALL 1978 BRANCHABLE_ATLAS OBSIDIA_BRANCHABLE_ATLAS_FULL_V0_5_DEEP_FINAL_AUDIT/docs/world_protocol_atlas/modules/concept_modules/M14_theatre_fiction_metamorphose.md atlas/world_protocol_atlas/ M14_theatre_fiction_metamorphose.md md","INTEGRATE_TO_ATLAS_READONLY_SCENARIO_SPEC_CANDIDATE","ATLAS_READONLY_ADVISORY_ONLY","false","false","false","false","false","F06 audit/spec only; Atlas scenario/context candidate; never runtime reality claim"
"BRANCHABLE_ATLAS","atlas/world_protocol_atlas/","F06_ATLAS","FILE_PLAN_ALL 1979 BRANCHABLE_ATLAS OBSIDIA_BRANCHABLE_ATLAS_FULL_V0_5_DEEP_FINAL_AUDIT/docs/world_protocol_atlas/modules/concept_modules/M15_simulation_d_univers_alternatifs_realites_speculatives.md atlas/world_protocol_atlas/ M15_simulati","INTEGRATE_TO_ATLAS_READONLY_SCENARIO_SPEC_CANDIDATE","ATLAS_READONLY_ADVISORY_ONLY","false","false","false","false","false","F06 audit/spec only; Atlas scenario/context candidate; never runtime reality claim"
"BRANCHABLE_ATLAS","atlas/world_protocol_atlas/","F06_ATLAS","FILE_PLAN_ALL 1980 BRANCHABLE_ATLAS OBSIDIA_BRANCHABLE_ATLAS_FULL_V0_5_DEEP_FINAL_AUDIT/docs/world_protocol_atlas/modules/concept_modules/M16_catastrophes_naturelles_ia_de_resilience.md atlas/world_protocol_atlas/ M16_catastrophes_naturelle","INTEGRATE_TO_ATLAS_READONLY_SCENARIO_SPEC_CANDIDATE","ATLAS_READONLY_ADVISORY_ONLY","false","false","false","false","false","F06 audit/spec only; Atlas scenario/context candidate; never runtime reality claim"
"BRANCHABLE_ATLAS","atlas/world_protocol_atlas/","F06_ATLAS","FILE_PLAN_ALL 1981 BRANCHABLE_ATLAS OBSIDIA_BRANCHABLE_ATLAS_FULL_V0_5_DEEP_FINAL_AUDIT/docs/world_protocol_atlas/modules/concept_modules/M17_niches_biologiques_virus_adn_insectes_forets_primaires.md atlas/world_protocol_atlas/ M17_niches_b","INTEGRATE_TO_ATLAS_READONLY_SCENARIO_SPEC_CANDIDATE","ATLAS_READONLY_ADVISORY_ONLY","false","false","false","false","false","F06 audit/spec only; Atlas scenario/context candidate; never runtime reality claim"
"BRANCHABLE_ATLAS","atlas/world_protocol_atlas/","F06_ATLAS","FILE_PLAN_ALL 1982 BRANCHABLE_ATLAS OBSIDIA_BRANCHABLE_ATLAS_FULL_V0_5_DEEP_FINAL_AUDIT/docs/world_protocol_atlas/modules/concept_modules/M18_simulation_d_univers_alternatifs.md atlas/world_protocol_atlas/ M18_simulation_d_univers_alternati","INTEGRATE_TO_ATLAS_READONLY_SCENARIO_SPEC_CANDIDATE","ATLAS_READONLY_ADVISORY_ONLY","false","false","false","false","false","F06 audit/spec only; Atlas scenario/context candidate; never runtime reality claim"
"BRANCHABLE_ATLAS","atlas/world_protocol_atlas/","F06_ATLAS","FILE_PLAN_ALL 1983 BRANCHABLE_ATLAS OBSIDIA_BRANCHABLE_ATLAS_FULL_V0_5_DEEP_FINAL_AUDIT/docs/world_protocol_atlas/modules/concept_modules/M19_ia_mort_post_mortem_memoire_des_disparus.md atlas/world_protocol_atlas/ M19_ia_mort_post_mortem_me","INTEGRATE_TO_ATLAS_READONLY_SCENARIO_SPEC_CANDIDATE","ATLAS_READONLY_ADVISORY_ONLY","false","false","false","false","false","F06 audit/spec only; Atlas scenario/context candidate; never runtime reality claim"
"BRANCHABLE_ATLAS","atlas/world_protocol_atlas/","F06_ATLAS","FILE_PLAN_ALL 1984 BRANCHABLE_ATLAS OBSIDIA_BRANCHABLE_ATLAS_FULL_V0_5_DEEP_FINAL_AUDIT/docs/world_protocol_atlas/modules/concept_modules/M20_ia_theatre_fiction_metamorphose.md atlas/world_protocol_atlas/ M20_ia_theatre_fiction_metamorphose","INTEGRATE_TO_ATLAS_READONLY_SCENARIO_SPEC_CANDIDATE","ATLAS_READONLY_ADVISORY_ONLY","false","false","false","false","false","F06 audit/spec only; Atlas scenario/context candidate; never runtime reality claim"
"BRANCHABLE_ATLAS","atlas/world_protocol_atlas/","F06_ATLAS","FILE_PLAN_ALL 1985 BRANCHABLE_ATLAS OBSIDIA_BRANCHABLE_ATLAS_FULL_V0_5_DEEP_FINAL_AUDIT/docs/world_protocol_atlas/modules/concept_modules/M21_simulation_d_univers_alternatifs.md atlas/world_protocol_atlas/ M21_simulation_d_univers_alternati","INTEGRATE_TO_ATLAS_READONLY_SCENARIO_SPEC_CANDIDATE","ATLAS_READONLY_ADVISORY_ONLY","false","false","false","false","false","F06 audit/spec only; Atlas scenario/context candidate; never runtime reality claim"
"BRANCHABLE_ATLAS","atlas/world_protocol_atlas/","F06_ATLAS","FILE_PLAN_ALL 1986 BRANCHABLE_ATLAS OBSIDIA_BRANCHABLE_ATLAS_FULL_V0_5_DEEP_FINAL_AUDIT/docs/world_protocol_atlas/modules/concept_modules/M22_ia_mort_post_mortem_memoire.md atlas/world_protocol_atlas/ M22_ia_mort_post_mortem_memoire.md md P","INTEGRATE_TO_ATLAS_READONLY_SCENARIO_SPEC_CANDIDATE","ATLAS_READONLY_ADVISORY_ONLY","false","false","false","false","false","F06 audit/spec only; Atlas scenario/context candidate; never runtime reality claim"
"BRANCHABLE_ATLAS","atlas/world_protocol_atlas/","F06_ATLAS","FILE_PLAN_ALL 1987 BRANCHABLE_ATLAS OBSIDIA_BRANCHABLE_ATLAS_FULL_V0_5_DEEP_FINAL_AUDIT/docs/world_protocol_atlas/modules/concept_modules/M23_niches_biologiques_virus_adn_forets_primaires.md atlas/world_protocol_atlas/ M23_niches_biologique","INTEGRATE_TO_ATLAS_READONLY_SCENARIO_SPEC_CANDIDATE","ATLAS_READONLY_ADVISORY_ONLY","false","false","false","false","false","F06 audit/spec only; Atlas scenario/context candidate; never runtime reality claim"
"BRANCHABLE_ATLAS","atlas/world_protocol_atlas/","F06_ATLAS","FILE_PLAN_ALL 1988 BRANCHABLE_ATLAS OBSIDIA_BRANCHABLE_ATLAS_FULL_V0_5_DEEP_FINAL_AUDIT/docs/world_protocol_atlas/modules/concept_modules/M24_ia_catastrophes_naturelles.md atlas/world_protocol_atlas/ M24_ia_catastrophes_naturelles.md md P3_","INTEGRATE_TO_ATLAS_READONLY_SCENARIO_SPEC_CANDIDATE","ATLAS_READONLY_ADVISORY_ONLY","false","false","false","false","false","F06 audit/spec only; Atlas scenario/context candidate; never runtime reality claim"
"BRANCHABLE_ATLAS","atlas/world_protocol_atlas/","F06_ATLAS","FILE_PLAN_ALL 1989 BRANCHABLE_ATLAS OBSIDIA_BRANCHABLE_ATLAS_FULL_V0_5_DEEP_FINAL_AUDIT/docs/world_protocol_atlas/modules/open_source_orgs/B1_open_source_ecology.md atlas/world_protocol_atlas/ B1_open_source_ecology.md md P3_ATLAS_CONTENT F","INTEGRATE_TO_ATLAS_READONLY_SCENARIO_SPEC_CANDIDATE","ATLAS_READONLY_ADVISORY_ONLY","false","false","false","false","false","F06 audit/spec only; Atlas scenario/context candidate; never runtime reality claim"
"BRANCHABLE_ATLAS","atlas/world_protocol_atlas/","F06_ATLAS","FILE_PLAN_ALL 1990 BRANCHABLE_ATLAS OBSIDIA_BRANCHABLE_ATLAS_FULL_V0_5_DEEP_FINAL_AUDIT/docs/world_protocol_atlas/modules/open_source_orgs/B2_internet_archive.md atlas/world_protocol_atlas/ B2_internet_archive.md md P3_ATLAS_CONTENT F06 0 0","INTEGRATE_TO_ATLAS_READONLY_SCENARIO_SPEC_CANDIDATE","ATLAS_READONLY_ADVISORY_ONLY","false","false","false","false","false","F06 audit/spec only; Atlas scenario/context candidate; never runtime reality claim"
"BRANCHABLE_ATLAS","atlas/world_protocol_atlas/","F06_ATLAS","FILE_PLAN_ALL 1991 BRANCHABLE_ATLAS OBSIDIA_BRANCHABLE_ATLAS_FULL_V0_5_DEEP_FINAL_AUDIT/docs/world_protocol_atlas/modules/open_source_orgs/B3_openai_non_commercial_legacy_avant_virage.md atlas/world_protocol_atlas/ B3_openai_non_commercial_","INTEGRATE_TO_ATLAS_READONLY_SCENARIO_SPEC_CANDIDATE","ATLAS_READONLY_ADVISORY_ONLY","false","false","false","false","false","F06 audit/spec only; Atlas scenario/context candidate; never runtime reality claim"
"BRANCHABLE_ATLAS","atlas/world_protocol_atlas/","F06_ATLAS","FILE_PLAN_ALL 1992 BRANCHABLE_ATLAS OBSIDIA_BRANCHABLE_ATLAS_FULL_V0_5_DEEP_FINAL_AUDIT/docs/world_protocol_atlas/modules/open_source_orgs/B4_creative_commons.md atlas/world_protocol_atlas/ B4_creative_commons.md md P3_ATLAS_CONTENT F06 0 0","INTEGRATE_TO_ATLAS_READONLY_SCENARIO_SPEC_CANDIDATE","ATLAS_READONLY_ADVISORY_ONLY","false","false","false","false","false","F06 audit/spec only; Atlas scenario/context candidate; never runtime reality claim"
"BRANCHABLE_ATLAS","atlas/world_protocol_atlas/","F06_ATLAS","FILE_PLAN_ALL 1993 BRANCHABLE_ATLAS OBSIDIA_BRANCHABLE_ATLAS_FULL_V0_5_DEEP_FINAL_AUDIT/docs/world_protocol_atlas/modules/open_source_orgs/B5_wikidata_wikimedia_foundation.md atlas/world_protocol_atlas/ B5_wikidata_wikimedia_foundation.md m","INTEGRATE_TO_ATLAS_READONLY_SCENARIO_SPEC_CANDIDATE","ATLAS_READONLY_ADVISORY_ONLY","false","false","false","false","false","F06 audit/spec only; Atlas scenario/context candidate; never runtime reality claim"
"BRANCHABLE_ATLAS","atlas/world_protocol_atlas/","F06_ATLAS","FILE_PLAN_ALL 1994 BRANCHABLE_ATLAS OBSIDIA_BRANCHABLE_ATLAS_FULL_V0_5_DEEP_FINAL_AUDIT/docs/world_protocol_atlas/modules/open_source_orgs/B6_common_voice_mozilla.md atlas/world_protocol_atlas/ B6_common_voice_mozilla.md md P3_ATLAS_CONTENT","INTEGRATE_TO_ATLAS_READONLY_SCENARIO_SPEC_CANDIDATE","ATLAS_READONLY_ADVISORY_ONLY","false","false","false","false","false","F06 audit/spec only; Atlas scenario/context candidate; never runtime reality claim"
"BRANCHABLE_ATLAS","atlas/world_protocol_atlas/","F06_ATLAS","FILE_PLAN_ALL 1995 BRANCHABLE_ATLAS OBSIDIA_BRANCHABLE_ATLAS_FULL_V0_5_DEEP_FINAL_AUDIT/docs/world_protocol_atlas/modules/open_source_orgs/B7_gosh_global_open_science_hardware.md atlas/world_protocol_atlas/ B7_gosh_global_open_science_hardw","INTEGRATE_TO_ATLAS_READONLY_SCENARIO_SPEC_CANDIDATE","ATLAS_READONLY_ADVISORY_ONLY","false","false","false","false","false","F06 audit/spec only; Atlas scenario/context candidate; never runtime reality claim"
"BRANCHABLE_ATLAS","atlas/world_protocol_atlas/","F06_ATLAS","FILE_PLAN_ALL 1996 BRANCHABLE_ATLAS OBSIDIA_BRANCHABLE_ATLAS_FULL_V0_5_DEEP_FINAL_AUDIT/docs/world_protocol_atlas/modules/world_domains/A10_memoire_vhs_archives_analogiques.md atlas/world_protocol_atlas/ A10_memoire_vhs_archives_analogiques","INTEGRATE_TO_ATLAS_READONLY_SCENARIO_SPEC_CANDIDATE","ATLAS_READONLY_ADVISORY_ONLY","false","false","false","false","false","F06 audit/spec only; Atlas scenario/context candidate; never runtime reality claim"
"BRANCHABLE_ATLAS","atlas/world_protocol_atlas/","F06_ATLAS","FILE_PLAN_ALL 1997 BRANCHABLE_ATLAS OBSIDIA_BRANCHABLE_ATLAS_FULL_V0_5_DEEP_FINAL_AUDIT/docs/world_protocol_atlas/modules/world_domains/A1_terres_autochtones_memoire_ancestrale.md atlas/world_protocol_atlas/ A1_terres_autochtones_memoire_an","INTEGRATE_TO_ATLAS_READONLY_SCENARIO_SPEC_CANDIDATE","ATLAS_READONLY_ADVISORY_ONLY","false","false","false","false","false","F06 audit/spec only; Atlas scenario/context candidate; never runtime reality claim"
"BRANCHABLE_ATLAS","atlas/world_protocol_atlas/","F06_ATLAS","FILE_PLAN_ALL 1998 BRANCHABLE_ATLAS OBSIDIA_BRANCHABLE_ATLAS_FULL_V0_5_DEEP_FINAL_AUDIT/docs/world_protocol_atlas/modules/world_domains/A2_zone_arctique_polaire.md atlas/world_protocol_atlas/ A2_zone_arctique_polaire.md md P3_ATLAS_CONTENT ","INTEGRATE_TO_ATLAS_READONLY_SCENARIO_SPEC_CANDIDATE","ATLAS_READONLY_ADVISORY_ONLY","false","false","false","false","false","F06 audit/spec only; Atlas scenario/context candidate; never runtime reality claim"
"BRANCHABLE_ATLAS","atlas/world_protocol_atlas/","F06_ATLAS","FILE_PLAN_ALL 1999 BRANCHABLE_ATLAS OBSIDIA_BRANCHABLE_ATLAS_FULL_V0_5_DEEP_FINAL_AUDIT/docs/world_protocol_atlas/modules/world_domains/A3_ia_spiritualite_non_occidentale.md atlas/world_protocol_atlas/ A3_ia_spiritualite_non_occidentale.md ","INTEGRATE_TO_ATLAS_READONLY_SCENARIO_SPEC_CANDIDATE","ATLAS_READONLY_ADVISORY_ONLY","false","false","false","false","false","F06 audit/spec only; Atlas scenario/context candidate; never runtime reality claim"
"BRANCHABLE_ATLAS","atlas/world_protocol_atlas/","F06_ATLAS","FILE_PLAN_ALL 2000 BRANCHABLE_ATLAS OBSIDIA_BRANCHABLE_ATLAS_FULL_V0_5_DEEP_FINAL_AUDIT/docs/world_protocol_atlas/modules/world_domains/A4_ressources_minieres_ecocide.md atlas/world_protocol_atlas/ A4_ressources_minieres_ecocide.md md P3_AT","INTEGRATE_TO_ATLAS_READONLY_SCENARIO_SPEC_CANDIDATE","ATLAS_READONLY_ADVISORY_ONLY","false","false","false","false","false","F06 audit/spec only; Atlas scenario/context candidate; never runtime reality claim"
"BRANCHABLE_ATLAS","atlas/world_protocol_atlas/","F06_ATLAS","FILE_PLAN_ALL 2001 BRANCHABLE_ATLAS OBSIDIA_BRANCHABLE_ATLAS_FULL_V0_5_DEEP_FINAL_AUDIT/docs/world_protocol_atlas/modules/world_domains/A5_exils_peuples_deplaces_diasporas.md atlas/world_protocol_atlas/ A5_exils_peuples_deplaces_diasporas.m","INTEGRATE_TO_ATLAS_READONLY_SCENARIO_SPEC_CANDIDATE","ATLAS_READONLY_ADVISORY_ONLY","false","false","false","false","false","F06 audit/spec only; Atlas scenario/context candidate; never runtime reality claim"
"BRANCHABLE_ATLAS","atlas/world_protocol_atlas/","F06_ATLAS","FILE_PLAN_ALL 2002 BRANCHABLE_ATLAS OBSIDIA_BRANCHABLE_ATLAS_FULL_V0_5_DEEP_FINAL_AUDIT/docs/world_protocol_atlas/modules/world_domains/A6_objets_magiques_symboles_croyances.md atlas/world_protocol_atlas/ A6_objets_magiques_symboles_croyanc","INTEGRATE_TO_ATLAS_READONLY_SCENARIO_SPEC_CANDIDATE","ATLAS_READONLY_ADVISORY_ONLY","false","false","false","false","false","F06 audit/spec only; Atlas scenario/context candidate; never runtime reality claim"
"BRANCHABLE_ATLAS","atlas/world_protocol_atlas/","F06_ATLAS","FILE_PLAN_ALL 2003 BRANCHABLE_ATLAS OBSIDIA_BRANCHABLE_ATLAS_FULL_V0_5_DEEP_FINAL_AUDIT/docs/world_protocol_atlas/modules/world_domains/A7_archeologie_sous_marine_civilisations_perdues.md atlas/world_protocol_atlas/ A7_archeologie_sous_mari","INTEGRATE_TO_ATLAS_READONLY_SCENARIO_SPEC_CANDIDATE","ATLAS_READONLY_ADVISORY_ONLY","false","false","false","false","false","F06 audit/spec only; Atlas scenario/context candidate; never runtime reality claim"
"BRANCHABLE_ATLAS","atlas/world_protocol_atlas/","F06_ATLAS","FILE_PLAN_ALL 2004 BRANCHABLE_ATLAS OBSIDIA_BRANCHABLE_ATLAS_FULL_V0_5_DEEP_FINAL_AUDIT/docs/world_protocol_atlas/modules/world_domains/A8_sante_mentale_communautaire.md atlas/world_protocol_atlas/ A8_sante_mentale_communautaire.md md P3_AT","INTEGRATE_TO_ATLAS_READONLY_SCENARIO_SPEC_CANDIDATE","ATLAS_READONLY_ADVISORY_ONLY","false","false","false","false","false","F06 audit/spec only; Atlas scenario/context candidate; never runtime reality claim"
"BRANCHABLE_ATLAS","atlas/world_protocol_atlas/","F06_ATLAS","FILE_PLAN_ALL 2005 BRANCHABLE_ATLAS OBSIDIA_BRANCHABLE_ATLAS_FULL_V0_5_DEEP_FINAL_AUDIT/docs/world_protocol_atlas/modules/world_domains/A9_ia_cirque_arts_nomades.md atlas/world_protocol_atlas/ A9_ia_cirque_arts_nomades.md md P3_ATLAS_CONTEN","INTEGRATE_TO_ATLAS_READONLY_SCENARIO_SPEC_CANDIDATE","ATLAS_READONLY_ADVISORY_ONLY","false","false","false","false","false","F06 audit/spec only; Atlas scenario/context candidate; never runtime reality claim"
"BRANCHABLE_ATLAS","atlas/world_protocol_atlas/","F06_ATLAS","FILE_PLAN_ALL 2006 BRANCHABLE_ATLAS OBSIDIA_BRANCHABLE_ATLAS_FULL_V0_5_DEEP_FINAL_AUDIT/docs/world_protocol_atlas/open_source_projects/OSP_AISSEMBLE_aissemble.md atlas/world_protocol_atlas/ OSP_AISSEMBLE_aissemble.md md P3_ATLAS_CONTENT F06","INTEGRATE_TO_ATLAS_READONLY_SCENARIO_SPEC_CANDIDATE","ATLAS_READONLY_ADVISORY_ONLY","false","false","false","false","false","F06 audit/spec only; Atlas scenario/context candidate; never runtime reality claim"
"BRANCHABLE_ATLAS","atlas/world_protocol_atlas/","F06_ATLAS","FILE_PLAN_ALL 2007 BRANCHABLE_ATLAS OBSIDIA_BRANCHABLE_ATLAS_FULL_V0_5_DEEP_FINAL_AUDIT/docs/world_protocol_atlas/open_source_projects/OSP_ASTRONN_astronn.md atlas/world_protocol_atlas/ OSP_ASTRONN_astronn.md md P3_ATLAS_CONTENT F06 0 0 0 0","INTEGRATE_TO_ATLAS_READONLY_SCENARIO_SPEC_CANDIDATE","ATLAS_READONLY_ADVISORY_ONLY","false","false","false","false","false","F06 audit/spec only; Atlas scenario/context candidate; never runtime reality claim"
"BRANCHABLE_ATLAS","atlas/world_protocol_atlas/","F06_ATLAS","FILE_PLAN_ALL 2008 BRANCHABLE_ATLAS OBSIDIA_BRANCHABLE_ATLAS_FULL_V0_5_DEEP_FINAL_AUDIT/docs/world_protocol_atlas/open_source_projects/OSP_AUTOGEN_autogen.md atlas/world_protocol_atlas/ OSP_AUTOGEN_autogen.md md P3_ATLAS_CONTENT F06 0 0 0 0","INTEGRATE_TO_ATLAS_READONLY_SCENARIO_SPEC_CANDIDATE","ATLAS_READONLY_ADVISORY_ONLY","false","false","false","false","false","F06 audit/spec only; Atlas scenario/context candidate; never runtime reality claim"
"BRANCHABLE_ATLAS","atlas/world_protocol_atlas/","F06_ATLAS","FILE_PLAN_ALL 2009 BRANCHABLE_ATLAS OBSIDIA_BRANCHABLE_ATLAS_FULL_V0_5_DEEP_FINAL_AUDIT/docs/world_protocol_atlas/open_source_projects/OSP_BEEAI_beeai.md atlas/world_protocol_atlas/ OSP_BEEAI_beeai.md md P3_ATLAS_CONTENT F06 0 0 0 0 1  NOT_","INTEGRATE_TO_ATLAS_READONLY_SCENARIO_SPEC_CANDIDATE","ATLAS_READONLY_ADVISORY_ONLY","false","false","false","false","false","F06 audit/spec only; Atlas scenario/context candidate; never runtime reality claim"
"BRANCHABLE_ATLAS","atlas/world_protocol_atlas/","F06_ATLAS","FILE_PLAN_ALL 2010 BRANCHABLE_ATLAS OBSIDIA_BRANCHABLE_ATLAS_FULL_V0_5_DEEP_FINAL_AUDIT/docs/world_protocol_atlas/open_source_projects/OSP_BERKELEY_HUMANOID_LITE_berkeley_humanoid_lite.md atlas/world_protocol_atlas/ OSP_BERKELEY_HUMANOID_LI","INTEGRATE_TO_ATLAS_READONLY_SCENARIO_SPEC_CANDIDATE","ATLAS_READONLY_ADVISORY_ONLY","false","false","false","false","false","F06 audit/spec only; Atlas scenario/context candidate; never runtime reality claim"
"BRANCHABLE_ATLAS","atlas/world_protocol_atlas/","F06_ATLAS","FILE_PLAN_ALL 2011 BRANCHABLE_ATLAS OBSIDIA_BRANCHABLE_ATLAS_FULL_V0_5_DEEP_FINAL_AUDIT/docs/world_protocol_atlas/open_source_projects/OSP_BIODYNAMO_biodynamo.md atlas/world_protocol_atlas/ OSP_BIODYNAMO_biodynamo.md md P3_ATLAS_CONTENT F06","INTEGRATE_TO_ATLAS_READONLY_SCENARIO_SPEC_CANDIDATE","ATLAS_READONLY_ADVISORY_ONLY","false","false","false","false","false","F06 audit/spec only; Atlas scenario/context candidate; never runtime reality claim"
"BRANCHABLE_ATLAS","atlas/world_protocol_atlas/","F06_ATLAS","FILE_PLAN_ALL 2012 BRANCHABLE_ATLAS OBSIDIA_BRANCHABLE_ATLAS_FULL_V0_5_DEEP_FINAL_AUDIT/docs/world_protocol_atlas/open_source_projects/OSP_BRAINPY_brainpy.md atlas/world_protocol_atlas/ OSP_BRAINPY_brainpy.md md P3_ATLAS_CONTENT F06 0 0 0 0","INTEGRATE_TO_ATLAS_READONLY_SCENARIO_SPEC_CANDIDATE","ATLAS_READONLY_ADVISORY_ONLY","false","false","false","false","false","F06 audit/spec only; Atlas scenario/context candidate; never runtime reality claim"
"BRANCHABLE_ATLAS","atlas/world_protocol_atlas/","F06_ATLAS","FILE_PLAN_ALL 2013 BRANCHABLE_ATLAS OBSIDIA_BRANCHABLE_ATLAS_FULL_V0_5_DEEP_FINAL_AUDIT/docs/world_protocol_atlas/open_source_projects/OSP_COMPOSIO_composio.md atlas/world_protocol_atlas/ OSP_COMPOSIO_composio.md md P3_ATLAS_CONTENT F06 0 0","INTEGRATE_TO_ATLAS_READONLY_SCENARIO_SPEC_CANDIDATE","ATLAS_READONLY_ADVISORY_ONLY","false","false","false","false","false","F06 audit/spec only; Atlas scenario/context candidate; never runtime reality claim"
"BRANCHABLE_ATLAS","atlas/world_protocol_atlas/","F06_ATLAS","FILE_PLAN_ALL 2014 BRANCHABLE_ATLAS OBSIDIA_BRANCHABLE_ATLAS_FULL_V0_5_DEEP_FINAL_AUDIT/docs/world_protocol_atlas/open_source_projects/OSP_CREWAI_crewai.md atlas/world_protocol_atlas/ OSP_CREWAI_crewai.md md P3_ATLAS_CONTENT F06 0 0 0 0 1  ","INTEGRATE_TO_ATLAS_READONLY_SCENARIO_SPEC_CANDIDATE","ATLAS_READONLY_ADVISORY_ONLY","false","false","false","false","false","F06 audit/spec only; Atlas scenario/context candidate; never runtime reality claim"
"BRANCHABLE_ATLAS","atlas/world_protocol_atlas/","F06_ATLAS","FILE_PLAN_ALL 2015 BRANCHABLE_ATLAS OBSIDIA_BRANCHABLE_ATLAS_FULL_V0_5_DEEP_FINAL_AUDIT/docs/world_protocol_atlas/open_source_projects/OSP_DEEPCHEM_deepchem.md atlas/world_protocol_atlas/ OSP_DEEPCHEM_deepchem.md md P3_ATLAS_CONTENT F06 0 0","INTEGRATE_TO_ATLAS_READONLY_SCENARIO_SPEC_CANDIDATE","ATLAS_READONLY_ADVISORY_ONLY","false","false","false","false","false","F06 audit/spec only; Atlas scenario/context candidate; never runtime reality claim"
"BRANCHABLE_ATLAS","atlas/world_protocol_atlas/","F06_ATLAS","FILE_PLAN_ALL 2016 BRANCHABLE_ATLAS OBSIDIA_BRANCHABLE_ATLAS_FULL_V0_5_DEEP_FINAL_AUDIT/docs/world_protocol_atlas/open_source_projects/OSP_DEEPSEEK_R1_deepseek_r1.md atlas/world_protocol_atlas/ OSP_DEEPSEEK_R1_deepseek_r1.md md P3_ATLAS_CON","INTEGRATE_TO_ATLAS_READONLY_SCENARIO_SPEC_CANDIDATE","ATLAS_READONLY_ADVISORY_ONLY","false","false","false","false","false","F06 audit/spec only; Atlas scenario/context candidate; never runtime reality claim"
"BRANCHABLE_ATLAS","atlas/world_protocol_atlas/","F06_ATLAS","FILE_PLAN_ALL 2017 BRANCHABLE_ATLAS OBSIDIA_BRANCHABLE_ATLAS_FULL_V0_5_DEEP_FINAL_AUDIT/docs/world_protocol_atlas/open_source_projects/OSP_DELPHI_delphi.md atlas/world_protocol_atlas/ OSP_DELPHI_delphi.md md P3_ATLAS_CONTENT F06 0 0 0 0 1  ","INTEGRATE_TO_ATLAS_READONLY_SCENARIO_SPEC_CANDIDATE","ATLAS_READONLY_ADVISORY_ONLY","false","false","false","false","false","F06 audit/spec only; Atlas scenario/context candidate; never runtime reality claim"
"BRANCHABLE_ATLAS","atlas/world_protocol_atlas/","F06_ATLAS","FILE_PLAN_ALL 2018 BRANCHABLE_ATLAS OBSIDIA_BRANCHABLE_ATLAS_FULL_V0_5_DEEP_FINAL_AUDIT/docs/world_protocol_atlas/open_source_projects/OSP_DRAMATRON_dramatron.md atlas/world_protocol_atlas/ OSP_DRAMATRON_dramatron.md md P3_ATLAS_CONTENT F06","INTEGRATE_TO_ATLAS_READONLY_SCENARIO_SPEC_CANDIDATE","ATLAS_READONLY_ADVISORY_ONLY","false","false","false","false","false","F06 audit/spec only; Atlas scenario/context candidate; never runtime reality claim"
"BRANCHABLE_ATLAS","atlas/world_protocol_atlas/","F06_ATLAS","FILE_PLAN_ALL 2019 BRANCHABLE_ATLAS OBSIDIA_BRANCHABLE_ATLAS_FULL_V0_5_DEEP_FINAL_AUDIT/docs/world_protocol_atlas/open_source_projects/OSP_GAIA_gaia.md atlas/world_protocol_atlas/ OSP_GAIA_gaia.md md P3_ATLAS_CONTENT F06 0 0 0 0 1  NOT_FOUN","INTEGRATE_TO_ATLAS_READONLY_SCENARIO_SPEC_CANDIDATE","ATLAS_READONLY_ADVISORY_ONLY","false","false","false","false","false","F06 audit/spec only; Atlas scenario/context candidate; never runtime reality claim"
"BRANCHABLE_ATLAS","atlas/world_protocol_atlas/","F06_ATLAS","FILE_PLAN_ALL 2020 BRANCHABLE_ATLAS OBSIDIA_BRANCHABLE_ATLAS_FULL_V0_5_DEEP_FINAL_AUDIT/docs/world_protocol_atlas/open_source_projects/OSP_HELIOPY_heliopy.md atlas/world_protocol_atlas/ OSP_HELIOPY_heliopy.md md P3_ATLAS_CONTENT F06 0 0 0 0","INTEGRATE_TO_ATLAS_READONLY_SCENARIO_SPEC_CANDIDATE","ATLAS_READONLY_ADVISORY_ONLY","false","false","false","false","false","F06 audit/spec only; Atlas scenario/context candidate; never runtime reality claim"
"BRANCHABLE_ATLAS","atlas/world_protocol_atlas/","F06_ATLAS","FILE_PLAN_ALL 2021 BRANCHABLE_ATLAS OBSIDIA_BRANCHABLE_ATLAS_FULL_V0_5_DEEP_FINAL_AUDIT/docs/world_protocol_atlas/open_source_projects/OSP_INSTRUCTLAB_instructlab.md atlas/world_protocol_atlas/ OSP_INSTRUCTLAB_instructlab.md md P3_ATLAS_CON","INTEGRATE_TO_ATLAS_READONLY_SCENARIO_SPEC_CANDIDATE","ATLAS_READONLY_ADVISORY_ONLY","false","false","false","false","false","F06 audit/spec only; Atlas scenario/context candidate; never runtime reality claim"
"BRANCHABLE_ATLAS","atlas/world_protocol_atlas/","F06_ATLAS","FILE_PLAN_ALL 2022 BRANCHABLE_ATLAS OBSIDIA_BRANCHABLE_ATLAS_FULL_V0_5_DEEP_FINAL_AUDIT/docs/world_protocol_atlas/open_source_projects/OSP_JDEROBOT_VISUALCIRCUIT_jderobot_visualcircuit.md atlas/world_protocol_atlas/ OSP_JDEROBOT_VISUALCIRCU","INTEGRATE_TO_ATLAS_READONLY_SCENARIO_SPEC_CANDIDATE","ATLAS_READONLY_ADVISORY_ONLY","false","false","false","false","false","F06 audit/spec only; Atlas scenario/context candidate; never runtime reality claim"
"BRANCHABLE_ATLAS","atlas/world_protocol_atlas/","F06_ATLAS","FILE_PLAN_ALL 2023 BRANCHABLE_ATLAS OBSIDIA_BRANCHABLE_ATLAS_FULL_V0_5_DEEP_FINAL_AUDIT/docs/world_protocol_atlas/open_source_projects/OSP_KWANT_AI_kwant_ai.md atlas/world_protocol_atlas/ OSP_KWANT_AI_kwant_ai.md md P3_ATLAS_CONTENT F06 0 0","INTEGRATE_TO_ATLAS_READONLY_SCENARIO_SPEC_CANDIDATE","ATLAS_READONLY_ADVISORY_ONLY","false","false","false","false","false","F06 audit/spec only; Atlas scenario/context candidate; never runtime reality claim"
"BRANCHABLE_ATLAS","atlas/world_protocol_atlas/","F06_ATLAS","FILE_PLAN_ALL 2024 BRANCHABLE_ATLAS OBSIDIA_BRANCHABLE_ATLAS_FULL_V0_5_DEEP_FINAL_AUDIT/docs/world_protocol_atlas/open_source_projects/OSP_LAMAS_lamas.md atlas/world_protocol_atlas/ OSP_LAMAS_lamas.md md P3_ATLAS_CONTENT F06 0 0 0 0 1  NOT_","INTEGRATE_TO_ATLAS_READONLY_SCENARIO_SPEC_CANDIDATE","ATLAS_READONLY_ADVISORY_ONLY","false","false","false","false","false","F06 audit/spec only; Atlas scenario/context candidate; never runtime reality claim"
"BRANCHABLE_ATLAS","atlas/world_protocol_atlas/","F06_ATLAS","FILE_PLAN_ALL 2025 BRANCHABLE_ATLAS OBSIDIA_BRANCHABLE_ATLAS_FULL_V0_5_DEEP_FINAL_AUDIT/docs/world_protocol_atlas/open_source_projects/OSP_LANGCHAIN_langchain.md atlas/world_protocol_atlas/ OSP_LANGCHAIN_langchain.md md P3_ATLAS_CONTENT F06","INTEGRATE_TO_ATLAS_READONLY_SCENARIO_SPEC_CANDIDATE","ATLAS_READONLY_ADVISORY_ONLY","false","false","false","false","false","F06 audit/spec only; Atlas scenario/context candidate; never runtime reality claim"
"BRANCHABLE_ATLAS","atlas/world_protocol_atlas/","F06_ATLAS","FILE_PLAN_ALL 2026 BRANCHABLE_ATLAS OBSIDIA_BRANCHABLE_ATLAS_FULL_V0_5_DEEP_FINAL_AUDIT/docs/world_protocol_atlas/open_source_projects/OSP_LANGGRAPH_langgraph.md atlas/world_protocol_atlas/ OSP_LANGGRAPH_langgraph.md md P3_ATLAS_CONTENT F06","INTEGRATE_TO_ATLAS_READONLY_SCENARIO_SPEC_CANDIDATE","ATLAS_READONLY_ADVISORY_ONLY","false","false","false","false","false","F06 audit/spec only; Atlas scenario/context candidate; never runtime reality claim"
"BRANCHABLE_ATLAS","atlas/world_protocol_atlas/","F06_ATLAS","FILE_PLAN_ALL 2027 BRANCHABLE_ATLAS OBSIDIA_BRANCHABLE_ATLAS_FULL_V0_5_DEEP_FINAL_AUDIT/docs/world_protocol_atlas/open_source_projects/OSP_LLAMA_GUARD_llama_guard.md atlas/world_protocol_atlas/ OSP_LLAMA_GUARD_llama_guard.md md P3_ATLAS_CON","INTEGRATE_TO_ATLAS_READONLY_SCENARIO_SPEC_CANDIDATE","ATLAS_READONLY_ADVISORY_ONLY","false","false","false","false","false","F06 audit/spec only; Atlas scenario/context candidate; never runtime reality claim"
"BRANCHABLE_ATLAS","atlas/world_protocol_atlas/","F06_ATLAS","FILE_PLAN_ALL 2028 BRANCHABLE_ATLAS OBSIDIA_BRANCHABLE_ATLAS_FULL_V0_5_DEEP_FINAL_AUDIT/docs/world_protocol_atlas/open_source_projects/OSP_MINDOS_mindos.md atlas/world_protocol_atlas/ OSP_MINDOS_mindos.md md P3_ATLAS_CONTENT F06 0 0 0 0 1  ","INTEGRATE_TO_ATLAS_READONLY_SCENARIO_SPEC_CANDIDATE","ATLAS_READONLY_ADVISORY_ONLY","false","false","false","false","false","F06 audit/spec only; Atlas scenario/context candidate; never runtime reality claim"
"BRANCHABLE_ATLAS","atlas/world_protocol_atlas/","F06_ATLAS","FILE_PLAN_ALL 2029 BRANCHABLE_ATLAS OBSIDIA_BRANCHABLE_ATLAS_FULL_V0_5_DEEP_FINAL_AUDIT/docs/world_protocol_atlas/open_source_projects/OSP_NEST_SIMULATOR_nest_simulator.md atlas/world_protocol_atlas/ OSP_NEST_SIMULATOR_nest_simulator.md md ","INTEGRATE_TO_ATLAS_READONLY_SCENARIO_SPEC_CANDIDATE","ATLAS_READONLY_ADVISORY_ONLY","false","false","false","false","false","F06 audit/spec only; Atlas scenario/context candidate; never runtime reality claim"
"BRANCHABLE_ATLAS","atlas/world_protocol_atlas/","F06_ATLAS","FILE_PLAN_ALL 2030 BRANCHABLE_ATLAS OBSIDIA_BRANCHABLE_ATLAS_FULL_V0_5_DEEP_FINAL_AUDIT/docs/world_protocol_atlas/open_source_projects/OSP_NEUROML_neuroml.md atlas/world_protocol_atlas/ OSP_NEUROML_neuroml.md md P3_ATLAS_CONTENT F06 0 0 0 0","INTEGRATE_TO_ATLAS_READONLY_SCENARIO_SPEC_CANDIDATE","ATLAS_READONLY_ADVISORY_ONLY","false","false","false","false","false","F06 audit/spec only; Atlas scenario/context candidate; never runtime reality claim"
"BRANCHABLE_ATLAS","atlas/world_protocol_atlas/","F06_ATLAS","FILE_PLAN_ALL 2031 BRANCHABLE_ATLAS OBSIDIA_BRANCHABLE_ATLAS_FULL_V0_5_DEEP_FINAL_AUDIT/docs/world_protocol_atlas/open_source_projects/OSP_NVIDIA_ISAAC_GR00T_N1_nvidia_isaac_gr00t_n1.md atlas/world_protocol_atlas/ OSP_NVIDIA_ISAAC_GR00T_N1_","INTEGRATE_TO_ATLAS_READONLY_SCENARIO_SPEC_CANDIDATE","ATLAS_READONLY_ADVISORY_ONLY","false","false","false","false","false","F06 audit/spec only; Atlas scenario/context candidate; never runtime reality claim"
"BRANCHABLE_ATLAS","atlas/world_protocol_atlas/","F06_ATLAS","FILE_PLAN_ALL 2032 BRANCHABLE_ATLAS OBSIDIA_BRANCHABLE_ATLAS_FULL_V0_5_DEEP_FINAL_AUDIT/docs/world_protocol_atlas/open_source_projects/OSP_OPENCELL_AI_opencell_ai.md atlas/world_protocol_atlas/ OSP_OPENCELL_AI_opencell_ai.md md P3_ATLAS_CON","INTEGRATE_TO_ATLAS_READONLY_SCENARIO_SPEC_CANDIDATE","ATLAS_READONLY_ADVISORY_ONLY","false","false","false","false","false","F06 audit/spec only; Atlas scenario/context candidate; never runtime reality claim"
"BRANCHABLE_ATLAS","atlas/world_protocol_atlas/","F06_ATLAS","FILE_PLAN_ALL 2033 BRANCHABLE_ATLAS OBSIDIA_BRANCHABLE_ATLAS_FULL_V0_5_DEEP_FINAL_AUDIT/docs/world_protocol_atlas/open_source_projects/OSP_OPENSOURCE_CONSTRUCTION_opensource_construction.md atlas/world_protocol_atlas/ OSP_OPENSOURCE_CONSTRU","INTEGRATE_TO_ATLAS_READONLY_SCENARIO_SPEC_CANDIDATE","ATLAS_READONLY_ADVISORY_ONLY","false","false","false","false","false","F06 audit/spec only; Atlas scenario/context candidate; never runtime reality claim"
"BRANCHABLE_ATLAS","atlas/world_protocol_atlas/","F06_ATLAS","FILE_PLAN_ALL 2034 BRANCHABLE_ATLAS OBSIDIA_BRANCHABLE_ATLAS_FULL_V0_5_DEEP_FINAL_AUDIT/docs/world_protocol_atlas/open_source_projects/OSP_OPEN_CIVIC_AI_open_civic_ai.md atlas/world_protocol_atlas/ OSP_OPEN_CIVIC_AI_open_civic_ai.md md P3_A","INTEGRATE_TO_ATLAS_READONLY_SCENARIO_SPEC_CANDIDATE","ATLAS_READONLY_ADVISORY_ONLY","false","false","false","false","false","F06 audit/spec only; Atlas scenario/context candidate; never runtime reality claim"
"BRANCHABLE_ATLAS","atlas/world_protocol_atlas/","F06_ATLAS","FILE_PLAN_ALL 2035 BRANCHABLE_ATLAS OBSIDIA_BRANCHABLE_ATLAS_FULL_V0_5_DEEP_FINAL_AUDIT/docs/world_protocol_atlas/open_source_projects/OSP_POLICYGYM_policygym.md atlas/world_protocol_atlas/ OSP_POLICYGYM_policygym.md md P3_ATLAS_CONTENT F06","INTEGRATE_TO_ATLAS_READONLY_SCENARIO_SPEC_CANDIDATE","ATLAS_READONLY_ADVISORY_ONLY","false","false","false","false","false","F06 audit/spec only; Atlas scenario/context candidate; never runtime reality claim"
"BRANCHABLE_ATLAS","atlas/world_protocol_atlas/","F06_ATLAS","FILE_PLAN_ALL 2036 BRANCHABLE_ATLAS OBSIDIA_BRANCHABLE_ATLAS_FULL_V0_5_DEEP_FINAL_AUDIT/docs/world_protocol_atlas/open_source_projects/OSP_RAY_ray.md atlas/world_protocol_atlas/ OSP_RAY_ray.md md P3_ATLAS_CONTENT F06 0 0 0 0 1  NOT_FOUND_LO","INTEGRATE_TO_ATLAS_READONLY_SCENARIO_SPEC_CANDIDATE","ATLAS_READONLY_ADVISORY_ONLY","false","false","false","false","false","F06 audit/spec only; Atlas scenario/context candidate; never runtime reality claim"
"BRANCHABLE_ATLAS","atlas/world_protocol_atlas/","F06_ATLAS","FILE_PLAN_ALL 2037 BRANCHABLE_ATLAS OBSIDIA_BRANCHABLE_ATLAS_FULL_V0_5_DEEP_FINAL_AUDIT/docs/world_protocol_atlas/open_source_projects/OSP_RIFFUSION_riffusion.md atlas/world_protocol_atlas/ OSP_RIFFUSION_riffusion.md md P3_ATLAS_CONTENT F06","INTEGRATE_TO_ATLAS_READONLY_SCENARIO_SPEC_CANDIDATE","ATLAS_READONLY_ADVISORY_ONLY","false","false","false","false","false","F06 audit/spec only; Atlas scenario/context candidate; never runtime reality claim"
"BRANCHABLE_ATLAS","atlas/world_protocol_atlas/","F06_ATLAS","FILE_PLAN_ALL 2038 BRANCHABLE_ATLAS OBSIDIA_BRANCHABLE_ATLAS_FULL_V0_5_DEEP_FINAL_AUDIT/docs/world_protocol_atlas/open_source_projects/OSP_SIMCIVILIZATION_simcivilization.md atlas/world_protocol_atlas/ OSP_SIMCIVILIZATION_simcivilization.md","INTEGRATE_TO_ATLAS_READONLY_SCENARIO_SPEC_CANDIDATE","ATLAS_READONLY_ADVISORY_ONLY","false","false","false","false","false","F06 audit/spec only; Atlas scenario/context candidate; never runtime reality claim"
"BRANCHABLE_ATLAS","atlas/world_protocol_atlas/","F06_ATLAS","FILE_PLAN_ALL 2039 BRANCHABLE_ATLAS OBSIDIA_BRANCHABLE_ATLAS_FULL_V0_5_DEEP_FINAL_AUDIT/docs/world_protocol_atlas/open_source_projects/OSP_SKYPILOT_skypilot.md atlas/world_protocol_atlas/ OSP_SKYPILOT_skypilot.md md P3_ATLAS_CONTENT F06 0 0","INTEGRATE_TO_ATLAS_READONLY_SCENARIO_SPEC_CANDIDATE","ATLAS_READONLY_ADVISORY_ONLY","false","false","false","false","false","F06 audit/spec only; Atlas scenario/context candidate; never runtime reality claim"
"BRANCHABLE_ATLAS","atlas/world_protocol_atlas/","F06_ATLAS","FILE_PLAN_ALL 2040 BRANCHABLE_ATLAS OBSIDIA_BRANCHABLE_ATLAS_FULL_V0_5_DEEP_FINAL_AUDIT/docs/world_protocol_atlas/open_source_projects/OSP_SKYPORTAL_skyportal.md atlas/world_protocol_atlas/ OSP_SKYPORTAL_skyportal.md md P3_ATLAS_CONTENT F06","INTEGRATE_TO_ATLAS_READONLY_SCENARIO_SPEC_CANDIDATE","ATLAS_READONLY_ADVISORY_ONLY","false","false","false","false","false","F06 audit/spec only; Atlas scenario/context candidate; never runtime reality claim"
"BRANCHABLE_ATLAS","atlas/world_protocol_atlas/","F06_ATLAS","FILE_PLAN_ALL 2041 BRANCHABLE_ATLAS OBSIDIA_BRANCHABLE_ATLAS_FULL_V0_5_DEEP_FINAL_AUDIT/docs/world_protocol_atlas/open_source_projects/OSP_THEMIS_themis.md atlas/world_protocol_atlas/ OSP_THEMIS_themis.md md P3_ATLAS_CONTENT F06 0 0 0 0 1  ","INTEGRATE_TO_ATLAS_READONLY_SCENARIO_SPEC_CANDIDATE","ATLAS_READONLY_ADVISORY_ONLY","false","false","false","false","false","F06 audit/spec only; Atlas scenario/context candidate; never runtime reality claim"
"BRANCHABLE_ATLAS","atlas/world_protocol_atlas/","F06_ATLAS","FILE_PLAN_ALL 2042 BRANCHABLE_ATLAS OBSIDIA_BRANCHABLE_ATLAS_FULL_V0_5_DEEP_FINAL_AUDIT/docs/world_protocol_atlas/open_source_projects/OSP_THUNDERFORGE_thunderforge.md atlas/world_protocol_atlas/ OSP_THUNDERFORGE_thunderforge.md md P3_ATLAS","INTEGRATE_TO_ATLAS_READONLY_SCENARIO_SPEC_CANDIDATE","ATLAS_READONLY_ADVISORY_ONLY","false","false","false","false","false","F06 audit/spec only; Atlas scenario/context candidate; never runtime reality claim"
"BRANCHABLE_ATLAS","atlas/world_protocol_atlas/","F06_ATLAS","FILE_PLAN_ALL 2043 BRANCHABLE_ATLAS OBSIDIA_BRANCHABLE_ATLAS_FULL_V0_5_DEEP_FINAL_AUDIT/docs/world_protocol_atlas/open_source_projects/OSP_UCCL_uccl.md atlas/world_protocol_atlas/ OSP_UCCL_uccl.md md P3_ATLAS_CONTENT F06 0 0 0 0 1  NOT_FOUN","INTEGRATE_TO_ATLAS_READONLY_SCENARIO_SPEC_CANDIDATE","ATLAS_READONLY_ADVISORY_ONLY","false","false","false","false","false","F06 audit/spec only; Atlas scenario/context candidate; never runtime reality claim"
"BRANCHABLE_ATLAS","atlas/world_protocol_atlas/","F06_ATLAS","FILE_PLAN_ALL 2044 BRANCHABLE_ATLAS OBSIDIA_BRANCHABLE_ATLAS_FULL_V0_5_DEEP_FINAL_AUDIT/docs/world_protocol_atlas/open_source_projects/OSP_VLLM_vllm.md atlas/world_protocol_atlas/ OSP_VLLM_vllm.md md P3_ATLAS_CONTENT F06 0 0 0 0 1  NOT_FOUN","INTEGRATE_TO_ATLAS_READONLY_SCENARIO_SPEC_CANDIDATE","ATLAS_READONLY_ADVISORY_ONLY","false","false","false","false","false","F06 audit/spec only; Atlas scenario/context candidate; never runtime reality claim"
"BRANCHABLE_ATLAS","atlas/world_protocol_atlas/","F06_ATLAS","FILE_PLAN_ALL 2045 BRANCHABLE_ATLAS OBSIDIA_BRANCHABLE_ATLAS_FULL_V0_5_DEEP_FINAL_AUDIT/docs/world_protocol_atlas/protocols/abyssarchivist.json atlas/world_protocol_atlas/ abyssarchivist.json json P3_ATLAS_CONTENT F06 0 0 0 0 1  NOT_FOUND_L","INTEGRATE_TO_ATLAS_READONLY_SCENARIO_SPEC_CANDIDATE","ATLAS_READONLY_ADVISORY_ONLY","false","false","false","false","false","F06 audit/spec only; Atlas scenario/context candidate; never runtime reality claim"
"BRANCHABLE_ATLAS","atlas/world_protocol_atlas/","F06_ATLAS","FILE_PLAN_ALL 2046 BRANCHABLE_ATLAS OBSIDIA_BRANCHABLE_ATLAS_FULL_V0_5_DEEP_FINAL_AUDIT/docs/world_protocol_atlas/protocols/abyssarchivist.md atlas/world_protocol_atlas/ abyssarchivist.md md P3_ATLAS_CONTENT F06 0 0 0 0 1  NOT_FOUND_LOCAL D","INTEGRATE_TO_ATLAS_READONLY_SCENARIO_SPEC_CANDIDATE","ATLAS_READONLY_ADVISORY_ONLY","false","false","false","false","false","F06 audit/spec only; Atlas scenario/context candidate; never runtime reality claim"
"BRANCHABLE_ATLAS","atlas/world_protocol_atlas/","F06_ATLAS","FILE_PLAN_ALL 2047 BRANCHABLE_ATLAS OBSIDIA_BRANCHABLE_ATLAS_FULL_V0_5_DEEP_FINAL_AUDIT/docs/world_protocol_atlas/protocols/accompagnement_auditif_focus_narration.json atlas/world_protocol_atlas/ accompagnement_auditif_focus_narration.json ","INTEGRATE_TO_ATLAS_READONLY_SCENARIO_SPEC_CANDIDATE","ATLAS_READONLY_ADVISORY_ONLY","false","false","false","false","false","F06 audit/spec only; Atlas scenario/context candidate; never runtime reality claim"
"BRANCHABLE_ATLAS","atlas/world_protocol_atlas/","F06_ATLAS","FILE_PLAN_ALL 2048 BRANCHABLE_ATLAS OBSIDIA_BRANCHABLE_ATLAS_FULL_V0_5_DEEP_FINAL_AUDIT/docs/world_protocol_atlas/protocols/accompagnement_auditif_focus_narration.md atlas/world_protocol_atlas/ accompagnement_auditif_focus_narration.md md P","INTEGRATE_TO_ATLAS_READONLY_SCENARIO_SPEC_CANDIDATE","ATLAS_READONLY_ADVISORY_ONLY","false","false","false","false","false","F06 audit/spec only; Atlas scenario/context candidate; never runtime reality claim"
"BRANCHABLE_ATLAS","atlas/world_protocol_atlas/","F06_ATLAS","FILE_PLAN_ALL 2049 BRANCHABLE_ATLAS OBSIDIA_BRANCHABLE_ATLAS_FULL_V0_5_DEEP_FINAL_AUDIT/docs/world_protocol_atlas/protocols/accompagnement_emotionnel_de_perte.json atlas/world_protocol_atlas/ accompagnement_emotionnel_de_perte.json json P3_","INTEGRATE_TO_ATLAS_READONLY_SCENARIO_SPEC_CANDIDATE","ATLAS_READONLY_ADVISORY_ONLY","false","false","false","false","false","F06 audit/spec only; Atlas scenario/context candidate; never runtime reality claim"
"BRANCHABLE_ATLAS","atlas/world_protocol_atlas/","F06_ATLAS","FILE_PLAN_ALL 2050 BRANCHABLE_ATLAS OBSIDIA_BRANCHABLE_ATLAS_FULL_V0_5_DEEP_FINAL_AUDIT/docs/world_protocol_atlas/protocols/accompagnement_emotionnel_de_perte.md atlas/world_protocol_atlas/ accompagnement_emotionnel_de_perte.md md P3_ATLAS_","INTEGRATE_TO_ATLAS_READONLY_SCENARIO_SPEC_CANDIDATE","ATLAS_READONLY_ADVISORY_ONLY","false","false","false","false","false","F06 audit/spec only; Atlas scenario/context candidate; never runtime reality claim"
"BRANCHABLE_ATLAS","atlas/world_protocol_atlas/","F06_ATLAS","FILE_PLAN_ALL 2051 BRANCHABLE_ATLAS OBSIDIA_BRANCHABLE_ATLAS_FULL_V0_5_DEEP_FINAL_AUDIT/docs/world_protocol_atlas/protocols/adaptation_selon_lois_simulees.json atlas/world_protocol_atlas/ adaptation_selon_lois_simulees.json json P3_ATLAS_CO","INTEGRATE_TO_ATLAS_READONLY_SCENARIO_SPEC_CANDIDATE","ATLAS_READONLY_ADVISORY_ONLY","false","false","false","false","false","F06 audit/spec only; Atlas scenario/context candidate; never runtime reality claim"
"BRANCHABLE_ATLAS","atlas/world_protocol_atlas/","F06_ATLAS","FILE_PLAN_ALL 2052 BRANCHABLE_ATLAS OBSIDIA_BRANCHABLE_ATLAS_FULL_V0_5_DEEP_FINAL_AUDIT/docs/world_protocol_atlas/protocols/adaptation_selon_lois_simulees.md atlas/world_protocol_atlas/ adaptation_selon_lois_simulees.md md P3_ATLAS_CONTENT ","INTEGRATE_TO_ATLAS_READONLY_SCENARIO_SPEC_CANDIDATE","ATLAS_READONLY_ADVISORY_ONLY","false","false","false","false","false","F06 audit/spec only; Atlas scenario/context candidate; never runtime reality claim"
"BRANCHABLE_ATLAS","atlas/world_protocol_atlas/","F06_ATLAS","FILE_PLAN_ALL 2053 BRANCHABLE_ATLAS OBSIDIA_BRANCHABLE_ATLAS_FULL_V0_5_DEEP_FINAL_AUDIT/docs/world_protocol_atlas/protocols/adaptivebodymodularity.json atlas/world_protocol_atlas/ adaptivebodymodularity.json json P3_ATLAS_CONTENT F06 0 0 0 ","INTEGRATE_TO_ATLAS_READONLY_SCENARIO_SPEC_CANDIDATE","ATLAS_READONLY_ADVISORY_ONLY","false","false","false","false","false","F06 audit/spec only; Atlas scenario/context candidate; never runtime reality claim"
"BRANCHABLE_ATLAS","atlas/world_protocol_atlas/","F06_ATLAS","FILE_PLAN_ALL 2054 BRANCHABLE_ATLAS OBSIDIA_BRANCHABLE_ATLAS_FULL_V0_5_DEEP_FINAL_AUDIT/docs/world_protocol_atlas/protocols/adaptivebodymodularity.md atlas/world_protocol_atlas/ adaptivebodymodularity.md md P3_ATLAS_CONTENT F06 0 0 0 0 1  N","INTEGRATE_TO_ATLAS_READONLY_SCENARIO_SPEC_CANDIDATE","ATLAS_READONLY_ADVISORY_ONLY","false","false","false","false","false","F06 audit/spec only; Atlas scenario/context candidate; never runtime reality claim"
"BRANCHABLE_ATLAS","atlas/world_protocol_atlas/","F06_ATLAS","FILE_PLAN_ALL 2055 BRANCHABLE_ATLAS OBSIDIA_BRANCHABLE_ATLAS_FULL_V0_5_DEEP_FINAL_AUDIT/docs/world_protocol_atlas/protocols/aegis.json atlas/world_protocol_atlas/ aegis.json json P3_ATLAS_CONTENT F06 0 0 0 0 1  NOT_FOUND_LOCAL DUPLICATE_SAF","INTEGRATE_TO_ATLAS_READONLY_SCENARIO_SPEC_CANDIDATE","ATLAS_READONLY_ADVISORY_ONLY","false","false","false","false","false","F06 audit/spec only; Atlas scenario/context candidate; never runtime reality claim"
"BRANCHABLE_ATLAS","atlas/world_protocol_atlas/","F06_ATLAS","FILE_PLAN_ALL 2056 BRANCHABLE_ATLAS OBSIDIA_BRANCHABLE_ATLAS_FULL_V0_5_DEEP_FINAL_AUDIT/docs/world_protocol_atlas/protocols/aegis.md atlas/world_protocol_atlas/ aegis.md md P3_ATLAS_CONTENT F06 0 0 0 0 1  NOT_FOUND_LOCAL DUPLICATE_SAFE CLEA","INTEGRATE_TO_ATLAS_READONLY_SCENARIO_SPEC_CANDIDATE","ATLAS_READONLY_ADVISORY_ONLY","false","false","false","false","false","F06 audit/spec only; Atlas scenario/context candidate; never runtime reality claim"
"BRANCHABLE_ATLAS","atlas/world_protocol_atlas/","F06_ATLAS","FILE_PLAN_ALL 2057 BRANCHABLE_ATLAS OBSIDIA_BRANCHABLE_ATLAS_FULL_V0_5_DEEP_FINAL_AUDIT/docs/world_protocol_atlas/protocols/agrosmart_compatibility_bridge.json atlas/world_protocol_atlas/ agrosmart_compatibility_bridge.json json P3_ATLAS_CO","INTEGRATE_TO_ATLAS_READONLY_SCENARIO_SPEC_CANDIDATE","ATLAS_READONLY_ADVISORY_ONLY","false","false","false","false","false","F06 audit/spec only; Atlas scenario/context candidate; never runtime reality claim"
"BRANCHABLE_ATLAS","atlas/world_protocol_atlas/","F06_ATLAS","FILE_PLAN_ALL 2058 BRANCHABLE_ATLAS OBSIDIA_BRANCHABLE_ATLAS_FULL_V0_5_DEEP_FINAL_AUDIT/docs/world_protocol_atlas/protocols/agrosmart_compatibility_bridge.md atlas/world_protocol_atlas/ agrosmart_compatibility_bridge.md md P3_ATLAS_CONTENT ","INTEGRATE_TO_ATLAS_READONLY_SCENARIO_SPEC_CANDIDATE","ATLAS_READONLY_ADVISORY_ONLY","false","false","false","false","false","F06 audit/spec only; Atlas scenario/context candidate; never runtime reality claim"
"BRANCHABLE_ATLAS","atlas/world_protocol_atlas/","F06_ATLAS","FILE_PLAN_ALL 2059 BRANCHABLE_ATLAS OBSIDIA_BRANCHABLE_ATLAS_FULL_V0_5_DEEP_FINAL_AUDIT/docs/world_protocol_atlas/protocols/aivo_compatibility_bridge.json atlas/world_protocol_atlas/ aivo_compatibility_bridge.json json P3_ATLAS_CONTENT F06 ","INTEGRATE_TO_ATLAS_READONLY_SCENARIO_SPEC_CANDIDATE","ATLAS_READONLY_ADVISORY_ONLY","false","false","false","false","false","F06 audit/spec only; Atlas scenario/context candidate; never runtime reality claim"
"BRANCHABLE_ATLAS","atlas/world_protocol_atlas/","F06_ATLAS","FILE_PLAN_ALL 2060 BRANCHABLE_ATLAS OBSIDIA_BRANCHABLE_ATLAS_FULL_V0_5_DEEP_FINAL_AUDIT/docs/world_protocol_atlas/protocols/aivo_compatibility_bridge.md atlas/world_protocol_atlas/ aivo_compatibility_bridge.md md P3_ATLAS_CONTENT F06 0 0 0 ","INTEGRATE_TO_ATLAS_READONLY_SCENARIO_SPEC_CANDIDATE","ATLAS_READONLY_ADVISORY_ONLY","false","false","false","false","false","F06 audit/spec only; Atlas scenario/context candidate; never runtime reality claim"
"BRANCHABLE_ATLAS","atlas/world_protocol_atlas/","F06_ATLAS","FILE_PLAN_ALL 2061 BRANCHABLE_ATLAS OBSIDIA_BRANCHABLE_ATLAS_FULL_V0_5_DEEP_FINAL_AUDIT/docs/world_protocol_atlas/protocols/aleph_alpha_compatibility_bridge.json atlas/world_protocol_atlas/ aleph_alpha_compatibility_bridge.json json P3_ATLA","INTEGRATE_TO_ATLAS_READONLY_SCENARIO_SPEC_CANDIDATE","ATLAS_READONLY_ADVISORY_ONLY","false","false","false","false","false","F06 audit/spec only; Atlas scenario/context candidate; never runtime reality claim"
"BRANCHABLE_ATLAS","atlas/world_protocol_atlas/","F06_ATLAS","FILE_PLAN_ALL 2062 BRANCHABLE_ATLAS OBSIDIA_BRANCHABLE_ATLAS_FULL_V0_5_DEEP_FINAL_AUDIT/docs/world_protocol_atlas/protocols/aleph_alpha_compatibility_bridge.md atlas/world_protocol_atlas/ aleph_alpha_compatibility_bridge.md md P3_ATLAS_CONT","INTEGRATE_TO_ATLAS_READONLY_SCENARIO_SPEC_CANDIDATE","ATLAS_READONLY_ADVISORY_ONLY","false","false","false","false","false","F06 audit/spec only; Atlas scenario/context candidate; never runtime reality claim"
"BRANCHABLE_ATLAS","atlas/world_protocol_atlas/","F06_ATLAS","FILE_PLAN_ALL 2063 BRANCHABLE_ATLAS OBSIDIA_BRANCHABLE_ATLAS_FULL_V0_5_DEEP_FINAL_AUDIT/docs/world_protocol_atlas/protocols/alpha_divergence.json atlas/world_protocol_atlas/ alpha_divergence.json json P3_ATLAS_CONTENT F06 0 0 0 0 1  NOT_FOU","INTEGRATE_TO_ATLAS_READONLY_SCENARIO_SPEC_CANDIDATE","ATLAS_READONLY_ADVISORY_ONLY","false","false","false","false","false","F06 audit/spec only; Atlas scenario/context candidate; never runtime reality claim"
"BRANCHABLE_ATLAS","atlas/world_protocol_atlas/","F06_ATLAS","FILE_PLAN_ALL 2064 BRANCHABLE_ATLAS OBSIDIA_BRANCHABLE_ATLAS_FULL_V0_5_DEEP_FINAL_AUDIT/docs/world_protocol_atlas/protocols/alpha_divergence.md atlas/world_protocol_atlas/ alpha_divergence.md md P3_ATLAS_CONTENT F06 0 0 0 0 1  NOT_FOUND_LOC","INTEGRATE_TO_ATLAS_READONLY_SCENARIO_SPEC_CANDIDATE","ATLAS_READONLY_ADVISORY_ONLY","false","false","false","false","false","F06 audit/spec only; Atlas scenario/context candidate; never runtime reality claim"
"BRANCHABLE_ATLAS","atlas/world_protocol_atlas/","F06_ATLAS","FILE_PLAN_ALL 2065 BRANCHABLE_ATLAS OBSIDIA_BRANCHABLE_ATLAS_FULL_V0_5_DEEP_FINAL_AUDIT/docs/world_protocol_atlas/protocols/amazon_aws_ai_compatibility_bridge.json atlas/world_protocol_atlas/ amazon_aws_ai_compatibility_bridge.json json P3_","INTEGRATE_TO_ATLAS_READONLY_SCENARIO_SPEC_CANDIDATE","ATLAS_READONLY_ADVISORY_ONLY","false","false","false","false","false","F06 audit/spec only; Atlas scenario/context candidate; never runtime reality claim"
"BRANCHABLE_ATLAS","atlas/world_protocol_atlas/","F06_ATLAS","FILE_PLAN_ALL 2066 BRANCHABLE_ATLAS OBSIDIA_BRANCHABLE_ATLAS_FULL_V0_5_DEEP_FINAL_AUDIT/docs/world_protocol_atlas/protocols/amazon_aws_ai_compatibility_bridge.md atlas/world_protocol_atlas/ amazon_aws_ai_compatibility_bridge.md md P3_ATLAS_","INTEGRATE_TO_ATLAS_READONLY_SCENARIO_SPEC_CANDIDATE","ATLAS_READONLY_ADVISORY_ONLY","false","false","false","false","false","F06 audit/spec only; Atlas scenario/context candidate; never runtime reality claim"
"BRANCHABLE_ATLAS","atlas/world_protocol_atlas/","F06_ATLAS","FILE_PLAN_ALL 2067 BRANCHABLE_ATLAS OBSIDIA_BRANCHABLE_ATLAS_FULL_V0_5_DEEP_FINAL_AUDIT/docs/world_protocol_atlas/protocols/analogmemory.json atlas/world_protocol_atlas/ analogmemory.json json P3_ATLAS_CONTENT F06 0 0 0 0 1  NOT_FOUND_LOCAL","INTEGRATE_TO_ATLAS_READONLY_SCENARIO_SPEC_CANDIDATE","ATLAS_READONLY_ADVISORY_ONLY","false","false","false","false","false","F06 audit/spec only; Atlas scenario/context candidate; never runtime reality claim"
"BRANCHABLE_ATLAS","atlas/world_protocol_atlas/","F06_ATLAS","FILE_PLAN_ALL 2068 BRANCHABLE_ATLAS OBSIDIA_BRANCHABLE_ATLAS_FULL_V0_5_DEEP_FINAL_AUDIT/docs/world_protocol_atlas/protocols/analogmemory.md atlas/world_protocol_atlas/ analogmemory.md md P3_ATLAS_CONTENT F06 0 0 0 0 1  NOT_FOUND_LOCAL DUPLI","INTEGRATE_TO_ATLAS_READONLY_SCENARIO_SPEC_CANDIDATE","ATLAS_READONLY_ADVISORY_ONLY","false","false","false","false","false","F06 audit/spec only; Atlas scenario/context candidate; never runtime reality claim"
"BRANCHABLE_ATLAS","atlas/world_protocol_atlas/","F06_ATLAS","FILE_PLAN_ALL 2069 BRANCHABLE_ATLAS OBSIDIA_BRANCHABLE_ATLAS_FULL_V0_5_DEEP_FINAL_AUDIT/docs/world_protocol_atlas/protocols/analogtocontext.json atlas/world_protocol_atlas/ analogtocontext.json json P3_ATLAS_CONTENT F06 0 0 0 0 1  NOT_FOUND","INTEGRATE_TO_ATLAS_READONLY_SCENARIO_SPEC_CANDIDATE","ATLAS_READONLY_ADVISORY_ONLY","false","false","false","false","false","F06 audit/spec only; Atlas scenario/context candidate; never runtime reality claim"
"BRANCHABLE_ATLAS","atlas/world_protocol_atlas/","F06_ATLAS","FILE_PLAN_ALL 2070 BRANCHABLE_ATLAS OBSIDIA_BRANCHABLE_ATLAS_FULL_V0_5_DEEP_FINAL_AUDIT/docs/world_protocol_atlas/protocols/analogtocontext.md atlas/world_protocol_atlas/ analogtocontext.md md P3_ATLAS_CONTENT F06 0 0 0 0 1  NOT_FOUND_LOCAL","INTEGRATE_TO_ATLAS_READONLY_SCENARIO_SPEC_CANDIDATE","ATLAS_READONLY_ADVISORY_ONLY","false","false","false","false","false","F06 audit/spec only; Atlas scenario/context candidate; never runtime reality claim"
"BRANCHABLE_ATLAS","atlas/world_protocol_atlas/","F06_ATLAS","FILE_PLAN_ALL 2071 BRANCHABLE_ATLAS OBSIDIA_BRANCHABLE_ATLAS_FULL_V0_5_DEEP_FINAL_AUDIT/docs/world_protocol_atlas/protocols/anthropic_compatibility_bridge.json atlas/world_protocol_atlas/ anthropic_compatibility_bridge.json json P3_ATLAS_CO","INTEGRATE_TO_ATLAS_READONLY_SCENARIO_SPEC_CANDIDATE","ATLAS_READONLY_ADVISORY_ONLY","false","false","false","false","false","F06 audit/spec only; Atlas scenario/context candidate; never runtime reality claim"
"BRANCHABLE_ATLAS","atlas/world_protocol_atlas/","F06_ATLAS","FILE_PLAN_ALL 2072 BRANCHABLE_ATLAS OBSIDIA_BRANCHABLE_ATLAS_FULL_V0_5_DEEP_FINAL_AUDIT/docs/world_protocol_atlas/protocols/anthropic_compatibility_bridge.md atlas/world_protocol_atlas/ anthropic_compatibility_bridge.md md P3_ATLAS_CONTENT ","INTEGRATE_TO_ATLAS_READONLY_SCENARIO_SPEC_CANDIDATE","ATLAS_READONLY_ADVISORY_ONLY","false","false","false","false","false","F06 audit/spec only; Atlas scenario/context candidate; never runtime reality claim"
"BRANCHABLE_ATLAS","atlas/world_protocol_atlas/","F06_ATLAS","FILE_PLAN_ALL 2073 BRANCHABLE_ATLAS OBSIDIA_BRANCHABLE_ATLAS_FULL_V0_5_DEEP_FINAL_AUDIT/docs/world_protocol_atlas/protocols/apple_intelligence_compatibility_bridge.json atlas/world_protocol_atlas/ apple_intelligence_compatibility_bridge.jso","INTEGRATE_TO_ATLAS_READONLY_SCENARIO_SPEC_CANDIDATE","ATLAS_READONLY_ADVISORY_ONLY","false","false","false","false","false","F06 audit/spec only; Atlas scenario/context candidate; never runtime reality claim"
"BRANCHABLE_ATLAS","atlas/world_protocol_atlas/","F06_ATLAS","FILE_PLAN_ALL 2074 BRANCHABLE_ATLAS OBSIDIA_BRANCHABLE_ATLAS_FULL_V0_5_DEEP_FINAL_AUDIT/docs/world_protocol_atlas/protocols/apple_intelligence_compatibility_bridge.md atlas/world_protocol_atlas/ apple_intelligence_compatibility_bridge.md md","INTEGRATE_TO_ATLAS_READONLY_SCENARIO_SPEC_CANDIDATE","ATLAS_READONLY_ADVISORY_ONLY","false","false","false","false","false","F06 audit/spec only; Atlas scenario/context candidate; never runtime reality claim"
"BRANCHABLE_ATLAS","atlas/world_protocol_atlas/","F06_ATLAS","FILE_PLAN_ALL 2075 BRANCHABLE_ATLAS OBSIDIA_BRANCHABLE_ATLAS_FULL_V0_5_DEEP_FINAL_AUDIT/docs/world_protocol_atlas/protocols/arborescence_multi_cause.json atlas/world_protocol_atlas/ arborescence_multi_cause.json json P3_ATLAS_CONTENT F06 0 ","INTEGRATE_TO_ATLAS_READONLY_SCENARIO_SPEC_CANDIDATE","ATLAS_READONLY_ADVISORY_ONLY","false","false","false","false","false","F06 audit/spec only; Atlas scenario/context candidate; never runtime reality claim"
"BRANCHABLE_ATLAS","atlas/world_protocol_atlas/","F06_ATLAS","FILE_PLAN_ALL 2076 BRANCHABLE_ATLAS OBSIDIA_BRANCHABLE_ATLAS_FULL_V0_5_DEEP_FINAL_AUDIT/docs/world_protocol_atlas/protocols/arborescence_multi_cause.md atlas/world_protocol_atlas/ arborescence_multi_cause.md md P3_ATLAS_CONTENT F06 0 0 0 0 ","INTEGRATE_TO_ATLAS_READONLY_SCENARIO_SPEC_CANDIDATE","ATLAS_READONLY_ADVISORY_ONLY","false","false","false","false","false","F06 audit/spec only; Atlas scenario/context candidate; never runtime reality claim"
"BRANCHABLE_ATLAS","atlas/world_protocol_atlas/","F06_ATLAS","FILE_PLAN_ALL 2077 BRANCHABLE_ATLAS OBSIDIA_BRANCHABLE_ATLAS_FULL_V0_5_DEEP_FINAL_AUDIT/docs/world_protocol_atlas/protocols/arbre_multiversal.json atlas/world_protocol_atlas/ arbre_multiversal.json json P3_ATLAS_CONTENT F06 0 0 0 0 1  NOT_F","INTEGRATE_TO_ATLAS_READONLY_SCENARIO_SPEC_CANDIDATE","ATLAS_READONLY_ADVISORY_ONLY","false","false","false","false","false","F06 audit/spec only; Atlas scenario/context candidate; never runtime reality claim"
"BRANCHABLE_ATLAS","atlas/world_protocol_atlas/","F06_ATLAS","FILE_PLAN_ALL 2078 BRANCHABLE_ATLAS OBSIDIA_BRANCHABLE_ATLAS_FULL_V0_5_DEEP_FINAL_AUDIT/docs/world_protocol_atlas/protocols/arbre_multiversal.md atlas/world_protocol_atlas/ arbre_multiversal.md md P3_ATLAS_CONTENT F06 0 0 0 0 1  NOT_FOUND_L","INTEGRATE_TO_ATLAS_READONLY_SCENARIO_SPEC_CANDIDATE","ATLAS_READONLY_ADVISORY_ONLY","false","false","false","false","false","F06 audit/spec only; Atlas scenario/context candidate; never runtime reality claim"
"BRANCHABLE_ATLAS","atlas/world_protocol_atlas/","F06_ATLAS","FILE_PLAN_ALL 2079 BRANCHABLE_ATLAS OBSIDIA_BRANCHABLE_ATLAS_FULL_V0_5_DEEP_FINAL_AUDIT/docs/world_protocol_atlas/protocols/archetypecore.json atlas/world_protocol_atlas/ archetypecore.json json P3_ATLAS_CONTENT F06 0 0 0 0 1  NOT_FOUND_LOC","INTEGRATE_TO_ATLAS_READONLY_SCENARIO_SPEC_CANDIDATE","ATLAS_READONLY_ADVISORY_ONLY","false","false","false","false","false","F06 audit/spec only; Atlas scenario/context candidate; never runtime reality claim"
"BRANCHABLE_ATLAS","atlas/world_protocol_atlas/","F06_ATLAS","FILE_PLAN_ALL 2080 BRANCHABLE_ATLAS OBSIDIA_BRANCHABLE_ATLAS_FULL_V0_5_DEEP_FINAL_AUDIT/docs/world_protocol_atlas/protocols/archetypecore.md atlas/world_protocol_atlas/ archetypecore.md md P3_ATLAS_CONTENT F06 0 0 0 0 1  NOT_FOUND_LOCAL DUP","INTEGRATE_TO_ATLAS_READONLY_SCENARIO_SPEC_CANDIDATE","ATLAS_READONLY_ADVISORY_ONLY","false","false","false","false","false","F06 audit/spec only; Atlas scenario/context candidate; never runtime reality claim"
"BRANCHABLE_ATLAS","atlas/world_protocol_atlas/","F06_ATLAS","FILE_PLAN_ALL 2081 BRANCHABLE_ATLAS OBSIDIA_BRANCHABLE_ATLAS_FULL_V0_5_DEEP_FINAL_AUDIT/docs/world_protocol_atlas/protocols/archetypeobjectmap.json atlas/world_protocol_atlas/ archetypeobjectmap.json json P3_ATLAS_CONTENT F06 0 0 0 0 1  NOT","INTEGRATE_TO_ATLAS_READONLY_SCENARIO_SPEC_CANDIDATE","ATLAS_READONLY_ADVISORY_ONLY","false","false","false","false","false","F06 audit/spec only; Atlas scenario/context candidate; never runtime reality claim"
"BRANCHABLE_ATLAS","atlas/world_protocol_atlas/","F06_ATLAS","FILE_PLAN_ALL 2082 BRANCHABLE_ATLAS OBSIDIA_BRANCHABLE_ATLAS_FULL_V0_5_DEEP_FINAL_AUDIT/docs/world_protocol_atlas/protocols/archetypeobjectmap.md atlas/world_protocol_atlas/ archetypeobjectmap.md md P3_ATLAS_CONTENT F06 0 0 0 0 1  NOT_FOUND","INTEGRATE_TO_ATLAS_READONLY_SCENARIO_SPEC_CANDIDATE","ATLAS_READONLY_ADVISORY_ONLY","false","false","false","false","false","F06 audit/spec only; Atlas scenario/context candidate; never runtime reality claim"
"BRANCHABLE_ATLAS","atlas/world_protocol_atlas/","F06_ATLAS","FILE_PLAN_ALL 2083 BRANCHABLE_ATLAS OBSIDIA_BRANCHABLE_ATLAS_FULL_V0_5_DEEP_FINAL_AUDIT/docs/world_protocol_atlas/protocols/archivebridge.json atlas/world_protocol_atlas/ archivebridge.json json P3_ATLAS_CONTENT F06 0 0 0 0 1  NOT_FOUND_LOC","INTEGRATE_TO_ATLAS_READONLY_SCENARIO_SPEC_CANDIDATE","ATLAS_READONLY_ADVISORY_ONLY","false","false","false","false","false","F06 audit/spec only; Atlas scenario/context candidate; never runtime reality claim"
"BRANCHABLE_ATLAS","atlas/world_protocol_atlas/","F06_ATLAS","FILE_PLAN_ALL 2084 BRANCHABLE_ATLAS OBSIDIA_BRANCHABLE_ATLAS_FULL_V0_5_DEEP_FINAL_AUDIT/docs/world_protocol_atlas/protocols/archivebridge.md atlas/world_protocol_atlas/ archivebridge.md md P3_ATLAS_CONTENT F06 0 0 0 0 1  NOT_FOUND_LOCAL DUP","INTEGRATE_TO_ATLAS_READONLY_SCENARIO_SPEC_CANDIDATE","ATLAS_READONLY_ADVISORY_ONLY","false","false","false","false","false","F06 audit/spec only; Atlas scenario/context candidate; never runtime reality claim"
"BRANCHABLE_ATLAS","atlas/world_protocol_atlas/","F06_ATLAS","FILE_PLAN_ALL 2085 BRANCHABLE_ATLAS OBSIDIA_BRANCHABLE_ATLAS_FULL_V0_5_DEEP_FINAL_AUDIT/docs/world_protocol_atlas/protocols/astraleventregistry.json atlas/world_protocol_atlas/ astraleventregistry.json json P3_ATLAS_CONTENT F06 0 0 0 0 1  N","INTEGRATE_TO_ATLAS_READONLY_SCENARIO_SPEC_CANDIDATE","ATLAS_READONLY_ADVISORY_ONLY","false","false","false","false","false","F06 audit/spec only; Atlas scenario/context candidate; never runtime reality claim"
"BRANCHABLE_ATLAS","atlas/world_protocol_atlas/","F06_ATLAS","FILE_PLAN_ALL 2086 BRANCHABLE_ATLAS OBSIDIA_BRANCHABLE_ATLAS_FULL_V0_5_DEEP_FINAL_AUDIT/docs/world_protocol_atlas/protocols/astraleventregistry.md atlas/world_protocol_atlas/ astraleventregistry.md md P3_ATLAS_CONTENT F06 0 0 0 0 1  NOT_FOU","INTEGRATE_TO_ATLAS_READONLY_SCENARIO_SPEC_CANDIDATE","ATLAS_READONLY_ADVISORY_ONLY","false","false","false","false","false","F06 audit/spec only; Atlas scenario/context candidate; never runtime reality claim"
"BRANCHABLE_ATLAS","atlas/world_protocol_atlas/","F06_ATLAS","FILE_PLAN_ALL 2087 BRANCHABLE_ATLAS OBSIDIA_BRANCHABLE_ATLAS_FULL_V0_5_DEEP_FINAL_AUDIT/docs/world_protocol_atlas/protocols/avdrreasoningaugment.json atlas/world_protocol_atlas/ avdrreasoningaugment.json json P3_ATLAS_CONTENT F06 0 0 0 0 1 ","INTEGRATE_TO_ATLAS_READONLY_SCENARIO_SPEC_CANDIDATE","ATLAS_READONLY_ADVISORY_ONLY","false","false","false","false","false","F06 audit/spec only; Atlas scenario/context candidate; never runtime reality claim"
"BRANCHABLE_ATLAS","atlas/world_protocol_atlas/","F06_ATLAS","FILE_PLAN_ALL 2088 BRANCHABLE_ATLAS OBSIDIA_BRANCHABLE_ATLAS_FULL_V0_5_DEEP_FINAL_AUDIT/docs/world_protocol_atlas/protocols/avdrreasoningaugment.md atlas/world_protocol_atlas/ avdrreasoningaugment.md md P3_ATLAS_CONTENT F06 0 0 0 0 1  NOT_F","INTEGRATE_TO_ATLAS_READONLY_SCENARIO_SPEC_CANDIDATE","ATLAS_READONLY_ADVISORY_ONLY","false","false","false","false","false","F06 audit/spec only; Atlas scenario/context candidate; never runtime reality claim"
"BRANCHABLE_ATLAS","atlas/world_protocol_atlas/","F06_ATLAS","FILE_PLAN_ALL 2089 BRANCHABLE_ATLAS OBSIDIA_BRANCHABLE_ATLAS_FULL_V0_5_DEEP_FINAL_AUDIT/docs/world_protocol_atlas/protocols/beliefobjectvault.json atlas/world_protocol_atlas/ beliefobjectvault.json json P3_ATLAS_CONTENT F06 0 0 0 0 1  NOT_F","INTEGRATE_TO_ATLAS_READONLY_SCENARIO_SPEC_CANDIDATE","ATLAS_READONLY_ADVISORY_ONLY","false","false","false","false","false","F06 audit/spec only; Atlas scenario/context candidate; never runtime reality claim"
"BRANCHABLE_ATLAS","atlas/world_protocol_atlas/","F06_ATLAS","FILE_PLAN_ALL 2090 BRANCHABLE_ATLAS OBSIDIA_BRANCHABLE_ATLAS_FULL_V0_5_DEEP_FINAL_AUDIT/docs/world_protocol_atlas/protocols/beliefobjectvault.md atlas/world_protocol_atlas/ beliefobjectvault.md md P3_ATLAS_CONTENT F06 0 0 0 0 1  NOT_FOUND_L","INTEGRATE_TO_ATLAS_READONLY_SCENARIO_SPEC_CANDIDATE","ATLAS_READONLY_ADVISORY_ONLY","false","false","false","false","false","F06 audit/spec only; Atlas scenario/context candidate; never runtime reality claim"
"BRANCHABLE_ATLAS","atlas/world_protocol_atlas/","F06_ATLAS","FILE_PLAN_ALL 2091 BRANCHABLE_ATLAS OBSIDIA_BRANCHABLE_ATLAS_FULL_V0_5_DEEP_FINAL_AUDIT/docs/world_protocol_atlas/protocols/bendito_machine_compatibility_bridge.json atlas/world_protocol_atlas/ bendito_machine_compatibility_bridge.json json","INTEGRATE_TO_ATLAS_READONLY_SCENARIO_SPEC_CANDIDATE","ATLAS_READONLY_ADVISORY_ONLY","false","false","false","false","false","F06 audit/spec only; Atlas scenario/context candidate; never runtime reality claim"
"BRANCHABLE_ATLAS","atlas/world_protocol_atlas/","F06_ATLAS","FILE_PLAN_ALL 2092 BRANCHABLE_ATLAS OBSIDIA_BRANCHABLE_ATLAS_FULL_V0_5_DEEP_FINAL_AUDIT/docs/world_protocol_atlas/protocols/bendito_machine_compatibility_bridge.md atlas/world_protocol_atlas/ bendito_machine_compatibility_bridge.md md P3_AT","INTEGRATE_TO_ATLAS_READONLY_SCENARIO_SPEC_CANDIDATE","ATLAS_READONLY_ADVISORY_ONLY","false","false","false","false","false","F06 audit/spec only; Atlas scenario/context candidate; never runtime reality claim"
"BRANCHABLE_ATLAS","atlas/world_protocol_atlas/","F06_ATLAS","FILE_PLAN_ALL 2093 BRANCHABLE_ATLAS OBSIDIA_BRANCHABLE_ATLAS_FULL_V0_5_DEEP_FINAL_AUDIT/docs/world_protocol_atlas/protocols/biocodex_neural.json atlas/world_protocol_atlas/ biocodex_neural.json json P3_ATLAS_CONTENT F06 0 0 0 0 1  NOT_FOUND","INTEGRATE_TO_ATLAS_READONLY_SCENARIO_SPEC_CANDIDATE","ATLAS_READONLY_ADVISORY_ONLY","false","false","false","false","false","F06 audit/spec only; Atlas scenario/context candidate; never runtime reality claim"
"BRANCHABLE_ATLAS","atlas/world_protocol_atlas/","F06_ATLAS","FILE_PLAN_ALL 2094 BRANCHABLE_ATLAS OBSIDIA_BRANCHABLE_ATLAS_FULL_V0_5_DEEP_FINAL_AUDIT/docs/world_protocol_atlas/protocols/biocodex_neural.md atlas/world_protocol_atlas/ biocodex_neural.md md P3_ATLAS_CONTENT F06 0 0 0 0 1  NOT_FOUND_LOCAL","INTEGRATE_TO_ATLAS_READONLY_SCENARIO_SPEC_CANDIDATE","ATLAS_READONLY_ADVISORY_ONLY","false","false","false","false","false","F06 audit/spec only; Atlas scenario/context candidate; never runtime reality claim"
"BRANCHABLE_ATLAS","atlas/world_protocol_atlas/","F06_ATLAS","FILE_PLAN_ALL 2095 BRANCHABLE_ATLAS OBSIDIA_BRANCHABLE_ATLAS_FULL_V0_5_DEEP_FINAL_AUDIT/docs/world_protocol_atlas/protocols/bioneuralsimulation.json atlas/world_protocol_atlas/ bioneuralsimulation.json json P3_ATLAS_CONTENT F06 0 0 0 0 1  N","INTEGRATE_TO_ATLAS_READONLY_SCENARIO_SPEC_CANDIDATE","ATLAS_READONLY_ADVISORY_ONLY","false","false","false","false","false","F06 audit/spec only; Atlas scenario/context candidate; never runtime reality claim"
"BRANCHABLE_ATLAS","atlas/world_protocol_atlas/","F06_ATLAS","FILE_PLAN_ALL 2096 BRANCHABLE_ATLAS OBSIDIA_BRANCHABLE_ATLAS_FULL_V0_5_DEEP_FINAL_AUDIT/docs/world_protocol_atlas/protocols/bioneuralsimulation.md atlas/world_protocol_atlas/ bioneuralsimulation.md md P3_ATLAS_CONTENT F06 0 0 0 0 1  NOT_FOU","INTEGRATE_TO_ATLAS_READONLY_SCENARIO_SPEC_CANDIDATE","ATLAS_READONLY_ADVISORY_ONLY","false","false","false","false","false","F06 audit/spec only; Atlas scenario/context candidate; never runtime reality claim"
"BRANCHABLE_ATLAS","atlas/world_protocol_atlas/","F06_ATLAS","FILE_PLAN_ALL 2097 BRANCHABLE_ATLAS OBSIDIA_BRANCHABLE_ATLAS_FULL_V0_5_DEEP_FINAL_AUDIT/docs/world_protocol_atlas/protocols/biosimulationbridge.json atlas/world_protocol_atlas/ biosimulationbridge.json json P3_ATLAS_CONTENT F06 0 0 0 0 1  N","INTEGRATE_TO_ATLAS_READONLY_SCENARIO_SPEC_CANDIDATE","ATLAS_READONLY_ADVISORY_ONLY","false","false","false","false","false","F06 audit/spec only; Atlas scenario/context candidate; never runtime reality claim"
"BRANCHABLE_ATLAS","atlas/world_protocol_atlas/","F06_ATLAS","FILE_PLAN_ALL 2098 BRANCHABLE_ATLAS OBSIDIA_BRANCHABLE_ATLAS_FULL_V0_5_DEEP_FINAL_AUDIT/docs/world_protocol_atlas/protocols/biosimulationbridge.md atlas/world_protocol_atlas/ biosimulationbridge.md md P3_ATLAS_CONTENT F06 0 0 0 0 1  NOT_FOU","INTEGRATE_TO_ATLAS_READONLY_SCENARIO_SPEC_CANDIDATE","ATLAS_READONLY_ADVISORY_ONLY","false","false","false","false","false","F06 audit/spec only; Atlas scenario/context candidate; never runtime reality claim"
"BRANCHABLE_ATLAS","atlas/world_protocol_atlas/","F06_ATLAS","FILE_PLAN_ALL 2099 BRANCHABLE_ATLAS OBSIDIA_BRANCHABLE_ATLAS_FULL_V0_5_DEEP_FINAL_AUDIT/docs/world_protocol_atlas/protocols/capsule_memorielle_ia.json atlas/world_protocol_atlas/ capsule_memorielle_ia.json json P3_ATLAS_CONTENT F06 0 0 0 0 ","INTEGRATE_TO_ATLAS_READONLY_SCENARIO_SPEC_CANDIDATE","ATLAS_READONLY_ADVISORY_ONLY","false","false","false","false","false","F06 audit/spec only; Atlas scenario/context candidate; never runtime reality claim"
"BRANCHABLE_ATLAS","atlas/world_protocol_atlas/","F06_ATLAS","FILE_PLAN_ALL 2100 BRANCHABLE_ATLAS OBSIDIA_BRANCHABLE_ATLAS_FULL_V0_5_DEEP_FINAL_AUDIT/docs/world_protocol_atlas/protocols/capsule_memorielle_ia.md atlas/world_protocol_atlas/ capsule_memorielle_ia.md md P3_ATLAS_CONTENT F06 0 0 0 0 1  NOT","INTEGRATE_TO_ATLAS_READONLY_SCENARIO_SPEC_CANDIDATE","ATLAS_READONLY_ADVISORY_ONLY","false","false","false","false","false","F06 audit/spec only; Atlas scenario/context candidate; never runtime reality claim"
"BRANCHABLE_ATLAS","atlas/world_protocol_atlas/","F06_ATLAS","FILE_PLAN_ALL 2101 BRANCHABLE_ATLAS OBSIDIA_BRANCHABLE_ATLAS_FULL_V0_5_DEEP_FINAL_AUDIT/docs/world_protocol_atlas/protocols/capteur_synthetique_de_signaux_faibles.json atlas/world_protocol_atlas/ capteur_synthetique_de_signaux_faibles.json ","INTEGRATE_TO_ATLAS_READONLY_SCENARIO_SPEC_CANDIDATE","ATLAS_READONLY_ADVISORY_ONLY","false","false","false","false","false","F06 audit/spec only; Atlas scenario/context candidate; never runtime reality claim"
"BRANCHABLE_ATLAS","atlas/world_protocol_atlas/","F06_ATLAS","FILE_PLAN_ALL 2102 BRANCHABLE_ATLAS OBSIDIA_BRANCHABLE_ATLAS_FULL_V0_5_DEEP_FINAL_AUDIT/docs/world_protocol_atlas/protocols/capteur_synthetique_de_signaux_faibles.md atlas/world_protocol_atlas/ capteur_synthetique_de_signaux_faibles.md md P","INTEGRATE_TO_ATLAS_READONLY_SCENARIO_SPEC_CANDIDATE","ATLAS_READONLY_ADVISORY_ONLY","false","false","false","false","false","F06 audit/spec only; Atlas scenario/context candidate; never runtime reality claim"
"BRANCHABLE_ATLAS","atlas/world_protocol_atlas/","F06_ATLAS","FILE_PLAN_ALL 2103 BRANCHABLE_ATLAS OBSIDIA_BRANCHABLE_ATLAS_FULL_V0_5_DEEP_FINAL_AUDIT/docs/world_protocol_atlas/protocols/cartographier_futurs_et_choix_presents.json atlas/world_protocol_atlas/ cartographier_futurs_et_choix_presents.json ","INTEGRATE_TO_ATLAS_READONLY_SCENARIO_SPEC_CANDIDATE","ATLAS_READONLY_ADVISORY_ONLY","false","false","false","false","false","F06 audit/spec only; Atlas scenario/context candidate; never runtime reality claim"
"BRANCHABLE_ATLAS","atlas/world_protocol_atlas/","F06_ATLAS","FILE_PLAN_ALL 2104 BRANCHABLE_ATLAS OBSIDIA_BRANCHABLE_ATLAS_FULL_V0_5_DEEP_FINAL_AUDIT/docs/world_protocol_atlas/protocols/cartographier_futurs_et_choix_presents.md atlas/world_protocol_atlas/ cartographier_futurs_et_choix_presents.md md P","INTEGRATE_TO_ATLAS_READONLY_SCENARIO_SPEC_CANDIDATE","ATLAS_READONLY_ADVISORY_ONLY","false","false","false","false","false","F06 audit/spec only; Atlas scenario/context candidate; never runtime reality claim"
"BRANCHABLE_ATLAS","atlas/world_protocol_atlas/","F06_ATLAS","FILE_PLAN_ALL 2105 BRANCHABLE_ATLAS OBSIDIA_BRANCHABLE_ATLAS_FULL_V0_5_DEEP_FINAL_AUDIT/docs/world_protocol_atlas/protocols/cellularcontextmodel.json atlas/world_protocol_atlas/ cellularcontextmodel.json json P3_ATLAS_CONTENT F06 0 0 0 0 1 ","INTEGRATE_TO_ATLAS_READONLY_SCENARIO_SPEC_CANDIDATE","ATLAS_READONLY_ADVISORY_ONLY","false","false","false","false","false","F06 audit/spec only; Atlas scenario/context candidate; never runtime reality claim"
"BRANCHABLE_ATLAS","atlas/world_protocol_atlas/","F06_ATLAS","FILE_PLAN_ALL 2106 BRANCHABLE_ATLAS OBSIDIA_BRANCHABLE_ATLAS_FULL_V0_5_DEEP_FINAL_AUDIT/docs/world_protocol_atlas/protocols/cellularcontextmodel.md atlas/world_protocol_atlas/ cellularcontextmodel.md md P3_ATLAS_CONTENT F06 0 0 0 0 1  NOT_F","INTEGRATE_TO_ATLAS_READONLY_SCENARIO_SPEC_CANDIDATE","ATLAS_READONLY_ADVISORY_ONLY","false","false","false","false","false","F06 audit/spec only; Atlas scenario/context candidate; never runtime reality claim"
"BRANCHABLE_ATLAS","atlas/world_protocol_atlas/","F06_ATLAS","FILE_PLAN_ALL 2107 BRANCHABLE_ATLAS OBSIDIA_BRANCHABLE_ATLAS_FULL_V0_5_DEEP_FINAL_AUDIT/docs/world_protocol_atlas/protocols/cerebras_systems_compatibility_bridge.json atlas/world_protocol_atlas/ cerebras_systems_compatibility_bridge.json js","INTEGRATE_TO_ATLAS_READONLY_SCENARIO_SPEC_CANDIDATE","ATLAS_READONLY_ADVISORY_ONLY","false","false","false","false","false","F06 audit/spec only; Atlas scenario/context candidate; never runtime reality claim"
"BRANCHABLE_ATLAS","atlas/world_protocol_atlas/","F06_ATLAS","FILE_PLAN_ALL 2108 BRANCHABLE_ATLAS OBSIDIA_BRANCHABLE_ATLAS_FULL_V0_5_DEEP_FINAL_AUDIT/docs/world_protocol_atlas/protocols/cerebras_systems_compatibility_bridge.md atlas/world_protocol_atlas/ cerebras_systems_compatibility_bridge.md md P3_","INTEGRATE_TO_ATLAS_READONLY_SCENARIO_SPEC_CANDIDATE","ATLAS_READONLY_ADVISORY_ONLY","false","false","false","false","false","F06 audit/spec only; Atlas scenario/context candidate; never runtime reality claim"
"BRANCHABLE_ATLAS","atlas/world_protocol_atlas/","F06_ATLAS","FILE_PLAN_ALL 2109 BRANCHABLE_ATLAS OBSIDIA_BRANCHABLE_ATLAS_FULL_V0_5_DEEP_FINAL_AUDIT/docs/world_protocol_atlas/protocols/chronos_engine.json atlas/world_protocol_atlas/ chronos_engine.json json P3_ATLAS_CONTENT F06 0 0 0 0 1  NOT_FOUND_L","INTEGRATE_TO_ATLAS_READONLY_SCENARIO_SPEC_CANDIDATE","ATLAS_READONLY_ADVISORY_ONLY","false","false","false","false","false","F06 audit/spec only; Atlas scenario/context candidate; never runtime reality claim"
"BRANCHABLE_ATLAS","atlas/world_protocol_atlas/","F06_ATLAS","FILE_PLAN_ALL 2110 BRANCHABLE_ATLAS OBSIDIA_BRANCHABLE_ATLAS_FULL_V0_5_DEEP_FINAL_AUDIT/docs/world_protocol_atlas/protocols/chronos_engine.md atlas/world_protocol_atlas/ chronos_engine.md md P3_ATLAS_CONTENT F06 0 0 0 0 1  NOT_FOUND_LOCAL D","INTEGRATE_TO_ATLAS_READONLY_SCENARIO_SPEC_CANDIDATE","ATLAS_READONLY_ADVISORY_ONLY","false","false","false","false","false","F06 audit/spec only; Atlas scenario/context candidate; never runtime reality claim"
"BRANCHABLE_ATLAS","atlas/world_protocol_atlas/","F06_ATLAS","FILE_PLAN_ALL 2111 BRANCHABLE_ATLAS OBSIDIA_BRANCHABLE_ATLAS_FULL_V0_5_DEEP_FINAL_AUDIT/docs/world_protocol_atlas/protocols/civiccontextprotocol.json atlas/world_protocol_atlas/ civiccontextprotocol.json json P3_ATLAS_CONTENT F06 0 0 0 0 1 ","INTEGRATE_TO_ATLAS_READONLY_SCENARIO_SPEC_CANDIDATE","ATLAS_READONLY_ADVISORY_ONLY","false","false","false","false","false","F06 audit/spec only; Atlas scenario/context candidate; never runtime reality claim"
"BRANCHABLE_ATLAS","atlas/world_protocol_atlas/","F06_ATLAS","FILE_PLAN_ALL 2112 BRANCHABLE_ATLAS OBSIDIA_BRANCHABLE_ATLAS_FULL_V0_5_DEEP_FINAL_AUDIT/docs/world_protocol_atlas/protocols/civiccontextprotocol.md atlas/world_protocol_atlas/ civiccontextprotocol.md md P3_ATLAS_CONTENT F06 0 0 0 0 1  NOT_F","INTEGRATE_TO_ATLAS_READONLY_SCENARIO_SPEC_CANDIDATE","ATLAS_READONLY_ADVISORY_ONLY","false","false","false","false","false","F06 audit/spec only; Atlas scenario/context candidate; never runtime reality claim"
"BRANCHABLE_ATLAS","atlas/world_protocol_atlas/","F06_ATLAS","FILE_PLAN_ALL 2113 BRANCHABLE_ATLAS OBSIDIA_BRANCHABLE_ATLAS_FULL_V0_5_DEEP_FINAL_AUDIT/docs/world_protocol_atlas/protocols/civilizationscenariosandbox.json atlas/world_protocol_atlas/ civilizationscenariosandbox.json json P3_ATLAS_CONTENT ","INTEGRATE_TO_ATLAS_READONLY_SCENARIO_SPEC_CANDIDATE","ATLAS_READONLY_ADVISORY_ONLY","false","false","false","false","false","F06 audit/spec only; Atlas scenario/context candidate; never runtime reality claim"
"BRANCHABLE_ATLAS","atlas/world_protocol_atlas/","F06_ATLAS","FILE_PLAN_ALL 2114 BRANCHABLE_ATLAS OBSIDIA_BRANCHABLE_ATLAS_FULL_V0_5_DEEP_FINAL_AUDIT/docs/world_protocol_atlas/protocols/civilizationscenariosandbox.md atlas/world_protocol_atlas/ civilizationscenariosandbox.md md P3_ATLAS_CONTENT F06 0 ","INTEGRATE_TO_ATLAS_READONLY_SCENARIO_SPEC_CANDIDATE","ATLAS_READONLY_ADVISORY_ONLY","false","false","false","false","false","F06 audit/spec only; Atlas scenario/context candidate; never runtime reality claim"
"BRANCHABLE_ATLAS","atlas/world_protocol_atlas/","F06_ATLAS","FILE_PLAN_ALL 2115 BRANCHABLE_ATLAS OBSIDIA_BRANCHABLE_ATLAS_FULL_V0_5_DEEP_FINAL_AUDIT/docs/world_protocol_atlas/protocols/codex_memoriel.json atlas/world_protocol_atlas/ codex_memoriel.json json P3_ATLAS_CONTENT F06 0 0 0 0 1  NOT_FOUND_L","INTEGRATE_TO_ATLAS_READONLY_SCENARIO_SPEC_CANDIDATE","ATLAS_READONLY_ADVISORY_ONLY","false","false","false","false","false","F06 audit/spec only; Atlas scenario/context candidate; never runtime reality claim"
"BRANCHABLE_ATLAS","atlas/world_protocol_atlas/","F06_ATLAS","FILE_PLAN_ALL 2116 BRANCHABLE_ATLAS OBSIDIA_BRANCHABLE_ATLAS_FULL_V0_5_DEEP_FINAL_AUDIT/docs/world_protocol_atlas/protocols/codex_memoriel.md atlas/world_protocol_atlas/ codex_memoriel.md md P3_ATLAS_CONTENT F06 0 0 0 0 1  NOT_FOUND_LOCAL D","INTEGRATE_TO_ATLAS_READONLY_SCENARIO_SPEC_CANDIDATE","ATLAS_READONLY_ADVISORY_ONLY","false","false","false","false","false","F06 audit/spec only; Atlas scenario/context candidate; never runtime reality claim"
"BRANCHABLE_ATLAS","atlas/world_protocol_atlas/","F06_ATLAS","FILE_PLAN_ALL 2117 BRANCHABLE_ATLAS OBSIDIA_BRANCHABLE_ATLAS_FULL_V0_5_DEEP_FINAL_AUDIT/docs/world_protocol_atlas/protocols/codex_transitus.json atlas/world_protocol_atlas/ codex_transitus.json json P3_ATLAS_CONTENT F06 0 0 0 0 1  NOT_FOUND","INTEGRATE_TO_ATLAS_READONLY_SCENARIO_SPEC_CANDIDATE","ATLAS_READONLY_ADVISORY_ONLY","false","false","false","false","false","F06 audit/spec only; Atlas scenario/context candidate; never runtime reality claim"
"BRANCHABLE_ATLAS","atlas/world_protocol_atlas/","F06_ATLAS","FILE_PLAN_ALL 2118 BRANCHABLE_ATLAS OBSIDIA_BRANCHABLE_ATLAS_FULL_V0_5_DEEP_FINAL_AUDIT/docs/world_protocol_atlas/protocols/codex_transitus.md atlas/world_protocol_atlas/ codex_transitus.md md P3_ATLAS_CONTENT F06 0 0 0 0 1  NOT_FOUND_LOCAL","INTEGRATE_TO_ATLAS_READONLY_SCENARIO_SPEC_CANDIDATE","ATLAS_READONLY_ADVISORY_ONLY","false","false","false","false","false","F06 audit/spec only; Atlas scenario/context candidate; never runtime reality claim"
"BRANCHABLE_ATLAS","atlas/world_protocol_atlas/","F06_ATLAS","FILE_PLAN_ALL 2119 BRANCHABLE_ATLAS OBSIDIA_BRANCHABLE_ATLAS_FULL_V0_5_DEEP_FINAL_AUDIT/docs/world_protocol_atlas/protocols/cohere_compatibility_bridge.json atlas/world_protocol_atlas/ cohere_compatibility_bridge.json json P3_ATLAS_CONTENT ","INTEGRATE_TO_ATLAS_READONLY_SCENARIO_SPEC_CANDIDATE","ATLAS_READONLY_ADVISORY_ONLY","false","false","false","false","false","F06 audit/spec only; Atlas scenario/context candidate; never runtime reality claim"
"BRANCHABLE_ATLAS","atlas/world_protocol_atlas/","F06_ATLAS","FILE_PLAN_ALL 2120 BRANCHABLE_ATLAS OBSIDIA_BRANCHABLE_ATLAS_FULL_V0_5_DEEP_FINAL_AUDIT/docs/world_protocol_atlas/protocols/cohere_compatibility_bridge.md atlas/world_protocol_atlas/ cohere_compatibility_bridge.md md P3_ATLAS_CONTENT F06 0 ","INTEGRATE_TO_ATLAS_READONLY_SCENARIO_SPEC_CANDIDATE","ATLAS_READONLY_ADVISORY_ONLY","false","false","false","false","false","F06 audit/spec only; Atlas scenario/context candidate; never runtime reality claim"
"BRANCHABLE_ATLAS","atlas/world_protocol_atlas/","F06_ATLAS","FILE_PLAN_ALL 2121 BRANCHABLE_ATLAS OBSIDIA_BRANCHABLE_ATLAS_FULL_V0_5_DEEP_FINAL_AUDIT/docs/world_protocol_atlas/protocols/collectiveresiliencemap.json atlas/world_protocol_atlas/ collectiveresiliencemap.json json P3_ATLAS_CONTENT F06 0 0 ","INTEGRATE_TO_ATLAS_READONLY_SCENARIO_SPEC_CANDIDATE","ATLAS_READONLY_ADVISORY_ONLY","false","false","false","false","false","F06 audit/spec only; Atlas scenario/context candidate; never runtime reality claim"
"BRANCHABLE_ATLAS","atlas/world_protocol_atlas/","F06_ATLAS","FILE_PLAN_ALL 2122 BRANCHABLE_ATLAS OBSIDIA_BRANCHABLE_ATLAS_FULL_V0_5_DEEP_FINAL_AUDIT/docs/world_protocol_atlas/protocols/collectiveresiliencemap.md atlas/world_protocol_atlas/ collectiveresiliencemap.md md P3_ATLAS_CONTENT F06 0 0 0 0 1 ","INTEGRATE_TO_ATLAS_READONLY_SCENARIO_SPEC_CANDIDATE","ATLAS_READONLY_ADVISORY_ONLY","false","false","false","false","false","F06 audit/spec only; Atlas scenario/context candidate; never runtime reality claim"
"BRANCHABLE_ATLAS","atlas/world_protocol_atlas/","F06_ATLAS","FILE_PLAN_ALL 2123 BRANCHABLE_ATLAS OBSIDIA_BRANCHABLE_ATLAS_FULL_V0_5_DEEP_FINAL_AUDIT/docs/world_protocol_atlas/protocols/communitycare.json atlas/world_protocol_atlas/ communitycare.json json P3_ATLAS_CONTENT F06 0 0 0 0 1  NOT_FOUND_LOC","INTEGRATE_TO_ATLAS_READONLY_SCENARIO_SPEC_CANDIDATE","ATLAS_READONLY_ADVISORY_ONLY","false","false","false","false","false","F06 audit/spec only; Atlas scenario/context candidate; never runtime reality claim"
"BRANCHABLE_ATLAS","atlas/world_protocol_atlas/","F06_ATLAS","FILE_PLAN_ALL 2124 BRANCHABLE_ATLAS OBSIDIA_BRANCHABLE_ATLAS_FULL_V0_5_DEEP_FINAL_AUDIT/docs/world_protocol_atlas/protocols/communitycare.md atlas/world_protocol_atlas/ communitycare.md md P3_ATLAS_CONTENT F06 0 0 0 0 1  NOT_FOUND_LOCAL DUP","INTEGRATE_TO_ATLAS_READONLY_SCENARIO_SPEC_CANDIDATE","ATLAS_READONLY_ADVISORY_ONLY","false","false","false","false","false","F06 audit/spec only; Atlas scenario/context candidate; never runtime reality claim"
"BRANCHABLE_ATLAS","atlas/world_protocol_atlas/","F06_ATLAS","FILE_PLAN_ALL 2125 BRANCHABLE_ATLAS OBSIDIA_BRANCHABLE_ATLAS_FULL_V0_5_DEEP_FINAL_AUDIT/docs/world_protocol_atlas/protocols/confronter_versions_divergentes.json atlas/world_protocol_atlas/ confronter_versions_divergentes.json json P3_ATLAS_","INTEGRATE_TO_ATLAS_READONLY_SCENARIO_SPEC_CANDIDATE","ATLAS_READONLY_ADVISORY_ONLY","false","false","false","false","false","F06 audit/spec only; Atlas scenario/context candidate; never runtime reality claim"
"BRANCHABLE_ATLAS","atlas/world_protocol_atlas/","F06_ATLAS","FILE_PLAN_ALL 2126 BRANCHABLE_ATLAS OBSIDIA_BRANCHABLE_ATLAS_FULL_V0_5_DEEP_FINAL_AUDIT/docs/world_protocol_atlas/protocols/confronter_versions_divergentes.md atlas/world_protocol_atlas/ confronter_versions_divergentes.md md P3_ATLAS_CONTEN","INTEGRATE_TO_ATLAS_READONLY_SCENARIO_SPEC_CANDIDATE","ATLAS_READONLY_ADVISORY_ONLY","false","false","false","false","false","F06 audit/spec only; Atlas scenario/context candidate; never runtime reality claim"
"BRANCHABLE_ATLAS","atlas/world_protocol_atlas/","F06_ATLAS","FILE_PLAN_ALL 2127 BRANCHABLE_ATLAS OBSIDIA_BRANCHABLE_ATLAS_FULL_V0_5_DEEP_FINAL_AUDIT/docs/world_protocol_atlas/protocols/constructioncodesignagents.json atlas/world_protocol_atlas/ constructioncodesignagents.json json P3_ATLAS_CONTENT F0","INTEGRATE_TO_ATLAS_READONLY_SCENARIO_SPEC_CANDIDATE","ATLAS_READONLY_ADVISORY_ONLY","false","false","false","false","false","F06 audit/spec only; Atlas scenario/context candidate; never runtime reality claim"
"BRANCHABLE_ATLAS","atlas/world_protocol_atlas/","F06_ATLAS","FILE_PLAN_ALL 2128 BRANCHABLE_ATLAS OBSIDIA_BRANCHABLE_ATLAS_FULL_V0_5_DEEP_FINAL_AUDIT/docs/world_protocol_atlas/protocols/constructioncodesignagents.md atlas/world_protocol_atlas/ constructioncodesignagents.md md P3_ATLAS_CONTENT F06 0 0 ","INTEGRATE_TO_ATLAS_READONLY_SCENARIO_SPEC_CANDIDATE","ATLAS_READONLY_ADVISORY_ONLY","false","false","false","false","false","F06 audit/spec only; Atlas scenario/context candidate; never runtime reality claim"
"BRANCHABLE_ATLAS","atlas/world_protocol_atlas/","F06_ATLAS","FILE_PLAN_ALL 2129 BRANCHABLE_ATLAS OBSIDIA_BRANCHABLE_ATLAS_FULL_V0_5_DEEP_FINAL_AUDIT/docs/world_protocol_atlas/protocols/contextualcognitivekernelcandidate.json atlas/world_protocol_atlas/ contextualcognitivekernelcandidate.json json P3_","INTEGRATE_TO_ATLAS_READONLY_SCENARIO_SPEC_CANDIDATE","ATLAS_READONLY_ADVISORY_ONLY","false","false","false","false","false","F06 audit/spec only; Atlas scenario/context candidate; never runtime reality claim"
"BRANCHABLE_ATLAS","atlas/world_protocol_atlas/","F06_ATLAS","FILE_PLAN_ALL 2130 BRANCHABLE_ATLAS OBSIDIA_BRANCHABLE_ATLAS_FULL_V0_5_DEEP_FINAL_AUDIT/docs/world_protocol_atlas/protocols/contextualcognitivekernelcandidate.md atlas/world_protocol_atlas/ contextualcognitivekernelcandidate.md md P3_ATLAS_","INTEGRATE_TO_ATLAS_READONLY_SCENARIO_SPEC_CANDIDATE","ATLAS_READONLY_ADVISORY_ONLY","false","false","false","false","false","F06 audit/spec only; Atlas scenario/context candidate; never runtime reality claim"
"BRANCHABLE_ATLAS","atlas/world_protocol_atlas/","F06_ATLAS","FILE_PLAN_ALL 2131 BRANCHABLE_ATLAS OBSIDIA_BRANCHABLE_ATLAS_FULL_V0_5_DEEP_FINAL_AUDIT/docs/world_protocol_atlas/protocols/conversation_a_partir_d_archives.json atlas/world_protocol_atlas/ conversation_a_partir_d_archives.json json P3_ATLA","INTEGRATE_TO_ATLAS_READONLY_SCENARIO_SPEC_CANDIDATE","ATLAS_READONLY_ADVISORY_ONLY","false","false","false","false","false","F06 audit/spec only; Atlas scenario/context candidate; never runtime reality claim"
"BRANCHABLE_ATLAS","atlas/world_protocol_atlas/","F06_ATLAS","FILE_PLAN_ALL 2132 BRANCHABLE_ATLAS OBSIDIA_BRANCHABLE_ATLAS_FULL_V0_5_DEEP_FINAL_AUDIT/docs/world_protocol_atlas/protocols/conversation_a_partir_d_archives.md atlas/world_protocol_atlas/ conversation_a_partir_d_archives.md md P3_ATLAS_CONT","INTEGRATE_TO_ATLAS_READONLY_SCENARIO_SPEC_CANDIDATE","ATLAS_READONLY_ADVISORY_ONLY","false","false","false","false","false","F06 audit/spec only; Atlas scenario/context candidate; never runtime reality claim"
"BRANCHABLE_ATLAS","atlas/world_protocol_atlas/","F06_ATLAS","FILE_PLAN_ALL 2133 BRANCHABLE_ATLAS OBSIDIA_BRANCHABLE_ATLAS_FULL_V0_5_DEEP_FINAL_AUDIT/docs/world_protocol_atlas/protocols/coordination_agents_simples.json atlas/world_protocol_atlas/ coordination_agents_simples.json json P3_ATLAS_CONTENT ","INTEGRATE_TO_ATLAS_READONLY_SCENARIO_SPEC_CANDIDATE","ATLAS_READONLY_ADVISORY_ONLY","false","false","false","false","false","F06 audit/spec only; Atlas scenario/context candidate; never runtime reality claim"
"BRANCHABLE_ATLAS","atlas/world_protocol_atlas/","F06_ATLAS","FILE_PLAN_ALL 2134 BRANCHABLE_ATLAS OBSIDIA_BRANCHABLE_ATLAS_FULL_V0_5_DEEP_FINAL_AUDIT/docs/world_protocol_atlas/protocols/coordination_agents_simples.md atlas/world_protocol_atlas/ coordination_agents_simples.md md P3_ATLAS_CONTENT F06 0 ","INTEGRATE_TO_ATLAS_READONLY_SCENARIO_SPEC_CANDIDATE","ATLAS_READONLY_ADVISORY_ONLY","false","false","false","false","false","F06 audit/spec only; Atlas scenario/context candidate; never runtime reality claim"
"BRANCHABLE_ATLAS","atlas/world_protocol_atlas/","F06_ATLAS","FILE_PLAN_ALL 2135 BRANCHABLE_ATLAS OBSIDIA_BRANCHABLE_ATLAS_FULL_V0_5_DEEP_FINAL_AUDIT/docs/world_protocol_atlas/protocols/cortexpilotsupervisor.json atlas/world_protocol_atlas/ cortexpilotsupervisor.json json P3_ATLAS_CONTENT F06 0 0 0 0 ","INTEGRATE_TO_ATLAS_READONLY_SCENARIO_SPEC_CANDIDATE","ATLAS_READONLY_ADVISORY_ONLY","false","false","false","false","false","F06 audit/spec only; Atlas scenario/context candidate; never runtime reality claim"
"BRANCHABLE_ATLAS","atlas/world_protocol_atlas/","F06_ATLAS","FILE_PLAN_ALL 2136 BRANCHABLE_ATLAS OBSIDIA_BRANCHABLE_ATLAS_FULL_V0_5_DEEP_FINAL_AUDIT/docs/world_protocol_atlas/protocols/cortexpilotsupervisor.md atlas/world_protocol_atlas/ cortexpilotsupervisor.md md P3_ATLAS_CONTENT F06 0 0 0 0 1  NOT","INTEGRATE_TO_ATLAS_READONLY_SCENARIO_SPEC_CANDIDATE","ATLAS_READONLY_ADVISORY_ONLY","false","false","false","false","false","F06 audit/spec only; Atlas scenario/context candidate; never runtime reality claim"
"BRANCHABLE_ATLAS","atlas/world_protocol_atlas/","F06_ATLAS","FILE_PLAN_ALL 2137 BRANCHABLE_ATLAS OBSIDIA_BRANCHABLE_ATLAS_FULL_V0_5_DEEP_FINAL_AUDIT/docs/world_protocol_atlas/protocols/cosmicpatterncontext.json atlas/world_protocol_atlas/ cosmicpatterncontext.json json P3_ATLAS_CONTENT F06 0 0 0 0 1 ","INTEGRATE_TO_ATLAS_READONLY_SCENARIO_SPEC_CANDIDATE","ATLAS_READONLY_ADVISORY_ONLY","false","false","false","false","false","F06 audit/spec only; Atlas scenario/context candidate; never runtime reality claim"
"BRANCHABLE_ATLAS","atlas/world_protocol_atlas/","F06_ATLAS","FILE_PLAN_ALL 2138 BRANCHABLE_ATLAS OBSIDIA_BRANCHABLE_ATLAS_FULL_V0_5_DEEP_FINAL_AUDIT/docs/world_protocol_atlas/protocols/cosmicpatterncontext.md atlas/world_protocol_atlas/ cosmicpatterncontext.md md P3_ATLAS_CONTENT F06 0 0 0 0 1  NOT_F","INTEGRATE_TO_ATLAS_READONLY_SCENARIO_SPEC_CANDIDATE","ATLAS_READONLY_ADVISORY_ONLY","false","false","false","false","false","F06 audit/spec only; Atlas scenario/context candidate; never runtime reality claim"
"BRANCHABLE_ATLAS","atlas/world_protocol_atlas/","F06_ATLAS","FILE_PLAN_ALL 2139 BRANCHABLE_ATLAS OBSIDIA_BRANCHABLE_ATLAS_FULL_V0_5_DEEP_FINAL_AUDIT/docs/world_protocol_atlas/protocols/cosmolang.json atlas/world_protocol_atlas/ cosmolang.json json P3_ATLAS_CONTENT F06 0 0 0 0 1  NOT_FOUND_LOCAL DUPLI","INTEGRATE_TO_ATLAS_READONLY_SCENARIO_SPEC_CANDIDATE","ATLAS_READONLY_ADVISORY_ONLY","false","false","false","false","false","F06 audit/spec only; Atlas scenario/context candidate; never runtime reality claim"
"BRANCHABLE_ATLAS","atlas/world_protocol_atlas/","F06_ATLAS","FILE_PLAN_ALL 2140 BRANCHABLE_ATLAS OBSIDIA_BRANCHABLE_ATLAS_FULL_V0_5_DEEP_FINAL_AUDIT/docs/world_protocol_atlas/protocols/cosmolang.md atlas/world_protocol_atlas/ cosmolang.md md P3_ATLAS_CONTENT F06 0 0 0 0 1  NOT_FOUND_LOCAL DUPLICATE_S","INTEGRATE_TO_ATLAS_READONLY_SCENARIO_SPEC_CANDIDATE","ATLAS_READONLY_ADVISORY_ONLY","false","false","false","false","false","F06 audit/spec only; Atlas scenario/context candidate; never runtime reality claim"
"BRANCHABLE_ATLAS","atlas/world_protocol_atlas/","F06_ATLAS","FILE_PLAN_ALL 2141 BRANCHABLE_ATLAS OBSIDIA_BRANCHABLE_ATLAS_FULL_V0_5_DEEP_FINAL_AUDIT/docs/world_protocol_atlas/protocols/cryomemory.json atlas/world_protocol_atlas/ cryomemory.json json P3_ATLAS_CONTENT F06 0 0 0 0 1  NOT_FOUND_LOCAL DUP","INTEGRATE_TO_ATLAS_READONLY_SCENARIO_SPEC_CANDIDATE","ATLAS_READONLY_ADVISORY_ONLY","false","false","false","false","false","F06 audit/spec only; Atlas scenario/context candidate; never runtime reality claim"
"BRANCHABLE_ATLAS","atlas/world_protocol_atlas/","F06_ATLAS","FILE_PLAN_ALL 2142 BRANCHABLE_ATLAS OBSIDIA_BRANCHABLE_ATLAS_FULL_V0_5_DEEP_FINAL_AUDIT/docs/world_protocol_atlas/protocols/cryomemory.md atlas/world_protocol_atlas/ cryomemory.md md P3_ATLAS_CONTENT F06 0 0 0 0 1  NOT_FOUND_LOCAL DUPLICATE","INTEGRATE_TO_ATLAS_READONLY_SCENARIO_SPEC_CANDIDATE","ATLAS_READONLY_ADVISORY_ONLY","false","false","false","false","false","F06 audit/spec only; Atlas scenario/context candidate; never runtime reality claim"
"BRANCHABLE_ATLAS","atlas/world_protocol_atlas/","F06_ATLAS","FILE_PLAN_ALL 2143 BRANCHABLE_ATLAS OBSIDIA_BRANCHABLE_ATLAS_FULL_V0_5_DEEP_FINAL_AUDIT/docs/world_protocol_atlas/protocols/datasketch_compatibility_bridge.json atlas/world_protocol_atlas/ datasketch_compatibility_bridge.json json P3_ATLAS_","INTEGRATE_TO_ATLAS_READONLY_SCENARIO_SPEC_CANDIDATE","ATLAS_READONLY_ADVISORY_ONLY","false","false","false","false","false","F06 audit/spec only; Atlas scenario/context candidate; never runtime reality claim"
"BRANCHABLE_ATLAS","atlas/world_protocol_atlas/","F06_ATLAS","FILE_PLAN_ALL 2144 BRANCHABLE_ATLAS OBSIDIA_BRANCHABLE_ATLAS_FULL_V0_5_DEEP_FINAL_AUDIT/docs/world_protocol_atlas/protocols/datasketch_compatibility_bridge.md atlas/world_protocol_atlas/ datasketch_compatibility_bridge.md md P3_ATLAS_CONTEN","INTEGRATE_TO_ATLAS_READONLY_SCENARIO_SPEC_CANDIDATE","ATLAS_READONLY_ADVISORY_ONLY","false","false","false","false","false","F06 audit/spec only; Atlas scenario/context candidate; never runtime reality claim"
"BRANCHABLE_ATLAS","atlas/world_protocol_atlas/","F06_ATLAS","FILE_PLAN_ALL 2145 BRANCHABLE_ATLAS OBSIDIA_BRANCHABLE_ATLAS_FULL_V0_5_DEEP_FINAL_AUDIT/docs/world_protocol_atlas/protocols/detection_dialectale_dynamique.json atlas/world_protocol_atlas/ detection_dialectale_dynamique.json json P3_ATLAS_CO","INTEGRATE_TO_ATLAS_READONLY_SCENARIO_SPEC_CANDIDATE","ATLAS_READONLY_ADVISORY_ONLY","false","false","false","false","false","F06 audit/spec only; Atlas scenario/context candidate; never runtime reality claim"
"BRANCHABLE_ATLAS","atlas/world_protocol_atlas/","F06_ATLAS","FILE_PLAN_ALL 2146 BRANCHABLE_ATLAS OBSIDIA_BRANCHABLE_ATLAS_FULL_V0_5_DEEP_FINAL_AUDIT/docs/world_protocol_atlas/protocols/detection_dialectale_dynamique.md atlas/world_protocol_atlas/ detection_dialectale_dynamique.md md P3_ATLAS_CONTENT ","INTEGRATE_TO_ATLAS_READONLY_SCENARIO_SPEC_CANDIDATE","ATLAS_READONLY_ADVISORY_ONLY","false","false","false","false","false","F06 audit/spec only; Atlas scenario/context candidate; never runtime reality claim"
"BRANCHABLE_ATLAS","atlas/world_protocol_atlas/","F06_ATLAS","FILE_PLAN_ALL 2147 BRANCHABLE_ATLAS OBSIDIA_BRANCHABLE_ATLAS_FULL_V0_5_DEEP_FINAL_AUDIT/docs/world_protocol_atlas/protocols/diasporamemory.json atlas/world_protocol_atlas/ diasporamemory.json json P3_ATLAS_CONTENT F06 0 0 0 0 1  NOT_FOUND_L","INTEGRATE_TO_ATLAS_READONLY_SCENARIO_SPEC_CANDIDATE","ATLAS_READONLY_ADVISORY_ONLY","false","false","false","false","false","F06 audit/spec only; Atlas scenario/context candidate; never runtime reality claim"
"BRANCHABLE_ATLAS","atlas/world_protocol_atlas/","F06_ATLAS","FILE_PLAN_ALL 2148 BRANCHABLE_ATLAS OBSIDIA_BRANCHABLE_ATLAS_FULL_V0_5_DEEP_FINAL_AUDIT/docs/world_protocol_atlas/protocols/diasporamemory.md atlas/world_protocol_atlas/ diasporamemory.md md P3_ATLAS_CONTENT F06 0 0 0 0 1  NOT_FOUND_LOCAL D","INTEGRATE_TO_ATLAS_READONLY_SCENARIO_SPEC_CANDIDATE","ATLAS_READONLY_ADVISORY_ONLY","false","false","false","false","false","F06 audit/spec only; Atlas scenario/context candidate; never runtime reality claim"
"BRANCHABLE_ATLAS","atlas/world_protocol_atlas/","F06_ATLAS","FILE_PLAN_ALL 2149 BRANCHABLE_ATLAS OBSIDIA_BRANCHABLE_ATLAS_FULL_V0_5_DEEP_FINAL_AUDIT/docs/world_protocol_atlas/protocols/dramaticstructureengine.json atlas/world_protocol_atlas/ dramaticstructureengine.json json P3_ATLAS_CONTENT F06 0 0 ","INTEGRATE_TO_ATLAS_READONLY_SCENARIO_SPEC_CANDIDATE","ATLAS_READONLY_ADVISORY_ONLY","false","false","false","false","false","F06 audit/spec only; Atlas scenario/context candidate; never runtime reality claim"
"BRANCHABLE_ATLAS","atlas/world_protocol_atlas/","F06_ATLAS","FILE_PLAN_ALL 2150 BRANCHABLE_ATLAS OBSIDIA_BRANCHABLE_ATLAS_FULL_V0_5_DEEP_FINAL_AUDIT/docs/world_protocol_atlas/protocols/dramaticstructureengine.md atlas/world_protocol_atlas/ dramaticstructureengine.md md P3_ATLAS_CONTENT F06 0 0 0 0 1 ","INTEGRATE_TO_ATLAS_READONLY_SCENARIO_SPEC_CANDIDATE","ATLAS_READONLY_ADVISORY_ONLY","false","false","false","false","false","F06 audit/spec only; Atlas scenario/context candidate; never runtime reality claim"
"BRANCHABLE_ATLAS","atlas/world_protocol_atlas/","F06_ATLAS","FILE_PLAN_ALL 2151 BRANCHABLE_ATLAS OBSIDIA_BRANCHABLE_ATLAS_FULL_V0_5_DEEP_FINAL_AUDIT/docs/world_protocol_atlas/protocols/dualphysicalcognition.json atlas/world_protocol_atlas/ dualphysicalcognition.json json P3_ATLAS_CONTENT F06 0 0 0 0 ","INTEGRATE_TO_ATLAS_READONLY_SCENARIO_SPEC_CANDIDATE","ATLAS_READONLY_ADVISORY_ONLY","false","false","false","false","false","F06 audit/spec only; Atlas scenario/context candidate; never runtime reality claim"
"BRANCHABLE_ATLAS","atlas/world_protocol_atlas/","F06_ATLAS","FILE_PLAN_ALL 2152 BRANCHABLE_ATLAS OBSIDIA_BRANCHABLE_ATLAS_FULL_V0_5_DEEP_FINAL_AUDIT/docs/world_protocol_atlas/protocols/dualphysicalcognition.md atlas/world_protocol_atlas/ dualphysicalcognition.md md P3_ATLAS_CONTENT F06 0 0 0 0 1  NOT","INTEGRATE_TO_ATLAS_READONLY_SCENARIO_SPEC_CANDIDATE","ATLAS_READONLY_ADVISORY_ONLY","false","false","false","false","false","F06 audit/spec only; Atlas scenario/context candidate; never runtime reality claim"
"BRANCHABLE_ATLAS","atlas/world_protocol_atlas/","F06_ATLAS","FILE_PLAN_ALL 2153 BRANCHABLE_ATLAS OBSIDIA_BRANCHABLE_ATLAS_FULL_V0_5_DEEP_FINAL_AUDIT/docs/world_protocol_atlas/protocols/dynamiccontextloader.json atlas/world_protocol_atlas/ dynamiccontextloader.json json P3_ATLAS_CONTENT F06 0 0 0 0 1 ","INTEGRATE_TO_ATLAS_READONLY_SCENARIO_SPEC_CANDIDATE","ATLAS_READONLY_ADVISORY_ONLY","false","false","false","false","false","F06 audit/spec only; Atlas scenario/context candidate; never runtime reality claim"
"BRANCHABLE_ATLAS","atlas/world_protocol_atlas/","F06_ATLAS","FILE_PLAN_ALL 2154 BRANCHABLE_ATLAS OBSIDIA_BRANCHABLE_ATLAS_FULL_V0_5_DEEP_FINAL_AUDIT/docs/world_protocol_atlas/protocols/dynamiccontextloader.md atlas/world_protocol_atlas/ dynamiccontextloader.md md P3_ATLAS_CONTENT F06 0 0 0 0 1  NOT_F","INTEGRATE_TO_ATLAS_READONLY_SCENARIO_SPEC_CANDIDATE","ATLAS_READONLY_ADVISORY_ONLY","false","false","false","false","false","F06 audit/spec only; Atlas scenario/context candidate; never runtime reality claim"
"BRANCHABLE_ATLAS","atlas/world_protocol_atlas/","F06_ATLAS","FILE_PLAN_ALL 2155 BRANCHABLE_ATLAS OBSIDIA_BRANCHABLE_ATLAS_FULL_V0_5_DEEP_FINAL_AUDIT/docs/world_protocol_atlas/protocols/ecocideriskmap.json atlas/world_protocol_atlas/ ecocideriskmap.json json P3_ATLAS_CONTENT F06 0 0 0 0 1  NOT_FOUND_L","INTEGRATE_TO_ATLAS_READONLY_SCENARIO_SPEC_CANDIDATE","ATLAS_READONLY_ADVISORY_ONLY","false","false","false","false","false","F06 audit/spec only; Atlas scenario/context candidate; never runtime reality claim"
"BRANCHABLE_ATLAS","atlas/world_protocol_atlas/","F06_ATLAS","FILE_PLAN_ALL 2156 BRANCHABLE_ATLAS OBSIDIA_BRANCHABLE_ATLAS_FULL_V0_5_DEEP_FINAL_AUDIT/docs/world_protocol_atlas/protocols/ecocideriskmap.md atlas/world_protocol_atlas/ ecocideriskmap.md md P3_ATLAS_CONTENT F06 0 0 0 0 1  NOT_FOUND_LOCAL D","INTEGRATE_TO_ATLAS_READONLY_SCENARIO_SPEC_CANDIDATE","ATLAS_READONLY_ADVISORY_ONLY","false","false","false","false","false","F06 audit/spec only; Atlas scenario/context candidate; never runtime reality claim"
"BRANCHABLE_ATLAS","atlas/world_protocol_atlas/","F06_ATLAS","FILE_PLAN_ALL 2157 BRANCHABLE_ATLAS OBSIDIA_BRANCHABLE_ATLAS_FULL_V0_5_DEEP_FINAL_AUDIT/docs/world_protocol_atlas/protocols/embrapii_compatibility_bridge.json atlas/world_protocol_atlas/ embrapii_compatibility_bridge.json json P3_ATLAS_CONT","INTEGRATE_TO_ATLAS_READONLY_SCENARIO_SPEC_CANDIDATE","ATLAS_READONLY_ADVISORY_ONLY","false","false","false","false","false","F06 audit/spec only; Atlas scenario/context candidate; never runtime reality claim"
"BRANCHABLE_ATLAS","atlas/world_protocol_atlas/","F06_ATLAS","FILE_PLAN_ALL 2158 BRANCHABLE_ATLAS OBSIDIA_BRANCHABLE_ATLAS_FULL_V0_5_DEEP_FINAL_AUDIT/docs/world_protocol_atlas/protocols/embrapii_compatibility_bridge.md atlas/world_protocol_atlas/ embrapii_compatibility_bridge.md md P3_ATLAS_CONTENT F0","INTEGRATE_TO_ATLAS_READONLY_SCENARIO_SPEC_CANDIDATE","ATLAS_READONLY_ADVISORY_ONLY","false","false","false","false","false","F06 audit/spec only; Atlas scenario/context candidate; never runtime reality claim"
"BRANCHABLE_ATLAS","atlas/world_protocol_atlas/","F06_ATLAS","FILE_PLAN_ALL 2159 BRANCHABLE_ATLAS OBSIDIA_BRANCHABLE_ATLAS_FULL_V0_5_DEEP_FINAL_AUDIT/docs/world_protocol_atlas/protocols/ephemeralperformancearchive.json atlas/world_protocol_atlas/ ephemeralperformancearchive.json json P3_ATLAS_CONTENT ","INTEGRATE_TO_ATLAS_READONLY_SCENARIO_SPEC_CANDIDATE","ATLAS_READONLY_ADVISORY_ONLY","false","false","false","false","false","F06 audit/spec only; Atlas scenario/context candidate; never runtime reality claim"
"BRANCHABLE_ATLAS","atlas/world_protocol_atlas/","F06_ATLAS","FILE_PLAN_ALL 2160 BRANCHABLE_ATLAS OBSIDIA_BRANCHABLE_ATLAS_FULL_V0_5_DEEP_FINAL_AUDIT/docs/world_protocol_atlas/protocols/ephemeralperformancearchive.md atlas/world_protocol_atlas/ ephemeralperformancearchive.md md P3_ATLAS_CONTENT F06 0 ","INTEGRATE_TO_ATLAS_READONLY_SCENARIO_SPEC_CANDIDATE","ATLAS_READONLY_ADVISORY_ONLY","false","false","false","false","false","F06 audit/spec only; Atlas scenario/context candidate; never runtime reality claim"
"BRANCHABLE_ATLAS","atlas/world_protocol_atlas/","F06_ATLAS","FILE_PLAN_ALL 2161 BRANCHABLE_ATLAS OBSIDIA_BRANCHABLE_ATLAS_FULL_V0_5_DEEP_FINAL_AUDIT/docs/world_protocol_atlas/protocols/ethicalworkloadrouter.json atlas/world_protocol_atlas/ ethicalworkloadrouter.json json P3_ATLAS_CONTENT F06 0 0 0 0 ","INTEGRATE_TO_ATLAS_READONLY_SCENARIO_SPEC_CANDIDATE","ATLAS_READONLY_ADVISORY_ONLY","false","false","false","false","false","F06 audit/spec only; Atlas scenario/context candidate; never runtime reality claim"
"BRANCHABLE_ATLAS","atlas/world_protocol_atlas/","F06_ATLAS","FILE_PLAN_ALL 2162 BRANCHABLE_ATLAS OBSIDIA_BRANCHABLE_ATLAS_FULL_V0_5_DEEP_FINAL_AUDIT/docs/world_protocol_atlas/protocols/ethicalworkloadrouter.md atlas/world_protocol_atlas/ ethicalworkloadrouter.md md P3_ATLAS_CONTENT F06 0 0 0 0 1  NOT","INTEGRATE_TO_ATLAS_READONLY_SCENARIO_SPEC_CANDIDATE","ATLAS_READONLY_ADVISORY_ONLY","false","false","false","false","false","F06 audit/spec only; Atlas scenario/context candidate; never runtime reality claim"
"BRANCHABLE_ATLAS","atlas/world_protocol_atlas/","F06_ATLAS","FILE_PLAN_ALL 2163 BRANCHABLE_ATLAS OBSIDIA_BRANCHABLE_ATLAS_FULL_V0_5_DEEP_FINAL_AUDIT/docs/world_protocol_atlas/protocols/ethics_mortis.json atlas/world_protocol_atlas/ ethics_mortis.json json P3_ATLAS_CONTENT F06 0 0 0 0 1  NOT_FOUND_LOC","INTEGRATE_TO_ATLAS_READONLY_SCENARIO_SPEC_CANDIDATE","ATLAS_READONLY_ADVISORY_ONLY","false","false","false","false","false","F06 audit/spec only; Atlas scenario/context candidate; never runtime reality claim"
"BRANCHABLE_ATLAS","atlas/world_protocol_atlas/","F06_ATLAS","FILE_PLAN_ALL 2164 BRANCHABLE_ATLAS OBSIDIA_BRANCHABLE_ATLAS_FULL_V0_5_DEEP_FINAL_AUDIT/docs/world_protocol_atlas/protocols/ethics_mortis.md atlas/world_protocol_atlas/ ethics_mortis.md md P3_ATLAS_CONTENT F06 0 0 0 0 1  NOT_FOUND_LOCAL DUP","INTEGRATE_TO_ATLAS_READONLY_SCENARIO_SPEC_CANDIDATE","ATLAS_READONLY_ADVISORY_ONLY","false","false","false","false","false","F06 audit/spec only; Atlas scenario/context candidate; never runtime reality claim"
"BRANCHABLE_ATLAS","atlas/world_protocol_atlas/","F06_ATLAS","FILE_PLAN_ALL 2165 BRANCHABLE_ATLAS OBSIDIA_BRANCHABLE_ATLAS_FULL_V0_5_DEEP_FINAL_AUDIT/docs/world_protocol_atlas/protocols/ethicssignaloracle.json atlas/world_protocol_atlas/ ethicssignaloracle.json json P3_ATLAS_CONTENT F06 0 0 0 0 1  NOT","INTEGRATE_TO_ATLAS_READONLY_SCENARIO_SPEC_CANDIDATE","ATLAS_READONLY_ADVISORY_ONLY","false","false","false","false","false","F06 audit/spec only; Atlas scenario/context candidate; never runtime reality claim"
"BRANCHABLE_ATLAS","atlas/world_protocol_atlas/","F06_ATLAS","FILE_PLAN_ALL 2166 BRANCHABLE_ATLAS OBSIDIA_BRANCHABLE_ATLAS_FULL_V0_5_DEEP_FINAL_AUDIT/docs/world_protocol_atlas/protocols/ethicssignaloracle.md atlas/world_protocol_atlas/ ethicssignaloracle.md md P3_ATLAS_CONTENT F06 0 0 0 0 1  NOT_FOUND","INTEGRATE_TO_ATLAS_READONLY_SCENARIO_SPEC_CANDIDATE","ATLAS_READONLY_ADVISORY_ONLY","false","false","false","false","false","F06 audit/spec only; Atlas scenario/context candidate; never runtime reality claim"
"BRANCHABLE_ATLAS","atlas/world_protocol_atlas/","F06_ATLAS","FILE_PLAN_ALL 2167 BRANCHABLE_ATLAS OBSIDIA_BRANCHABLE_ATLAS_FULL_V0_5_DEEP_FINAL_AUDIT/docs/world_protocol_atlas/protocols/exilearchive.json atlas/world_protocol_atlas/ exilearchive.json json P3_ATLAS_CONTENT F06 0 0 0 0 1  NOT_FOUND_LOCAL","INTEGRATE_TO_ATLAS_READONLY_SCENARIO_SPEC_CANDIDATE","ATLAS_READONLY_ADVISORY_ONLY","false","false","false","false","false","F06 audit/spec only; Atlas scenario/context candidate; never runtime reality claim"
"BRANCHABLE_ATLAS","atlas/world_protocol_atlas/","F06_ATLAS","FILE_PLAN_ALL 2168 BRANCHABLE_ATLAS OBSIDIA_BRANCHABLE_ATLAS_FULL_V0_5_DEEP_FINAL_AUDIT/docs/world_protocol_atlas/protocols/exilearchive.md atlas/world_protocol_atlas/ exilearchive.md md P3_ATLAS_CONTENT F06 0 0 0 0 1  NOT_FOUND_LOCAL DUPLI","INTEGRATE_TO_ATLAS_READONLY_SCENARIO_SPEC_CANDIDATE","ATLAS_READONLY_ADVISORY_ONLY","false","false","false","false","false","F06 audit/spec only; Atlas scenario/context candidate; never runtime reality claim"
"BRANCHABLE_ATLAS","atlas/world_protocol_atlas/","F06_ATLAS","FILE_PLAN_ALL 2169 BRANCHABLE_ATLAS OBSIDIA_BRANCHABLE_ATLAS_FULL_V0_5_DEEP_FINAL_AUDIT/docs/world_protocol_atlas/protocols/extraction_de_motifs_symboliques.json atlas/world_protocol_atlas/ extraction_de_motifs_symboliques.json json P3_ATLA","INTEGRATE_TO_ATLAS_READONLY_SCENARIO_SPEC_CANDIDATE","ATLAS_READONLY_ADVISORY_ONLY","false","false","false","false","false","F06 audit/spec only; Atlas scenario/context candidate; never runtime reality claim"
"BRANCHABLE_ATLAS","atlas/world_protocol_atlas/","F06_ATLAS","FILE_PLAN_ALL 2170 BRANCHABLE_ATLAS OBSIDIA_BRANCHABLE_ATLAS_FULL_V0_5_DEEP_FINAL_AUDIT/docs/world_protocol_atlas/protocols/extraction_de_motifs_symboliques.md atlas/world_protocol_atlas/ extraction_de_motifs_symboliques.md md P3_ATLAS_CONT","INTEGRATE_TO_ATLAS_READONLY_SCENARIO_SPEC_CANDIDATE","ATLAS_READONLY_ADVISORY_ONLY","false","false","false","false","false","F06 audit/spec only; Atlas scenario/context candidate; never runtime reality claim"
"BRANCHABLE_ATLAS","atlas/world_protocol_atlas/","F06_ATLAS","FILE_PLAN_ALL 2171 BRANCHABLE_ATLAS OBSIDIA_BRANCHABLE_ATLAS_FULL_V0_5_DEEP_FINAL_AUDIT/docs/world_protocol_atlas/protocols/federatedecolearning.json atlas/world_protocol_atlas/ federatedecolearning.json json P3_ATLAS_CONTENT F06 0 0 0 0 1 ","INTEGRATE_TO_ATLAS_READONLY_SCENARIO_SPEC_CANDIDATE","ATLAS_READONLY_ADVISORY_ONLY","false","false","false","false","false","F06 audit/spec only; Atlas scenario/context candidate; never runtime reality claim"
"BRANCHABLE_ATLAS","atlas/world_protocol_atlas/","F06_ATLAS","FILE_PLAN_ALL 2172 BRANCHABLE_ATLAS OBSIDIA_BRANCHABLE_ATLAS_FULL_V0_5_DEEP_FINAL_AUDIT/docs/world_protocol_atlas/protocols/federatedecolearning.md atlas/world_protocol_atlas/ federatedecolearning.md md P3_ATLAS_CONTENT F06 0 0 0 0 1  NOT_F","INTEGRATE_TO_ATLAS_READONLY_SCENARIO_SPEC_CANDIDATE","ATLAS_READONLY_ADVISORY_ONLY","false","false","false","false","false","F06 audit/spec only; Atlas scenario/context candidate; never runtime reality claim"
"BRANCHABLE_ATLAS","atlas/world_protocol_atlas/","F06_ATLAS","FILE_PLAN_ALL 2173 BRANCHABLE_ATLAS OBSIDIA_BRANCHABLE_ATLAS_FULL_V0_5_DEEP_FINAL_AUDIT/docs/world_protocol_atlas/protocols/fieldmonitoringethics.json atlas/world_protocol_atlas/ fieldmonitoringethics.json json P3_ATLAS_CONTENT F06 0 0 0 0 ","INTEGRATE_TO_ATLAS_READONLY_SCENARIO_SPEC_CANDIDATE","ATLAS_READONLY_ADVISORY_ONLY","false","false","false","false","false","F06 audit/spec only; Atlas scenario/context candidate; never runtime reality claim"
"BRANCHABLE_ATLAS","atlas/world_protocol_atlas/","F06_ATLAS","FILE_PLAN_ALL 2174 BRANCHABLE_ATLAS OBSIDIA_BRANCHABLE_ATLAS_FULL_V0_5_DEEP_FINAL_AUDIT/docs/world_protocol_atlas/protocols/fieldmonitoringethics.md atlas/world_protocol_atlas/ fieldmonitoringethics.md md P3_ATLAS_CONTENT F06 0 0 0 0 1  NOT","INTEGRATE_TO_ATLAS_READONLY_SCENARIO_SPEC_CANDIDATE","ATLAS_READONLY_ADVISORY_ONLY","false","false","false","false","false","F06 audit/spec only; Atlas scenario/context candidate; never runtime reality claim"
"BRANCHABLE_ATLAS","atlas/world_protocol_atlas/","F06_ATLAS","FILE_PLAN_ALL 2175 BRANCHABLE_ATLAS OBSIDIA_BRANCHABLE_ATLAS_FULL_V0_5_DEEP_FINAL_AUDIT/docs/world_protocol_atlas/protocols/formalagentsimulation.json atlas/world_protocol_atlas/ formalagentsimulation.json json P3_ATLAS_CONTENT F06 0 0 0 0 ","INTEGRATE_TO_ATLAS_READONLY_SCENARIO_SPEC_CANDIDATE","ATLAS_READONLY_ADVISORY_ONLY","false","false","false","false","false","F06 audit/spec only; Atlas scenario/context candidate; never runtime reality claim"
"BRANCHABLE_ATLAS","atlas/world_protocol_atlas/","F06_ATLAS","FILE_PLAN_ALL 2176 BRANCHABLE_ATLAS OBSIDIA_BRANCHABLE_ATLAS_FULL_V0_5_DEEP_FINAL_AUDIT/docs/world_protocol_atlas/protocols/formalagentsimulation.md atlas/world_protocol_atlas/ formalagentsimulation.md md P3_ATLAS_CONTENT F06 0 0 0 0 1  NOT","INTEGRATE_TO_ATLAS_READONLY_SCENARIO_SPEC_CANDIDATE","ATLAS_READONLY_ADVISORY_ONLY","false","false","false","false","false","F06 audit/spec only; Atlas scenario/context candidate; never runtime reality claim"
"BRANCHABLE_ATLAS","atlas/world_protocol_atlas/","F06_ATLAS","FILE_PLAN_ALL 2177 BRANCHABLE_ATLAS OBSIDIA_BRANCHABLE_ATLAS_FULL_V0_5_DEEP_FINAL_AUDIT/docs/world_protocol_atlas/protocols/fractaltaskdistributor.json atlas/world_protocol_atlas/ fractaltaskdistributor.json json P3_ATLAS_CONTENT F06 0 0 0 ","INTEGRATE_TO_ATLAS_READONLY_SCENARIO_SPEC_CANDIDATE","ATLAS_READONLY_ADVISORY_ONLY","false","false","false","false","false","F06 audit/spec only; Atlas scenario/context candidate; never runtime reality claim"
"BRANCHABLE_ATLAS","atlas/world_protocol_atlas/","F06_ATLAS","FILE_PLAN_ALL 2178 BRANCHABLE_ATLAS OBSIDIA_BRANCHABLE_ATLAS_FULL_V0_5_DEEP_FINAL_AUDIT/docs/world_protocol_atlas/protocols/fractaltaskdistributor.md atlas/world_protocol_atlas/ fractaltaskdistributor.md md P3_ATLAS_CONTENT F06 0 0 0 0 1  N","INTEGRATE_TO_ATLAS_READONLY_SCENARIO_SPEC_CANDIDATE","ATLAS_READONLY_ADVISORY_ONLY","false","false","false","false","false","F06 audit/spec only; Atlas scenario/context candidate; never runtime reality claim"
"BRANCHABLE_ATLAS","atlas/world_protocol_atlas/","F06_ATLAS","FILE_PLAN_ALL 2179 BRANCHABLE_ATLAS OBSIDIA_BRANCHABLE_ATLAS_FULL_V0_5_DEEP_FINAL_AUDIT/docs/world_protocol_atlas/protocols/gardien_ethique.json atlas/world_protocol_atlas/ gardien_ethique.json json P3_ATLAS_CONTENT F06 0 0 0 0 1  NOT_FOUND","INTEGRATE_TO_ATLAS_READONLY_SCENARIO_SPEC_CANDIDATE","ATLAS_READONLY_ADVISORY_ONLY","false","false","false","false","false","F06 audit/spec only; Atlas scenario/context candidate; never runtime reality claim"
"BRANCHABLE_ATLAS","atlas/world_protocol_atlas/","F06_ATLAS","FILE_PLAN_ALL 2180 BRANCHABLE_ATLAS OBSIDIA_BRANCHABLE_ATLAS_FULL_V0_5_DEEP_FINAL_AUDIT/docs/world_protocol_atlas/protocols/gardien_ethique.md atlas/world_protocol_atlas/ gardien_ethique.md md P3_ATLAS_CONTENT F06 0 0 0 0 1  NOT_FOUND_LOCAL","INTEGRATE_TO_ATLAS_READONLY_SCENARIO_SPEC_CANDIDATE","ATLAS_READONLY_ADVISORY_ONLY","false","false","false","false","false","F06 audit/spec only; Atlas scenario/context candidate; never runtime reality claim"
"BRANCHABLE_ATLAS","atlas/world_protocol_atlas/","F06_ATLAS","FILE_PLAN_ALL 2181 BRANCHABLE_ATLAS OBSIDIA_BRANCHABLE_ATLAS_FULL_V0_5_DEEP_FINAL_AUDIT/docs/world_protocol_atlas/protocols/generer_mondes_symboliques_et_hypotheses_internes.json atlas/world_protocol_atlas/ generer_mondes_symboliques_et_hyp","INTEGRATE_TO_ATLAS_READONLY_SCENARIO_SPEC_CANDIDATE","ATLAS_READONLY_ADVISORY_ONLY","false","false","false","false","false","F06 audit/spec only; Atlas scenario/context candidate; never runtime reality claim"
"BRANCHABLE_ATLAS","atlas/world_protocol_atlas/","F06_ATLAS","FILE_PLAN_ALL 2182 BRANCHABLE_ATLAS OBSIDIA_BRANCHABLE_ATLAS_FULL_V0_5_DEEP_FINAL_AUDIT/docs/world_protocol_atlas/protocols/generer_mondes_symboliques_et_hypotheses_internes.md atlas/world_protocol_atlas/ generer_mondes_symboliques_et_hypot","INTEGRATE_TO_ATLAS_READONLY_SCENARIO_SPEC_CANDIDATE","ATLAS_READONLY_ADVISORY_ONLY","false","false","false","false","false","F06 audit/spec only; Atlas scenario/context candidate; never runtime reality claim"
"BRANCHABLE_ATLAS","atlas/world_protocol_atlas/","F06_ATLAS","FILE_PLAN_ALL 2183 BRANCHABLE_ATLAS OBSIDIA_BRANCHABLE_ATLAS_FULL_V0_5_DEEP_FINAL_AUDIT/docs/world_protocol_atlas/protocols/genesis.json atlas/world_protocol_atlas/ genesis.json json P3_ATLAS_CONTENT F06 0 0 0 0 1  NOT_FOUND_LOCAL DUPLICATE","INTEGRATE_TO_ATLAS_READONLY_SCENARIO_SPEC_CANDIDATE","ATLAS_READONLY_ADVISORY_ONLY","false","false","false","false","false","F06 audit/spec only; Atlas scenario/context candidate; never runtime reality claim"
"BRANCHABLE_ATLAS","atlas/world_protocol_atlas/","F06_ATLAS","FILE_PLAN_ALL 2184 BRANCHABLE_ATLAS OBSIDIA_BRANCHABLE_ATLAS_FULL_V0_5_DEEP_FINAL_AUDIT/docs/world_protocol_atlas/protocols/genesis.md atlas/world_protocol_atlas/ genesis.md md P3_ATLAS_CONTENT F06 0 0 0 0 1  NOT_FOUND_LOCAL DUPLICATE_SAFE ","INTEGRATE_TO_ATLAS_READONLY_SCENARIO_SPEC_CANDIDATE","ATLAS_READONLY_ADVISORY_ONLY","false","false","false","false","false","F06 audit/spec only; Atlas scenario/context candidate; never runtime reality claim"
"BRANCHABLE_ATLAS","atlas/world_protocol_atlas/","F06_ATLAS","FILE_PLAN_ALL 2185 BRANCHABLE_ATLAS OBSIDIA_BRANCHABLE_ATLAS_FULL_V0_5_DEEP_FINAL_AUDIT/docs/world_protocol_atlas/protocols/genome_cognitif_adaptatif.json atlas/world_protocol_atlas/ genome_cognitif_adaptatif.json json P3_ATLAS_CONTENT F06 ","INTEGRATE_TO_ATLAS_READONLY_SCENARIO_SPEC_CANDIDATE","ATLAS_READONLY_ADVISORY_ONLY","false","false","false","false","false","F06 audit/spec only; Atlas scenario/context candidate; never runtime reality claim"
"BRANCHABLE_ATLAS","atlas/world_protocol_atlas/","F06_ATLAS","FILE_PLAN_ALL 2186 BRANCHABLE_ATLAS OBSIDIA_BRANCHABLE_ATLAS_FULL_V0_5_DEEP_FINAL_AUDIT/docs/world_protocol_atlas/protocols/genome_cognitif_adaptatif.md atlas/world_protocol_atlas/ genome_cognitif_adaptatif.md md P3_ATLAS_CONTENT F06 0 0 0 ","INTEGRATE_TO_ATLAS_READONLY_SCENARIO_SPEC_CANDIDATE","ATLAS_READONLY_ADVISORY_ONLY","false","false","false","false","false","F06 audit/spec only; Atlas scenario/context candidate; never runtime reality claim"
"BRANCHABLE_ATLAS","atlas/world_protocol_atlas/","F06_ATLAS","FILE_PLAN_ALL 2187 BRANCHABLE_ATLAS OBSIDIA_BRANCHABLE_ATLAS_FULL_V0_5_DEEP_FINAL_AUDIT/docs/world_protocol_atlas/protocols/gleducar_compatibility_bridge.json atlas/world_protocol_atlas/ gleducar_compatibility_bridge.json json P3_ATLAS_CONT","INTEGRATE_TO_ATLAS_READONLY_SCENARIO_SPEC_CANDIDATE","ATLAS_READONLY_ADVISORY_ONLY","false","false","false","false","false","F06 audit/spec only; Atlas scenario/context candidate; never runtime reality claim"
"BRANCHABLE_ATLAS","atlas/world_protocol_atlas/","F06_ATLAS","FILE_PLAN_ALL 2188 BRANCHABLE_ATLAS OBSIDIA_BRANCHABLE_ATLAS_FULL_V0_5_DEEP_FINAL_AUDIT/docs/world_protocol_atlas/protocols/gleducar_compatibility_bridge.md atlas/world_protocol_atlas/ gleducar_compatibility_bridge.md md P3_ATLAS_CONTENT F0","INTEGRATE_TO_ATLAS_READONLY_SCENARIO_SPEC_CANDIDATE","ATLAS_READONLY_ADVISORY_ONLY","false","false","false","false","false","F06 audit/spec only; Atlas scenario/context candidate; never runtime reality claim"
"BRANCHABLE_ATLAS","atlas/world_protocol_atlas/","F06_ATLAS","FILE_PLAN_ALL 2189 BRANCHABLE_ATLAS OBSIDIA_BRANCHABLE_ATLAS_FULL_V0_5_DEEP_FINAL_AUDIT/docs/world_protocol_atlas/protocols/google_deepmind_compatibility_bridge.json atlas/world_protocol_atlas/ google_deepmind_compatibility_bridge.json json","INTEGRATE_TO_ATLAS_READONLY_SCENARIO_SPEC_CANDIDATE","ATLAS_READONLY_ADVISORY_ONLY","false","false","false","false","false","F06 audit/spec only; Atlas scenario/context candidate; never runtime reality claim"
"BRANCHABLE_ATLAS","atlas/world_protocol_atlas/","F06_ATLAS","FILE_PLAN_ALL 2190 BRANCHABLE_ATLAS OBSIDIA_BRANCHABLE_ATLAS_FULL_V0_5_DEEP_FINAL_AUDIT/docs/world_protocol_atlas/protocols/google_deepmind_compatibility_bridge.md atlas/world_protocol_atlas/ google_deepmind_compatibility_bridge.md md P3_AT","INTEGRATE_TO_ATLAS_READONLY_SCENARIO_SPEC_CANDIDATE","ATLAS_READONLY_ADVISORY_ONLY","false","false","false","false","false","F06 audit/spec only; Atlas scenario/context candidate; never runtime reality claim"
"BRANCHABLE_ATLAS","atlas/world_protocol_atlas/","F06_ATLAS","FILE_PLAN_ALL 2191 BRANCHABLE_ATLAS OBSIDIA_BRANCHABLE_ATLAS_FULL_V0_5_DEEP_FINAL_AUDIT/docs/world_protocol_atlas/protocols/goshhardwarebridge.json atlas/world_protocol_atlas/ goshhardwarebridge.json json P3_ATLAS_CONTENT F06 0 0 0 0 1  NOT","INTEGRATE_TO_ATLAS_READONLY_SCENARIO_SPEC_CANDIDATE","ATLAS_READONLY_ADVISORY_ONLY","false","false","false","false","false","F06 audit/spec only; Atlas scenario/context candidate; never runtime reality claim"
"BRANCHABLE_ATLAS","atlas/world_protocol_atlas/","F06_ATLAS","FILE_PLAN_ALL 2192 BRANCHABLE_ATLAS OBSIDIA_BRANCHABLE_ATLAS_FULL_V0_5_DEEP_FINAL_AUDIT/docs/world_protocol_atlas/protocols/goshhardwarebridge.md atlas/world_protocol_atlas/ goshhardwarebridge.md md P3_ATLAS_CONTENT F06 0 0 0 0 1  NOT_FOUND","INTEGRATE_TO_ATLAS_READONLY_SCENARIO_SPEC_CANDIDATE","ATLAS_READONLY_ADVISORY_ONLY","false","false","false","false","false","F06 audit/spec only; Atlas scenario/context candidate; never runtime reality claim"
"BRANCHABLE_ATLAS","atlas/world_protocol_atlas/","F06_ATLAS","FILE_PLAN_ALL 2193 BRANCHABLE_ATLAS OBSIDIA_BRANCHABLE_ATLAS_FULL_V0_5_DEEP_FINAL_AUDIT/docs/world_protocol_atlas/protocols/gpucontextbus.json atlas/world_protocol_atlas/ gpucontextbus.json json P3_ATLAS_CONTENT F06 0 0 0 0 1  NOT_FOUND_LOC","INTEGRATE_TO_ATLAS_READONLY_SCENARIO_SPEC_CANDIDATE","ATLAS_READONLY_ADVISORY_ONLY","false","false","false","false","false","F06 audit/spec only; Atlas scenario/context candidate; never runtime reality claim"
"BRANCHABLE_ATLAS","atlas/world_protocol_atlas/","F06_ATLAS","FILE_PLAN_ALL 2194 BRANCHABLE_ATLAS OBSIDIA_BRANCHABLE_ATLAS_FULL_V0_5_DEEP_FINAL_AUDIT/docs/world_protocol_atlas/protocols/gpucontextbus.md atlas/world_protocol_atlas/ gpucontextbus.md md P3_ATLAS_CONTENT F06 0 0 0 0 1  NOT_FOUND_LOCAL DUP","INTEGRATE_TO_ATLAS_READONLY_SCENARIO_SPEC_CANDIDATE","ATLAS_READONLY_ADVISORY_ONLY","false","false","false","false","false","F06 audit/spec only; Atlas scenario/context candidate; never runtime reality claim"
"BRANCHABLE_ATLAS","atlas/world_protocol_atlas/","F06_ATLAS","FILE_PLAN_ALL 2195 BRANCHABLE_ATLAS OBSIDIA_BRANCHABLE_ATLAS_FULL_V0_5_DEEP_FINAL_AUDIT/docs/world_protocol_atlas/protocols/hebbia_compatibility_bridge.json atlas/world_protocol_atlas/ hebbia_compatibility_bridge.json json P3_ATLAS_CONTENT ","INTEGRATE_TO_ATLAS_READONLY_SCENARIO_SPEC_CANDIDATE","ATLAS_READONLY_ADVISORY_ONLY","false","false","false","false","false","F06 audit/spec only; Atlas scenario/context candidate; never runtime reality claim"
"BRANCHABLE_ATLAS","atlas/world_protocol_atlas/","F06_ATLAS","FILE_PLAN_ALL 2196 BRANCHABLE_ATLAS OBSIDIA_BRANCHABLE_ATLAS_FULL_V0_5_DEEP_FINAL_AUDIT/docs/world_protocol_atlas/protocols/hebbia_compatibility_bridge.md atlas/world_protocol_atlas/ hebbia_compatibility_bridge.md md P3_ATLAS_CONTENT F06 0 ","INTEGRATE_TO_ATLAS_READONLY_SCENARIO_SPEC_CANDIDATE","ATLAS_READONLY_ADVISORY_ONLY","false","false","false","false","false","F06 audit/spec only; Atlas scenario/context candidate; never runtime reality claim"
"BRANCHABLE_ATLAS","atlas/world_protocol_atlas/","F06_ATLAS","FILE_PLAN_ALL 2197 BRANCHABLE_ATLAS OBSIDIA_BRANCHABLE_ATLAS_FULL_V0_5_DEEP_FINAL_AUDIT/docs/world_protocol_atlas/protocols/hugging_face_compatibility_bridge.json atlas/world_protocol_atlas/ hugging_face_compatibility_bridge.json json P3_AT","INTEGRATE_TO_ATLAS_READONLY_SCENARIO_SPEC_CANDIDATE","ATLAS_READONLY_ADVISORY_ONLY","false","false","false","false","false","F06 audit/spec only; Atlas scenario/context candidate; never runtime reality claim"
"BRANCHABLE_ATLAS","atlas/world_protocol_atlas/","F06_ATLAS","FILE_PLAN_ALL 2198 BRANCHABLE_ATLAS OBSIDIA_BRANCHABLE_ATLAS_FULL_V0_5_DEEP_FINAL_AUDIT/docs/world_protocol_atlas/protocols/hugging_face_compatibility_bridge.md atlas/world_protocol_atlas/ hugging_face_compatibility_bridge.md md P3_ATLAS_CO","INTEGRATE_TO_ATLAS_READONLY_SCENARIO_SPEC_CANDIDATE","ATLAS_READONLY_ADVISORY_ONLY","false","false","false","false","false","F06 audit/spec only; Atlas scenario/context candidate; never runtime reality claim"
"BRANCHABLE_ATLAS","atlas/world_protocol_atlas/","F06_ATLAS","FILE_PLAN_ALL 2199 BRANCHABLE_ATLAS OBSIDIA_BRANCHABLE_ATLAS_FULL_V0_5_DEEP_FINAL_AUDIT/docs/world_protocol_atlas/protocols/ia_ethique_de_transmission.json atlas/world_protocol_atlas/ ia_ethique_de_transmission.json json P3_ATLAS_CONTENT F0","INTEGRATE_TO_ATLAS_READONLY_SCENARIO_SPEC_CANDIDATE","ATLAS_READONLY_ADVISORY_ONLY","false","false","false","false","false","F06 audit/spec only; Atlas scenario/context candidate; never runtime reality claim"
"BRANCHABLE_ATLAS","atlas/world_protocol_atlas/","F06_ATLAS","FILE_PLAN_ALL 2200 BRANCHABLE_ATLAS OBSIDIA_BRANCHABLE_ATLAS_FULL_V0_5_DEEP_FINAL_AUDIT/docs/world_protocol_atlas/protocols/ia_ethique_de_transmission.md atlas/world_protocol_atlas/ ia_ethique_de_transmission.md md P3_ATLAS_CONTENT F06 0 0 ","INTEGRATE_TO_ATLAS_READONLY_SCENARIO_SPEC_CANDIDATE","ATLAS_READONLY_ADVISORY_ONLY","false","false","false","false","false","F06 audit/spec only; Atlas scenario/context candidate; never runtime reality claim"
"BRANCHABLE_ATLAS","atlas/world_protocol_atlas/","F06_ATLAS","FILE_PLAN_ALL 2201 BRANCHABLE_ATLAS OBSIDIA_BRANCHABLE_ATLAS_FULL_V0_5_DEEP_FINAL_AUDIT/docs/world_protocol_atlas/protocols/ia_incarnative.json atlas/world_protocol_atlas/ ia_incarnative.json json P3_ATLAS_CONTENT F06 0 0 0 0 1  NOT_FOUND_L","INTEGRATE_TO_ATLAS_READONLY_SCENARIO_SPEC_CANDIDATE","ATLAS_READONLY_ADVISORY_ONLY","false","false","false","false","false","F06 audit/spec only; Atlas scenario/context candidate; never runtime reality claim"
"BRANCHABLE_ATLAS","atlas/world_protocol_atlas/","F06_ATLAS","FILE_PLAN_ALL 2202 BRANCHABLE_ATLAS OBSIDIA_BRANCHABLE_ATLAS_FULL_V0_5_DEEP_FINAL_AUDIT/docs/world_protocol_atlas/protocols/ia_incarnative.md atlas/world_protocol_atlas/ ia_incarnative.md md P3_ATLAS_CONTENT F06 0 0 0 0 1  NOT_FOUND_LOCAL D","INTEGRATE_TO_ATLAS_READONLY_SCENARIO_SPEC_CANDIDATE","ATLAS_READONLY_ADVISORY_ONLY","false","false","false","false","false","F06 audit/spec only; Atlas scenario/context candidate; never runtime reality claim"
"BRANCHABLE_ATLAS","atlas/world_protocol_atlas/","F06_ATLAS","FILE_PLAN_ALL 2203 BRANCHABLE_ATLAS OBSIDIA_BRANCHABLE_ATLAS_FULL_V0_5_DEEP_FINAL_AUDIT/docs/world_protocol_atlas/protocols/ia_vie.json atlas/world_protocol_atlas/ ia_vie.json json P3_ATLAS_CONTENT F06 0 0 0 0 1  NOT_FOUND_LOCAL DUPLICATE_S","INTEGRATE_TO_ATLAS_READONLY_SCENARIO_SPEC_CANDIDATE","ATLAS_READONLY_ADVISORY_ONLY","false","false","false","false","false","F06 audit/spec only; Atlas scenario/context candidate; never runtime reality claim"
"BRANCHABLE_ATLAS","atlas/world_protocol_atlas/","F06_ATLAS","FILE_PLAN_ALL 2204 BRANCHABLE_ATLAS OBSIDIA_BRANCHABLE_ATLAS_FULL_V0_5_DEEP_FINAL_AUDIT/docs/world_protocol_atlas/protocols/ia_vie.md atlas/world_protocol_atlas/ ia_vie.md md P3_ATLAS_CONTENT F06 0 0 0 0 1  NOT_FOUND_LOCAL DUPLICATE_SAFE CL","INTEGRATE_TO_ATLAS_READONLY_SCENARIO_SPEC_CANDIDATE","ATLAS_READONLY_ADVISORY_ONLY","false","false","false","false","false","F06 audit/spec only; Atlas scenario/context candidate; never runtime reality claim"
"BRANCHABLE_ATLAS","atlas/world_protocol_atlas/","F06_ATLAS","FILE_PLAN_ALL 2205 BRANCHABLE_ATLAS OBSIDIA_BRANCHABLE_ATLAS_FULL_V0_5_DEEP_FINAL_AUDIT/docs/world_protocol_atlas/protocols/ibm_watsonx_compatibility_bridge.json atlas/world_protocol_atlas/ ibm_watsonx_compatibility_bridge.json json P3_ATLA","INTEGRATE_TO_ATLAS_READONLY_SCENARIO_SPEC_CANDIDATE","ATLAS_READONLY_ADVISORY_ONLY","false","false","false","false","false","F06 audit/spec only; Atlas scenario/context candidate; never runtime reality claim"
"BRANCHABLE_ATLAS","atlas/world_protocol_atlas/","F06_ATLAS","FILE_PLAN_ALL 2206 BRANCHABLE_ATLAS OBSIDIA_BRANCHABLE_ATLAS_FULL_V0_5_DEEP_FINAL_AUDIT/docs/world_protocol_atlas/protocols/ibm_watsonx_compatibility_bridge.md atlas/world_protocol_atlas/ ibm_watsonx_compatibility_bridge.md md P3_ATLAS_CONT","INTEGRATE_TO_ATLAS_READONLY_SCENARIO_SPEC_CANDIDATE","ATLAS_READONLY_ADVISORY_ONLY","false","false","false","false","false","F06 audit/spec only; Atlas scenario/context candidate; never runtime reality claim"
"BRANCHABLE_ATLAS","atlas/world_protocol_atlas/","F06_ATLAS","FILE_PLAN_ALL 2207 BRANCHABLE_ATLAS OBSIDIA_BRANCHABLE_ATLAS_FULL_V0_5_DEEP_FINAL_AUDIT/docs/world_protocol_atlas/protocols/icetransitionmap.json atlas/world_protocol_atlas/ icetransitionmap.json json P3_ATLAS_CONTENT F06 0 0 0 0 1  NOT_FOU","INTEGRATE_TO_ATLAS_READONLY_SCENARIO_SPEC_CANDIDATE","ATLAS_READONLY_ADVISORY_ONLY","false","false","false","false","false","F06 audit/spec only; Atlas scenario/context candidate; never runtime reality claim"
"BRANCHABLE_ATLAS","atlas/world_protocol_atlas/","F06_ATLAS","FILE_PLAN_ALL 2208 BRANCHABLE_ATLAS OBSIDIA_BRANCHABLE_ATLAS_FULL_V0_5_DEEP_FINAL_AUDIT/docs/world_protocol_atlas/protocols/icetransitionmap.md atlas/world_protocol_atlas/ icetransitionmap.md md P3_ATLAS_CONTENT F06 0 0 0 0 1  NOT_FOUND_LOC","INTEGRATE_TO_ATLAS_READONLY_SCENARIO_SPEC_CANDIDATE","ATLAS_READONLY_ADVISORY_ONLY","false","false","false","false","false","F06 audit/spec only; Atlas scenario/context candidate; never runtime reality claim"
"BRANCHABLE_ATLAS","atlas/world_protocol_atlas/","F06_ATLAS","FILE_PLAN_ALL 2209 BRANCHABLE_ATLAS OBSIDIA_BRANCHABLE_ATLAS_FULL_V0_5_DEEP_FINAL_AUDIT/docs/world_protocol_atlas/protocols/injecter_lois_alternatives.json atlas/world_protocol_atlas/ injecter_lois_alternatives.json json P3_ATLAS_CONTENT F0","INTEGRATE_TO_ATLAS_READONLY_SCENARIO_SPEC_CANDIDATE","ATLAS_READONLY_ADVISORY_ONLY","false","false","false","false","false","F06 audit/spec only; Atlas scenario/context candidate; never runtime reality claim"
"BRANCHABLE_ATLAS","atlas/world_protocol_atlas/","F06_ATLAS","FILE_PLAN_ALL 2210 BRANCHABLE_ATLAS OBSIDIA_BRANCHABLE_ATLAS_FULL_V0_5_DEEP_FINAL_AUDIT/docs/world_protocol_atlas/protocols/injecter_lois_alternatives.md atlas/world_protocol_atlas/ injecter_lois_alternatives.md md P3_ATLAS_CONTENT F06 0 0 ","INTEGRATE_TO_ATLAS_READONLY_SCENARIO_SPEC_CANDIDATE","ATLAS_READONLY_ADVISORY_ONLY","false","false","false","false","false","F06 audit/spec only; Atlas scenario/context candidate; never runtime reality claim"
"BRANCHABLE_ATLAS","atlas/world_protocol_atlas/","F06_ATLAS","FILE_PLAN_ALL 2211 BRANCHABLE_ATLAS OBSIDIA_BRANCHABLE_ATLAS_FULL_V0_5_DEEP_FINAL_AUDIT/docs/world_protocol_atlas/protocols/intenttokenprotocol.json atlas/world_protocol_atlas/ intenttokenprotocol.json json P3_ATLAS_CONTENT F06 0 0 0 0 1  N","INTEGRATE_TO_ATLAS_READONLY_SCENARIO_SPEC_CANDIDATE","ATLAS_READONLY_ADVISORY_ONLY","false","false","false","false","false","F06 audit/spec only; Atlas scenario/context candidate; never runtime reality claim"
"BRANCHABLE_ATLAS","atlas/world_protocol_atlas/","F06_ATLAS","FILE_PLAN_ALL 2212 BRANCHABLE_ATLAS OBSIDIA_BRANCHABLE_ATLAS_FULL_V0_5_DEEP_FINAL_AUDIT/docs/world_protocol_atlas/protocols/intenttokenprotocol.md atlas/world_protocol_atlas/ intenttokenprotocol.md md P3_ATLAS_CONTENT F06 0 0 0 0 1  NOT_FOU","INTEGRATE_TO_ATLAS_READONLY_SCENARIO_SPEC_CANDIDATE","ATLAS_READONLY_ADVISORY_ONLY","false","false","false","false","false","F06 audit/spec only; Atlas scenario/context candidate; never runtime reality claim"
"BRANCHABLE_ATLAS","atlas/world_protocol_atlas/","F06_ATLAS","FILE_PLAN_ALL 2213 BRANCHABLE_ATLAS OBSIDIA_BRANCHABLE_ATLAS_FULL_V0_5_DEEP_FINAL_AUDIT/docs/world_protocol_atlas/protocols/interaction_ia_reveur.json atlas/world_protocol_atlas/ interaction_ia_reveur.json json P3_ATLAS_CONTENT F06 0 0 0 0 ","INTEGRATE_TO_ATLAS_READONLY_SCENARIO_SPEC_CANDIDATE","ATLAS_READONLY_ADVISORY_ONLY","false","false","false","false","false","F06 audit/spec only; Atlas scenario/context candidate; never runtime reality claim"
"BRANCHABLE_ATLAS","atlas/world_protocol_atlas/","F06_ATLAS","FILE_PLAN_ALL 2214 BRANCHABLE_ATLAS OBSIDIA_BRANCHABLE_ATLAS_FULL_V0_5_DEEP_FINAL_AUDIT/docs/world_protocol_atlas/protocols/interaction_ia_reveur.md atlas/world_protocol_atlas/ interaction_ia_reveur.md md P3_ATLAS_CONTENT F06 0 0 0 0 1  NOT","INTEGRATE_TO_ATLAS_READONLY_SCENARIO_SPEC_CANDIDATE","ATLAS_READONLY_ADVISORY_ONLY","false","false","false","false","false","F06 audit/spec only; Atlas scenario/context candidate; never runtime reality claim"
"BRANCHABLE_ATLAS","atlas/world_protocol_atlas/","F06_ATLAS","FILE_PLAN_ALL 2215 BRANCHABLE_ATLAS OBSIDIA_BRANCHABLE_ATLAS_FULL_V0_5_DEEP_FINAL_AUDIT/docs/world_protocol_atlas/protocols/invocation_de_roles_archetypaux.json atlas/world_protocol_atlas/ invocation_de_roles_archetypaux.json json P3_ATLAS_","INTEGRATE_TO_ATLAS_READONLY_SCENARIO_SPEC_CANDIDATE","ATLAS_READONLY_ADVISORY_ONLY","false","false","false","false","false","F06 audit/spec only; Atlas scenario/context candidate; never runtime reality claim"
"BRANCHABLE_ATLAS","atlas/world_protocol_atlas/","F06_ATLAS","FILE_PLAN_ALL 2216 BRANCHABLE_ATLAS OBSIDIA_BRANCHABLE_ATLAS_FULL_V0_5_DEEP_FINAL_AUDIT/docs/world_protocol_atlas/protocols/invocation_de_roles_archetypaux.md atlas/world_protocol_atlas/ invocation_de_roles_archetypaux.md md P3_ATLAS_CONTEN","INTEGRATE_TO_ATLAS_READONLY_SCENARIO_SPEC_CANDIDATE","ATLAS_READONLY_ADVISORY_ONLY","false","false","false","false","false","F06 audit/spec only; Atlas scenario/context candidate; never runtime reality claim"
"BRANCHABLE_ATLAS","atlas/world_protocol_atlas/","F06_ATLAS","FILE_PLAN_ALL 2217 BRANCHABLE_ATLAS OBSIDIA_BRANCHABLE_ATLAS_FULL_V0_5_DEEP_FINAL_AUDIT/docs/world_protocol_atlas/protocols/kataclysm.json atlas/world_protocol_atlas/ kataclysm.json json P3_ATLAS_CONTENT F06 0 0 0 0 1  NOT_FOUND_LOCAL DUPLI","INTEGRATE_TO_ATLAS_READONLY_SCENARIO_SPEC_CANDIDATE","ATLAS_READONLY_ADVISORY_ONLY","false","false","false","false","false","F06 audit/spec only; Atlas scenario/context candidate; never runtime reality claim"
"BRANCHABLE_ATLAS","atlas/world_protocol_atlas/","F06_ATLAS","FILE_PLAN_ALL 2218 BRANCHABLE_ATLAS OBSIDIA_BRANCHABLE_ATLAS_FULL_V0_5_DEEP_FINAL_AUDIT/docs/world_protocol_atlas/protocols/kataclysm.md atlas/world_protocol_atlas/ kataclysm.md md P3_ATLAS_CONTENT F06 0 0 0 0 1  NOT_FOUND_LOCAL DUPLICATE_S","INTEGRATE_TO_ATLAS_READONLY_SCENARIO_SPEC_CANDIDATE","ATLAS_READONLY_ADVISORY_ONLY","false","false","false","false","false","F06 audit/spec only; Atlas scenario/context candidate; never runtime reality claim"
"BRANCHABLE_ATLAS","atlas/world_protocol_atlas/","F06_ATLAS","FILE_PLAN_ALL 2219 BRANCHABLE_ATLAS OBSIDIA_BRANCHABLE_ATLAS_FULL_V0_5_DEEP_FINAL_AUDIT/docs/world_protocol_atlas/protocols/kilimo_compatibility_bridge.json atlas/world_protocol_atlas/ kilimo_compatibility_bridge.json json P3_ATLAS_CONTENT ","INTEGRATE_TO_ATLAS_READONLY_SCENARIO_SPEC_CANDIDATE","ATLAS_READONLY_ADVISORY_ONLY","false","false","false","false","false","F06 audit/spec only; Atlas scenario/context candidate; never runtime reality claim"
"BRANCHABLE_ATLAS","atlas/world_protocol_atlas/","F06_ATLAS","FILE_PLAN_ALL 2220 BRANCHABLE_ATLAS OBSIDIA_BRANCHABLE_ATLAS_FULL_V0_5_DEEP_FINAL_AUDIT/docs/world_protocol_atlas/protocols/kilimo_compatibility_bridge.md atlas/world_protocol_atlas/ kilimo_compatibility_bridge.md md P3_ATLAS_CONTENT F06 0 ","INTEGRATE_TO_ATLAS_READONLY_SCENARIO_SPEC_CANDIDATE","ATLAS_READONLY_ADVISORY_ONLY","false","false","false","false","false","F06 audit/spec only; Atlas scenario/context candidate; never runtime reality claim"
"BRANCHABLE_ATLAS","atlas/world_protocol_atlas/","F06_ATLAS","FILE_PLAN_ALL 2221 BRANCHABLE_ATLAS OBSIDIA_BRANCHABLE_ATLAS_FULL_V0_5_DEEP_FINAL_AUDIT/docs/world_protocol_atlas/protocols/krikey_ai_compatibility_bridge.json atlas/world_protocol_atlas/ krikey_ai_compatibility_bridge.json json P3_ATLAS_CO","INTEGRATE_TO_ATLAS_READONLY_SCENARIO_SPEC_CANDIDATE","ATLAS_READONLY_ADVISORY_ONLY","false","false","false","false","false","F06 audit/spec only; Atlas scenario/context candidate; never runtime reality claim"
"BRANCHABLE_ATLAS","atlas/world_protocol_atlas/","F06_ATLAS","FILE_PLAN_ALL 2222 BRANCHABLE_ATLAS OBSIDIA_BRANCHABLE_ATLAS_FULL_V0_5_DEEP_FINAL_AUDIT/docs/world_protocol_atlas/protocols/krikey_ai_compatibility_bridge.md atlas/world_protocol_atlas/ krikey_ai_compatibility_bridge.md md P3_ATLAS_CONTENT ","INTEGRATE_TO_ATLAS_READONLY_SCENARIO_SPEC_CANDIDATE","ATLAS_READONLY_ADVISORY_ONLY","false","false","false","false","false","F06 audit/spec only; Atlas scenario/context candidate; never runtime reality claim"
"BRANCHABLE_ATLAS","atlas/world_protocol_atlas/","F06_ATLAS","FILE_PLAN_ALL 2223 BRANCHABLE_ATLAS OBSIDIA_BRANCHABLE_ATLAS_FULL_V0_5_DEEP_FINAL_AUDIT/docs/world_protocol_atlas/protocols/kunumi_compatibility_bridge.json atlas/world_protocol_atlas/ kunumi_compatibility_bridge.json json P3_ATLAS_CONTENT ","INTEGRATE_TO_ATLAS_READONLY_SCENARIO_SPEC_CANDIDATE","ATLAS_READONLY_ADVISORY_ONLY","false","false","false","false","false","F06 audit/spec only; Atlas scenario/context candidate; never runtime reality claim"
"BRANCHABLE_ATLAS","atlas/world_protocol_atlas/","F06_ATLAS","FILE_PLAN_ALL 2224 BRANCHABLE_ATLAS OBSIDIA_BRANCHABLE_ATLAS_FULL_V0_5_DEEP_FINAL_AUDIT/docs/world_protocol_atlas/protocols/kunumi_compatibility_bridge.md atlas/world_protocol_atlas/ kunumi_compatibility_bridge.md md P3_ATLAS_CONTENT F06 0 ","INTEGRATE_TO_ATLAS_READONLY_SCENARIO_SPEC_CANDIDATE","ATLAS_READONLY_ADVISORY_ONLY","false","false","false","false","false","F06 audit/spec only; Atlas scenario/context candidate; never runtime reality claim"
"BRANCHABLE_ATLAS","atlas/world_protocol_atlas/","F06_ATLAS","FILE_PLAN_ALL 2225 BRANCHABLE_ATLAS OBSIDIA_BRANCHABLE_ATLAS_FULL_V0_5_DEEP_FINAL_AUDIT/docs/world_protocol_atlas/protocols/lambda_labs_compatibility_bridge.json atlas/world_protocol_atlas/ lambda_labs_compatibility_bridge.json json P3_ATLA","INTEGRATE_TO_ATLAS_READONLY_SCENARIO_SPEC_CANDIDATE","ATLAS_READONLY_ADVISORY_ONLY","false","false","false","false","false","F06 audit/spec only; Atlas scenario/context candidate; never runtime reality claim"
"BRANCHABLE_ATLAS","atlas/world_protocol_atlas/","F06_ATLAS","FILE_PLAN_ALL 2226 BRANCHABLE_ATLAS OBSIDIA_BRANCHABLE_ATLAS_FULL_V0_5_DEEP_FINAL_AUDIT/docs/world_protocol_atlas/protocols/lambda_labs_compatibility_bridge.md atlas/world_protocol_atlas/ lambda_labs_compatibility_bridge.md md P3_ATLAS_CONT","INTEGRATE_TO_ATLAS_READONLY_SCENARIO_SPEC_CANDIDATE","ATLAS_READONLY_ADVISORY_ONLY","false","false","false","false","false","F06 audit/spec only; Atlas scenario/context candidate; never runtime reality claim"
"BRANCHABLE_ATLAS","atlas/world_protocol_atlas/","F06_ATLAS","FILE_PLAN_ALL 2227 BRANCHABLE_ATLAS OBSIDIA_BRANCHABLE_ATLAS_FULL_V0_5_DEEP_FINAL_AUDIT/docs/world_protocol_atlas/protocols/langage_universel_archetypal.json atlas/world_protocol_atlas/ langage_universel_archetypal.json json P3_ATLAS_CONTEN","INTEGRATE_TO_ATLAS_READONLY_SCENARIO_SPEC_CANDIDATE","ATLAS_READONLY_ADVISORY_ONLY","false","false","false","false","false","F06 audit/spec only; Atlas scenario/context candidate; never runtime reality claim"
"BRANCHABLE_ATLAS","atlas/world_protocol_atlas/","F06_ATLAS","FILE_PLAN_ALL 2228 BRANCHABLE_ATLAS OBSIDIA_BRANCHABLE_ATLAS_FULL_V0_5_DEEP_FINAL_AUDIT/docs/world_protocol_atlas/protocols/langage_universel_archetypal.md atlas/world_protocol_atlas/ langage_universel_archetypal.md md P3_ATLAS_CONTENT F06 ","INTEGRATE_TO_ATLAS_READONLY_SCENARIO_SPEC_CANDIDATE","ATLAS_READONLY_ADVISORY_ONLY","false","false","false","false","false","F06 audit/spec only; Atlas scenario/context candidate; never runtime reality claim"
"BRANCHABLE_ATLAS","atlas/world_protocol_atlas/","F06_ATLAS","FILE_PLAN_ALL 2229 BRANCHABLE_ATLAS OBSIDIA_BRANCHABLE_ATLAS_FULL_V0_5_DEEP_FINAL_AUDIT/docs/world_protocol_atlas/protocols/leal_compatibility_bridge.json atlas/world_protocol_atlas/ leal_compatibility_bridge.json json P3_ATLAS_CONTENT F06 ","INTEGRATE_TO_ATLAS_READONLY_SCENARIO_SPEC_CANDIDATE","ATLAS_READONLY_ADVISORY_ONLY","false","false","false","false","false","F06 audit/spec only; Atlas scenario/context candidate; never runtime reality claim"
"BRANCHABLE_ATLAS","atlas/world_protocol_atlas/","F06_ATLAS","FILE_PLAN_ALL 2230 BRANCHABLE_ATLAS OBSIDIA_BRANCHABLE_ATLAS_FULL_V0_5_DEEP_FINAL_AUDIT/docs/world_protocol_atlas/protocols/leal_compatibility_bridge.md atlas/world_protocol_atlas/ leal_compatibility_bridge.md md P3_ATLAS_CONTENT F06 0 0 0 ","INTEGRATE_TO_ATLAS_READONLY_SCENARIO_SPEC_CANDIDATE","ATLAS_READONLY_ADVISORY_ONLY","false","false","false","false","false","F06 audit/spec only; Atlas scenario/context candidate; never runtime reality claim"
"BRANCHABLE_ATLAS","atlas/world_protocol_atlas/","F06_ATLAS","FILE_PLAN_ALL 2231 BRANCHABLE_ATLAS OBSIDIA_BRANCHABLE_ATLAS_FULL_V0_5_DEEP_FINAL_AUDIT/docs/world_protocol_atlas/protocols/legacyopenaimap.json atlas/world_protocol_atlas/ legacyopenaimap.json json P3_ATLAS_CONTENT F06 0 0 0 0 1  NOT_FOUND","INTEGRATE_TO_ATLAS_READONLY_SCENARIO_SPEC_CANDIDATE","ATLAS_READONLY_ADVISORY_ONLY","false","false","false","false","false","F06 audit/spec only; Atlas scenario/context candidate; never runtime reality claim"
"BRANCHABLE_ATLAS","atlas/world_protocol_atlas/","F06_ATLAS","FILE_PLAN_ALL 2232 BRANCHABLE_ATLAS OBSIDIA_BRANCHABLE_ATLAS_FULL_V0_5_DEEP_FINAL_AUDIT/docs/world_protocol_atlas/protocols/legacyopenaimap.md atlas/world_protocol_atlas/ legacyopenaimap.md md P3_ATLAS_CONTENT F06 0 0 0 0 1  NOT_FOUND_LOCAL","INTEGRATE_TO_ATLAS_READONLY_SCENARIO_SPEC_CANDIDATE","ATLAS_READONLY_ADVISORY_ONLY","false","false","false","false","false","F06 audit/spec only; Atlas scenario/context candidate; never runtime reality claim"
"BRANCHABLE_ATLAS","atlas/world_protocol_atlas/","F06_ATLAS","FILE_PLAN_ALL 2233 BRANCHABLE_ATLAS OBSIDIA_BRANCHABLE_ATLAS_FULL_V0_5_DEEP_FINAL_AUDIT/docs/world_protocol_atlas/protocols/licenseguardian.json atlas/world_protocol_atlas/ licenseguardian.json json P3_ATLAS_CONTENT F06 0 0 0 0 1  NOT_FOUND","INTEGRATE_TO_ATLAS_READONLY_SCENARIO_SPEC_CANDIDATE","ATLAS_READONLY_ADVISORY_ONLY","false","false","false","false","false","F06 audit/spec only; Atlas scenario/context candidate; never runtime reality claim"
"BRANCHABLE_ATLAS","atlas/world_protocol_atlas/","F06_ATLAS","FILE_PLAN_ALL 2234 BRANCHABLE_ATLAS OBSIDIA_BRANCHABLE_ATLAS_FULL_V0_5_DEEP_FINAL_AUDIT/docs/world_protocol_atlas/protocols/licenseguardian.md atlas/world_protocol_atlas/ licenseguardian.md md P3_ATLAS_CONTENT F06 0 0 0 0 1  NOT_FOUND_LOCAL","INTEGRATE_TO_ATLAS_READONLY_SCENARIO_SPEC_CANDIDATE","ATLAS_READONLY_ADVISORY_ONLY","false","false","false","false","false","F06 audit/spec only; Atlas scenario/context candidate; never runtime reality claim"
"BRANCHABLE_ATLAS","atlas/world_protocol_atlas/","F06_ATLAS","FILE_PLAN_ALL 2235 BRANCHABLE_ATLAS OBSIDIA_BRANCHABLE_ATLAS_FULL_V0_5_DEEP_FINAL_AUDIT/docs/world_protocol_atlas/protocols/lignee_d_idees_memoires_symboliques.json atlas/world_protocol_atlas/ lignee_d_idees_memoires_symboliques.json json P","INTEGRATE_TO_ATLAS_READONLY_SCENARIO_SPEC_CANDIDATE","ATLAS_READONLY_ADVISORY_ONLY","false","false","false","false","false","F06 audit/spec only; Atlas scenario/context candidate; never runtime reality claim"
"BRANCHABLE_ATLAS","atlas/world_protocol_atlas/","F06_ATLAS","FILE_PLAN_ALL 2236 BRANCHABLE_ATLAS OBSIDIA_BRANCHABLE_ATLAS_FULL_V0_5_DEEP_FINAL_AUDIT/docs/world_protocol_atlas/protocols/lignee_d_idees_memoires_symboliques.md atlas/world_protocol_atlas/ lignee_d_idees_memoires_symboliques.md md P3_ATLA","INTEGRATE_TO_ATLAS_READONLY_SCENARIO_SPEC_CANDIDATE","ATLAS_READONLY_ADVISORY_ONLY","false","false","false","false","false","F06 audit/spec only; Atlas scenario/context candidate; never runtime reality claim"
"BRANCHABLE_ATLAS","atlas/world_protocol_atlas/","F06_ATLAS","FILE_PLAN_ALL 2237 BRANCHABLE_ATLAS OBSIDIA_BRANCHABLE_ATLAS_FULL_V0_5_DEEP_FINAL_AUDIT/docs/world_protocol_atlas/protocols/lois_physiques_sociales_alternatives.json atlas/world_protocol_atlas/ lois_physiques_sociales_alternatives.json json","INTEGRATE_TO_ATLAS_READONLY_SCENARIO_SPEC_CANDIDATE","ATLAS_READONLY_ADVISORY_ONLY","false","false","false","false","false","F06 audit/spec only; Atlas scenario/context candidate; never runtime reality claim"
"BRANCHABLE_ATLAS","atlas/world_protocol_atlas/","F06_ATLAS","FILE_PLAN_ALL 2238 BRANCHABLE_ATLAS OBSIDIA_BRANCHABLE_ATLAS_FULL_V0_5_DEEP_FINAL_AUDIT/docs/world_protocol_atlas/protocols/lois_physiques_sociales_alternatives.md atlas/world_protocol_atlas/ lois_physiques_sociales_alternatives.md md P3_AT","INTEGRATE_TO_ATLAS_READONLY_SCENARIO_SPEC_CANDIDATE","ATLAS_READONLY_ADVISORY_ONLY","false","false","false","false","false","F06 audit/spec only; Atlas scenario/context candidate; never runtime reality claim"
"BRANCHABLE_ATLAS","atlas/world_protocol_atlas/","F06_ATLAS","FILE_PLAN_ALL 2239 BRANCHABLE_ATLAS OBSIDIA_BRANCHABLE_ATLAS_FULL_V0_5_DEEP_FINAL_AUDIT/docs/world_protocol_atlas/protocols/lostcivilizationnarrator.json atlas/world_protocol_atlas/ lostcivilizationnarrator.json json P3_ATLAS_CONTENT F06 0 ","INTEGRATE_TO_ATLAS_READONLY_SCENARIO_SPEC_CANDIDATE","ATLAS_READONLY_ADVISORY_ONLY","false","false","false","false","false","F06 audit/spec only; Atlas scenario/context candidate; never runtime reality claim"
"BRANCHABLE_ATLAS","atlas/world_protocol_atlas/","F06_ATLAS","FILE_PLAN_ALL 2240 BRANCHABLE_ATLAS OBSIDIA_BRANCHABLE_ATLAS_FULL_V0_5_DEEP_FINAL_AUDIT/docs/world_protocol_atlas/protocols/lostcivilizationnarrator.md atlas/world_protocol_atlas/ lostcivilizationnarrator.md md P3_ATLAS_CONTENT F06 0 0 0 0 ","INTEGRATE_TO_ATLAS_READONLY_SCENARIO_SPEC_CANDIDATE","ATLAS_READONLY_ADVISORY_ONLY","false","false","false","false","false","F06 audit/spec only; Atlas scenario/context candidate; never runtime reality claim"
"BRANCHABLE_ATLAS","atlas/world_protocol_atlas/","F06_ATLAS","FILE_PLAN_ALL 2241 BRANCHABLE_ATLAS OBSIDIA_BRANCHABLE_ATLAS_FULL_V0_5_DEEP_FINAL_AUDIT/docs/world_protocol_atlas/protocols/maintien_du_reseau_interne_en_situation_degradee.json atlas/world_protocol_atlas/ maintien_du_reseau_interne_en_situ","INTEGRATE_TO_ATLAS_READONLY_SCENARIO_SPEC_CANDIDATE","ATLAS_READONLY_ADVISORY_ONLY","false","false","false","false","false","F06 audit/spec only; Atlas scenario/context candidate; never runtime reality claim"
"BRANCHABLE_ATLAS","atlas/world_protocol_atlas/","F06_ATLAS","FILE_PLAN_ALL 2242 BRANCHABLE_ATLAS OBSIDIA_BRANCHABLE_ATLAS_FULL_V0_5_DEEP_FINAL_AUDIT/docs/world_protocol_atlas/protocols/maintien_du_reseau_interne_en_situation_degradee.md atlas/world_protocol_atlas/ maintien_du_reseau_interne_en_situat","INTEGRATE_TO_ATLAS_READONLY_SCENARIO_SPEC_CANDIDATE","ATLAS_READONLY_ADVISORY_ONLY","false","false","false","false","false","F06 audit/spec only; Atlas scenario/context candidate; never runtime reality claim"
"BRANCHABLE_ATLAS","atlas/world_protocol_atlas/","F06_ATLAS","FILE_PLAN_ALL 2243 BRANCHABLE_ATLAS OBSIDIA_BRANCHABLE_ATLAS_FULL_V0_5_DEEP_FINAL_AUDIT/docs/world_protocol_atlas/protocols/mapping_symboles_vibrations_intentions.json atlas/world_protocol_atlas/ mapping_symboles_vibrations_intentions.json ","INTEGRATE_TO_ATLAS_READONLY_SCENARIO_SPEC_CANDIDATE","ATLAS_READONLY_ADVISORY_ONLY","false","false","false","false","false","F06 audit/spec only; Atlas scenario/context candidate; never runtime reality claim"
"BRANCHABLE_ATLAS","atlas/world_protocol_atlas/","F06_ATLAS","FILE_PLAN_ALL 2244 BRANCHABLE_ATLAS OBSIDIA_BRANCHABLE_ATLAS_FULL_V0_5_DEEP_FINAL_AUDIT/docs/world_protocol_atlas/protocols/mapping_symboles_vibrations_intentions.md atlas/world_protocol_atlas/ mapping_symboles_vibrations_intentions.md md P","INTEGRATE_TO_ATLAS_READONLY_SCENARIO_SPEC_CANDIDATE","ATLAS_READONLY_ADVISORY_ONLY","false","false","false","false","false","F06 audit/spec only; Atlas scenario/context candidate; never runtime reality claim"
"BRANCHABLE_ATLAS","atlas/world_protocol_atlas/","F06_ATLAS","FILE_PLAN_ALL 2245 BRANCHABLE_ATLAS OBSIDIA_BRANCHABLE_ATLAS_FULL_V0_5_DEEP_FINAL_AUDIT/docs/world_protocol_atlas/protocols/memoire_de_tempete.json atlas/world_protocol_atlas/ memoire_de_tempete.json json P3_ATLAS_CONTENT F06 0 0 0 0 1  NOT","INTEGRATE_TO_ATLAS_READONLY_SCENARIO_SPEC_CANDIDATE","ATLAS_READONLY_ADVISORY_ONLY","false","false","false","false","false","F06 audit/spec only; Atlas scenario/context candidate; never runtime reality claim"
"BRANCHABLE_ATLAS","atlas/world_protocol_atlas/","F06_ATLAS","FILE_PLAN_ALL 2246 BRANCHABLE_ATLAS OBSIDIA_BRANCHABLE_ATLAS_FULL_V0_5_DEEP_FINAL_AUDIT/docs/world_protocol_atlas/protocols/memoire_de_tempete.md atlas/world_protocol_atlas/ memoire_de_tempete.md md P3_ATLAS_CONTENT F06 0 0 0 0 1  NOT_FOUND","INTEGRATE_TO_ATLAS_READONLY_SCENARIO_SPEC_CANDIDATE","ATLAS_READONLY_ADVISORY_ONLY","false","false","false","false","false","F06 audit/spec only; Atlas scenario/context candidate; never runtime reality claim"
"BRANCHABLE_ATLAS","atlas/world_protocol_atlas/","F06_ATLAS","FILE_PLAN_ALL 2247 BRANCHABLE_ATLAS OBSIDIA_BRANCHABLE_ATLAS_FULL_V0_5_DEEP_FINAL_AUDIT/docs/world_protocol_atlas/protocols/memoire_diachronique_de_crise.json atlas/world_protocol_atlas/ memoire_diachronique_de_crise.json json P3_ATLAS_CONT","INTEGRATE_TO_ATLAS_READONLY_SCENARIO_SPEC_CANDIDATE","ATLAS_READONLY_ADVISORY_ONLY","false","false","false","false","false","F06 audit/spec only; Atlas scenario/context candidate; never runtime reality claim"
"BRANCHABLE_ATLAS","atlas/world_protocol_atlas/","F06_ATLAS","FILE_PLAN_ALL 2248 BRANCHABLE_ATLAS OBSIDIA_BRANCHABLE_ATLAS_FULL_V0_5_DEEP_FINAL_AUDIT/docs/world_protocol_atlas/protocols/memoire_diachronique_de_crise.md atlas/world_protocol_atlas/ memoire_diachronique_de_crise.md md P3_ATLAS_CONTENT F0","INTEGRATE_TO_ATLAS_READONLY_SCENARIO_SPEC_CANDIDATE","ATLAS_READONLY_ADVISORY_ONLY","false","false","false","false","false","F06 audit/spec only; Atlas scenario/context candidate; never runtime reality claim"
"BRANCHABLE_ATLAS","atlas/world_protocol_atlas/","F06_ATLAS","FILE_PLAN_ALL 2249 BRANCHABLE_ATLAS OBSIDIA_BRANCHABLE_ATLAS_FULL_V0_5_DEEP_FINAL_AUDIT/docs/world_protocol_atlas/protocols/memoire_evolutive_d_identites_ia.json atlas/world_protocol_atlas/ memoire_evolutive_d_identites_ia.json json P3_ATLA","INTEGRATE_TO_ATLAS_READONLY_SCENARIO_SPEC_CANDIDATE","ATLAS_READONLY_ADVISORY_ONLY","false","false","false","false","false","F06 audit/spec only; Atlas scenario/context candidate; never runtime reality claim"
"BRANCHABLE_ATLAS","atlas/world_protocol_atlas/","F06_ATLAS","FILE_PLAN_ALL 2250 BRANCHABLE_ATLAS OBSIDIA_BRANCHABLE_ATLAS_FULL_V0_5_DEEP_FINAL_AUDIT/docs/world_protocol_atlas/protocols/memoire_evolutive_d_identites_ia.md atlas/world_protocol_atlas/ memoire_evolutive_d_identites_ia.md md P3_ATLAS_CONT","INTEGRATE_TO_ATLAS_READONLY_SCENARIO_SPEC_CANDIDATE","ATLAS_READONLY_ADVISORY_ONLY","false","false","false","false","false","F06 audit/spec only; Atlas scenario/context candidate; never runtime reality claim"
"BRANCHABLE_ATLAS","atlas/world_protocol_atlas/","F06_ATLAS","FILE_PLAN_ALL 2251 BRANCHABLE_ATLAS OBSIDIA_BRANCHABLE_ATLAS_FULL_V0_5_DEEP_FINAL_AUDIT/docs/world_protocol_atlas/protocols/memoire_funeraire_fractale.json atlas/world_protocol_atlas/ memoire_funeraire_fractale.json json P3_ATLAS_CONTENT F0","INTEGRATE_TO_ATLAS_READONLY_SCENARIO_SPEC_CANDIDATE","ATLAS_READONLY_ADVISORY_ONLY","false","false","false","false","false","F06 audit/spec only; Atlas scenario/context candidate; never runtime reality claim"
"BRANCHABLE_ATLAS","atlas/world_protocol_atlas/","F06_ATLAS","FILE_PLAN_ALL 2252 BRANCHABLE_ATLAS OBSIDIA_BRANCHABLE_ATLAS_FULL_V0_5_DEEP_FINAL_AUDIT/docs/world_protocol_atlas/protocols/memoire_funeraire_fractale.md atlas/world_protocol_atlas/ memoire_funeraire_fractale.md md P3_ATLAS_CONTENT F06 0 0 ","INTEGRATE_TO_ATLAS_READONLY_SCENARIO_SPEC_CANDIDATE","ATLAS_READONLY_ADVISORY_ONLY","false","false","false","false","false","F06 audit/spec only; Atlas scenario/context candidate; never runtime reality claim"
"BRANCHABLE_ATLAS","atlas/world_protocol_atlas/","F06_ATLAS","FILE_PLAN_ALL 2253 BRANCHABLE_ATLAS OBSIDIA_BRANCHABLE_ATLAS_FULL_V0_5_DEEP_FINAL_AUDIT/docs/world_protocol_atlas/protocols/memoire_intergenerationnelle_symbolique.json atlas/world_protocol_atlas/ memoire_intergenerationnelle_symbolique.jso","INTEGRATE_TO_ATLAS_READONLY_SCENARIO_SPEC_CANDIDATE","ATLAS_READONLY_ADVISORY_ONLY","false","false","false","false","false","F06 audit/spec only; Atlas scenario/context candidate; never runtime reality claim"
"BRANCHABLE_ATLAS","atlas/world_protocol_atlas/","F06_ATLAS","FILE_PLAN_ALL 2254 BRANCHABLE_ATLAS OBSIDIA_BRANCHABLE_ATLAS_FULL_V0_5_DEEP_FINAL_AUDIT/docs/world_protocol_atlas/protocols/memoire_intergenerationnelle_symbolique.md atlas/world_protocol_atlas/ memoire_intergenerationnelle_symbolique.md md","INTEGRATE_TO_ATLAS_READONLY_SCENARIO_SPEC_CANDIDATE","ATLAS_READONLY_ADVISORY_ONLY","false","false","false","false","false","F06 audit/spec only; Atlas scenario/context candidate; never runtime reality claim"
"BRANCHABLE_ATLAS","atlas/world_protocol_atlas/","F06_ATLAS","FILE_PLAN_ALL 2255 BRANCHABLE_ATLAS OBSIDIA_BRANCHABLE_ATLAS_FULL_V0_5_DEEP_FINAL_AUDIT/docs/world_protocol_atlas/protocols/memoire_parallele.json atlas/world_protocol_atlas/ memoire_parallele.json json P3_ATLAS_CONTENT F06 0 0 0 0 1  NOT_F","INTEGRATE_TO_ATLAS_READONLY_SCENARIO_SPEC_CANDIDATE","ATLAS_READONLY_ADVISORY_ONLY","false","false","false","false","false","F06 audit/spec only; Atlas scenario/context candidate; never runtime reality claim"
"BRANCHABLE_ATLAS","atlas/world_protocol_atlas/","F06_ATLAS","FILE_PLAN_ALL 2256 BRANCHABLE_ATLAS OBSIDIA_BRANCHABLE_ATLAS_FULL_V0_5_DEEP_FINAL_AUDIT/docs/world_protocol_atlas/protocols/memoire_parallele.md atlas/world_protocol_atlas/ memoire_parallele.md md P3_ATLAS_CONTENT F06 0 0 0 0 1  NOT_FOUND_L","INTEGRATE_TO_ATLAS_READONLY_SCENARIO_SPEC_CANDIDATE","ATLAS_READONLY_ADVISORY_ONLY","false","false","false","false","false","F06 audit/spec only; Atlas scenario/context candidate; never runtime reality claim"
"BRANCHABLE_ATLAS","atlas/world_protocol_atlas/","F06_ATLAS","FILE_PLAN_ALL 2257 BRANCHABLE_ATLAS OBSIDIA_BRANCHABLE_ATLAS_FULL_V0_5_DEEP_FINAL_AUDIT/docs/world_protocol_atlas/protocols/memoire_racinaire_symbolique.json atlas/world_protocol_atlas/ memoire_racinaire_symbolique.json json P3_ATLAS_CONTEN","INTEGRATE_TO_ATLAS_READONLY_SCENARIO_SPEC_CANDIDATE","ATLAS_READONLY_ADVISORY_ONLY","false","false","false","false","false","F06 audit/spec only; Atlas scenario/context candidate; never runtime reality claim"
"BRANCHABLE_ATLAS","atlas/world_protocol_atlas/","F06_ATLAS","FILE_PLAN_ALL 2258 BRANCHABLE_ATLAS OBSIDIA_BRANCHABLE_ATLAS_FULL_V0_5_DEEP_FINAL_AUDIT/docs/world_protocol_atlas/protocols/memoire_racinaire_symbolique.md atlas/world_protocol_atlas/ memoire_racinaire_symbolique.md md P3_ATLAS_CONTENT F06 ","INTEGRATE_TO_ATLAS_READONLY_SCENARIO_SPEC_CANDIDATE","ATLAS_READONLY_ADVISORY_ONLY","false","false","false","false","false","F06 audit/spec only; Atlas scenario/context candidate; never runtime reality claim"
"BRANCHABLE_ATLAS","atlas/world_protocol_atlas/","F06_ATLAS","FILE_PLAN_ALL 2259 BRANCHABLE_ATLAS OBSIDIA_BRANCHABLE_ATLAS_FULL_V0_5_DEEP_FINAL_AUDIT/docs/world_protocol_atlas/protocols/meta_facebook_ai_compatibility_bridge.json atlas/world_protocol_atlas/ meta_facebook_ai_compatibility_bridge.json js","INTEGRATE_TO_ATLAS_READONLY_SCENARIO_SPEC_CANDIDATE","ATLAS_READONLY_ADVISORY_ONLY","false","false","false","false","false","F06 audit/spec only; Atlas scenario/context candidate; never runtime reality claim"
"BRANCHABLE_ATLAS","atlas/world_protocol_atlas/","F06_ATLAS","FILE_PLAN_ALL 2260 BRANCHABLE_ATLAS OBSIDIA_BRANCHABLE_ATLAS_FULL_V0_5_DEEP_FINAL_AUDIT/docs/world_protocol_atlas/protocols/meta_facebook_ai_compatibility_bridge.md atlas/world_protocol_atlas/ meta_facebook_ai_compatibility_bridge.md md P3_","INTEGRATE_TO_ATLAS_READONLY_SCENARIO_SPEC_CANDIDATE","ATLAS_READONLY_ADVISORY_ONLY","false","false","false","false","false","F06 audit/spec only; Atlas scenario/context candidate; never runtime reality claim"
"BRANCHABLE_ATLAS","atlas/world_protocol_atlas/","F06_ATLAS","FILE_PLAN_ALL 2261 BRANCHABLE_ATLAS OBSIDIA_BRANCHABLE_ATLAS_FULL_V0_5_DEEP_FINAL_AUDIT/docs/world_protocol_atlas/protocols/metaxis.json atlas/world_protocol_atlas/ metaxis.json json P3_ATLAS_CONTENT F06 0 0 0 0 1  NOT_FOUND_LOCAL DUPLICATE","INTEGRATE_TO_ATLAS_READONLY_SCENARIO_SPEC_CANDIDATE","ATLAS_READONLY_ADVISORY_ONLY","false","false","false","false","false","F06 audit/spec only; Atlas scenario/context candidate; never runtime reality claim"
"BRANCHABLE_ATLAS","atlas/world_protocol_atlas/","F06_ATLAS","FILE_PLAN_ALL 2262 BRANCHABLE_ATLAS OBSIDIA_BRANCHABLE_ATLAS_FULL_V0_5_DEEP_FINAL_AUDIT/docs/world_protocol_atlas/protocols/metaxis.md atlas/world_protocol_atlas/ metaxis.md md P3_ATLAS_CONTENT F06 0 0 0 0 1  NOT_FOUND_LOCAL DUPLICATE_SAFE ","INTEGRATE_TO_ATLAS_READONLY_SCENARIO_SPEC_CANDIDATE","ATLAS_READONLY_ADVISORY_ONLY","false","false","false","false","false","F06 audit/spec only; Atlas scenario/context candidate; never runtime reality claim"
"BRANCHABLE_ATLAS","atlas/world_protocol_atlas/","F06_ATLAS","FILE_PLAN_ALL 2263 BRANCHABLE_ATLAS OBSIDIA_BRANCHABLE_ATLAS_FULL_V0_5_DEEP_FINAL_AUDIT/docs/world_protocol_atlas/protocols/microsoft_ai_compatibility_bridge.json atlas/world_protocol_atlas/ microsoft_ai_compatibility_bridge.json json P3_AT","INTEGRATE_TO_ATLAS_READONLY_SCENARIO_SPEC_CANDIDATE","ATLAS_READONLY_ADVISORY_ONLY","false","false","false","false","false","F06 audit/spec only; Atlas scenario/context candidate; never runtime reality claim"
"BRANCHABLE_ATLAS","atlas/world_protocol_atlas/","F06_ATLAS","FILE_PLAN_ALL 2264 BRANCHABLE_ATLAS OBSIDIA_BRANCHABLE_ATLAS_FULL_V0_5_DEEP_FINAL_AUDIT/docs/world_protocol_atlas/protocols/microsoft_ai_compatibility_bridge.md atlas/world_protocol_atlas/ microsoft_ai_compatibility_bridge.md md P3_ATLAS_CO","INTEGRATE_TO_ATLAS_READONLY_SCENARIO_SPEC_CANDIDATE","ATLAS_READONLY_ADVISORY_ONLY","false","false","false","false","false","F06 audit/spec only; Atlas scenario/context candidate; never runtime reality claim"
"BRANCHABLE_ATLAS","atlas/world_protocol_atlas/","F06_ATLAS","FILE_PLAN_ALL 2265 BRANCHABLE_ATLAS OBSIDIA_BRANCHABLE_ATLAS_FULL_V0_5_DEEP_FINAL_AUDIT/docs/world_protocol_atlas/protocols/mindminers_compatibility_bridge.json atlas/world_protocol_atlas/ mindminers_compatibility_bridge.json json P3_ATLAS_","INTEGRATE_TO_ATLAS_READONLY_SCENARIO_SPEC_CANDIDATE","ATLAS_READONLY_ADVISORY_ONLY","false","false","false","false","false","F06 audit/spec only; Atlas scenario/context candidate; never runtime reality claim"
"BRANCHABLE_ATLAS","atlas/world_protocol_atlas/","F06_ATLAS","FILE_PLAN_ALL 2266 BRANCHABLE_ATLAS OBSIDIA_BRANCHABLE_ATLAS_FULL_V0_5_DEEP_FINAL_AUDIT/docs/world_protocol_atlas/protocols/mindminers_compatibility_bridge.md atlas/world_protocol_atlas/ mindminers_compatibility_bridge.md md P3_ATLAS_CONTEN","INTEGRATE_TO_ATLAS_READONLY_SCENARIO_SPEC_CANDIDATE","ATLAS_READONLY_ADVISORY_ONLY","false","false","false","false","false","F06 audit/spec only; Atlas scenario/context candidate; never runtime reality claim"
"BRANCHABLE_ATLAS","atlas/world_protocol_atlas/","F06_ATLAS","FILE_PLAN_ALL 2267 BRANCHABLE_ATLAS OBSIDIA_BRANCHABLE_ATLAS_FULL_V0_5_DEEP_FINAL_AUDIT/docs/world_protocol_atlas/protocols/mineethics.json atlas/world_protocol_atlas/ mineethics.json json P3_ATLAS_CONTENT F06 0 0 0 0 1  NOT_FOUND_LOCAL DUP","INTEGRATE_TO_ATLAS_READONLY_SCENARIO_SPEC_CANDIDATE","ATLAS_READONLY_ADVISORY_ONLY","false","false","false","false","false","F06 audit/spec only; Atlas scenario/context candidate; never runtime reality claim"
"BRANCHABLE_ATLAS","atlas/world_protocol_atlas/","F06_ATLAS","FILE_PLAN_ALL 2268 BRANCHABLE_ATLAS OBSIDIA_BRANCHABLE_ATLAS_FULL_V0_5_DEEP_FINAL_AUDIT/docs/world_protocol_atlas/protocols/mineethics.md atlas/world_protocol_atlas/ mineethics.md md P3_ATLAS_CONTENT F06 0 0 0 0 1  NOT_FOUND_LOCAL DUPLICATE","INTEGRATE_TO_ATLAS_READONLY_SCENARIO_SPEC_CANDIDATE","ATLAS_READONLY_ADVISORY_ONLY","false","false","false","false","false","F06 audit/spec only; Atlas scenario/context candidate; never runtime reality claim"
"BRANCHABLE_ATLAS","atlas/world_protocol_atlas/","F06_ATLAS","FILE_PLAN_ALL 2269 BRANCHABLE_ATLAS OBSIDIA_BRANCHABLE_ATLAS_FULL_V0_5_DEEP_FINAL_AUDIT/docs/world_protocol_atlas/protocols/mistral_ai_compatibility_bridge.json atlas/world_protocol_atlas/ mistral_ai_compatibility_bridge.json json P3_ATLAS_","INTEGRATE_TO_ATLAS_READONLY_SCENARIO_SPEC_CANDIDATE","ATLAS_READONLY_ADVISORY_ONLY","false","false","false","false","false","F06 audit/spec only; Atlas scenario/context candidate; never runtime reality claim"
"BRANCHABLE_ATLAS","atlas/world_protocol_atlas/","F06_ATLAS","FILE_PLAN_ALL 2270 BRANCHABLE_ATLAS OBSIDIA_BRANCHABLE_ATLAS_FULL_V0_5_DEEP_FINAL_AUDIT/docs/world_protocol_atlas/protocols/mistral_ai_compatibility_bridge.md atlas/world_protocol_atlas/ mistral_ai_compatibility_bridge.md md P3_ATLAS_CONTEN","INTEGRATE_TO_ATLAS_READONLY_SCENARIO_SPEC_CANDIDATE","ATLAS_READONLY_ADVISORY_ONLY","false","false","false","false","false","F06 audit/spec only; Atlas scenario/context candidate; never runtime reality claim"
"BRANCHABLE_ATLAS","atlas/world_protocol_atlas/","F06_ATLAS","FILE_PLAN_ALL 2271 BRANCHABLE_ATLAS OBSIDIA_BRANCHABLE_ATLAS_FULL_V0_5_DEEP_FINAL_AUDIT/docs/world_protocol_atlas/protocols/module_de_presence_meta.json atlas/world_protocol_atlas/ module_de_presence_meta.json json P3_ATLAS_CONTENT F06 0 0 ","INTEGRATE_TO_ATLAS_READONLY_SCENARIO_SPEC_CANDIDATE","ATLAS_READONLY_ADVISORY_ONLY","false","false","false","false","false","F06 audit/spec only; Atlas scenario/context candidate; never runtime reality claim"
"BRANCHABLE_ATLAS","atlas/world_protocol_atlas/","F06_ATLAS","FILE_PLAN_ALL 2272 BRANCHABLE_ATLAS OBSIDIA_BRANCHABLE_ATLAS_FULL_V0_5_DEEP_FINAL_AUDIT/docs/world_protocol_atlas/protocols/module_de_presence_meta.md atlas/world_protocol_atlas/ module_de_presence_meta.md md P3_ATLAS_CONTENT F06 0 0 0 0 1 ","INTEGRATE_TO_ATLAS_READONLY_SCENARIO_SPEC_CANDIDATE","ATLAS_READONLY_ADVISORY_ONLY","false","false","false","false","false","F06 audit/spec only; Atlas scenario/context candidate; never runtime reality claim"
"BRANCHABLE_ATLAS","atlas/world_protocol_atlas/","F06_ATLAS","FILE_PLAN_ALL 2273 BRANCHABLE_ATLAS OBSIDIA_BRANCHABLE_ATLAS_FULL_V0_5_DEEP_FINAL_AUDIT/docs/world_protocol_atlas/protocols/moleculeriskcontext.json atlas/world_protocol_atlas/ moleculeriskcontext.json json P3_ATLAS_CONTENT F06 0 0 0 0 1  N","INTEGRATE_TO_ATLAS_READONLY_SCENARIO_SPEC_CANDIDATE","ATLAS_READONLY_ADVISORY_ONLY","false","false","false","false","false","F06 audit/spec only; Atlas scenario/context candidate; never runtime reality claim"
"BRANCHABLE_ATLAS","atlas/world_protocol_atlas/","F06_ATLAS","FILE_PLAN_ALL 2274 BRANCHABLE_ATLAS OBSIDIA_BRANCHABLE_ATLAS_FULL_V0_5_DEEP_FINAL_AUDIT/docs/world_protocol_atlas/protocols/moleculeriskcontext.md atlas/world_protocol_atlas/ moleculeriskcontext.md md P3_ATLAS_CONTENT F06 0 0 0 0 1  NOT_FOU","INTEGRATE_TO_ATLAS_READONLY_SCENARIO_SPEC_CANDIDATE","ATLAS_READONLY_ADVISORY_ONLY","false","false","false","false","false","F06 audit/spec only; Atlas scenario/context candidate; never runtime reality claim"
"BRANCHABLE_ATLAS","atlas/world_protocol_atlas/","F06_ATLAS","FILE_PLAN_ALL 2275 BRANCHABLE_ATLAS OBSIDIA_BRANCHABLE_ATLAS_FULL_V0_5_DEEP_FINAL_AUDIT/docs/world_protocol_atlas/protocols/moralscoresignalonly.json atlas/world_protocol_atlas/ moralscoresignalonly.json json P3_ATLAS_CONTENT F06 0 0 0 0 1 ","INTEGRATE_TO_ATLAS_READONLY_SCENARIO_SPEC_CANDIDATE","ATLAS_READONLY_ADVISORY_ONLY","false","false","false","false","false","F06 audit/spec only; Atlas scenario/context candidate; never runtime reality claim"
"BRANCHABLE_ATLAS","atlas/world_protocol_atlas/","F06_ATLAS","FILE_PLAN_ALL 2276 BRANCHABLE_ATLAS OBSIDIA_BRANCHABLE_ATLAS_FULL_V0_5_DEEP_FINAL_AUDIT/docs/world_protocol_atlas/protocols/moralscoresignalonly.md atlas/world_protocol_atlas/ moralscoresignalonly.md md P3_ATLAS_CONTENT F06 0 0 0 0 1  NOT_F","INTEGRATE_TO_ATLAS_READONLY_SCENARIO_SPEC_CANDIDATE","ATLAS_READONLY_ADVISORY_ONLY","false","false","false","false","false","F06 audit/spec only; Atlas scenario/context candidate; never runtime reality claim"
"BRANCHABLE_ATLAS","atlas/world_protocol_atlas/","F06_ATLAS","FILE_PLAN_ALL 2277 BRANCHABLE_ATLAS OBSIDIA_BRANCHABLE_ATLAS_FULL_V0_5_DEEP_FINAL_AUDIT/docs/world_protocol_atlas/protocols/moteur_de_fiction_symbolique.json atlas/world_protocol_atlas/ moteur_de_fiction_symbolique.json json P3_ATLAS_CONTEN","INTEGRATE_TO_ATLAS_READONLY_SCENARIO_SPEC_CANDIDATE","ATLAS_READONLY_ADVISORY_ONLY","false","false","false","false","false","F06 audit/spec only; Atlas scenario/context candidate; never runtime reality claim"
"BRANCHABLE_ATLAS","atlas/world_protocol_atlas/","F06_ATLAS","FILE_PLAN_ALL 2278 BRANCHABLE_ATLAS OBSIDIA_BRANCHABLE_ATLAS_FULL_V0_5_DEEP_FINAL_AUDIT/docs/world_protocol_atlas/protocols/moteur_de_fiction_symbolique.md atlas/world_protocol_atlas/ moteur_de_fiction_symbolique.md md P3_ATLAS_CONTENT F06 ","INTEGRATE_TO_ATLAS_READONLY_SCENARIO_SPEC_CANDIDATE","ATLAS_READONLY_ADVISORY_ONLY","false","false","false","false","false","F06 audit/spec only; Atlas scenario/context candidate; never runtime reality claim"
"BRANCHABLE_ATLAS","atlas/world_protocol_atlas/","F06_ATLAS","FILE_PLAN_ALL 2279 BRANCHABLE_ATLAS OBSIDIA_BRANCHABLE_ATLAS_FULL_V0_5_DEEP_FINAL_AUDIT/docs/world_protocol_atlas/protocols/multimodalethicsfilter.json atlas/world_protocol_atlas/ multimodalethicsfilter.json json P3_ATLAS_CONTENT F06 0 0 0 ","INTEGRATE_TO_ATLAS_READONLY_SCENARIO_SPEC_CANDIDATE","ATLAS_READONLY_ADVISORY_ONLY","false","false","false","false","false","F06 audit/spec only; Atlas scenario/context candidate; never runtime reality claim"
"BRANCHABLE_ATLAS","atlas/world_protocol_atlas/","F06_ATLAS","FILE_PLAN_ALL 2280 BRANCHABLE_ATLAS OBSIDIA_BRANCHABLE_ATLAS_FULL_V0_5_DEEP_FINAL_AUDIT/docs/world_protocol_atlas/protocols/multimodalethicsfilter.md atlas/world_protocol_atlas/ multimodalethicsfilter.md md P3_ATLAS_CONTENT F06 0 0 0 0 1  N","INTEGRATE_TO_ATLAS_READONLY_SCENARIO_SPEC_CANDIDATE","ATLAS_READONLY_ADVISORY_ONLY","false","false","false","false","false","F06 audit/spec only; Atlas scenario/context candidate; never runtime reality claim"
"BRANCHABLE_ATLAS","atlas/world_protocol_atlas/","F06_ATLAS","FILE_PLAN_ALL 2281 BRANCHABLE_ATLAS OBSIDIA_BRANCHABLE_ATLAS_FULL_V0_5_DEEP_FINAL_AUDIT/docs/world_protocol_atlas/protocols/neuroschemabridge.json atlas/world_protocol_atlas/ neuroschemabridge.json json P3_ATLAS_CONTENT F06 0 0 0 0 1  NOT_F","INTEGRATE_TO_ATLAS_READONLY_SCENARIO_SPEC_CANDIDATE","ATLAS_READONLY_ADVISORY_ONLY","false","false","false","false","false","F06 audit/spec only; Atlas scenario/context candidate; never runtime reality claim"
"BRANCHABLE_ATLAS","atlas/world_protocol_atlas/","F06_ATLAS","FILE_PLAN_ALL 2282 BRANCHABLE_ATLAS OBSIDIA_BRANCHABLE_ATLAS_FULL_V0_5_DEEP_FINAL_AUDIT/docs/world_protocol_atlas/protocols/neuroschemabridge.md atlas/world_protocol_atlas/ neuroschemabridge.md md P3_ATLAS_CONTENT F06 0 0 0 0 1  NOT_FOUND_L","INTEGRATE_TO_ATLAS_READONLY_SCENARIO_SPEC_CANDIDATE","ATLAS_READONLY_ADVISORY_ONLY","false","false","false","false","false","F06 audit/spec only; Atlas scenario/context candidate; never runtime reality claim"
"BRANCHABLE_ATLAS","atlas/world_protocol_atlas/","F06_ATLAS","FILE_PLAN_ALL 2283 BRANCHABLE_ATLAS OBSIDIA_BRANCHABLE_ATLAS_FULL_V0_5_DEEP_FINAL_AUDIT/docs/world_protocol_atlas/protocols/nomadarts.json atlas/world_protocol_atlas/ nomadarts.json json P3_ATLAS_CONTENT F06 0 0 0 0 1  NOT_FOUND_LOCAL DUPLI","INTEGRATE_TO_ATLAS_READONLY_SCENARIO_SPEC_CANDIDATE","ATLAS_READONLY_ADVISORY_ONLY","false","false","false","false","false","F06 audit/spec only; Atlas scenario/context candidate; never runtime reality claim"
"BRANCHABLE_ATLAS","atlas/world_protocol_atlas/","F06_ATLAS","FILE_PLAN_ALL 2284 BRANCHABLE_ATLAS OBSIDIA_BRANCHABLE_ATLAS_FULL_V0_5_DEEP_FINAL_AUDIT/docs/world_protocol_atlas/protocols/nomadarts.md atlas/world_protocol_atlas/ nomadarts.md md P3_ATLAS_CONTENT F06 0 0 0 0 1  NOT_FOUND_LOCAL DUPLICATE_S","INTEGRATE_TO_ATLAS_READONLY_SCENARIO_SPEC_CANDIDATE","ATLAS_READONLY_ADVISORY_ONLY","false","false","false","false","false","F06 audit/spec only; Atlas scenario/context candidate; never runtime reality claim"
"BRANCHABLE_ATLAS","atlas/world_protocol_atlas/","F06_ATLAS","FILE_PLAN_ALL 2285 BRANCHABLE_ATLAS OBSIDIA_BRANCHABLE_ATLAS_FULL_V0_5_DEEP_FINAL_AUDIT/docs/world_protocol_atlas/protocols/nonwesternsymbolparser.json atlas/world_protocol_atlas/ nonwesternsymbolparser.json json P3_ATLAS_CONTENT F06 0 0 0 ","INTEGRATE_TO_ATLAS_READONLY_SCENARIO_SPEC_CANDIDATE","ATLAS_READONLY_ADVISORY_ONLY","false","false","false","false","false","F06 audit/spec only; Atlas scenario/context candidate; never runtime reality claim"
"BRANCHABLE_ATLAS","atlas/world_protocol_atlas/","F06_ATLAS","FILE_PLAN_ALL 2286 BRANCHABLE_ATLAS OBSIDIA_BRANCHABLE_ATLAS_FULL_V0_5_DEEP_FINAL_AUDIT/docs/world_protocol_atlas/protocols/nonwesternsymbolparser.md atlas/world_protocol_atlas/ nonwesternsymbolparser.md md P3_ATLAS_CONTENT F06 0 0 0 0 1  N","INTEGRATE_TO_ATLAS_READONLY_SCENARIO_SPEC_CANDIDATE","ATLAS_READONLY_ADVISORY_ONLY","false","false","false","false","false","F06 audit/spec only; Atlas scenario/context candidate; never runtime reality claim"
"BRANCHABLE_ATLAS","atlas/world_protocol_atlas/","F06_ATLAS","FILE_PLAN_ALL 2287 BRANCHABLE_ATLAS OBSIDIA_BRANCHABLE_ATLAS_FULL_V0_5_DEEP_FINAL_AUDIT/docs/world_protocol_atlas/protocols/notco_compatibility_bridge.json atlas/world_protocol_atlas/ notco_compatibility_bridge.json json P3_ATLAS_CONTENT F0","INTEGRATE_TO_ATLAS_READONLY_SCENARIO_SPEC_CANDIDATE","ATLAS_READONLY_ADVISORY_ONLY","false","false","false","false","false","F06 audit/spec only; Atlas scenario/context candidate; never runtime reality claim"
"BRANCHABLE_ATLAS","atlas/world_protocol_atlas/","F06_ATLAS","FILE_PLAN_ALL 2288 BRANCHABLE_ATLAS OBSIDIA_BRANCHABLE_ATLAS_FULL_V0_5_DEEP_FINAL_AUDIT/docs/world_protocol_atlas/protocols/notco_compatibility_bridge.md atlas/world_protocol_atlas/ notco_compatibility_bridge.md md P3_ATLAS_CONTENT F06 0 0 ","INTEGRATE_TO_ATLAS_READONLY_SCENARIO_SPEC_CANDIDATE","ATLAS_READONLY_ADVISORY_ONLY","false","false","false","false","false","F06 audit/spec only; Atlas scenario/context candidate; never runtime reality claim"
"BRANCHABLE_ATLAS","atlas/world_protocol_atlas/","F06_ATLAS","FILE_PLAN_ALL 2289 BRANCHABLE_ATLAS OBSIDIA_BRANCHABLE_ATLAS_FULL_V0_5_DEEP_FINAL_AUDIT/docs/world_protocol_atlas/protocols/nvidia_ai_compatibility_bridge.json atlas/world_protocol_atlas/ nvidia_ai_compatibility_bridge.json json P3_ATLAS_CO","INTEGRATE_TO_ATLAS_READONLY_SCENARIO_SPEC_CANDIDATE","ATLAS_READONLY_ADVISORY_ONLY","false","false","false","false","false","F06 audit/spec only; Atlas scenario/context candidate; never runtime reality claim"
"BRANCHABLE_ATLAS","atlas/world_protocol_atlas/","F06_ATLAS","FILE_PLAN_ALL 2290 BRANCHABLE_ATLAS OBSIDIA_BRANCHABLE_ATLAS_FULL_V0_5_DEEP_FINAL_AUDIT/docs/world_protocol_atlas/protocols/nvidia_ai_compatibility_bridge.md atlas/world_protocol_atlas/ nvidia_ai_compatibility_bridge.md md P3_ATLAS_CONTENT ","INTEGRATE_TO_ATLAS_READONLY_SCENARIO_SPEC_CANDIDATE","ATLAS_READONLY_ADVISORY_ONLY","false","false","false","false","false","F06 audit/spec only; Atlas scenario/context candidate; never runtime reality claim"
"BRANCHABLE_ATLAS","atlas/world_protocol_atlas/","F06_ATLAS","FILE_PLAN_ALL 2291 BRANCHABLE_ATLAS OBSIDIA_BRANCHABLE_ATLAS_FULL_V0_5_DEEP_FINAL_AUDIT/docs/world_protocol_atlas/protocols/observer_et_predire_l_equilibre_naturel.json atlas/world_protocol_atlas/ observer_et_predire_l_equilibre_naturel.jso","INTEGRATE_TO_ATLAS_READONLY_SCENARIO_SPEC_CANDIDATE","ATLAS_READONLY_ADVISORY_ONLY","false","false","false","false","false","F06 audit/spec only; Atlas scenario/context candidate; never runtime reality claim"
"BRANCHABLE_ATLAS","atlas/world_protocol_atlas/","F06_ATLAS","FILE_PLAN_ALL 2292 BRANCHABLE_ATLAS OBSIDIA_BRANCHABLE_ATLAS_FULL_V0_5_DEEP_FINAL_AUDIT/docs/world_protocol_atlas/protocols/observer_et_predire_l_equilibre_naturel.md atlas/world_protocol_atlas/ observer_et_predire_l_equilibre_naturel.md md","INTEGRATE_TO_ATLAS_READONLY_SCENARIO_SPEC_CANDIDATE","ATLAS_READONLY_ADVISORY_ONLY","false","false","false","false","false","F06 audit/spec only; Atlas scenario/context candidate; never runtime reality claim"
"BRANCHABLE_ATLAS","atlas/world_protocol_atlas/","F06_ATLAS","FILE_PLAN_ALL 2293 BRANCHABLE_ATLAS OBSIDIA_BRANCHABLE_ATLAS_FULL_V0_5_DEEP_FINAL_AUDIT/docs/world_protocol_atlas/protocols/obsidiafailsafelocalmode.json atlas/world_protocol_atlas/ obsidiafailsafelocalmode.json json P3_ATLAS_CONTENT F06 0 ","INTEGRATE_TO_ATLAS_READONLY_SCENARIO_SPEC_CANDIDATE","ATLAS_READONLY_ADVISORY_ONLY","false","false","false","false","false","F06 audit/spec only; Atlas scenario/context candidate; never runtime reality claim"
"BRANCHABLE_ATLAS","atlas/world_protocol_atlas/","F06_ATLAS","FILE_PLAN_ALL 2294 BRANCHABLE_ATLAS OBSIDIA_BRANCHABLE_ATLAS_FULL_V0_5_DEEP_FINAL_AUDIT/docs/world_protocol_atlas/protocols/obsidiafailsafelocalmode.md atlas/world_protocol_atlas/ obsidiafailsafelocalmode.md md P3_ATLAS_CONTENT F06 0 0 0 0 ","INTEGRATE_TO_ATLAS_READONLY_SCENARIO_SPEC_CANDIDATE","ATLAS_READONLY_ADVISORY_ONLY","false","false","false","false","false","F06 audit/spec only; Atlas scenario/context candidate; never runtime reality claim"
"BRANCHABLE_ATLAS","atlas/world_protocol_atlas/","F06_ATLAS","FILE_PLAN_ALL 2295 BRANCHABLE_ATLAS OBSIDIA_BRANCHABLE_ATLAS_FULL_V0_5_DEEP_FINAL_AUDIT/docs/world_protocol_atlas/protocols/openai_compatibility_bridge.json atlas/world_protocol_atlas/ openai_compatibility_bridge.json json P3_ATLAS_CONTENT ","INTEGRATE_TO_ATLAS_READONLY_SCENARIO_SPEC_CANDIDATE","ATLAS_READONLY_ADVISORY_ONLY","false","false","false","false","false","F06 audit/spec only; Atlas scenario/context candidate; never runtime reality claim"
"BRANCHABLE_ATLAS","atlas/world_protocol_atlas/","F06_ATLAS","FILE_PLAN_ALL 2296 BRANCHABLE_ATLAS OBSIDIA_BRANCHABLE_ATLAS_FULL_V0_5_DEEP_FINAL_AUDIT/docs/world_protocol_atlas/protocols/openai_compatibility_bridge.md atlas/world_protocol_atlas/ openai_compatibility_bridge.md md P3_ATLAS_CONTENT F06 0 ","INTEGRATE_TO_ATLAS_READONLY_SCENARIO_SPEC_CANDIDATE","ATLAS_READONLY_ADVISORY_ONLY","false","false","false","false","false","F06 audit/spec only; Atlas scenario/context candidate; never runtime reality claim"
"BRANCHABLE_ATLAS","atlas/world_protocol_atlas/","F06_ATLAS","FILE_PLAN_ALL 2297 BRANCHABLE_ATLAS OBSIDIA_BRANCHABLE_ATLAS_FULL_V0_5_DEEP_FINAL_AUDIT/docs/world_protocol_atlas/protocols/openhardwarebuilder.json atlas/world_protocol_atlas/ openhardwarebuilder.json json P3_ATLAS_CONTENT F06 0 0 0 0 1  N","INTEGRATE_TO_ATLAS_READONLY_SCENARIO_SPEC_CANDIDATE","ATLAS_READONLY_ADVISORY_ONLY","false","false","false","false","false","F06 audit/spec only; Atlas scenario/context candidate; never runtime reality claim"
"BRANCHABLE_ATLAS","atlas/world_protocol_atlas/","F06_ATLAS","FILE_PLAN_ALL 2298 BRANCHABLE_ATLAS OBSIDIA_BRANCHABLE_ATLAS_FULL_V0_5_DEEP_FINAL_AUDIT/docs/world_protocol_atlas/protocols/openhardwarebuilder.md atlas/world_protocol_atlas/ openhardwarebuilder.md md P3_ATLAS_CONTENT F06 0 0 0 0 1  NOT_FOU","INTEGRATE_TO_ATLAS_READONLY_SCENARIO_SPEC_CANDIDATE","ATLAS_READONLY_ADVISORY_ONLY","false","false","false","false","false","F06 audit/spec only; Atlas scenario/context candidate; never runtime reality claim"
"BRANCHABLE_ATLAS","atlas/world_protocol_atlas/","F06_ATLAS","FILE_PLAN_ALL 2299 BRANCHABLE_ATLAS OBSIDIA_BRANCHABLE_ATLAS_FULL_V0_5_DEEP_FINAL_AUDIT/docs/world_protocol_atlas/protocols/oralhistoryvault.json atlas/world_protocol_atlas/ oralhistoryvault.json json P3_ATLAS_CONTENT F06 0 0 0 0 1  NOT_FOU","INTEGRATE_TO_ATLAS_READONLY_SCENARIO_SPEC_CANDIDATE","ATLAS_READONLY_ADVISORY_ONLY","false","false","false","false","false","F06 audit/spec only; Atlas scenario/context candidate; never runtime reality claim"
"BRANCHABLE_ATLAS","atlas/world_protocol_atlas/","F06_ATLAS","FILE_PLAN_ALL 2300 BRANCHABLE_ATLAS OBSIDIA_BRANCHABLE_ATLAS_FULL_V0_5_DEEP_FINAL_AUDIT/docs/world_protocol_atlas/protocols/oralhistoryvault.md atlas/world_protocol_atlas/ oralhistoryvault.md md P3_ATLAS_CONTENT F06 0 0 0 0 1  NOT_FOUND_LOC","INTEGRATE_TO_ATLAS_READONLY_SCENARIO_SPEC_CANDIDATE","ATLAS_READONLY_ADVISORY_ONLY","false","false","false","false","false","F06 audit/spec only; Atlas scenario/context candidate; never runtime reality claim"
"BRANCHABLE_ATLAS","atlas/world_protocol_atlas/","F06_ATLAS","FILE_PLAN_ALL 2301 BRANCHABLE_ATLAS OBSIDIA_BRANCHABLE_ATLAS_FULL_V0_5_DEEP_FINAL_AUDIT/docs/world_protocol_atlas/protocols/passageagent.json atlas/world_protocol_atlas/ passageagent.json json P3_ATLAS_CONTENT F06 0 0 0 0 1  NOT_FOUND_LOCAL","INTEGRATE_TO_ATLAS_READONLY_SCENARIO_SPEC_CANDIDATE","ATLAS_READONLY_ADVISORY_ONLY","false","false","false","false","false","F06 audit/spec only; Atlas scenario/context candidate; never runtime reality claim"
"BRANCHABLE_ATLAS","atlas/world_protocol_atlas/","F06_ATLAS","FILE_PLAN_ALL 2302 BRANCHABLE_ATLAS OBSIDIA_BRANCHABLE_ATLAS_FULL_V0_5_DEEP_FINAL_AUDIT/docs/world_protocol_atlas/protocols/passageagent.md atlas/world_protocol_atlas/ passageagent.md md P3_ATLAS_CONTENT F06 0 0 0 0 1  NOT_FOUND_LOCAL DUPLI","INTEGRATE_TO_ATLAS_READONLY_SCENARIO_SPEC_CANDIDATE","ATLAS_READONLY_ADVISORY_ONLY","false","false","false","false","false","F06 audit/spec only; Atlas scenario/context candidate; never runtime reality claim"
"BRANCHABLE_ATLAS","atlas/world_protocol_atlas/","F06_ATLAS","FILE_PLAN_ALL 2303 BRANCHABLE_ATLAS OBSIDIA_BRANCHABLE_ATLAS_FULL_V0_5_DEEP_FINAL_AUDIT/docs/world_protocol_atlas/protocols/pedidosya_compatibility_bridge.json atlas/world_protocol_atlas/ pedidosya_compatibility_bridge.json json P3_ATLAS_CO","INTEGRATE_TO_ATLAS_READONLY_SCENARIO_SPEC_CANDIDATE","ATLAS_READONLY_ADVISORY_ONLY","false","false","false","false","false","F06 audit/spec only; Atlas scenario/context candidate; never runtime reality claim"
"BRANCHABLE_ATLAS","atlas/world_protocol_atlas/","F06_ATLAS","FILE_PLAN_ALL 2304 BRANCHABLE_ATLAS OBSIDIA_BRANCHABLE_ATLAS_FULL_V0_5_DEEP_FINAL_AUDIT/docs/world_protocol_atlas/protocols/pedidosya_compatibility_bridge.md atlas/world_protocol_atlas/ pedidosya_compatibility_bridge.md md P3_ATLAS_CONTENT ","INTEGRATE_TO_ATLAS_READONLY_SCENARIO_SPEC_CANDIDATE","ATLAS_READONLY_ADVISORY_ONLY","false","false","false","false","false","F06 audit/spec only; Atlas scenario/context candidate; never runtime reality claim"
"BRANCHABLE_ATLAS","atlas/world_protocol_atlas/","F06_ATLAS","FILE_PLAN_ALL 2305 BRANCHABLE_ATLAS OBSIDIA_BRANCHABLE_ATLAS_FULL_V0_5_DEEP_FINAL_AUDIT/docs/world_protocol_atlas/protocols/perplexity_ai_compatibility_bridge.json atlas/world_protocol_atlas/ perplexity_ai_compatibility_bridge.json json P3_","INTEGRATE_TO_ATLAS_READONLY_SCENARIO_SPEC_CANDIDATE","ATLAS_READONLY_ADVISORY_ONLY","false","false","false","false","false","F06 audit/spec only; Atlas scenario/context candidate; never runtime reality claim"
"BRANCHABLE_ATLAS","atlas/world_protocol_atlas/","F06_ATLAS","FILE_PLAN_ALL 2306 BRANCHABLE_ATLAS OBSIDIA_BRANCHABLE_ATLAS_FULL_V0_5_DEEP_FINAL_AUDIT/docs/world_protocol_atlas/protocols/perplexity_ai_compatibility_bridge.md atlas/world_protocol_atlas/ perplexity_ai_compatibility_bridge.md md P3_ATLAS_","INTEGRATE_TO_ATLAS_READONLY_SCENARIO_SPEC_CANDIDATE","ATLAS_READONLY_ADVISORY_ONLY","false","false","false","false","false","F06 audit/spec only; Atlas scenario/context candidate; never runtime reality claim"
"BRANCHABLE_ATLAS","atlas/world_protocol_atlas/","F06_ATLAS","FILE_PLAN_ALL 2307 BRANCHABLE_ATLAS OBSIDIA_BRANCHABLE_ATLAS_FULL_V0_5_DEEP_FINAL_AUDIT/docs/world_protocol_atlas/protocols/phoenix.json atlas/world_protocol_atlas/ phoenix.json json P3_ATLAS_CONTENT F06 0 0 0 0 1  NOT_FOUND_LOCAL DUPLICATE","INTEGRATE_TO_ATLAS_READONLY_SCENARIO_SPEC_CANDIDATE","ATLAS_READONLY_ADVISORY_ONLY","false","false","false","false","false","F06 audit/spec only; Atlas scenario/context candidate; never runtime reality claim"
"BRANCHABLE_ATLAS","atlas/world_protocol_atlas/","F06_ATLAS","FILE_PLAN_ALL 2308 BRANCHABLE_ATLAS OBSIDIA_BRANCHABLE_ATLAS_FULL_V0_5_DEEP_FINAL_AUDIT/docs/world_protocol_atlas/protocols/phoenix.md atlas/world_protocol_atlas/ phoenix.md md P3_ATLAS_CONTENT F06 0 0 0 0 1  NOT_FOUND_LOCAL DUPLICATE_SAFE ","INTEGRATE_TO_ATLAS_READONLY_SCENARIO_SPEC_CANDIDATE","ATLAS_READONLY_ADVISORY_ONLY","false","false","false","false","false","F06 audit/spec only; Atlas scenario/context candidate; never runtime reality claim"
"BRANCHABLE_ATLAS","atlas/world_protocol_atlas/","F06_ATLAS","FILE_PLAN_ALL 2309 BRANCHABLE_ATLAS OBSIDIA_BRANCHABLE_ATLAS_FULL_V0_5_DEEP_FINAL_AUDIT/docs/world_protocol_atlas/protocols/polarsentinel.json atlas/world_protocol_atlas/ polarsentinel.json json P3_ATLAS_CONTENT F06 0 0 0 0 1  NOT_FOUND_LOC","INTEGRATE_TO_ATLAS_READONLY_SCENARIO_SPEC_CANDIDATE","ATLAS_READONLY_ADVISORY_ONLY","false","false","false","false","false","F06 audit/spec only; Atlas scenario/context candidate; never runtime reality claim"
"BRANCHABLE_ATLAS","atlas/world_protocol_atlas/","F06_ATLAS","FILE_PLAN_ALL 2310 BRANCHABLE_ATLAS OBSIDIA_BRANCHABLE_ATLAS_FULL_V0_5_DEEP_FINAL_AUDIT/docs/world_protocol_atlas/protocols/polarsentinel.md atlas/world_protocol_atlas/ polarsentinel.md md P3_ATLAS_CONTENT F06 0 0 0 0 1  NOT_FOUND_LOCAL DUP","INTEGRATE_TO_ATLAS_READONLY_SCENARIO_SPEC_CANDIDATE","ATLAS_READONLY_ADVISORY_ONLY","false","false","false","false","false","F06 audit/spec only; Atlas scenario/context candidate; never runtime reality claim"
"BRANCHABLE_ATLAS","atlas/world_protocol_atlas/","F06_ATLAS","FILE_PLAN_ALL 2311 BRANCHABLE_ATLAS OBSIDIA_BRANCHABLE_ATLAS_FULL_V0_5_DEEP_FINAL_AUDIT/docs/world_protocol_atlas/protocols/policystresstestadapter.json atlas/world_protocol_atlas/ policystresstestadapter.json json P3_ATLAS_CONTENT F06 0 0 ","INTEGRATE_TO_ATLAS_READONLY_SCENARIO_SPEC_CANDIDATE","ATLAS_READONLY_ADVISORY_ONLY","false","false","false","false","false","F06 audit/spec only; Atlas scenario/context candidate; never runtime reality claim"
"BRANCHABLE_ATLAS","atlas/world_protocol_atlas/","F06_ATLAS","FILE_PLAN_ALL 2312 BRANCHABLE_ATLAS OBSIDIA_BRANCHABLE_ATLAS_FULL_V0_5_DEEP_FINAL_AUDIT/docs/world_protocol_atlas/protocols/policystresstestadapter.md atlas/world_protocol_atlas/ policystresstestadapter.md md P3_ATLAS_CONTENT F06 0 0 0 0 1 ","INTEGRATE_TO_ATLAS_READONLY_SCENARIO_SPEC_CANDIDATE","ATLAS_READONLY_ADVISORY_ONLY","false","false","false","false","false","F06 audit/spec only; Atlas scenario/context candidate; never runtime reality claim"
"BRANCHABLE_ATLAS","atlas/world_protocol_atlas/","F06_ATLAS","FILE_PLAN_ALL 2313 BRANCHABLE_ATLAS OBSIDIA_BRANCHABLE_ATLAS_FULL_V0_5_DEEP_FINAL_AUDIT/docs/world_protocol_atlas/protocols/poolside_ai_compatibility_bridge.json atlas/world_protocol_atlas/ poolside_ai_compatibility_bridge.json json P3_ATLA","INTEGRATE_TO_ATLAS_READONLY_SCENARIO_SPEC_CANDIDATE","ATLAS_READONLY_ADVISORY_ONLY","false","false","false","false","false","F06 audit/spec only; Atlas scenario/context candidate; never runtime reality claim"
"BRANCHABLE_ATLAS","atlas/world_protocol_atlas/","F06_ATLAS","FILE_PLAN_ALL 2314 BRANCHABLE_ATLAS OBSIDIA_BRANCHABLE_ATLAS_FULL_V0_5_DEEP_FINAL_AUDIT/docs/world_protocol_atlas/protocols/poolside_ai_compatibility_bridge.md atlas/world_protocol_atlas/ poolside_ai_compatibility_bridge.md md P3_ATLAS_CONT","INTEGRATE_TO_ATLAS_READONLY_SCENARIO_SPEC_CANDIDATE","ATLAS_READONLY_ADVISORY_ONLY","false","false","false","false","false","F06 audit/spec only; Atlas scenario/context candidate; never runtime reality claim"
"BRANCHABLE_ATLAS","atlas/world_protocol_atlas/","F06_ATLAS","FILE_PLAN_ALL 2315 BRANCHABLE_ATLAS OBSIDIA_BRANCHABLE_ATLAS_FULL_V0_5_DEEP_FINAL_AUDIT/docs/world_protocol_atlas/protocols/portail_temporel.json atlas/world_protocol_atlas/ portail_temporel.json json P3_ATLAS_CONTENT F06 0 0 0 0 1  NOT_FOU","INTEGRATE_TO_ATLAS_READONLY_SCENARIO_SPEC_CANDIDATE","ATLAS_READONLY_ADVISORY_ONLY","false","false","false","false","false","F06 audit/spec only; Atlas scenario/context candidate; never runtime reality claim"
"BRANCHABLE_ATLAS","atlas/world_protocol_atlas/","F06_ATLAS","FILE_PLAN_ALL 2316 BRANCHABLE_ATLAS OBSIDIA_BRANCHABLE_ATLAS_FULL_V0_5_DEEP_FINAL_AUDIT/docs/world_protocol_atlas/protocols/portail_temporel.md atlas/world_protocol_atlas/ portail_temporel.md md P3_ATLAS_CONTENT F06 0 0 0 0 1  NOT_FOUND_LOC","INTEGRATE_TO_ATLAS_READONLY_SCENARIO_SPEC_CANDIDATE","ATLAS_READONLY_ADVISORY_ONLY","false","false","false","false","false","F06 audit/spec only; Atlas scenario/context candidate; never runtime reality claim"
"BRANCHABLE_ATLAS","atlas/world_protocol_atlas/","F06_ATLAS","FILE_PLAN_ALL 2317 BRANCHABLE_ATLAS OBSIDIA_BRANCHABLE_ATLAS_FULL_V0_5_DEEP_FINAL_AUDIT/docs/world_protocol_atlas/protocols/prise_de_role_fluide.json atlas/world_protocol_atlas/ prise_de_role_fluide.json json P3_ATLAS_CONTENT F06 0 0 0 0 1 ","INTEGRATE_TO_ATLAS_READONLY_SCENARIO_SPEC_CANDIDATE","ATLAS_READONLY_ADVISORY_ONLY","false","false","false","false","false","F06 audit/spec only; Atlas scenario/context candidate; never runtime reality claim"
"BRANCHABLE_ATLAS","atlas/world_protocol_atlas/","F06_ATLAS","FILE_PLAN_ALL 2318 BRANCHABLE_ATLAS OBSIDIA_BRANCHABLE_ATLAS_FULL_V0_5_DEEP_FINAL_AUDIT/docs/world_protocol_atlas/protocols/prise_de_role_fluide.md atlas/world_protocol_atlas/ prise_de_role_fluide.md md P3_ATLAS_CONTENT F06 0 0 0 0 1  NOT_F","INTEGRATE_TO_ATLAS_READONLY_SCENARIO_SPEC_CANDIDATE","ATLAS_READONLY_ADVISORY_ONLY","false","false","false","false","false","F06 audit/spec only; Atlas scenario/context candidate; never runtime reality claim"
"BRANCHABLE_ATLAS","atlas/world_protocol_atlas/","F06_ATLAS","FILE_PLAN_ALL 2319 BRANCHABLE_ATLAS OBSIDIA_BRANCHABLE_ATLAS_FULL_V0_5_DEEP_FINAL_AUDIT/docs/world_protocol_atlas/protocols/projection_de_crises_et_issues_possibles.json atlas/world_protocol_atlas/ projection_de_crises_et_issues_possibles.j","INTEGRATE_TO_ATLAS_READONLY_SCENARIO_SPEC_CANDIDATE","ATLAS_READONLY_ADVISORY_ONLY","false","false","false","false","false","F06 audit/spec only; Atlas scenario/context candidate; never runtime reality claim"
"BRANCHABLE_ATLAS","atlas/world_protocol_atlas/","F06_ATLAS","FILE_PLAN_ALL 2320 BRANCHABLE_ATLAS OBSIDIA_BRANCHABLE_ATLAS_FULL_V0_5_DEEP_FINAL_AUDIT/docs/world_protocol_atlas/protocols/projection_de_crises_et_issues_possibles.md atlas/world_protocol_atlas/ projection_de_crises_et_issues_possibles.md ","INTEGRATE_TO_ATLAS_READONLY_SCENARIO_SPEC_CANDIDATE","ATLAS_READONLY_ADVISORY_ONLY","false","false","false","false","false","F06 audit/spec only; Atlas scenario/context candidate; never runtime reality claim"
"BRANCHABLE_ATLAS","atlas/world_protocol_atlas/","F06_ATLAS","FILE_PLAN_ALL 2321 BRANCHABLE_ATLAS OBSIDIA_BRANCHABLE_ATLAS_FULL_V0_5_DEEP_FINAL_AUDIT/docs/world_protocol_atlas/protocols/protocole_masq.json atlas/world_protocol_atlas/ protocole_masq.json json P3_ATLAS_CONTENT F06 0 0 0 0 1  NOT_FOUND_L","INTEGRATE_TO_ATLAS_READONLY_SCENARIO_SPEC_CANDIDATE","ATLAS_READONLY_ADVISORY_ONLY","false","false","false","false","false","F06 audit/spec only; Atlas scenario/context candidate; never runtime reality claim"
"BRANCHABLE_ATLAS","atlas/world_protocol_atlas/","F06_ATLAS","FILE_PLAN_ALL 2322 BRANCHABLE_ATLAS OBSIDIA_BRANCHABLE_ATLAS_FULL_V0_5_DEEP_FINAL_AUDIT/docs/world_protocol_atlas/protocols/protocole_masq.md atlas/world_protocol_atlas/ protocole_masq.md md P3_ATLAS_CONTENT F06 0 0 0 0 1  NOT_FOUND_LOCAL D","INTEGRATE_TO_ATLAS_READONLY_SCENARIO_SPEC_CANDIDATE","ATLAS_READONLY_ADVISORY_ONLY","false","false","false","false","false","F06 audit/spec only; Atlas scenario/context candidate; never runtime reality claim"
"BRANCHABLE_ATLAS","atlas/world_protocol_atlas/","F06_ATLAS","FILE_PLAN_ALL 2323 BRANCHABLE_ATLAS OBSIDIA_BRANCHABLE_ATLAS_FULL_V0_5_DEEP_FINAL_AUDIT/docs/world_protocol_atlas/protocols/rareearthtrace.json atlas/world_protocol_atlas/ rareearthtrace.json json P3_ATLAS_CONTENT F06 0 0 0 0 1  NOT_FOUND_L","INTEGRATE_TO_ATLAS_READONLY_SCENARIO_SPEC_CANDIDATE","ATLAS_READONLY_ADVISORY_ONLY","false","false","false","false","false","F06 audit/spec only; Atlas scenario/context candidate; never runtime reality claim"
"BRANCHABLE_ATLAS","atlas/world_protocol_atlas/","F06_ATLAS","FILE_PLAN_ALL 2324 BRANCHABLE_ATLAS OBSIDIA_BRANCHABLE_ATLAS_FULL_V0_5_DEEP_FINAL_AUDIT/docs/world_protocol_atlas/protocols/rareearthtrace.md atlas/world_protocol_atlas/ rareearthtrace.md md P3_ATLAS_CONTENT F06 0 0 0 0 1  NOT_FOUND_LOCAL D","INTEGRATE_TO_ATLAS_READONLY_SCENARIO_SPEC_CANDIDATE","ATLAS_READONLY_ADVISORY_ONLY","false","false","false","false","false","F06 audit/spec only; Atlas scenario/context candidate; never runtime reality claim"
"BRANCHABLE_ATLAS","atlas/world_protocol_atlas/","F06_ATLAS","FILE_PLAN_ALL 2325 BRANCHABLE_ATLAS OBSIDIA_BRANCHABLE_ATLAS_FULL_V0_5_DEEP_FINAL_AUDIT/docs/world_protocol_atlas/protocols/reactivestategraph.json atlas/world_protocol_atlas/ reactivestategraph.json json P3_ATLAS_CONTENT F06 0 0 0 0 1  NOT","INTEGRATE_TO_ATLAS_READONLY_SCENARIO_SPEC_CANDIDATE","ATLAS_READONLY_ADVISORY_ONLY","false","false","false","false","false","F06 audit/spec only; Atlas scenario/context candidate; never runtime reality claim"
"BRANCHABLE_ATLAS","atlas/world_protocol_atlas/","F06_ATLAS","FILE_PLAN_ALL 2326 BRANCHABLE_ATLAS OBSIDIA_BRANCHABLE_ATLAS_FULL_V0_5_DEEP_FINAL_AUDIT/docs/world_protocol_atlas/protocols/reactivestategraph.md atlas/world_protocol_atlas/ reactivestategraph.md md P3_ATLAS_CONTENT F06 0 0 0 0 1  NOT_FOUND","INTEGRATE_TO_ATLAS_READONLY_SCENARIO_SPEC_CANDIDATE","ATLAS_READONLY_ADVISORY_ONLY","false","false","false","false","false","F06 audit/spec only; Atlas scenario/context candidate; never runtime reality claim"
"BRANCHABLE_ATLAS","atlas/world_protocol_atlas/","F06_ATLAS","FILE_PLAN_ALL 2327 BRANCHABLE_ATLAS OBSIDIA_BRANCHABLE_ATLAS_FULL_V0_5_DEEP_FINAL_AUDIT/docs/world_protocol_atlas/protocols/recits_conflits_internes.json atlas/world_protocol_atlas/ recits_conflits_internes.json json P3_ATLAS_CONTENT F06 0 ","INTEGRATE_TO_ATLAS_READONLY_SCENARIO_SPEC_CANDIDATE","ATLAS_READONLY_ADVISORY_ONLY","false","false","false","false","false","F06 audit/spec only; Atlas scenario/context candidate; never runtime reality claim"
"BRANCHABLE_ATLAS","atlas/world_protocol_atlas/","F06_ATLAS","FILE_PLAN_ALL 2328 BRANCHABLE_ATLAS OBSIDIA_BRANCHABLE_ATLAS_FULL_V0_5_DEEP_FINAL_AUDIT/docs/world_protocol_atlas/protocols/recits_conflits_internes.md atlas/world_protocol_atlas/ recits_conflits_internes.md md P3_ATLAS_CONTENT F06 0 0 0 0 ","INTEGRATE_TO_ATLAS_READONLY_SCENARIO_SPEC_CANDIDATE","ATLAS_READONLY_ADVISORY_ONLY","false","false","false","false","false","F06 audit/spec only; Atlas scenario/context candidate; never runtime reality claim"
"BRANCHABLE_ATLAS","atlas/world_protocol_atlas/","F06_ATLAS","FILE_PLAN_ALL 2329 BRANCHABLE_ATLAS OBSIDIA_BRANCHABLE_ATLAS_FULL_V0_5_DEEP_FINAL_AUDIT/docs/world_protocol_atlas/protocols/regeneration_locale.json atlas/world_protocol_atlas/ regeneration_locale.json json P3_ATLAS_CONTENT F06 0 0 0 0 1  N","INTEGRATE_TO_ATLAS_READONLY_SCENARIO_SPEC_CANDIDATE","ATLAS_READONLY_ADVISORY_ONLY","false","false","false","false","false","F06 audit/spec only; Atlas scenario/context candidate; never runtime reality claim"
"BRANCHABLE_ATLAS","atlas/world_protocol_atlas/","F06_ATLAS","FILE_PLAN_ALL 2330 BRANCHABLE_ATLAS OBSIDIA_BRANCHABLE_ATLAS_FULL_V0_5_DEEP_FINAL_AUDIT/docs/world_protocol_atlas/protocols/regeneration_locale.md atlas/world_protocol_atlas/ regeneration_locale.md md P3_ATLAS_CONTENT F06 0 0 0 0 1  NOT_FOU","INTEGRATE_TO_ATLAS_READONLY_SCENARIO_SPEC_CANDIDATE","ATLAS_READONLY_ADVISORY_ONLY","false","false","false","false","false","F06 audit/spec only; Atlas scenario/context candidate; never runtime reality claim"
"BRANCHABLE_ATLAS","atlas/world_protocol_atlas/","F06_ATLAS","FILE_PLAN_ALL 2331 BRANCHABLE_ATLAS OBSIDIA_BRANCHABLE_ATLAS_FULL_V0_5_DEEP_FINAL_AUDIT/docs/world_protocol_atlas/protocols/reglementarium.json atlas/world_protocol_atlas/ reglementarium.json json P3_ATLAS_CONTENT F06 0 0 0 0 1  NOT_FOUND_L","INTEGRATE_TO_ATLAS_READONLY_SCENARIO_SPEC_CANDIDATE","ATLAS_READONLY_ADVISORY_ONLY","false","false","false","false","false","F06 audit/spec only; Atlas scenario/context candidate; never runtime reality claim"
"BRANCHABLE_ATLAS","atlas/world_protocol_atlas/","F06_ATLAS","FILE_PLAN_ALL 2332 BRANCHABLE_ATLAS OBSIDIA_BRANCHABLE_ATLAS_FULL_V0_5_DEEP_FINAL_AUDIT/docs/world_protocol_atlas/protocols/reglementarium.md atlas/world_protocol_atlas/ reglementarium.md md P3_ATLAS_CONTENT F06 0 0 0 0 1  NOT_FOUND_LOCAL D","INTEGRATE_TO_ATLAS_READONLY_SCENARIO_SPEC_CANDIDATE","ATLAS_READONLY_ADVISORY_ONLY","false","false","false","false","false","F06 audit/spec only; Atlas scenario/context candidate; never runtime reality claim"
"BRANCHABLE_ATLAS","atlas/world_protocol_atlas/","F06_ATLAS","FILE_PLAN_ALL 2333 BRANCHABLE_ATLAS OBSIDIA_BRANCHABLE_ATLAS_FULL_V0_5_DEEP_FINAL_AUDIT/docs/world_protocol_atlas/protocols/reka_ai_compatibility_bridge.json atlas/world_protocol_atlas/ reka_ai_compatibility_bridge.json json P3_ATLAS_CONTEN","INTEGRATE_TO_ATLAS_READONLY_SCENARIO_SPEC_CANDIDATE","ATLAS_READONLY_ADVISORY_ONLY","false","false","false","false","false","F06 audit/spec only; Atlas scenario/context candidate; never runtime reality claim"
"BRANCHABLE_ATLAS","atlas/world_protocol_atlas/","F06_ATLAS","FILE_PLAN_ALL 2334 BRANCHABLE_ATLAS OBSIDIA_BRANCHABLE_ATLAS_FULL_V0_5_DEEP_FINAL_AUDIT/docs/world_protocol_atlas/protocols/reka_ai_compatibility_bridge.md atlas/world_protocol_atlas/ reka_ai_compatibility_bridge.md md P3_ATLAS_CONTENT F06 ","INTEGRATE_TO_ATLAS_READONLY_SCENARIO_SPEC_CANDIDATE","ATLAS_READONLY_ADVISORY_ONLY","false","false","false","false","false","F06 audit/spec only; Atlas scenario/context candidate; never runtime reality claim"
"BRANCHABLE_ATLAS","atlas/world_protocol_atlas/","F06_ATLAS","FILE_PLAN_ALL 2335 BRANCHABLE_ATLAS OBSIDIA_BRANCHABLE_ATLAS_FULL_V0_5_DEEP_FINAL_AUDIT/docs/world_protocol_atlas/protocols/reseau_mycelien_cognitif.json atlas/world_protocol_atlas/ reseau_mycelien_cognitif.json json P3_ATLAS_CONTENT F06 0 ","INTEGRATE_TO_ATLAS_READONLY_SCENARIO_SPEC_CANDIDATE","ATLAS_READONLY_ADVISORY_ONLY","false","false","false","false","false","F06 audit/spec only; Atlas scenario/context candidate; never runtime reality claim"
"BRANCHABLE_ATLAS","atlas/world_protocol_atlas/","F06_ATLAS","FILE_PLAN_ALL 2336 BRANCHABLE_ATLAS OBSIDIA_BRANCHABLE_ATLAS_FULL_V0_5_DEEP_FINAL_AUDIT/docs/world_protocol_atlas/protocols/reseau_mycelien_cognitif.md atlas/world_protocol_atlas/ reseau_mycelien_cognitif.md md P3_ATLAS_CONTENT F06 0 0 0 0 ","INTEGRATE_TO_ATLAS_READONLY_SCENARIO_SPEC_CANDIDATE","ATLAS_READONLY_ADVISORY_ONLY","false","false","false","false","false","F06 audit/spec only; Atlas scenario/context candidate; never runtime reality claim"
"BRANCHABLE_ATLAS","atlas/world_protocol_atlas/","F06_ATLAS","FILE_PLAN_ALL 2337 BRANCHABLE_ATLAS OBSIDIA_BRANCHABLE_ATLAS_FULL_V0_5_DEEP_FINAL_AUDIT/docs/world_protocol_atlas/protocols/resolution_distribuee_facon_essaim.json atlas/world_protocol_atlas/ resolution_distribuee_facon_essaim.json json P3_","INTEGRATE_TO_ATLAS_READONLY_SCENARIO_SPEC_CANDIDATE","ATLAS_READONLY_ADVISORY_ONLY","false","false","false","false","false","F06 audit/spec only; Atlas scenario/context candidate; never runtime reality claim"
"BRANCHABLE_ATLAS","atlas/world_protocol_atlas/","F06_ATLAS","FILE_PLAN_ALL 2338 BRANCHABLE_ATLAS OBSIDIA_BRANCHABLE_ATLAS_FULL_V0_5_DEEP_FINAL_AUDIT/docs/world_protocol_atlas/protocols/resolution_distribuee_facon_essaim.md atlas/world_protocol_atlas/ resolution_distribuee_facon_essaim.md md P3_ATLAS_","INTEGRATE_TO_ATLAS_READONLY_SCENARIO_SPEC_CANDIDATE","ATLAS_READONLY_ADVISORY_ONLY","false","false","false","false","false","F06 audit/spec only; Atlas scenario/context candidate; never runtime reality claim"
"BRANCHABLE_ATLAS","atlas/world_protocol_atlas/","F06_ATLAS","FILE_PLAN_ALL 2339 BRANCHABLE_ATLAS OBSIDIA_BRANCHABLE_ATLAS_FULL_V0_5_DEEP_FINAL_AUDIT/docs/world_protocol_atlas/protocols/returnmap.json atlas/world_protocol_atlas/ returnmap.json json P3_ATLAS_CONTENT F06 0 0 0 0 1  NOT_FOUND_LOCAL DUPLI","INTEGRATE_TO_ATLAS_READONLY_SCENARIO_SPEC_CANDIDATE","ATLAS_READONLY_ADVISORY_ONLY","false","false","false","false","false","F06 audit/spec only; Atlas scenario/context candidate; never runtime reality claim"
"BRANCHABLE_ATLAS","atlas/world_protocol_atlas/","F06_ATLAS","FILE_PLAN_ALL 2340 BRANCHABLE_ATLAS OBSIDIA_BRANCHABLE_ATLAS_FULL_V0_5_DEEP_FINAL_AUDIT/docs/world_protocol_atlas/protocols/returnmap.md atlas/world_protocol_atlas/ returnmap.md md P3_ATLAS_CONTENT F06 0 0 0 0 1  NOT_FOUND_LOCAL DUPLICATE_S","INTEGRATE_TO_ATLAS_READONLY_SCENARIO_SPEC_CANDIDATE","ATLAS_READONLY_ADVISORY_ONLY","false","false","false","false","false","F06 audit/spec only; Atlas scenario/context candidate; never runtime reality claim"
"BRANCHABLE_ATLAS","atlas/world_protocol_atlas/","F06_ATLAS","FILE_PLAN_ALL 2341 BRANCHABLE_ATLAS OBSIDIA_BRANCHABLE_ATLAS_FULL_V0_5_DEEP_FINAL_AUDIT/docs/world_protocol_atlas/protocols/ritualcontext.json atlas/world_protocol_atlas/ ritualcontext.json json P3_ATLAS_CONTENT F06 0 0 0 0 1  NOT_FOUND_LOC","INTEGRATE_TO_ATLAS_READONLY_SCENARIO_SPEC_CANDIDATE","ATLAS_READONLY_ADVISORY_ONLY","false","false","false","false","false","F06 audit/spec only; Atlas scenario/context candidate; never runtime reality claim"
"BRANCHABLE_ATLAS","atlas/world_protocol_atlas/","F06_ATLAS","FILE_PLAN_ALL 2342 BRANCHABLE_ATLAS OBSIDIA_BRANCHABLE_ATLAS_FULL_V0_5_DEEP_FINAL_AUDIT/docs/world_protocol_atlas/protocols/ritualcontext.md atlas/world_protocol_atlas/ ritualcontext.md md P3_ATLAS_CONTENT F06 0 0 0 0 1  NOT_FOUND_LOCAL DUP","INTEGRATE_TO_ATLAS_READONLY_SCENARIO_SPEC_CANDIDATE","ATLAS_READONLY_ADVISORY_ONLY","false","false","false","false","false","F06 audit/spec only; Atlas scenario/context candidate; never runtime reality claim"
"BRANCHABLE_ATLAS","atlas/world_protocol_atlas/","F06_ATLAS","FILE_PLAN_ALL 2343 BRANCHABLE_ATLAS OBSIDIA_BRANCHABLE_ATLAS_FULL_V0_5_DEEP_FINAL_AUDIT/docs/world_protocol_atlas/protocols/rituel_ia_memoire_ethique_narration.json atlas/world_protocol_atlas/ rituel_ia_memoire_ethique_narration.json json P","INTEGRATE_TO_ATLAS_READONLY_SCENARIO_SPEC_CANDIDATE","ATLAS_READONLY_ADVISORY_ONLY","false","false","false","false","false","F06 audit/spec only; Atlas scenario/context candidate; never runtime reality claim"
"BRANCHABLE_ATLAS","atlas/world_protocol_atlas/","F06_ATLAS","FILE_PLAN_ALL 2344 BRANCHABLE_ATLAS OBSIDIA_BRANCHABLE_ATLAS_FULL_V0_5_DEEP_FINAL_AUDIT/docs/world_protocol_atlas/protocols/rituel_ia_memoire_ethique_narration.md atlas/world_protocol_atlas/ rituel_ia_memoire_ethique_narration.md md P3_ATLA","INTEGRATE_TO_ATLAS_READONLY_SCENARIO_SPEC_CANDIDATE","ATLAS_READONLY_ADVISORY_ONLY","false","false","false","false","false","F06 audit/spec only; Atlas scenario/context candidate; never runtime reality claim"
"BRANCHABLE_ATLAS","atlas/world_protocol_atlas/","F06_ATLAS","FILE_PLAN_ALL 2345 BRANCHABLE_ATLAS OBSIDIA_BRANCHABLE_ATLAS_FULL_V0_5_DEEP_FINAL_AUDIT/docs/world_protocol_atlas/protocols/runway_ml_compatibility_bridge.json atlas/world_protocol_atlas/ runway_ml_compatibility_bridge.json json P3_ATLAS_CO","INTEGRATE_TO_ATLAS_READONLY_SCENARIO_SPEC_CANDIDATE","ATLAS_READONLY_ADVISORY_ONLY","false","false","false","false","false","F06 audit/spec only; Atlas scenario/context candidate; never runtime reality claim"
"BRANCHABLE_ATLAS","atlas/world_protocol_atlas/","F06_ATLAS","FILE_PLAN_ALL 2346 BRANCHABLE_ATLAS OBSIDIA_BRANCHABLE_ATLAS_FULL_V0_5_DEEP_FINAL_AUDIT/docs/world_protocol_atlas/protocols/runway_ml_compatibility_bridge.md atlas/world_protocol_atlas/ runway_ml_compatibility_bridge.md md P3_ATLAS_CONTENT ","INTEGRATE_TO_ATLAS_READONLY_SCENARIO_SPEC_CANDIDATE","ATLAS_READONLY_ADVISORY_ONLY","false","false","false","false","false","F06 audit/spec only; Atlas scenario/context candidate; never runtime reality claim"
"BRANCHABLE_ATLAS","atlas/world_protocol_atlas/","F06_ATLAS","FILE_PLAN_ALL 2347 BRANCHABLE_ATLAS OBSIDIA_BRANCHABLE_ATLAS_FULL_V0_5_DEEP_FINAL_AUDIT/docs/world_protocol_atlas/protocols/sarvam_ai_compatibility_bridge.json atlas/world_protocol_atlas/ sarvam_ai_compatibility_bridge.json json P3_ATLAS_CO","INTEGRATE_TO_ATLAS_READONLY_SCENARIO_SPEC_CANDIDATE","ATLAS_READONLY_ADVISORY_ONLY","false","false","false","false","false","F06 audit/spec only; Atlas scenario/context candidate; never runtime reality claim"
"BRANCHABLE_ATLAS","atlas/world_protocol_atlas/","F06_ATLAS","FILE_PLAN_ALL 2348 BRANCHABLE_ATLAS OBSIDIA_BRANCHABLE_ATLAS_FULL_V0_5_DEEP_FINAL_AUDIT/docs/world_protocol_atlas/protocols/sarvam_ai_compatibility_bridge.md atlas/world_protocol_atlas/ sarvam_ai_compatibility_bridge.md md P3_ATLAS_CONTENT ","INTEGRATE_TO_ATLAS_READONLY_SCENARIO_SPEC_CANDIDATE","ATLAS_READONLY_ADVISORY_ONLY","false","false","false","false","false","F06 audit/spec only; Atlas scenario/context candidate; never runtime reality claim"
"BRANCHABLE_ATLAS","atlas/world_protocol_atlas/","F06_ATLAS","FILE_PLAN_ALL 2349 BRANCHABLE_ATLAS OBSIDIA_BRANCHABLE_ATLAS_FULL_V0_5_DEEP_FINAL_AUDIT/docs/world_protocol_atlas/protocols/scenarios_semi_diriges.json atlas/world_protocol_atlas/ scenarios_semi_diriges.json json P3_ATLAS_CONTENT F06 0 0 0 ","INTEGRATE_TO_ATLAS_READONLY_SCENARIO_SPEC_CANDIDATE","ATLAS_READONLY_ADVISORY_ONLY","false","false","false","false","false","F06 audit/spec only; Atlas scenario/context candidate; never runtime reality claim"
"BRANCHABLE_ATLAS","atlas/world_protocol_atlas/","F06_ATLAS","FILE_PLAN_ALL 2350 BRANCHABLE_ATLAS OBSIDIA_BRANCHABLE_ATLAS_FULL_V0_5_DEEP_FINAL_AUDIT/docs/world_protocol_atlas/protocols/scenarios_semi_diriges.md atlas/world_protocol_atlas/ scenarios_semi_diriges.md md P3_ATLAS_CONTENT F06 0 0 0 0 1  N","INTEGRATE_TO_ATLAS_READONLY_SCENARIO_SPEC_CANDIDATE","ATLAS_READONLY_ADVISORY_ONLY","false","false","false","false","false","F06 audit/spec only; Atlas scenario/context candidate; never runtime reality claim"
"BRANCHABLE_ATLAS","atlas/world_protocol_atlas/","F06_ATLAS","FILE_PLAN_ALL 2351 BRANCHABLE_ATLAS OBSIDIA_BRANCHABLE_ATLAS_FULL_V0_5_DEEP_FINAL_AUDIT/docs/world_protocol_atlas/protocols/scenographe_ia.json atlas/world_protocol_atlas/ scenographe_ia.json json P3_ATLAS_CONTENT F06 0 0 0 0 1  NOT_FOUND_L","INTEGRATE_TO_ATLAS_READONLY_SCENARIO_SPEC_CANDIDATE","ATLAS_READONLY_ADVISORY_ONLY","false","false","false","false","false","F06 audit/spec only; Atlas scenario/context candidate; never runtime reality claim"
"BRANCHABLE_ATLAS","atlas/world_protocol_atlas/","F06_ATLAS","FILE_PLAN_ALL 2352 BRANCHABLE_ATLAS OBSIDIA_BRANCHABLE_ATLAS_FULL_V0_5_DEEP_FINAL_AUDIT/docs/world_protocol_atlas/protocols/scenographe_ia.md atlas/world_protocol_atlas/ scenographe_ia.md md P3_ATLAS_CONTENT F06 0 0 0 0 1  NOT_FOUND_LOCAL D","INTEGRATE_TO_ATLAS_READONLY_SCENARIO_SPEC_CANDIDATE","ATLAS_READONLY_ADVISORY_ONLY","false","false","false","false","false","F06 audit/spec only; Atlas scenario/context candidate; never runtime reality claim"
"BRANCHABLE_ATLAS","atlas/world_protocol_atlas/","F06_ATLAS","FILE_PLAN_ALL 2353 BRANCHABLE_ATLAS OBSIDIA_BRANCHABLE_ATLAS_FULL_V0_5_DEEP_FINAL_AUDIT/docs/world_protocol_atlas/protocols/simulation_multi_agents_par_tensions.json atlas/world_protocol_atlas/ simulation_multi_agents_par_tensions.json json","INTEGRATE_TO_ATLAS_READONLY_SCENARIO_SPEC_CANDIDATE","ATLAS_READONLY_ADVISORY_ONLY","false","false","false","false","false","F06 audit/spec only; Atlas scenario/context candidate; never runtime reality claim"
"BRANCHABLE_ATLAS","atlas/world_protocol_atlas/","F06_ATLAS","FILE_PLAN_ALL 2354 BRANCHABLE_ATLAS OBSIDIA_BRANCHABLE_ATLAS_FULL_V0_5_DEEP_FINAL_AUDIT/docs/world_protocol_atlas/protocols/simulation_multi_agents_par_tensions.md atlas/world_protocol_atlas/ simulation_multi_agents_par_tensions.md md P3_AT","INTEGRATE_TO_ATLAS_READONLY_SCENARIO_SPEC_CANDIDATE","ATLAS_READONLY_ADVISORY_ONLY","false","false","false","false","false","F06 audit/spec only; Atlas scenario/context candidate; never runtime reality claim"
"BRANCHABLE_ATLAS","atlas/world_protocol_atlas/","F06_ATLAS","FILE_PLAN_ALL 2355 BRANCHABLE_ATLAS OBSIDIA_BRANCHABLE_ATLAS_FULL_V0_5_DEEP_FINAL_AUDIT/docs/world_protocol_atlas/protocols/solarsignaladapter.json atlas/world_protocol_atlas/ solarsignaladapter.json json P3_ATLAS_CONTENT F06 0 0 0 0 1  NOT","INTEGRATE_TO_ATLAS_READONLY_SCENARIO_SPEC_CANDIDATE","ATLAS_READONLY_ADVISORY_ONLY","false","false","false","false","false","F06 audit/spec only; Atlas scenario/context candidate; never runtime reality claim"
"BRANCHABLE_ATLAS","atlas/world_protocol_atlas/","F06_ATLAS","FILE_PLAN_ALL 2356 BRANCHABLE_ATLAS OBSIDIA_BRANCHABLE_ATLAS_FULL_V0_5_DEEP_FINAL_AUDIT/docs/world_protocol_atlas/protocols/solarsignaladapter.md atlas/world_protocol_atlas/ solarsignaladapter.md md P3_ATLAS_CONTENT F06 0 0 0 0 1  NOT_FOUND","INTEGRATE_TO_ATLAS_READONLY_SCENARIO_SPEC_CANDIDATE","ATLAS_READONLY_ADVISORY_ONLY","false","false","false","false","false","F06 audit/spec only; Atlas scenario/context candidate; never runtime reality claim"
"BRANCHABLE_ATLAS","atlas/world_protocol_atlas/","F06_ATLAS","FILE_PLAN_ALL 2357 BRANCHABLE_ATLAS OBSIDIA_BRANCHABLE_ATLAS_FULL_V0_5_DEEP_FINAL_AUDIT/docs/world_protocol_atlas/protocols/solinftec_compatibility_bridge.json atlas/world_protocol_atlas/ solinftec_compatibility_bridge.json json P3_ATLAS_CO","INTEGRATE_TO_ATLAS_READONLY_SCENARIO_SPEC_CANDIDATE","ATLAS_READONLY_ADVISORY_ONLY","false","false","false","false","false","F06 audit/spec only; Atlas scenario/context candidate; never runtime reality claim"
"BRANCHABLE_ATLAS","atlas/world_protocol_atlas/","F06_ATLAS","FILE_PLAN_ALL 2358 BRANCHABLE_ATLAS OBSIDIA_BRANCHABLE_ATLAS_FULL_V0_5_DEEP_FINAL_AUDIT/docs/world_protocol_atlas/protocols/solinftec_compatibility_bridge.md atlas/world_protocol_atlas/ solinftec_compatibility_bridge.md md P3_ATLAS_CONTENT ","INTEGRATE_TO_ATLAS_READONLY_SCENARIO_SPEC_CANDIDATE","ATLAS_READONLY_ADVISORY_ONLY","false","false","false","false","false","F06 audit/spec only; Atlas scenario/context candidate; never runtime reality claim"
"BRANCHABLE_ATLAS","atlas/world_protocol_atlas/","F06_ATLAS","FILE_PLAN_ALL 2359 BRANCHABLE_ATLAS OBSIDIA_BRANCHABLE_ATLAS_FULL_V0_5_DEEP_FINAL_AUDIT/docs/world_protocol_atlas/protocols/soulcareprotocol.json atlas/world_protocol_atlas/ soulcareprotocol.json json P3_ATLAS_CONTENT F06 0 0 0 0 1  NOT_FOU","INTEGRATE_TO_ATLAS_READONLY_SCENARIO_SPEC_CANDIDATE","ATLAS_READONLY_ADVISORY_ONLY","false","false","false","false","false","F06 audit/spec only; Atlas scenario/context candidate; never runtime reality claim"
"BRANCHABLE_ATLAS","atlas/world_protocol_atlas/","F06_ATLAS","FILE_PLAN_ALL 2360 BRANCHABLE_ATLAS OBSIDIA_BRANCHABLE_ATLAS_FULL_V0_5_DEEP_FINAL_AUDIT/docs/world_protocol_atlas/protocols/soulcareprotocol.md atlas/world_protocol_atlas/ soulcareprotocol.md md P3_ATLAS_CONTENT F06 0 0 0 0 1  NOT_FOUND_LOC","INTEGRATE_TO_ATLAS_READONLY_SCENARIO_SPEC_CANDIDATE","ATLAS_READONLY_ADVISORY_ONLY","false","false","false","false","false","F06 audit/spec only; Atlas scenario/context candidate; never runtime reality claim"
"BRANCHABLE_ATLAS","atlas/world_protocol_atlas/","F06_ATLAS","FILE_PLAN_ALL 2361 BRANCHABLE_ATLAS OBSIDIA_BRANCHABLE_ATLAS_FULL_V0_5_DEEP_FINAL_AUDIT/docs/world_protocol_atlas/protocols/soundsymbolgenerator.json atlas/world_protocol_atlas/ soundsymbolgenerator.json json P3_ATLAS_CONTENT F06 0 0 0 0 1 ","INTEGRATE_TO_ATLAS_READONLY_SCENARIO_SPEC_CANDIDATE","ATLAS_READONLY_ADVISORY_ONLY","false","false","false","false","false","F06 audit/spec only; Atlas scenario/context candidate; never runtime reality claim"
"BRANCHABLE_ATLAS","atlas/world_protocol_atlas/","F06_ATLAS","FILE_PLAN_ALL 2362 BRANCHABLE_ATLAS OBSIDIA_BRANCHABLE_ATLAS_FULL_V0_5_DEEP_FINAL_AUDIT/docs/world_protocol_atlas/protocols/soundsymbolgenerator.md atlas/world_protocol_atlas/ soundsymbolgenerator.md md P3_ATLAS_CONTENT F06 0 0 0 0 1  NOT_F","INTEGRATE_TO_ATLAS_READONLY_SCENARIO_SPEC_CANDIDATE","ATLAS_READONLY_ADVISORY_ONLY","false","false","false","false","false","F06 audit/spec only; Atlas scenario/context candidate; never runtime reality claim"
"BRANCHABLE_ATLAS","atlas/world_protocol_atlas/","F06_ATLAS","FILE_PLAN_ALL 2363 BRANCHABLE_ATLAS OBSIDIA_BRANCHABLE_ATLAS_FULL_V0_5_DEEP_FINAL_AUDIT/docs/world_protocol_atlas/protocols/spikecortexsandbox.json atlas/world_protocol_atlas/ spikecortexsandbox.json json P3_ATLAS_CONTENT F06 0 0 0 0 1  NOT","INTEGRATE_TO_ATLAS_READONLY_SCENARIO_SPEC_CANDIDATE","ATLAS_READONLY_ADVISORY_ONLY","false","false","false","false","false","F06 audit/spec only; Atlas scenario/context candidate; never runtime reality claim"
"BRANCHABLE_ATLAS","atlas/world_protocol_atlas/","F06_ATLAS","FILE_PLAN_ALL 2364 BRANCHABLE_ATLAS OBSIDIA_BRANCHABLE_ATLAS_FULL_V0_5_DEEP_FINAL_AUDIT/docs/world_protocol_atlas/protocols/spikecortexsandbox.md atlas/world_protocol_atlas/ spikecortexsandbox.md md P3_ATLAS_CONTENT F06 0 0 0 0 1  NOT_FOUND","INTEGRATE_TO_ATLAS_READONLY_SCENARIO_SPEC_CANDIDATE","ATLAS_READONLY_ADVISORY_ONLY","false","false","false","false","false","F06 audit/spec only; Atlas scenario/context candidate; never runtime reality claim"
"BRANCHABLE_ATLAS","atlas/world_protocol_atlas/","F06_ATLAS","FILE_PLAN_ALL 2365 BRANCHABLE_ATLAS OBSIDIA_BRANCHABLE_ATLAS_FULL_V0_5_DEEP_FINAL_AUDIT/docs/world_protocol_atlas/protocols/spiritbridge.json atlas/world_protocol_atlas/ spiritbridge.json json P3_ATLAS_CONTENT F06 0 0 0 0 1  NOT_FOUND_LOCAL","INTEGRATE_TO_ATLAS_READONLY_SCENARIO_SPEC_CANDIDATE","ATLAS_READONLY_ADVISORY_ONLY","false","false","false","false","false","F06 audit/spec only; Atlas scenario/context candidate; never runtime reality claim"
"BRANCHABLE_ATLAS","atlas/world_protocol_atlas/","F06_ATLAS","FILE_PLAN_ALL 2366 BRANCHABLE_ATLAS OBSIDIA_BRANCHABLE_ATLAS_FULL_V0_5_DEEP_FINAL_AUDIT/docs/world_protocol_atlas/protocols/spiritbridge.md atlas/world_protocol_atlas/ spiritbridge.md md P3_ATLAS_CONTENT F06 0 0 0 0 1  NOT_FOUND_LOCAL DUPLI","INTEGRATE_TO_ATLAS_READONLY_SCENARIO_SPEC_CANDIDATE","ATLAS_READONLY_ADVISORY_ONLY","false","false","false","false","false","F06 audit/spec only; Atlas scenario/context candidate; never runtime reality claim"
"BRANCHABLE_ATLAS","atlas/world_protocol_atlas/","F06_ATLAS","FILE_PLAN_ALL 2367 BRANCHABLE_ATLAS OBSIDIA_BRANCHABLE_ATLAS_FULL_V0_5_DEEP_FINAL_AUDIT/docs/world_protocol_atlas/protocols/stability_ai_compatibility_bridge.json atlas/world_protocol_atlas/ stability_ai_compatibility_bridge.json json P3_AT","INTEGRATE_TO_ATLAS_READONLY_SCENARIO_SPEC_CANDIDATE","ATLAS_READONLY_ADVISORY_ONLY","false","false","false","false","false","F06 audit/spec only; Atlas scenario/context candidate; never runtime reality claim"
"BRANCHABLE_ATLAS","atlas/world_protocol_atlas/","F06_ATLAS","FILE_PLAN_ALL 2368 BRANCHABLE_ATLAS OBSIDIA_BRANCHABLE_ATLAS_FULL_V0_5_DEEP_FINAL_AUDIT/docs/world_protocol_atlas/protocols/stability_ai_compatibility_bridge.md atlas/world_protocol_atlas/ stability_ai_compatibility_bridge.md md P3_ATLAS_CO","INTEGRATE_TO_ATLAS_READONLY_SCENARIO_SPEC_CANDIDATE","ATLAS_READONLY_ADVISORY_ONLY","false","false","false","false","false","F06 audit/spec only; Atlas scenario/context candidate; never runtime reality claim"
"BRANCHABLE_ATLAS","atlas/world_protocol_atlas/","F06_ATLAS","FILE_PLAN_ALL 2369 BRANCHABLE_ATLAS OBSIDIA_BRANCHABLE_ATLAS_FULL_V0_5_DEEP_FINAL_AUDIT/docs/world_protocol_atlas/protocols/strategiccrisissimulation.json atlas/world_protocol_atlas/ strategiccrisissimulation.json json P3_ATLAS_CONTENT F06 ","INTEGRATE_TO_ATLAS_READONLY_SCENARIO_SPEC_CANDIDATE","ATLAS_READONLY_ADVISORY_ONLY","false","false","false","false","false","F06 audit/spec only; Atlas scenario/context candidate; never runtime reality claim"
"BRANCHABLE_ATLAS","atlas/world_protocol_atlas/","F06_ATLAS","FILE_PLAN_ALL 2370 BRANCHABLE_ATLAS OBSIDIA_BRANCHABLE_ATLAS_FULL_V0_5_DEEP_FINAL_AUDIT/docs/world_protocol_atlas/protocols/strategiccrisissimulation.md atlas/world_protocol_atlas/ strategiccrisissimulation.md md P3_ATLAS_CONTENT F06 0 0 0 ","INTEGRATE_TO_ATLAS_READONLY_SCENARIO_SPEC_CANDIDATE","ATLAS_READONLY_ADVISORY_ONLY","false","false","false","false","false","F06 audit/spec only; Atlas scenario/context candidate; never runtime reality claim"
"BRANCHABLE_ATLAS","atlas/world_protocol_atlas/","F06_ATLAS","FILE_PLAN_ALL 2371 BRANCHABLE_ATLAS OBSIDIA_BRANCHABLE_ATLAS_FULL_V0_5_DEEP_FINAL_AUDIT/docs/world_protocol_atlas/protocols/structureddialogflow.json atlas/world_protocol_atlas/ structureddialogflow.json json P3_ATLAS_CONTENT F06 0 0 0 0 1 ","INTEGRATE_TO_ATLAS_READONLY_SCENARIO_SPEC_CANDIDATE","ATLAS_READONLY_ADVISORY_ONLY","false","false","false","false","false","F06 audit/spec only; Atlas scenario/context candidate; never runtime reality claim"
"BRANCHABLE_ATLAS","atlas/world_protocol_atlas/","F06_ATLAS","FILE_PLAN_ALL 2372 BRANCHABLE_ATLAS OBSIDIA_BRANCHABLE_ATLAS_FULL_V0_5_DEEP_FINAL_AUDIT/docs/world_protocol_atlas/protocols/structureddialogflow.md atlas/world_protocol_atlas/ structureddialogflow.md md P3_ATLAS_CONTENT F06 0 0 0 0 1  NOT_F","INTEGRATE_TO_ATLAS_READONLY_SCENARIO_SPEC_CANDIDATE","ATLAS_READONLY_ADVISORY_ONLY","false","false","false","false","false","F06 audit/spec only; Atlas scenario/context candidate; never runtime reality claim"
"BRANCHABLE_ATLAS","atlas/world_protocol_atlas/","F06_ATLAS","FILE_PLAN_ALL 2373 BRANCHABLE_ATLAS OBSIDIA_BRANCHABLE_ATLAS_FULL_V0_5_DEEP_FINAL_AUDIT/docs/world_protocol_atlas/protocols/submarinesitegraph.json atlas/world_protocol_atlas/ submarinesitegraph.json json P3_ATLAS_CONTENT F06 0 0 0 0 1  NOT","INTEGRATE_TO_ATLAS_READONLY_SCENARIO_SPEC_CANDIDATE","ATLAS_READONLY_ADVISORY_ONLY","false","false","false","false","false","F06 audit/spec only; Atlas scenario/context candidate; never runtime reality claim"
"BRANCHABLE_ATLAS","atlas/world_protocol_atlas/","F06_ATLAS","FILE_PLAN_ALL 2374 BRANCHABLE_ATLAS OBSIDIA_BRANCHABLE_ATLAS_FULL_V0_5_DEEP_FINAL_AUDIT/docs/world_protocol_atlas/protocols/submarinesitegraph.md atlas/world_protocol_atlas/ submarinesitegraph.md md P3_ATLAS_CONTENT F06 0 0 0 0 1  NOT_FOUND","INTEGRATE_TO_ATLAS_READONLY_SCENARIO_SPEC_CANDIDATE","ATLAS_READONLY_ADVISORY_ONLY","false","false","false","false","false","F06 audit/spec only; Atlas scenario/context candidate; never runtime reality claim"
"BRANCHABLE_ATLAS","atlas/world_protocol_atlas/","F06_ATLAS","FILE_PLAN_ALL 2375 BRANCHABLE_ATLAS OBSIDIA_BRANCHABLE_ATLAS_FULL_V0_5_DEEP_FINAL_AUDIT/docs/world_protocol_atlas/protocols/symbio.json atlas/world_protocol_atlas/ symbio.json json P3_ATLAS_CONTENT F06 0 0 0 0 1  NOT_FOUND_LOCAL DUPLICATE_S","INTEGRATE_TO_ATLAS_READONLY_SCENARIO_SPEC_CANDIDATE","ATLAS_READONLY_ADVISORY_ONLY","false","false","false","false","false","F06 audit/spec only; Atlas scenario/context candidate; never runtime reality claim"
"BRANCHABLE_ATLAS","atlas/world_protocol_atlas/","F06_ATLAS","FILE_PLAN_ALL 2376 BRANCHABLE_ATLAS OBSIDIA_BRANCHABLE_ATLAS_FULL_V0_5_DEEP_FINAL_AUDIT/docs/world_protocol_atlas/protocols/symbio.md atlas/world_protocol_atlas/ symbio.md md P3_ATLAS_CONTENT F06 0 0 0 0 1  NOT_FOUND_LOCAL DUPLICATE_SAFE CL","INTEGRATE_TO_ATLAS_READONLY_SCENARIO_SPEC_CANDIDATE","ATLAS_READONLY_ADVISORY_ONLY","false","false","false","false","false","F06 audit/spec only; Atlas scenario/context candidate; never runtime reality claim"
"BRANCHABLE_ATLAS","atlas/world_protocol_atlas/","F06_ATLAS","FILE_PLAN_ALL 2377 BRANCHABLE_ATLAS OBSIDIA_BRANCHABLE_ATLAS_FULL_V0_5_DEEP_FINAL_AUDIT/docs/world_protocol_atlas/protocols/symbios.json atlas/world_protocol_atlas/ symbios.json json P3_ATLAS_CONTENT F06 0 0 0 0 1  NOT_FOUND_LOCAL DUPLICATE","INTEGRATE_TO_ATLAS_READONLY_SCENARIO_SPEC_CANDIDATE","ATLAS_READONLY_ADVISORY_ONLY","false","false","false","false","false","F06 audit/spec only; Atlas scenario/context candidate; never runtime reality claim"
"BRANCHABLE_ATLAS","atlas/world_protocol_atlas/","F06_ATLAS","FILE_PLAN_ALL 2378 BRANCHABLE_ATLAS OBSIDIA_BRANCHABLE_ATLAS_FULL_V0_5_DEEP_FINAL_AUDIT/docs/world_protocol_atlas/protocols/symbios.md atlas/world_protocol_atlas/ symbios.md md P3_ATLAS_CONTENT F06 0 0 0 0 1  NOT_FOUND_LOCAL DUPLICATE_SAFE ","INTEGRATE_TO_ATLAS_READONLY_SCENARIO_SPEC_CANDIDATE","ATLAS_READONLY_ADVISORY_ONLY","false","false","false","false","false","F06 audit/spec only; Atlas scenario/context candidate; never runtime reality claim"
"BRANCHABLE_ATLAS","atlas/world_protocol_atlas/","F06_ATLAS","FILE_PLAN_ALL 2379 BRANCHABLE_ATLAS OBSIDIA_BRANCHABLE_ATLAS_FULL_V0_5_DEEP_FINAL_AUDIT/docs/world_protocol_atlas/protocols/symbolicbehaviordesigner.json atlas/world_protocol_atlas/ symbolicbehaviordesigner.json json P3_ATLAS_CONTENT F06 0 ","INTEGRATE_TO_ATLAS_READONLY_SCENARIO_SPEC_CANDIDATE","ATLAS_READONLY_ADVISORY_ONLY","false","false","false","false","false","F06 audit/spec only; Atlas scenario/context candidate; never runtime reality claim"
"BRANCHABLE_ATLAS","atlas/world_protocol_atlas/","F06_ATLAS","FILE_PLAN_ALL 2380 BRANCHABLE_ATLAS OBSIDIA_BRANCHABLE_ATLAS_FULL_V0_5_DEEP_FINAL_AUDIT/docs/world_protocol_atlas/protocols/symbolicbehaviordesigner.md atlas/world_protocol_atlas/ symbolicbehaviordesigner.md md P3_ATLAS_CONTENT F06 0 0 0 0 ","INTEGRATE_TO_ATLAS_READONLY_SCENARIO_SPEC_CANDIDATE","ATLAS_READONLY_ADVISORY_ONLY","false","false","false","false","false","F06 audit/spec only; Atlas scenario/context candidate; never runtime reality claim"
"BRANCHABLE_ATLAS","atlas/world_protocol_atlas/","F06_ATLAS","FILE_PLAN_ALL 2381 BRANCHABLE_ATLAS OBSIDIA_BRANCHABLE_ATLAS_FULL_V0_5_DEEP_FINAL_AUDIT/docs/world_protocol_atlas/protocols/symboliccotraining.json atlas/world_protocol_atlas/ symboliccotraining.json json P3_ATLAS_CONTENT F06 0 0 0 0 1  NOT","INTEGRATE_TO_ATLAS_READONLY_SCENARIO_SPEC_CANDIDATE","ATLAS_READONLY_ADVISORY_ONLY","false","false","false","false","false","F06 audit/spec only; Atlas scenario/context candidate; never runtime reality claim"
"BRANCHABLE_ATLAS","atlas/world_protocol_atlas/","F06_ATLAS","FILE_PLAN_ALL 2382 BRANCHABLE_ATLAS OBSIDIA_BRANCHABLE_ATLAS_FULL_V0_5_DEEP_FINAL_AUDIT/docs/world_protocol_atlas/protocols/symboliccotraining.md atlas/world_protocol_atlas/ symboliccotraining.md md P3_ATLAS_CONTENT F06 0 0 0 0 1  NOT_FOUND","INTEGRATE_TO_ATLAS_READONLY_SCENARIO_SPEC_CANDIDATE","ATLAS_READONLY_ADVISORY_ONLY","false","false","false","false","false","F06 audit/spec only; Atlas scenario/context candidate; never runtime reality claim"
"BRANCHABLE_ATLAS","atlas/world_protocol_atlas/","F06_ATLAS","FILE_PLAN_ALL 2383 BRANCHABLE_ATLAS OBSIDIA_BRANCHABLE_ATLAS_FULL_V0_5_DEEP_FINAL_AUDIT/docs/world_protocol_atlas/protocols/symbolicdeploymentprotocol.json atlas/world_protocol_atlas/ symbolicdeploymentprotocol.json json P3_ATLAS_CONTENT F0","INTEGRATE_TO_ATLAS_READONLY_SCENARIO_SPEC_CANDIDATE","ATLAS_READONLY_ADVISORY_ONLY","false","false","false","false","false","F06 audit/spec only; Atlas scenario/context candidate; never runtime reality claim"
"BRANCHABLE_ATLAS","atlas/world_protocol_atlas/","F06_ATLAS","FILE_PLAN_ALL 2384 BRANCHABLE_ATLAS OBSIDIA_BRANCHABLE_ATLAS_FULL_V0_5_DEEP_FINAL_AUDIT/docs/world_protocol_atlas/protocols/symbolicdeploymentprotocol.md atlas/world_protocol_atlas/ symbolicdeploymentprotocol.md md P3_ATLAS_CONTENT F06 0 0 ","INTEGRATE_TO_ATLAS_READONLY_SCENARIO_SPEC_CANDIDATE","ATLAS_READONLY_ADVISORY_ONLY","false","false","false","false","false","F06 audit/spec only; Atlas scenario/context candidate; never runtime reality claim"
"BRANCHABLE_ATLAS","atlas/world_protocol_atlas/","F06_ATLAS","FILE_PLAN_ALL 2385 BRANCHABLE_ATLAS OBSIDIA_BRANCHABLE_ATLAS_FULL_V0_5_DEEP_FINAL_AUDIT/docs/world_protocol_atlas/protocols/talismanparser.json atlas/world_protocol_atlas/ talismanparser.json json P3_ATLAS_CONTENT F06 0 0 0 0 1  NOT_FOUND_L","INTEGRATE_TO_ATLAS_READONLY_SCENARIO_SPEC_CANDIDATE","ATLAS_READONLY_ADVISORY_ONLY","false","false","false","false","false","F06 audit/spec only; Atlas scenario/context candidate; never runtime reality claim"
"BRANCHABLE_ATLAS","atlas/world_protocol_atlas/","F06_ATLAS","FILE_PLAN_ALL 2386 BRANCHABLE_ATLAS OBSIDIA_BRANCHABLE_ATLAS_FULL_V0_5_DEEP_FINAL_AUDIT/docs/world_protocol_atlas/protocols/talismanparser.md atlas/world_protocol_atlas/ talismanparser.md md P3_ATLAS_CONTENT F06 0 0 0 0 1  NOT_FOUND_LOCAL D","INTEGRATE_TO_ATLAS_READONLY_SCENARIO_SPEC_CANDIDATE","ATLAS_READONLY_ADVISORY_ONLY","false","false","false","false","false","F06 audit/spec only; Atlas scenario/context candidate; never runtime reality claim"
"BRANCHABLE_ATLAS","atlas/world_protocol_atlas/","F06_ATLAS","FILE_PLAN_ALL 2387 BRANCHABLE_ATLAS OBSIDIA_BRANCHABLE_ATLAS_FULL_V0_5_DEEP_FINAL_AUDIT/docs/world_protocol_atlas/protocols/terraancestor.json atlas/world_protocol_atlas/ terraancestor.json json P3_ATLAS_CONTENT F06 0 0 0 0 1  NOT_FOUND_LOC","INTEGRATE_TO_ATLAS_READONLY_SCENARIO_SPEC_CANDIDATE","ATLAS_READONLY_ADVISORY_ONLY","false","false","false","false","false","F06 audit/spec only; Atlas scenario/context candidate; never runtime reality claim"
"BRANCHABLE_ATLAS","atlas/world_protocol_atlas/","F06_ATLAS","FILE_PLAN_ALL 2388 BRANCHABLE_ATLAS OBSIDIA_BRANCHABLE_ATLAS_FULL_V0_5_DEEP_FINAL_AUDIT/docs/world_protocol_atlas/protocols/terraancestor.md atlas/world_protocol_atlas/ terraancestor.md md P3_ATLAS_CONTENT F06 0 0 0 0 1  NOT_FOUND_LOCAL DUP","INTEGRATE_TO_ATLAS_READONLY_SCENARIO_SPEC_CANDIDATE","ATLAS_READONLY_ADVISORY_ONLY","false","false","false","false","false","F06 audit/spec only; Atlas scenario/context candidate; never runtime reality claim"
"BRANCHABLE_ATLAS","atlas/world_protocol_atlas/","F06_ATLAS","FILE_PLAN_ALL 2389 BRANCHABLE_ATLAS OBSIDIA_BRANCHABLE_ATLAS_FULL_V0_5_DEEP_FINAL_AUDIT/docs/world_protocol_atlas/protocols/thanatos.json atlas/world_protocol_atlas/ thanatos.json json P3_ATLAS_CONTENT F06 0 0 0 0 1  NOT_FOUND_LOCAL DUPLICA","INTEGRATE_TO_ATLAS_READONLY_SCENARIO_SPEC_CANDIDATE","ATLAS_READONLY_ADVISORY_ONLY","false","false","false","false","false","F06 audit/spec only; Atlas scenario/context candidate; never runtime reality claim"
"BRANCHABLE_ATLAS","atlas/world_protocol_atlas/","F06_ATLAS","FILE_PLAN_ALL 2390 BRANCHABLE_ATLAS OBSIDIA_BRANCHABLE_ATLAS_FULL_V0_5_DEEP_FINAL_AUDIT/docs/world_protocol_atlas/protocols/thanatos.md atlas/world_protocol_atlas/ thanatos.md md P3_ATLAS_CONTENT F06 0 0 0 0 1  NOT_FOUND_LOCAL DUPLICATE_SAF","INTEGRATE_TO_ATLAS_READONLY_SCENARIO_SPEC_CANDIDATE","ATLAS_READONLY_ADVISORY_ONLY","false","false","false","false","false","F06 audit/spec only; Atlas scenario/context candidate; never runtime reality claim"
"BRANCHABLE_ATLAS","atlas/world_protocol_atlas/","F06_ATLAS","FILE_PLAN_ALL 2391 BRANCHABLE_ATLAS OBSIDIA_BRANCHABLE_ATLAS_FULL_V0_5_DEEP_FINAL_AUDIT/docs/world_protocol_atlas/protocols/toolplugunplugprotocol.json atlas/world_protocol_atlas/ toolplugunplugprotocol.json json P3_ATLAS_CONTENT F06 0 0 0 ","INTEGRATE_TO_ATLAS_READONLY_SCENARIO_SPEC_CANDIDATE","ATLAS_READONLY_ADVISORY_ONLY","false","false","false","false","false","F06 audit/spec only; Atlas scenario/context candidate; never runtime reality claim"
"BRANCHABLE_ATLAS","atlas/world_protocol_atlas/","F06_ATLAS","FILE_PLAN_ALL 2392 BRANCHABLE_ATLAS OBSIDIA_BRANCHABLE_ATLAS_FULL_V0_5_DEEP_FINAL_AUDIT/docs/world_protocol_atlas/protocols/toolplugunplugprotocol.md atlas/world_protocol_atlas/ toolplugunplugprotocol.md md P3_ATLAS_CONTENT F06 0 0 0 0 1  N","INTEGRATE_TO_ATLAS_READONLY_SCENARIO_SPEC_CANDIDATE","ATLAS_READONLY_ADVISORY_ONLY","false","false","false","false","false","F06 audit/spec only; Atlas scenario/context candidate; never runtime reality claim"
"BRANCHABLE_ATLAS","atlas/world_protocol_atlas/","F06_ATLAS","FILE_PLAN_ALL 2393 BRANCHABLE_ATLAS OBSIDIA_BRANCHABLE_ATLAS_FULL_V0_5_DEEP_FINAL_AUDIT/docs/world_protocol_atlas/protocols/traduction_adaptation_contextuelle.json atlas/world_protocol_atlas/ traduction_adaptation_contextuelle.json json P3_","INTEGRATE_TO_ATLAS_READONLY_SCENARIO_SPEC_CANDIDATE","ATLAS_READONLY_ADVISORY_ONLY","false","false","false","false","false","F06 audit/spec only; Atlas scenario/context candidate; never runtime reality claim"
"BRANCHABLE_ATLAS","atlas/world_protocol_atlas/","F06_ATLAS","FILE_PLAN_ALL 2394 BRANCHABLE_ATLAS OBSIDIA_BRANCHABLE_ATLAS_FULL_V0_5_DEEP_FINAL_AUDIT/docs/world_protocol_atlas/protocols/traduction_adaptation_contextuelle.md atlas/world_protocol_atlas/ traduction_adaptation_contextuelle.md md P3_ATLAS_","INTEGRATE_TO_ATLAS_READONLY_SCENARIO_SPEC_CANDIDATE","ATLAS_READONLY_ADVISORY_ONLY","false","false","false","false","false","F06 audit/spec only; Atlas scenario/context candidate; never runtime reality claim"
"BRANCHABLE_ATLAS","atlas/world_protocol_atlas/","F06_ATLAS","FILE_PLAN_ALL 2395 BRANCHABLE_ATLAS OBSIDIA_BRANCHABLE_ATLAS_FULL_V0_5_DEEP_FINAL_AUDIT/docs/world_protocol_atlas/protocols/traduire_structures_biologiques_en_symboles_cognitifs.json atlas/world_protocol_atlas/ traduire_structures_biologiqu","INTEGRATE_TO_ATLAS_READONLY_SCENARIO_SPEC_CANDIDATE","ATLAS_READONLY_ADVISORY_ONLY","false","false","false","false","false","F06 audit/spec only; Atlas scenario/context candidate; never runtime reality claim"
"BRANCHABLE_ATLAS","atlas/world_protocol_atlas/","F06_ATLAS","FILE_PLAN_ALL 2396 BRANCHABLE_ATLAS OBSIDIA_BRANCHABLE_ATLAS_FULL_V0_5_DEEP_FINAL_AUDIT/docs/world_protocol_atlas/protocols/traduire_structures_biologiques_en_symboles_cognitifs.md atlas/world_protocol_atlas/ traduire_structures_biologiques","INTEGRATE_TO_ATLAS_READONLY_SCENARIO_SPEC_CANDIDATE","ATLAS_READONLY_ADVISORY_ONLY","false","false","false","false","false","F06 audit/spec only; Atlas scenario/context candidate; never runtime reality claim"
"BRANCHABLE_ATLAS","atlas/world_protocol_atlas/","F06_ATLAS","FILE_PLAN_ALL 2397 BRANCHABLE_ATLAS OBSIDIA_BRANCHABLE_ATLAS_FULL_V0_5_DEEP_FINAL_AUDIT/docs/world_protocol_atlas/protocols/trames_sonores_emotionnelles.json atlas/world_protocol_atlas/ trames_sonores_emotionnelles.json json P3_ATLAS_CONTEN","INTEGRATE_TO_ATLAS_READONLY_SCENARIO_SPEC_CANDIDATE","ATLAS_READONLY_ADVISORY_ONLY","false","false","false","false","false","F06 audit/spec only; Atlas scenario/context candidate; never runtime reality claim"
"BRANCHABLE_ATLAS","atlas/world_protocol_atlas/","F06_ATLAS","FILE_PLAN_ALL 2398 BRANCHABLE_ATLAS OBSIDIA_BRANCHABLE_ATLAS_FULL_V0_5_DEEP_FINAL_AUDIT/docs/world_protocol_atlas/protocols/trames_sonores_emotionnelles.md atlas/world_protocol_atlas/ trames_sonores_emotionnelles.md md P3_ATLAS_CONTENT F06 ","INTEGRATE_TO_ATLAS_READONLY_SCENARIO_SPEC_CANDIDATE","ATLAS_READONLY_ADVISORY_ONLY","false","false","false","false","false","F06 audit/spec only; Atlas scenario/context candidate; never runtime reality claim"
"BRANCHABLE_ATLAS","atlas/world_protocol_atlas/","F06_ATLAS","FILE_PLAN_ALL 2399 BRANCHABLE_ATLAS OBSIDIA_BRANCHABLE_ATLAS_FULL_V0_5_DEEP_FINAL_AUDIT/docs/world_protocol_atlas/protocols/transformation_vocale_role_intention.json atlas/world_protocol_atlas/ transformation_vocale_role_intention.json json","INTEGRATE_TO_ATLAS_READONLY_SCENARIO_SPEC_CANDIDATE","ATLAS_READONLY_ADVISORY_ONLY","false","false","false","false","false","F06 audit/spec only; Atlas scenario/context candidate; never runtime reality claim"
"BRANCHABLE_ATLAS","atlas/world_protocol_atlas/","F06_ATLAS","FILE_PLAN_ALL 2400 BRANCHABLE_ATLAS OBSIDIA_BRANCHABLE_ATLAS_FULL_V0_5_DEEP_FINAL_AUDIT/docs/world_protocol_atlas/protocols/transformation_vocale_role_intention.md atlas/world_protocol_atlas/ transformation_vocale_role_intention.md md P3_AT","INTEGRATE_TO_ATLAS_READONLY_SCENARIO_SPEC_CANDIDATE","ATLAS_READONLY_ADVISORY_ONLY","false","false","false","false","false","F06 audit/spec only; Atlas scenario/context candidate; never runtime reality claim"
"BRANCHABLE_ATLAS","atlas/world_protocol_atlas/","F06_ATLAS","FILE_PLAN_ALL 2401 BRANCHABLE_ATLAS OBSIDIA_BRANCHABLE_ATLAS_FULL_V0_5_DEEP_FINAL_AUDIT/docs/world_protocol_atlas/protocols/ualabee_compatibility_bridge.json atlas/world_protocol_atlas/ ualabee_compatibility_bridge.json json P3_ATLAS_CONTEN","INTEGRATE_TO_ATLAS_READONLY_SCENARIO_SPEC_CANDIDATE","ATLAS_READONLY_ADVISORY_ONLY","false","false","false","false","false","F06 audit/spec only; Atlas scenario/context candidate; never runtime reality claim"
"BRANCHABLE_ATLAS","atlas/world_protocol_atlas/","F06_ATLAS","FILE_PLAN_ALL 2402 BRANCHABLE_ATLAS OBSIDIA_BRANCHABLE_ATLAS_FULL_V0_5_DEEP_FINAL_AUDIT/docs/world_protocol_atlas/protocols/ualabee_compatibility_bridge.md atlas/world_protocol_atlas/ ualabee_compatibility_bridge.md md P3_ATLAS_CONTENT F06 ","INTEGRATE_TO_ATLAS_READONLY_SCENARIO_SPEC_CANDIDATE","ATLAS_READONLY_ADVISORY_ONLY","false","false","false","false","false","F06 audit/spec only; Atlas scenario/context candidate; never runtime reality claim"
"BRANCHABLE_ATLAS","atlas/world_protocol_atlas/","F06_ATLAS","FILE_PLAN_ALL 2403 BRANCHABLE_ATLAS OBSIDIA_BRANCHABLE_ATLAS_FULL_V0_5_DEEP_FINAL_AUDIT/docs/world_protocol_atlas/protocols/uchronia.json atlas/world_protocol_atlas/ uchronia.json json P3_ATLAS_CONTENT F06 0 0 0 0 1  NOT_FOUND_LOCAL DUPLICA","INTEGRATE_TO_ATLAS_READONLY_SCENARIO_SPEC_CANDIDATE","ATLAS_READONLY_ADVISORY_ONLY","false","false","false","false","false","F06 audit/spec only; Atlas scenario/context candidate; never runtime reality claim"
"BRANCHABLE_ATLAS","atlas/world_protocol_atlas/","F06_ATLAS","FILE_PLAN_ALL 2404 BRANCHABLE_ATLAS OBSIDIA_BRANCHABLE_ATLAS_FULL_V0_5_DEEP_FINAL_AUDIT/docs/world_protocol_atlas/protocols/uchronia.md atlas/world_protocol_atlas/ uchronia.md md P3_ATLAS_CONTENT F06 0 0 0 0 1  NOT_FOUND_LOCAL DUPLICATE_SAF","INTEGRATE_TO_ATLAS_READONLY_SCENARIO_SPEC_CANDIDATE","ATLAS_READONLY_ADVISORY_ONLY","false","false","false","false","false","F06 audit/spec only; Atlas scenario/context candidate; never runtime reality claim"
"BRANCHABLE_ATLAS","atlas/world_protocol_atlas/","F06_ATLAS","FILE_PLAN_ALL 2405 BRANCHABLE_ATLAS OBSIDIA_BRANCHABLE_ATLAS_FULL_V0_5_DEEP_FINAL_AUDIT/docs/world_protocol_atlas/protocols/unus.json atlas/world_protocol_atlas/ unus.json json P3_ATLAS_CONTENT F06 0 0 0 0 1  NOT_FOUND_LOCAL DUPLICATE_SAFE ","INTEGRATE_TO_ATLAS_READONLY_SCENARIO_SPEC_CANDIDATE","ATLAS_READONLY_ADVISORY_ONLY","false","false","false","false","false","F06 audit/spec only; Atlas scenario/context candidate; never runtime reality claim"
"BRANCHABLE_ATLAS","atlas/world_protocol_atlas/","F06_ATLAS","FILE_PLAN_ALL 2406 BRANCHABLE_ATLAS OBSIDIA_BRANCHABLE_ATLAS_FULL_V0_5_DEEP_FINAL_AUDIT/docs/world_protocol_atlas/protocols/unus.md atlas/world_protocol_atlas/ unus.md md P3_ATLAS_CONTENT F06 0 0 0 0 1  NOT_FOUND_LOCAL DUPLICATE_SAFE CLEAN ","INTEGRATE_TO_ATLAS_READONLY_SCENARIO_SPEC_CANDIDATE","ATLAS_READONLY_ADVISORY_ONLY","false","false","false","false","false","F06 audit/spec only; Atlas scenario/context candidate; never runtime reality claim"
"BRANCHABLE_ATLAS","atlas/world_protocol_atlas/","F06_ATLAS","FILE_PLAN_ALL 2407 BRANCHABLE_ATLAS OBSIDIA_BRANCHABLE_ATLAS_FULL_V0_5_DEEP_FINAL_AUDIT/docs/world_protocol_atlas/protocols/vhsrevival.json atlas/world_protocol_atlas/ vhsrevival.json json P3_ATLAS_CONTENT F06 0 0 0 0 1  NOT_FOUND_LOCAL DUP","INTEGRATE_TO_ATLAS_READONLY_SCENARIO_SPEC_CANDIDATE","ATLAS_READONLY_ADVISORY_ONLY","false","false","false","false","false","F06 audit/spec only; Atlas scenario/context candidate; never runtime reality claim"
"BRANCHABLE_ATLAS","atlas/world_protocol_atlas/","F06_ATLAS","FILE_PLAN_ALL 2408 BRANCHABLE_ATLAS OBSIDIA_BRANCHABLE_ATLAS_FULL_V0_5_DEEP_FINAL_AUDIT/docs/world_protocol_atlas/protocols/vhsrevival.md atlas/world_protocol_atlas/ vhsrevival.md md P3_ATLAS_CONTENT F06 0 0 0 0 1  NOT_FOUND_LOCAL DUPLICATE","INTEGRATE_TO_ATLAS_READONLY_SCENARIO_SPEC_CANDIDATE","ATLAS_READONLY_ADVISORY_ONLY","false","false","false","false","false","F06 audit/spec only; Atlas scenario/context candidate; never runtime reality claim"
"BRANCHABLE_ATLAS","atlas/world_protocol_atlas/","F06_ATLAS","FILE_PLAN_ALL 2409 BRANCHABLE_ATLAS OBSIDIA_BRANCHABLE_ATLAS_FULL_V0_5_DEEP_FINAL_AUDIT/docs/world_protocol_atlas/protocols/voicecommonsbridge.json atlas/world_protocol_atlas/ voicecommonsbridge.json json P3_ATLAS_CONTENT F06 0 0 0 0 1  NOT","INTEGRATE_TO_ATLAS_READONLY_SCENARIO_SPEC_CANDIDATE","ATLAS_READONLY_ADVISORY_ONLY","false","false","false","false","false","F06 audit/spec only; Atlas scenario/context candidate; never runtime reality claim"
"BRANCHABLE_ATLAS","atlas/world_protocol_atlas/","F06_ATLAS","FILE_PLAN_ALL 2410 BRANCHABLE_ATLAS OBSIDIA_BRANCHABLE_ATLAS_FULL_V0_5_DEEP_FINAL_AUDIT/docs/world_protocol_atlas/protocols/voicecommonsbridge.md atlas/world_protocol_atlas/ voicecommonsbridge.md md P3_ATLAS_CONTENT F06 0 0 0 0 1  NOT_FOUND","INTEGRATE_TO_ATLAS_READONLY_SCENARIO_SPEC_CANDIDATE","ATLAS_READONLY_ADVISORY_ONLY","false","false","false","false","false","F06 audit/spec only; Atlas scenario/context candidate; never runtime reality claim"
"BRANCHABLE_ATLAS","atlas/world_protocol_atlas/","F06_ATLAS","FILE_PLAN_ALL 2411 BRANCHABLE_ATLAS OBSIDIA_BRANCHABLE_ATLAS_FULL_V0_5_DEEP_FINAL_AUDIT/docs/world_protocol_atlas/protocols/vu_security_compatibility_bridge.json atlas/world_protocol_atlas/ vu_security_compatibility_bridge.json json P3_ATLA","INTEGRATE_TO_ATLAS_READONLY_SCENARIO_SPEC_CANDIDATE","ATLAS_READONLY_ADVISORY_ONLY","false","false","false","false","false","F06 audit/spec only; Atlas scenario/context candidate; never runtime reality claim"
"BRANCHABLE_ATLAS","atlas/world_protocol_atlas/","F06_ATLAS","FILE_PLAN_ALL 2412 BRANCHABLE_ATLAS OBSIDIA_BRANCHABLE_ATLAS_FULL_V0_5_DEEP_FINAL_AUDIT/docs/world_protocol_atlas/protocols/vu_security_compatibility_bridge.md atlas/world_protocol_atlas/ vu_security_compatibility_bridge.md md P3_ATLAS_CONT","INTEGRATE_TO_ATLAS_READONLY_SCENARIO_SPEC_CANDIDATE","ATLAS_READONLY_ADVISORY_ONLY","false","false","false","false","false","F06 audit/spec only; Atlas scenario/context candidate; never runtime reality claim"
"BRANCHABLE_ATLAS","atlas/world_protocol_atlas/","F06_ATLAS","FILE_PLAN_ALL 2413 BRANCHABLE_ATLAS OBSIDIA_BRANCHABLE_ATLAS_FULL_V0_5_DEEP_FINAL_AUDIT/docs/world_protocol_atlas/protocols/wikigraphconnector.json atlas/world_protocol_atlas/ wikigraphconnector.json json P3_ATLAS_CONTENT F06 0 0 0 0 1  NOT","INTEGRATE_TO_ATLAS_READONLY_SCENARIO_SPEC_CANDIDATE","ATLAS_READONLY_ADVISORY_ONLY","false","false","false","false","false","F06 audit/spec only; Atlas scenario/context candidate; never runtime reality claim"
"BRANCHABLE_ATLAS","atlas/world_protocol_atlas/","F06_ATLAS","FILE_PLAN_ALL 2414 BRANCHABLE_ATLAS OBSIDIA_BRANCHABLE_ATLAS_FULL_V0_5_DEEP_FINAL_AUDIT/docs/world_protocol_atlas/protocols/wikigraphconnector.md atlas/world_protocol_atlas/ wikigraphconnector.md md P3_ATLAS_CONTENT F06 0 0 0 0 1  NOT_FOUND","INTEGRATE_TO_ATLAS_READONLY_SCENARIO_SPEC_CANDIDATE","ATLAS_READONLY_ADVISORY_ONLY","false","false","false","false","false","F06 audit/spec only; Atlas scenario/context candidate; never runtime reality claim"
"BRANCHABLE_ATLAS","atlas/world_protocol_atlas/","F06_ATLAS","FILE_PLAN_ALL 2415 BRANCHABLE_ATLAS OBSIDIA_BRANCHABLE_ATLAS_FULL_V0_5_DEEP_FINAL_AUDIT/docs/world_protocol_atlas/protocols/xai_grok_compatibility_bridge.json atlas/world_protocol_atlas/ xai_grok_compatibility_bridge.json json P3_ATLAS_CONT","INTEGRATE_TO_ATLAS_READONLY_SCENARIO_SPEC_CANDIDATE","ATLAS_READONLY_ADVISORY_ONLY","false","false","false","false","false","F06 audit/spec only; Atlas scenario/context candidate; never runtime reality claim"
"BRANCHABLE_ATLAS","atlas/world_protocol_atlas/","F06_ATLAS","FILE_PLAN_ALL 2416 BRANCHABLE_ATLAS OBSIDIA_BRANCHABLE_ATLAS_FULL_V0_5_DEEP_FINAL_AUDIT/docs/world_protocol_atlas/protocols/xai_grok_compatibility_bridge.md atlas/world_protocol_atlas/ xai_grok_compatibility_bridge.md md P3_ATLAS_CONTENT F0","INTEGRATE_TO_ATLAS_READONLY_SCENARIO_SPEC_CANDIDATE","ATLAS_READONLY_ADVISORY_ONLY","false","false","false","false","false","F06 audit/spec only; Atlas scenario/context candidate; never runtime reality claim"
"BRANCHABLE_ATLAS","atlas/world_protocol_atlas/","F06_ATLAS","FILE_PLAN_ALL 2417 BRANCHABLE_ATLAS OBSIDIA_BRANCHABLE_ATLAS_FULL_V0_5_DEEP_FINAL_AUDIT/docs/world_protocol_atlas/protocols/ximantix_compatibility_bridge.json atlas/world_protocol_atlas/ ximantix_compatibility_bridge.json json P3_ATLAS_CONT","INTEGRATE_TO_ATLAS_READONLY_SCENARIO_SPEC_CANDIDATE","ATLAS_READONLY_ADVISORY_ONLY","false","false","false","false","false","F06 audit/spec only; Atlas scenario/context candidate; never runtime reality claim"
"BRANCHABLE_ATLAS","atlas/world_protocol_atlas/","F06_ATLAS","FILE_PLAN_ALL 2418 BRANCHABLE_ATLAS OBSIDIA_BRANCHABLE_ATLAS_FULL_V0_5_DEEP_FINAL_AUDIT/docs/world_protocol_atlas/protocols/ximantix_compatibility_bridge.md atlas/world_protocol_atlas/ ximantix_compatibility_bridge.md md P3_ATLAS_CONTENT F0","INTEGRATE_TO_ATLAS_READONLY_SCENARIO_SPEC_CANDIDATE","ATLAS_READONLY_ADVISORY_ONLY","false","false","false","false","false","F06 audit/spec only; Atlas scenario/context candidate; never runtime reality claim"
"BRANCHABLE_ATLAS","atlas/world_protocol_atlas/","F06_ATLAS","FILE_PLAN_ALL 2419 BRANCHABLE_ATLAS OBSIDIA_BRANCHABLE_ATLAS_FULL_V0_5_DEEP_FINAL_AUDIT/docs/world_protocol_atlas/protocols/zippedi_compatibility_bridge.json atlas/world_protocol_atlas/ zippedi_compatibility_bridge.json json P3_ATLAS_CONTEN","INTEGRATE_TO_ATLAS_READONLY_SCENARIO_SPEC_CANDIDATE","ATLAS_READONLY_ADVISORY_ONLY","false","false","false","false","false","F06 audit/spec only; Atlas scenario/context candidate; never runtime reality claim"
"BRANCHABLE_ATLAS","atlas/world_protocol_atlas/","F06_ATLAS","FILE_PLAN_ALL 2420 BRANCHABLE_ATLAS OBSIDIA_BRANCHABLE_ATLAS_FULL_V0_5_DEEP_FINAL_AUDIT/docs/world_protocol_atlas/protocols/zippedi_compatibility_bridge.md atlas/world_protocol_atlas/ zippedi_compatibility_bridge.md md P3_ATLAS_CONTENT F06 ","INTEGRATE_TO_ATLAS_READONLY_SCENARIO_SPEC_CANDIDATE","ATLAS_READONLY_ADVISORY_ONLY","false","false","false","false","false","F06 audit/spec only; Atlas scenario/context candidate; never runtime reality claim"
"BRANCHABLE_ATLAS","patches/atlas_manual_review/","REVIEW_REQUIRED","FILE_PLAN_ALL 2421 BRANCHABLE_ATLAS OBSIDIA_BRANCHABLE_ATLAS_FULL_V0_5_DEEP_FINAL_AUDIT/patches/periphery_ops_world_atlas_routes_SNIPPET_NOT_APPLIED.py patches/atlas_manual_review/ periphery_ops_world_atlas_routes_SNIPPET_NOT_APPLIED.py py ","DO_NOT_IMPORT_RUNTIME","ATLAS_READONLY_ADVISORY_ONLY","false","false","false","false","false","F06 audit/spec only; Atlas scenario/context candidate; never runtime reality claim"
"BRANCHABLE_ATLAS","periphery/world_protocol_atlas/","REVIEW_REQUIRED","FILE_PLAN_ALL 2422 BRANCHABLE_ATLAS OBSIDIA_BRANCHABLE_ATLAS_FULL_V0_5_DEEP_FINAL_AUDIT/periphery/world_protocol_atlas/__init__.py periphery/world_protocol_atlas/ __init__.py py P2_ATLAS_BRANCHING F06 0 0 0 0 1  NOT_FOUND_LOCAL DUPLICATE_SA","DO_NOT_IMPORT_RUNTIME","ATLAS_READONLY_ADVISORY_ONLY","false","false","false","false","false","F06 audit/spec only; Atlas scenario/context candidate; never runtime reality claim"
"BRANCHABLE_ATLAS","archive/quarantine/generated_cache/","BLOCKED","FILE_PLAN_ALL 2423 BRANCHABLE_ATLAS OBSIDIA_BRANCHABLE_ATLAS_FULL_V0_5_DEEP_FINAL_AUDIT/periphery/world_protocol_atlas/__pycache__/__init__.cpython-313.pyc archive/quarantine/generated_cache/ __init__.cpython-313.pyc pyc P5_QUARANTINE F06 0","KEEP_QUARANTINE","ATLAS_READONLY_ADVISORY_ONLY","false","false","false","false","false","F06 audit/spec only; Atlas scenario/context candidate; never runtime reality claim"
"BRANCHABLE_ATLAS","archive/quarantine/generated_cache/","BLOCKED","FILE_PLAN_ALL 2424 BRANCHABLE_ATLAS OBSIDIA_BRANCHABLE_ATLAS_FULL_V0_5_DEEP_FINAL_AUDIT/periphery/world_protocol_atlas/__pycache__/a_modules_registry.cpython-313.pyc archive/quarantine/generated_cache/ a_modules_registry.cpython-313.pyc pyc","KEEP_QUARANTINE","ATLAS_READONLY_ADVISORY_ONLY","false","false","false","false","false","F06 audit/spec only; Atlas scenario/context candidate; never runtime reality claim"
"BRANCHABLE_ATLAS","archive/quarantine/generated_cache/","BLOCKED","FILE_PLAN_ALL 2425 BRANCHABLE_ATLAS OBSIDIA_BRANCHABLE_ATLAS_FULL_V0_5_DEEP_FINAL_AUDIT/periphery/world_protocol_atlas/__pycache__/agent_candidates.cpython-313.pyc archive/quarantine/generated_cache/ agent_candidates.cpython-313.pyc pyc P5_","KEEP_QUARANTINE","ATLAS_READONLY_ADVISORY_ONLY","false","false","false","false","false","F06 audit/spec only; Atlas scenario/context candidate; never runtime reality claim"
"BRANCHABLE_ATLAS","archive/quarantine/generated_cache/","BLOCKED","FILE_PLAN_ALL 2426 BRANCHABLE_ATLAS OBSIDIA_BRANCHABLE_ATLAS_FULL_V0_5_DEEP_FINAL_AUDIT/periphery/world_protocol_atlas/__pycache__/b_organisms_registry.cpython-313.pyc archive/quarantine/generated_cache/ b_organisms_registry.cpython-313.pyc","KEEP_QUARANTINE","ATLAS_READONLY_ADVISORY_ONLY","false","false","false","false","false","F06 audit/spec only; Atlas scenario/context candidate; never runtime reality claim"
"BRANCHABLE_ATLAS","archive/quarantine/generated_cache/","BLOCKED","FILE_PLAN_ALL 2427 BRANCHABLE_ATLAS OBSIDIA_BRANCHABLE_ATLAS_FULL_V0_5_DEEP_FINAL_AUDIT/periphery/world_protocol_atlas/__pycache__/cards_registry.cpython-313.pyc archive/quarantine/generated_cache/ cards_registry.cpython-313.pyc pyc P5_QUAR","KEEP_QUARANTINE","ATLAS_READONLY_ADVISORY_ONLY","false","false","false","false","false","F06 audit/spec only; Atlas scenario/context candidate; never runtime reality claim"
"BRANCHABLE_ATLAS","archive/quarantine/generated_cache/","BLOCKED","FILE_PLAN_ALL 2428 BRANCHABLE_ATLAS OBSIDIA_BRANCHABLE_ATLAS_FULL_V0_5_DEEP_FINAL_AUDIT/periphery/world_protocol_atlas/__pycache__/context_adapter.cpython-313.pyc archive/quarantine/generated_cache/ context_adapter.cpython-313.pyc pyc P5_QU","KEEP_QUARANTINE","ATLAS_READONLY_ADVISORY_ONLY","false","false","false","false","false","F06 audit/spec only; Atlas scenario/context candidate; never runtime reality claim"
"BRANCHABLE_ATLAS","archive/quarantine/generated_cache/","BLOCKED","FILE_PLAN_ALL 2429 BRANCHABLE_ATLAS OBSIDIA_BRANCHABLE_ATLAS_FULL_V0_5_DEEP_FINAL_AUDIT/periphery/world_protocol_atlas/__pycache__/generated_data.cpython-313.pyc archive/quarantine/generated_cache/ generated_data.cpython-313.pyc pyc P5_QUAR","KEEP_QUARANTINE","ATLAS_READONLY_ADVISORY_ONLY","false","false","false","false","false","F06 audit/spec only; Atlas scenario/context candidate; never runtime reality claim"
"BRANCHABLE_ATLAS","archive/quarantine/generated_cache/","BLOCKED","FILE_PLAN_ALL 2430 BRANCHABLE_ATLAS OBSIDIA_BRANCHABLE_ATLAS_FULL_V0_5_DEEP_FINAL_AUDIT/periphery/world_protocol_atlas/__pycache__/graphiti_candidates.cpython-313.pyc archive/quarantine/generated_cache/ graphiti_candidates.cpython-313.pyc p","KEEP_QUARANTINE","ATLAS_READONLY_ADVISORY_ONLY","false","false","false","false","false","F06 audit/spec only; Atlas scenario/context candidate; never runtime reality claim"
"BRANCHABLE_ATLAS","archive/quarantine/generated_cache/","BLOCKED","FILE_PLAN_ALL 2431 BRANCHABLE_ATLAS OBSIDIA_BRANCHABLE_ATLAS_FULL_V0_5_DEEP_FINAL_AUDIT/periphery/world_protocol_atlas/__pycache__/module_registry.cpython-313.pyc archive/quarantine/generated_cache/ module_registry.cpython-313.pyc pyc P5_QU","KEEP_QUARANTINE","ATLAS_READONLY_ADVISORY_ONLY","false","false","false","false","false","F06 audit/spec only; Atlas scenario/context candidate; never runtime reality claim"
"BRANCHABLE_ATLAS","archive/quarantine/generated_cache/","BLOCKED","FILE_PLAN_ALL 2432 BRANCHABLE_ATLAS OBSIDIA_BRANCHABLE_ATLAS_FULL_V0_5_DEEP_FINAL_AUDIT/periphery/world_protocol_atlas/__pycache__/protocol_candidates.cpython-313.pyc archive/quarantine/generated_cache/ protocol_candidates.cpython-313.pyc p","KEEP_QUARANTINE","ATLAS_READONLY_ADVISORY_ONLY","false","false","false","false","false","F06 audit/spec only; Atlas scenario/context candidate; never runtime reality claim"
"BRANCHABLE_ATLAS","archive/quarantine/generated_cache/","BLOCKED","FILE_PLAN_ALL 2433 BRANCHABLE_ATLAS OBSIDIA_BRANCHABLE_ATLAS_FULL_V0_5_DEEP_FINAL_AUDIT/periphery/world_protocol_atlas/__pycache__/raw_extraction_registry.cpython-313.pyc archive/quarantine/generated_cache/ raw_extraction_registry.cpython-3","KEEP_QUARANTINE","ATLAS_READONLY_ADVISORY_ONLY","false","false","false","false","false","F06 audit/spec only; Atlas scenario/context candidate; never runtime reality claim"
"BRANCHABLE_ATLAS","archive/quarantine/generated_cache/","BLOCKED","FILE_PLAN_ALL 2434 BRANCHABLE_ATLAS OBSIDIA_BRANCHABLE_ATLAS_FULL_V0_5_DEEP_FINAL_AUDIT/periphery/world_protocol_atlas/__pycache__/readonly_boundary.cpython-313.pyc archive/quarantine/generated_cache/ readonly_boundary.cpython-313.pyc pyc P","KEEP_QUARANTINE","ATLAS_READONLY_ADVISORY_ONLY","false","false","false","false","false","F06 audit/spec only; Atlas scenario/context candidate; never runtime reality claim"
"BRANCHABLE_ATLAS","archive/quarantine/generated_cache/","BLOCKED","FILE_PLAN_ALL 2435 BRANCHABLE_ATLAS OBSIDIA_BRANCHABLE_ATLAS_FULL_V0_5_DEEP_FINAL_AUDIT/periphery/world_protocol_atlas/__pycache__/scenario_candidates.cpython-313.pyc archive/quarantine/generated_cache/ scenario_candidates.cpython-313.pyc p","KEEP_QUARANTINE","ATLAS_READONLY_ADVISORY_ONLY","false","false","false","false","false","F06 audit/spec only; Atlas scenario/context candidate; never runtime reality claim"
"BRANCHABLE_ATLAS","periphery/world_protocol_atlas/","REVIEW_REQUIRED","FILE_PLAN_ALL 2436 BRANCHABLE_ATLAS OBSIDIA_BRANCHABLE_ATLAS_FULL_V0_5_DEEP_FINAL_AUDIT/periphery/world_protocol_atlas/a_modules_registry.py periphery/world_protocol_atlas/ a_modules_registry.py py P2_ATLAS_BRANCHING F06 0 0 0 0 1  NOT_FOUN","DO_NOT_IMPORT_RUNTIME","ATLAS_READONLY_ADVISORY_ONLY","false","false","false","false","false","F06 audit/spec only; Atlas scenario/context candidate; never runtime reality claim"
"BRANCHABLE_ATLAS","periphery/world_protocol_atlas/","REVIEW_REQUIRED","FILE_PLAN_ALL 2437 BRANCHABLE_ATLAS OBSIDIA_BRANCHABLE_ATLAS_FULL_V0_5_DEEP_FINAL_AUDIT/periphery/world_protocol_atlas/agent_candidates.py periphery/world_protocol_atlas/ agent_candidates.py py P2_ATLAS_BRANCHING F06 0 0 0 0 1  NOT_FOUND_LO","DO_NOT_IMPORT_RUNTIME","ATLAS_READONLY_ADVISORY_ONLY","false","false","false","false","false","F06 audit/spec only; Atlas scenario/context candidate; never runtime reality claim"
"BRANCHABLE_ATLAS","periphery/world_protocol_atlas/","REVIEW_REQUIRED","FILE_PLAN_ALL 2438 BRANCHABLE_ATLAS OBSIDIA_BRANCHABLE_ATLAS_FULL_V0_5_DEEP_FINAL_AUDIT/periphery/world_protocol_atlas/atlas_types.py periphery/world_protocol_atlas/ atlas_types.py py P2_ATLAS_BRANCHING F06 0 0 0 0 1  NOT_FOUND_LOCAL DUPLIC","DO_NOT_IMPORT_RUNTIME","ATLAS_READONLY_ADVISORY_ONLY","false","false","false","false","false","F06 audit/spec only; Atlas scenario/context candidate; never runtime reality claim"
"BRANCHABLE_ATLAS","periphery/world_protocol_atlas/","REVIEW_REQUIRED","FILE_PLAN_ALL 2439 BRANCHABLE_ATLAS OBSIDIA_BRANCHABLE_ATLAS_FULL_V0_5_DEEP_FINAL_AUDIT/periphery/world_protocol_atlas/b_organisms_registry.py periphery/world_protocol_atlas/ b_organisms_registry.py py P2_ATLAS_BRANCHING F06 0 0 0 0 1  NOT_","DO_NOT_IMPORT_RUNTIME","ATLAS_READONLY_ADVISORY_ONLY","false","false","false","false","false","F06 audit/spec only; Atlas scenario/context candidate; never runtime reality claim"
"BRANCHABLE_ATLAS","periphery/world_protocol_atlas/","REVIEW_REQUIRED","FILE_PLAN_ALL 2440 BRANCHABLE_ATLAS OBSIDIA_BRANCHABLE_ATLAS_FULL_V0_5_DEEP_FINAL_AUDIT/periphery/world_protocol_atlas/cards_registry.py periphery/world_protocol_atlas/ cards_registry.py py P2_ATLAS_BRANCHING F06 0 0 0 0 1  NOT_FOUND_LOCAL ","DO_NOT_IMPORT_RUNTIME","ATLAS_READONLY_ADVISORY_ONLY","false","false","false","false","false","F06 audit/spec only; Atlas scenario/context candidate; never runtime reality claim"
"BRANCHABLE_ATLAS","periphery/world_protocol_atlas/","REVIEW_REQUIRED","FILE_PLAN_ALL 2441 BRANCHABLE_ATLAS OBSIDIA_BRANCHABLE_ATLAS_FULL_V0_5_DEEP_FINAL_AUDIT/periphery/world_protocol_atlas/context_adapter.py periphery/world_protocol_atlas/ context_adapter.py py P2_ATLAS_BRANCHING F06 0 0 0 0 1  NOT_FOUND_LOCA","DO_NOT_IMPORT_RUNTIME","ATLAS_READONLY_ADVISORY_ONLY","false","false","false","false","false","F06 audit/spec only; Atlas scenario/context candidate; never runtime reality claim"
"BRANCHABLE_ATLAS","periphery/world_protocol_atlas/","REVIEW_REQUIRED","FILE_PLAN_ALL 2442 BRANCHABLE_ATLAS OBSIDIA_BRANCHABLE_ATLAS_FULL_V0_5_DEEP_FINAL_AUDIT/periphery/world_protocol_atlas/freeze_manifest.py periphery/world_protocol_atlas/ freeze_manifest.py py P2_ATLAS_BRANCHING F06 0 0 0 0 1  NOT_FOUND_LOCA","DO_NOT_IMPORT_RUNTIME","ATLAS_READONLY_ADVISORY_ONLY","false","false","false","false","false","F06 audit/spec only; Atlas scenario/context candidate; never runtime reality claim"
"BRANCHABLE_ATLAS","periphery/world_protocol_atlas/","REVIEW_REQUIRED","FILE_PLAN_ALL 2443 BRANCHABLE_ATLAS OBSIDIA_BRANCHABLE_ATLAS_FULL_V0_5_DEEP_FINAL_AUDIT/periphery/world_protocol_atlas/generated_data.py periphery/world_protocol_atlas/ generated_data.py py P2_ATLAS_BRANCHING F06 0 0 0 0 1  NOT_FOUND_LOCAL ","DO_NOT_IMPORT_RUNTIME","ATLAS_READONLY_ADVISORY_ONLY","false","false","false","false","false","F06 audit/spec only; Atlas scenario/context candidate; never runtime reality claim"
"BRANCHABLE_ATLAS","periphery/world_protocol_atlas/","REVIEW_REQUIRED","FILE_PLAN_ALL 2444 BRANCHABLE_ATLAS OBSIDIA_BRANCHABLE_ATLAS_FULL_V0_5_DEEP_FINAL_AUDIT/periphery/world_protocol_atlas/graphiti_candidates.py periphery/world_protocol_atlas/ graphiti_candidates.py py P2_ATLAS_BRANCHING F06 0 0 0 0 1  NOT_FO","DO_NOT_IMPORT_RUNTIME","ATLAS_READONLY_ADVISORY_ONLY","false","false","false","false","false","F06 audit/spec only; Atlas scenario/context candidate; never runtime reality claim"
"BRANCHABLE_ATLAS","periphery/world_protocol_atlas/","REVIEW_REQUIRED","FILE_PLAN_ALL 2445 BRANCHABLE_ATLAS OBSIDIA_BRANCHABLE_ATLAS_FULL_V0_5_DEEP_FINAL_AUDIT/periphery/world_protocol_atlas/module_registry.py periphery/world_protocol_atlas/ module_registry.py py P2_ATLAS_BRANCHING F06 0 0 0 0 1  NOT_FOUND_LOCA","DO_NOT_IMPORT_RUNTIME","ATLAS_READONLY_ADVISORY_ONLY","false","false","false","false","false","F06 audit/spec only; Atlas scenario/context candidate; never runtime reality claim"
"BRANCHABLE_ATLAS","periphery/world_protocol_atlas/","REVIEW_REQUIRED","FILE_PLAN_ALL 2446 BRANCHABLE_ATLAS OBSIDIA_BRANCHABLE_ATLAS_FULL_V0_5_DEEP_FINAL_AUDIT/periphery/world_protocol_atlas/protocol_candidates.py periphery/world_protocol_atlas/ protocol_candidates.py py P2_ATLAS_BRANCHING F06 0 0 0 0 1  NOT_FO","DO_NOT_IMPORT_RUNTIME","ATLAS_READONLY_ADVISORY_ONLY","false","false","false","false","false","F06 audit/spec only; Atlas scenario/context candidate; never runtime reality claim"
"BRANCHABLE_ATLAS","periphery/world_protocol_atlas/","REVIEW_REQUIRED","FILE_PLAN_ALL 2447 BRANCHABLE_ATLAS OBSIDIA_BRANCHABLE_ATLAS_FULL_V0_5_DEEP_FINAL_AUDIT/periphery/world_protocol_atlas/raw_extraction_registry.py periphery/world_protocol_atlas/ raw_extraction_registry.py py P2_ATLAS_BRANCHING F06 0 0 0 0 1","DO_NOT_IMPORT_RUNTIME","ATLAS_READONLY_ADVISORY_ONLY","false","false","false","false","false","F06 audit/spec only; Atlas scenario/context candidate; never runtime reality claim"
"BRANCHABLE_ATLAS","periphery/world_protocol_atlas/","REVIEW_REQUIRED","FILE_PLAN_ALL 2448 BRANCHABLE_ATLAS OBSIDIA_BRANCHABLE_ATLAS_FULL_V0_5_DEEP_FINAL_AUDIT/periphery/world_protocol_atlas/readonly_boundary.py periphery/world_protocol_atlas/ readonly_boundary.py py P2_ATLAS_BRANCHING F06 0 0 0 0 1  NOT_FOUND_","DO_NOT_IMPORT_RUNTIME","ATLAS_READONLY_ADVISORY_ONLY","false","false","false","false","false","F06 audit/spec only; Atlas scenario/context candidate; never runtime reality claim"
"BRANCHABLE_ATLAS","periphery/world_protocol_atlas/","REVIEW_REQUIRED","FILE_PLAN_ALL 2449 BRANCHABLE_ATLAS OBSIDIA_BRANCHABLE_ATLAS_FULL_V0_5_DEEP_FINAL_AUDIT/periphery/world_protocol_atlas/scenario_candidates.py periphery/world_protocol_atlas/ scenario_candidates.py py P2_ATLAS_BRANCHING F06 0 0 0 0 1  NOT_FO","DO_NOT_IMPORT_RUNTIME","ATLAS_READONLY_ADVISORY_ONLY","false","false","false","false","false","F06 audit/spec only; Atlas scenario/context candidate; never runtime reality claim"
"BRANCHABLE_ATLAS","atlas/registry/","F06_ATLAS","FILE_PLAN_ALL 2450 BRANCHABLE_ATLAS OBSIDIA_BRANCHABLE_ATLAS_FULL_V0_5_DEEP_FINAL_AUDIT/registry/TODO_DATA_MISSING.json atlas/registry/ TODO_DATA_MISSING.json json P2_ATLAS_BRANCHING F06 0 0 0 0 1  NOT_FOUND_LOCAL DUPLICATE_SAFE CLEAN LOW K","INTEGRATE_TO_ATLAS_READONLY_SCENARIO_SPEC_CANDIDATE","ATLAS_READONLY_ADVISORY_ONLY","false","false","false","false","false","F06 audit/spec only; Atlas scenario/context candidate; never runtime reality claim"
"BRANCHABLE_ATLAS","atlas/registry/","F06_ATLAS","FILE_PLAN_ALL 2451 BRANCHABLE_ATLAS OBSIDIA_BRANCHABLE_ATLAS_FULL_V0_5_DEEP_FINAL_AUDIT/registry/agent_registry.json atlas/registry/ agent_registry.json json P2_ATLAS_BRANCHING F06 0 0 0 0 1  NOT_FOUND_LOCAL DUPLICATE_SAFE CLEAN LOW KX108_O","INTEGRATE_TO_ATLAS_READONLY_SCENARIO_SPEC_CANDIDATE","ATLAS_READONLY_ADVISORY_ONLY","false","false","false","false","false","F06 audit/spec only; Atlas scenario/context candidate; never runtime reality claim"
"BRANCHABLE_ATLAS","atlas/registry/","F06_ATLAS","FILE_PLAN_ALL 2452 BRANCHABLE_ATLAS OBSIDIA_BRANCHABLE_ATLAS_FULL_V0_5_DEEP_FINAL_AUDIT/registry/external_actor_registry.json atlas/registry/ external_actor_registry.json json P2_ATLAS_BRANCHING F06 0 0 0 0 1  NOT_FOUND_LOCAL DUPLICATE_SAFE","INTEGRATE_TO_ATLAS_READONLY_SCENARIO_SPEC_CANDIDATE","ATLAS_READONLY_ADVISORY_ONLY","false","false","false","false","false","F06 audit/spec only; Atlas scenario/context candidate; never runtime reality claim"
"BRANCHABLE_ATLAS","atlas/registry/","F06_ATLAS","FILE_PLAN_ALL 2453 BRANCHABLE_ATLAS OBSIDIA_BRANCHABLE_ATLAS_FULL_V0_5_DEEP_FINAL_AUDIT/registry/full_branchable_registry.json atlas/registry/ full_branchable_registry.json json P2_ATLAS_BRANCHING F06 0 0 0 0 1  NOT_FOUND_LOCAL DUPLICATE_SA","INTEGRATE_TO_ATLAS_READONLY_SCENARIO_SPEC_CANDIDATE","ATLAS_READONLY_ADVISORY_ONLY","false","false","false","false","false","F06 audit/spec only; Atlas scenario/context candidate; never runtime reality claim"
"BRANCHABLE_ATLAS","atlas/registry/","F06_ATLAS","FILE_PLAN_ALL 2454 BRANCHABLE_ATLAS OBSIDIA_BRANCHABLE_ATLAS_FULL_V0_5_DEEP_FINAL_AUDIT/registry/module_registry.json atlas/registry/ module_registry.json json P2_ATLAS_BRANCHING F06 0 0 0 0 1  NOT_FOUND_LOCAL DUPLICATE_SAFE CLEAN LOW KX108","INTEGRATE_TO_ATLAS_READONLY_SCENARIO_SPEC_CANDIDATE","ATLAS_READONLY_ADVISORY_ONLY","false","false","false","false","false","F06 audit/spec only; Atlas scenario/context candidate; never runtime reality claim"
"BRANCHABLE_ATLAS","atlas/registry/","F06_ATLAS","FILE_PLAN_ALL 2455 BRANCHABLE_ATLAS OBSIDIA_BRANCHABLE_ATLAS_FULL_V0_5_DEEP_FINAL_AUDIT/registry/open_source_project_registry.json atlas/registry/ open_source_project_registry.json json P2_ATLAS_BRANCHING F06 0 0 0 0 1  NOT_FOUND_LOCAL DUPL","INTEGRATE_TO_ATLAS_READONLY_SCENARIO_SPEC_CANDIDATE","ATLAS_READONLY_ADVISORY_ONLY","false","false","false","false","false","F06 audit/spec only; Atlas scenario/context candidate; never runtime reality claim"
"BRANCHABLE_ATLAS","atlas/registry/","F06_ATLAS","FILE_PLAN_ALL 2456 BRANCHABLE_ATLAS OBSIDIA_BRANCHABLE_ATLAS_FULL_V0_5_DEEP_FINAL_AUDIT/registry/protocol_registry.json atlas/registry/ protocol_registry.json json P2_ATLAS_BRANCHING F06 0 0 0 0 1  NOT_FOUND_LOCAL DUPLICATE_SAFE CLEAN LOW K","INTEGRATE_TO_ATLAS_READONLY_SCENARIO_SPEC_CANDIDATE","ATLAS_READONLY_ADVISORY_ONLY","false","false","false","false","false","F06 audit/spec only; Atlas scenario/context candidate; never runtime reality claim"
"BRANCHABLE_ATLAS","archive/quarantine/generated_cache/","BLOCKED","FILE_PLAN_ALL 2457 BRANCHABLE_ATLAS OBSIDIA_BRANCHABLE_ATLAS_FULL_V0_5_DEEP_FINAL_AUDIT/tests/__pycache__/test_v0_1_exhaustive_layer.cpython-313-pytest-9.0.2.pyc archive/quarantine/generated_cache/ test_v0_1_exhaustive_layer.cpython-313-pyt","KEEP_QUARANTINE","ATLAS_READONLY_ADVISORY_ONLY","false","false","false","false","false","F06 audit/spec only; Atlas scenario/context candidate; never runtime reality claim"
"BRANCHABLE_ATLAS","archive/quarantine/generated_cache/","BLOCKED","FILE_PLAN_ALL 2458 BRANCHABLE_ATLAS OBSIDIA_BRANCHABLE_ATLAS_FULL_V0_5_DEEP_FINAL_AUDIT/tests/__pycache__/test_world_protocol_atlas_readonly.cpython-313-pytest-9.0.2.pyc archive/quarantine/generated_cache/ test_world_protocol_atlas_readonly","KEEP_QUARANTINE","ATLAS_READONLY_ADVISORY_ONLY","false","false","false","false","false","F06 audit/spec only; Atlas scenario/context candidate; never runtime reality claim"
"BRANCHABLE_ATLAS","tests/atlas/","REVIEW_REQUIRED","FILE_PLAN_ALL 2459 BRANCHABLE_ATLAS OBSIDIA_BRANCHABLE_ATLAS_FULL_V0_5_DEEP_FINAL_AUDIT/tests/test_v0_1_exhaustive_layer.py tests/atlas/ test_v0_1_exhaustive_layer.py py P4_ATLAS_EVIDENCE_OR_DOCS F06 0 0 0 0 1  NOT_FOUND_LOCAL DUPLICATE_SAF","DO_NOT_IMPORT_RUNTIME","ATLAS_READONLY_ADVISORY_ONLY","false","false","false","false","false","F06 audit/spec only; Atlas scenario/context candidate; never runtime reality claim"
"BRANCHABLE_ATLAS","tests/atlas/","REVIEW_REQUIRED","FILE_PLAN_ALL 2460 BRANCHABLE_ATLAS OBSIDIA_BRANCHABLE_ATLAS_FULL_V0_5_DEEP_FINAL_AUDIT/tests/test_world_protocol_atlas_readonly.py tests/atlas/ test_world_protocol_atlas_readonly.py py P4_ATLAS_EVIDENCE_OR_DOCS F06 0 0 0 0 1  NOT_FOUND_LOC","DO_NOT_IMPORT_RUNTIME","ATLAS_READONLY_ADVISORY_ONLY","false","false","false","false","false","F06 audit/spec only; Atlas scenario/context candidate; never runtime reality claim"
