"source_zip","zip_path","internal_path","file_name","extension","size_bytes","recommended_decision","boundary_required","claim_scope_risk","runtime_allowed_now","legal_certification_allowed","compliance_claim_allowed","personal_data_processing_authorized","notes"
"OBSIDIA_RSSI_RGPD_ISO_READINESS_PACK_V2.zip","C:\Users\User\Desktop\obsidia-engine-proof-core\obsidia-x108-proofs_REMOTE_A5F21C6B\_source_packs\OBSIDIA_UNIFIED_IMPLEMENTATION_BACKLOG_RICH_NO_DUPES_V1\raw\OBSIDIA_RSSI_RGPD_ISO_READINESS_PACK_V2.zip","OBSIDIA_RSSI_RGPD_ISO_READINESS_PACK_V2/README.md","README.md",".md","5033","INTEGRATE_TO_COMPLIANCE_DATA_GOVERNANCE_SPEC_CANDIDATE","RGPD_COMPLIANCE_SCOPE_GUARD + RSSI_EVIDENCE_ONLY","LEGAL_OR_COMPLIANCE_CLAIM_SCOPE","false","false","false","false","F10 audit only; deduped source zip inventory; no extraction; no runtime import"
"OBSIDIA_RSSI_RGPD_ISO_READINESS_PACK_V2.zip","C:\Users\User\Desktop\obsidia-engine-proof-core\obsidia-x108-proofs_REMOTE_A5F21C6B\_source_packs\OBSIDIA_UNIFIED_IMPLEMENTATION_BACKLOG_RICH_NO_DUPES_V1\raw\OBSIDIA_RSSI_RGPD_ISO_READINESS_PACK_V2.zip","OBSIDIA_RSSI_RGPD_ISO_READINESS_PACK_V2/FILE_INDEX_COMPLETE.md","FILE_INDEX_COMPLETE.md",".md","18212","INTEGRATE_TO_COMPLIANCE_DATA_GOVERNANCE_SPEC_CANDIDATE","RGPD_COMPLIANCE_SCOPE_GUARD + RSSI_EVIDENCE_ONLY","LEGAL_OR_COMPLIANCE_CLAIM_SCOPE","false","false","false","false","F10 audit only; deduped source zip inventory; no extraction; no runtime import"
"OBSIDIA_RSSI_RGPD_ISO_READINESS_PACK_V2.zip","C:\Users\User\Desktop\obsidia-engine-proof-core\obsidia-x108-proofs_REMOTE_A5F21C6B\_source_packs\OBSIDIA_UNIFIED_IMPLEMENTATION_BACKLOG_RICH_NO_DUPES_V1\raw\OBSIDIA_RSSI_RGPD_ISO_READINESS_PACK_V2.zip","OBSIDIA_RSSI_RGPD_ISO_READINESS_PACK_V2/MANIFEST_SHA256_ALL_FILES.json","MANIFEST_SHA256_ALL_FILES.json",".json","38806","INTEGRATE_TO_COMPLIANCE_DATA_GOVERNANCE_SPEC_CANDIDATE","RGPD_COMPLIANCE_SCOPE_GUARD + RSSI_EVIDENCE_ONLY","LEGAL_OR_COMPLIANCE_CLAIM_SCOPE","false","false","false","false","F10 audit only; deduped source zip inventory; no extraction; no runtime import"
"OBSIDIA_RSSI_RGPD_ISO_READINESS_PACK_V2.zip","C:\Users\User\Desktop\obsidia-engine-proof-core\obsidia-x108-proofs_REMOTE_A5F21C6B\_source_packs\OBSIDIA_UNIFIED_IMPLEMENTATION_BACKLOG_RICH_NO_DUPES_V1\raw\OBSIDIA_RSSI_RGPD_ISO_READINESS_PACK_V2.zip","OBSIDIA_RSSI_RGPD_ISO_READINESS_PACK_V2/FINAL_RSSI_AUDIT_REPORT.md","FINAL_RSSI_AUDIT_REPORT.md",".md","5079","INTEGRATE_TO_COMPLIANCE_DATA_GOVERNANCE_SPEC_CANDIDATE","RGPD_COMPLIANCE_SCOPE_GUARD + RSSI_EVIDENCE_ONLY","LEGAL_OR_COMPLIANCE_CLAIM_SCOPE","false","false","false","false","F10 audit only; deduped source zip inventory; no extraction; no runtime import"
"OBSIDIA_RSSI_RGPD_ISO_READINESS_PACK_V2.zip","C:\Users\User\Desktop\obsidia-engine-proof-core\obsidia-x108-proofs_REMOTE_A5F21C6B\_source_packs\OBSIDIA_UNIFIED_IMPLEMENTATION_BACKLOG_RICH_NO_DUPES_V1\raw\OBSIDIA_RSSI_RGPD_ISO_READINESS_PACK_V2.zip","OBSIDIA_RSSI_RGPD_ISO_READINESS_PACK_V2/FINAL_RSSI_AUDIT_REPORT.json","FINAL_RSSI_AUDIT_REPORT.json",".json","5652","INTEGRATE_TO_COMPLIANCE_DATA_GOVERNANCE_SPEC_CANDIDATE","RGPD_COMPLIANCE_SCOPE_GUARD + RSSI_EVIDENCE_ONLY","LEGAL_OR_COMPLIANCE_CLAIM_SCOPE","false","false","false","false","F10 audit only; deduped source zip inventory; no extraction; no runtime import"
"OBSIDIA_RSSI_RGPD_ISO_READINESS_PACK_V2.zip","C:\Users\User\Desktop\obsidia-engine-proof-core\obsidia-x108-proofs_REMOTE_A5F21C6B\_source_packs\OBSIDIA_UNIFIED_IMPLEMENTATION_BACKLOG_RICH_NO_DUPES_V1\raw\OBSIDIA_RSSI_RGPD_ISO_READINESS_PACK_V2.zip","OBSIDIA_RSSI_RGPD_ISO_READINESS_PACK_V2/FINAL_RSSI_SELF_CHECK.json","FINAL_RSSI_SELF_CHECK.json",".json","6012","INTEGRATE_TO_COMPLIANCE_DATA_GOVERNANCE_SPEC_CANDIDATE","RGPD_COMPLIANCE_SCOPE_GUARD + RSSI_EVIDENCE_ONLY","LEGAL_OR_COMPLIANCE_CLAIM_SCOPE","false","false","false","false","F10 audit only; deduped source zip inventory; no extraction; no runtime import"
"OBSIDIA_RSSI_RGPD_ISO_READINESS_PACK_V2.zip","C:\Users\User\Desktop\obsidia-engine-proof-core\obsidia-x108-proofs_REMOTE_A5F21C6B\_source_packs\OBSIDIA_UNIFIED_IMPLEMENTATION_BACKLOG_RICH_NO_DUPES_V1\raw\OBSIDIA_RSSI_RGPD_ISO_READINESS_PACK_V2.zip","OBSIDIA_RSSI_RGPD_ISO_READINESS_PACK_V2/TEST_OUTPUT_RSSI_PACK_V1.txt","TEST_OUTPUT_RSSI_PACK_V1.txt",".txt","5626","INTEGRATE_TO_COMPLIANCE_DATA_GOVERNANCE_SPEC_CANDIDATE","RGPD_COMPLIANCE_SCOPE_GUARD + RSSI_EVIDENCE_ONLY","LEGAL_OR_COMPLIANCE_CLAIM_SCOPE","false","false","false","false","F10 audit only; deduped source zip inventory; no extraction; no runtime import"
"OBSIDIA_RSSI_RGPD_ISO_READINESS_PACK_V2.zip","C:\Users\User\Desktop\obsidia-engine-proof-core\obsidia-x108-proofs_REMOTE_A5F21C6B\_source_packs\OBSIDIA_UNIFIED_IMPLEMENTATION_BACKLOG_RICH_NO_DUPES_V1\raw\OBSIDIA_RSSI_RGPD_ISO_READINESS_PACK_V2.zip","OBSIDIA_RSSI_RGPD_ISO_READINESS_PACK_V2/docs/executive/OBSIDIA_RSSI_EXECUTIVE_SUMMARY.md","OBSIDIA_RSSI_EXECUTIVE_SUMMARY.md",".md","5301","INTEGRATE_TO_COMPLIANCE_DATA_GOVERNANCE_SPEC_CANDIDATE","RGPD_COMPLIANCE_SCOPE_GUARD + RSSI_EVIDENCE_ONLY","LEGAL_OR_COMPLIANCE_CLAIM_SCOPE","false","false","false","false","F10 audit only; deduped source zip inventory; no extraction; no runtime import"
"OBSIDIA_RSSI_RGPD_ISO_READINESS_PACK_V2.zip","C:\Users\User\Desktop\obsidia-engine-proof-core\obsidia-x108-proofs_REMOTE_A5F21C6B\_source_packs\OBSIDIA_UNIFIED_IMPLEMENTATION_BACKLOG_RICH_NO_DUPES_V1\raw\OBSIDIA_RSSI_RGPD_ISO_READINESS_PACK_V2.zip","OBSIDIA_RSSI_RGPD_ISO_READINESS_PACK_V2/docs/executive/OBSIDIA_ONE_PAGE_SECURITY_BRIEF.md","OBSIDIA_ONE_PAGE_SECURITY_BRIEF.md",".md","5310","INTEGRATE_TO_COMPLIANCE_DATA_GOVERNANCE_SPEC_CANDIDATE","RGPD_COMPLIANCE_SCOPE_GUARD + RSSI_EVIDENCE_ONLY","LEGAL_OR_COMPLIANCE_CLAIM_SCOPE","false","false","false","false","F10 audit only; deduped source zip inventory; no extraction; no runtime import"
"OBSIDIA_RSSI_RGPD_ISO_READINESS_PACK_V2.zip","C:\Users\User\Desktop\obsidia-engine-proof-core\obsidia-x108-proofs_REMOTE_A5F21C6B\_source_packs\OBSIDIA_UNIFIED_IMPLEMENTATION_BACKLOG_RICH_NO_DUPES_V1\raw\OBSIDIA_RSSI_RGPD_ISO_READINESS_PACK_V2.zip","OBSIDIA_RSSI_RGPD_ISO_READINESS_PACK_V2/docs/executive/OBSIDIA_RSSI_PRESENTATION_NARRATIVE.md","OBSIDIA_RSSI_PRESENTATION_NARRATIVE.md",".md","5346","INTEGRATE_TO_COMPLIANCE_DATA_GOVERNANCE_SPEC_CANDIDATE","RGPD_COMPLIANCE_SCOPE_GUARD + RSSI_EVIDENCE_ONLY","LEGAL_OR_COMPLIANCE_CLAIM_SCOPE","false","false","false","false","F10 audit only; deduped source zip inventory; no extraction; no runtime import"
"OBSIDIA_RSSI_RGPD_ISO_READINESS_PACK_V2.zip","C:\Users\User\Desktop\obsidia-engine-proof-core\obsidia-x108-proofs_REMOTE_A5F21C6B\_source_packs\OBSIDIA_UNIFIED_IMPLEMENTATION_BACKLOG_RICH_NO_DUPES_V1\raw\OBSIDIA_RSSI_RGPD_ISO_READINESS_PACK_V2.zip","OBSIDIA_RSSI_RGPD_ISO_READINESS_PACK_V2/docs/executive/OBSIDIA_SECURITY_VALUE_PROPOSITION.md","OBSIDIA_SECURITY_VALUE_PROPOSITION.md",".md","5337","INTEGRATE_TO_COMPLIANCE_DATA_GOVERNANCE_SPEC_CANDIDATE","RGPD_COMPLIANCE_SCOPE_GUARD + RSSI_EVIDENCE_ONLY","LEGAL_OR_COMPLIANCE_CLAIM_SCOPE","false","false","false","false","F10 audit only; deduped source zip inventory; no extraction; no runtime import"
"OBSIDIA_RSSI_RGPD_ISO_READINESS_PACK_V2.zip","C:\Users\User\Desktop\obsidia-engine-proof-core\obsidia-x108-proofs_REMOTE_A5F21C6B\_source_packs\OBSIDIA_UNIFIED_IMPLEMENTATION_BACKLOG_RICH_NO_DUPES_V1\raw\OBSIDIA_RSSI_RGPD_ISO_READINESS_PACK_V2.zip","OBSIDIA_RSSI_RGPD_ISO_READINESS_PACK_V2/docs/architecture/OBSIDIA_SECURITY_ARCHITECTURE_OVERVIEW.md","OBSIDIA_SECURITY_ARCHITECTURE_OVERVIEW.md",".md","5330","INTEGRATE_TO_COMPLIANCE_DATA_GOVERNANCE_SPEC_CANDIDATE","RGPD_COMPLIANCE_SCOPE_GUARD + RSSI_EVIDENCE_ONLY","LEGAL_OR_COMPLIANCE_CLAIM_SCOPE","false","false","false","false","F10 audit only; deduped source zip inventory; no extraction; no runtime import"
"OBSIDIA_RSSI_RGPD_ISO_READINESS_PACK_V2.zip","C:\Users\User\Desktop\obsidia-engine-proof-core\obsidia-x108-proofs_REMOTE_A5F21C6B\_source_packs\OBSIDIA_UNIFIED_IMPLEMENTATION_BACKLOG_RICH_NO_DUPES_V1\raw\OBSIDIA_RSSI_RGPD_ISO_READINESS_PACK_V2.zip","OBSIDIA_RSSI_RGPD_ISO_READINESS_PACK_V2/docs/architecture/OBSIDIA_OS0_OS4_SECURITY_MAPPING.md","OBSIDIA_OS0_OS4_SECURITY_MAPPING.md",".md","5276","INTEGRATE_TO_COMPLIANCE_DATA_GOVERNANCE_SPEC_CANDIDATE","RGPD_COMPLIANCE_SCOPE_GUARD + RSSI_EVIDENCE_ONLY","LEGAL_OR_COMPLIANCE_CLAIM_SCOPE","false","false","false","false","F10 audit only; deduped source zip inventory; no extraction; no runtime import"
"OBSIDIA_RSSI_RGPD_ISO_READINESS_PACK_V2.zip","C:\Users\User\Desktop\obsidia-engine-proof-core\obsidia-x108-proofs_REMOTE_A5F21C6B\_source_packs\OBSIDIA_UNIFIED_IMPLEMENTATION_BACKLOG_RICH_NO_DUPES_V1\raw\OBSIDIA_RSSI_RGPD_ISO_READINESS_PACK_V2.zip","OBSIDIA_RSSI_RGPD_ISO_READINESS_PACK_V2/docs/architecture/OBSIDIA_X108_SECURITY_MODEL.md","OBSIDIA_X108_SECURITY_MODEL.md",".md","5231","INTEGRATE_TO_COMPLIANCE_DATA_GOVERNANCE_SPEC_CANDIDATE","RGPD_COMPLIANCE_SCOPE_GUARD + RSSI_EVIDENCE_ONLY","LEGAL_OR_COMPLIANCE_CLAIM_SCOPE","false","false","false","false","F10 audit only; deduped source zip inventory; no extraction; no runtime import"
"OBSIDIA_RSSI_RGPD_ISO_READINESS_PACK_V2.zip","C:\Users\User\Desktop\obsidia-engine-proof-core\obsidia-x108-proofs_REMOTE_A5F21C6B\_source_packs\OBSIDIA_UNIFIED_IMPLEMENTATION_BACKLOG_RICH_NO_DUPES_V1\raw\OBSIDIA_RSSI_RGPD_ISO_READINESS_PACK_V2.zip","OBSIDIA_RSSI_RGPD_ISO_READINESS_PACK_V2/docs/architecture/OBSIDIA_READONLY_PERIPHERY_MODEL.md","OBSIDIA_READONLY_PERIPHERY_MODEL.md",".md","5276","INTEGRATE_TO_COMPLIANCE_DATA_GOVERNANCE_SPEC_CANDIDATE","RGPD_COMPLIANCE_SCOPE_GUARD + RSSI_EVIDENCE_ONLY","LEGAL_OR_COMPLIANCE_CLAIM_SCOPE","false","false","false","false","F10 audit only; deduped source zip inventory; no extraction; no runtime import"
"OBSIDIA_RSSI_RGPD_ISO_READINESS_PACK_V2.zip","C:\Users\User\Desktop\obsidia-engine-proof-core\obsidia-x108-proofs_REMOTE_A5F21C6B\_source_packs\OBSIDIA_UNIFIED_IMPLEMENTATION_BACKLOG_RICH_NO_DUPES_V1\raw\OBSIDIA_RSSI_RGPD_ISO_READINESS_PACK_V2.zip","OBSIDIA_RSSI_RGPD_ISO_READINESS_PACK_V2/docs/architecture/OBSIDIA_TRUST_BOUNDARIES.md","OBSIDIA_TRUST_BOUNDARIES.md",".md","5204","INTEGRATE_TO_COMPLIANCE_DATA_GOVERNANCE_SPEC_CANDIDATE","RGPD_COMPLIANCE_SCOPE_GUARD + RSSI_EVIDENCE_ONLY","LEGAL_OR_COMPLIANCE_CLAIM_SCOPE","false","false","false","false","F10 audit only; deduped source zip inventory; no extraction; no runtime import"
"OBSIDIA_RSSI_RGPD_ISO_READINESS_PACK_V2.zip","C:\Users\User\Desktop\obsidia-engine-proof-core\obsidia-x108-proofs_REMOTE_A5F21C6B\_source_packs\OBSIDIA_UNIFIED_IMPLEMENTATION_BACKLOG_RICH_NO_DUPES_V1\raw\OBSIDIA_RSSI_RGPD_ISO_READINESS_PACK_V2.zip","OBSIDIA_RSSI_RGPD_ISO_READINESS_PACK_V2/docs/architecture/OBSIDIA_DATA_FLOW_SECURITY_MAP.md","OBSIDIA_DATA_FLOW_SECURITY_MAP.md",".md","5258","INTEGRATE_TO_COMPLIANCE_DATA_GOVERNANCE_SPEC_CANDIDATE","RGPD_COMPLIANCE_SCOPE_GUARD + RSSI_EVIDENCE_ONLY","LEGAL_OR_COMPLIANCE_CLAIM_SCOPE","false","false","false","false","F10 audit only; deduped source zip inventory; no extraction; no runtime import"
"OBSIDIA_RSSI_RGPD_ISO_READINESS_PACK_V2.zip","C:\Users\User\Desktop\obsidia-engine-proof-core\obsidia-x108-proofs_REMOTE_A5F21C6B\_source_packs\OBSIDIA_UNIFIED_IMPLEMENTATION_BACKLOG_RICH_NO_DUPES_V1\raw\OBSIDIA_RSSI_RGPD_ISO_READINESS_PACK_V2.zip","OBSIDIA_RSSI_RGPD_ISO_READINESS_PACK_V2/docs/architecture/OBSIDIA_DECISION_FLOW_SECURITY_MAP.md","OBSIDIA_DECISION_FLOW_SECURITY_MAP.md",".md","5294","INTEGRATE_TO_COMPLIANCE_DATA_GOVERNANCE_SPEC_CANDIDATE","RGPD_COMPLIANCE_SCOPE_GUARD + RSSI_EVIDENCE_ONLY","LEGAL_OR_COMPLIANCE_CLAIM_SCOPE","false","false","false","false","F10 audit only; deduped source zip inventory; no extraction; no runtime import"
"OBSIDIA_RSSI_RGPD_ISO_READINESS_PACK_V2.zip","C:\Users\User\Desktop\obsidia-engine-proof-core\obsidia-x108-proofs_REMOTE_A5F21C6B\_source_packs\OBSIDIA_UNIFIED_IMPLEMENTATION_BACKLOG_RICH_NO_DUPES_V1\raw\OBSIDIA_RSSI_RGPD_ISO_READINESS_PACK_V2.zip","OBSIDIA_RSSI_RGPD_ISO_READINESS_PACK_V2/docs/architecture/OBSIDIA_COMPONENT_AUTHORITY_MATRIX.md","OBSIDIA_COMPONENT_AUTHORITY_MATRIX.md",".md","5294","INTEGRATE_TO_COMPLIANCE_DATA_GOVERNANCE_SPEC_CANDIDATE","RGPD_COMPLIANCE_SCOPE_GUARD + RSSI_EVIDENCE_ONLY","LEGAL_OR_COMPLIANCE_CLAIM_SCOPE","false","false","false","false","F10 audit only; deduped source zip inventory; no extraction; no runtime import"
"OBSIDIA_RSSI_RGPD_ISO_READINESS_PACK_V2.zip","C:\Users\User\Desktop\obsidia-engine-proof-core\obsidia-x108-proofs_REMOTE_A5F21C6B\_source_packs\OBSIDIA_UNIFIED_IMPLEMENTATION_BACKLOG_RICH_NO_DUPES_V1\raw\OBSIDIA_RSSI_RGPD_ISO_READINESS_PACK_V2.zip","OBSIDIA_RSSI_RGPD_ISO_READINESS_PACK_V2/docs/governance/OBSIDIA_GOVERNANCE_MODEL.md","OBSIDIA_GOVERNANCE_MODEL.md",".md","5165","INTEGRATE_TO_COMPLIANCE_DATA_GOVERNANCE_SPEC_CANDIDATE","RGPD_COMPLIANCE_SCOPE_GUARD + RSSI_EVIDENCE_ONLY","LEGAL_OR_COMPLIANCE_CLAIM_SCOPE","false","false","false","false","F10 audit only; deduped source zip inventory; no extraction; no runtime import"
"OBSIDIA_RSSI_RGPD_ISO_READINESS_PACK_V2.zip","C:\Users\User\Desktop\obsidia-engine-proof-core\obsidia-x108-proofs_REMOTE_A5F21C6B\_source_packs\OBSIDIA_UNIFIED_IMPLEMENTATION_BACKLOG_RICH_NO_DUPES_V1\raw\OBSIDIA_RSSI_RGPD_ISO_READINESS_PACK_V2.zip","OBSIDIA_RSSI_RGPD_ISO_READINESS_PACK_V2/docs/governance/OBSIDIA_DECISION_AUTHORITY_POLICY.md","OBSIDIA_DECISION_AUTHORITY_POLICY.md",".md","5246","INTEGRATE_TO_COMPLIANCE_DATA_GOVERNANCE_SPEC_CANDIDATE","RGPD_COMPLIANCE_SCOPE_GUARD + RSSI_EVIDENCE_ONLY","LEGAL_OR_COMPLIANCE_CLAIM_SCOPE","false","false","false","false","F10 audit only; deduped source zip inventory; no extraction; no runtime import"
"OBSIDIA_RSSI_RGPD_ISO_READINESS_PACK_V2.zip","C:\Users\User\Desktop\obsidia-engine-proof-core\obsidia-x108-proofs_REMOTE_A5F21C6B\_source_packs\OBSIDIA_UNIFIED_IMPLEMENTATION_BACKLOG_RICH_NO_DUPES_V1\raw\OBSIDIA_RSSI_RGPD_ISO_READINESS_PACK_V2.zip","OBSIDIA_RSSI_RGPD_ISO_READINESS_PACK_V2/docs/governance/OBSIDIA_HUMAN_OVERSIGHT_POLICY.md","OBSIDIA_HUMAN_OVERSIGHT_POLICY.md",".md","5219","INTEGRATE_TO_COMPLIANCE_DATA_GOVERNANCE_SPEC_CANDIDATE","RGPD_COMPLIANCE_SCOPE_GUARD + RSSI_EVIDENCE_ONLY","LEGAL_OR_COMPLIANCE_CLAIM_SCOPE","false","false","false","false","F10 audit only; deduped source zip inventory; no extraction; no runtime import"
"OBSIDIA_RSSI_RGPD_ISO_READINESS_PACK_V2.zip","C:\Users\User\Desktop\obsidia-engine-proof-core\obsidia-x108-proofs_REMOTE_A5F21C6B\_source_packs\OBSIDIA_UNIFIED_IMPLEMENTATION_BACKLOG_RICH_NO_DUPES_V1\raw\OBSIDIA_RSSI_RGPD_ISO_READINESS_PACK_V2.zip","OBSIDIA_RSSI_RGPD_ISO_READINESS_PACK_V2/docs/governance/OBSIDIA_CHANGE_CONTROL_POLICY.md","OBSIDIA_CHANGE_CONTROL_POLICY.md",".md","5210","INTEGRATE_TO_COMPLIANCE_DATA_GOVERNANCE_SPEC_CANDIDATE","RGPD_COMPLIANCE_SCOPE_GUARD + RSSI_EVIDENCE_ONLY","LEGAL_OR_COMPLIANCE_CLAIM_SCOPE","false","false","false","false","F10 audit only; deduped source zip inventory; no extraction; no runtime import"
"OBSIDIA_RSSI_RGPD_ISO_READINESS_PACK_V2.zip","C:\Users\User\Desktop\obsidia-engine-proof-core\obsidia-x108-proofs_REMOTE_A5F21C6B\_source_packs\OBSIDIA_UNIFIED_IMPLEMENTATION_BACKLOG_RICH_NO_DUPES_V1\raw\OBSIDIA_RSSI_RGPD_ISO_READINESS_PACK_V2.zip","OBSIDIA_RSSI_RGPD_ISO_READINESS_PACK_V2/docs/governance/OBSIDIA_CANONICAL_PROMOTION_POLICY.md","OBSIDIA_CANONICAL_PROMOTION_POLICY.md",".md","5255","INTEGRATE_TO_COMPLIANCE_DATA_GOVERNANCE_SPEC_CANDIDATE","RGPD_COMPLIANCE_SCOPE_GUARD + RSSI_EVIDENCE_ONLY","LEGAL_OR_COMPLIANCE_CLAIM_SCOPE","false","false","false","false","F10 audit only; deduped source zip inventory; no extraction; no runtime import"
"OBSIDIA_RSSI_RGPD_ISO_READINESS_PACK_V2.zip","C:\Users\User\Desktop\obsidia-engine-proof-core\obsidia-x108-proofs_REMOTE_A5F21C6B\_source_packs\OBSIDIA_UNIFIED_IMPLEMENTATION_BACKLOG_RICH_NO_DUPES_V1\raw\OBSIDIA_RSSI_RGPD_ISO_READINESS_PACK_V2.zip","OBSIDIA_RSSI_RGPD_ISO_READINESS_PACK_V2/docs/governance/OBSIDIA_READONLY_BOUNDARY_POLICY.md","OBSIDIA_READONLY_BOUNDARY_POLICY.md",".md","5237","INTEGRATE_TO_COMPLIANCE_DATA_GOVERNANCE_SPEC_CANDIDATE","RGPD_COMPLIANCE_SCOPE_GUARD + RSSI_EVIDENCE_ONLY","LEGAL_OR_COMPLIANCE_CLAIM_SCOPE","false","false","false","false","F10 audit only; deduped source zip inventory; no extraction; no runtime import"
"OBSIDIA_RSSI_RGPD_ISO_READINESS_PACK_V2.zip","C:\Users\User\Desktop\obsidia-engine-proof-core\obsidia-x108-proofs_REMOTE_A5F21C6B\_source_packs\OBSIDIA_UNIFIED_IMPLEMENTATION_BACKLOG_RICH_NO_DUPES_V1\raw\OBSIDIA_RSSI_RGPD_ISO_READINESS_PACK_V2.zip","OBSIDIA_RSSI_RGPD_ISO_READINESS_PACK_V2/docs/governance/OBSIDIA_NO_ACT_FROM_PERIPHERY_POLICY.md","OBSIDIA_NO_ACT_FROM_PERIPHERY_POLICY.md",".md","5273","INTEGRATE_TO_COMPLIANCE_DATA_GOVERNANCE_SPEC_CANDIDATE","RGPD_COMPLIANCE_SCOPE_GUARD + RSSI_EVIDENCE_ONLY","LEGAL_OR_COMPLIANCE_CLAIM_SCOPE","false","false","false","false","F10 audit only; deduped source zip inventory; no extraction; no runtime import"
"OBSIDIA_RSSI_RGPD_ISO_READINESS_PACK_V2.zip","C:\Users\User\Desktop\obsidia-engine-proof-core\obsidia-x108-proofs_REMOTE_A5F21C6B\_source_packs\OBSIDIA_UNIFIED_IMPLEMENTATION_BACKLOG_RICH_NO_DUPES_V1\raw\OBSIDIA_RSSI_RGPD_ISO_READINESS_PACK_V2.zip","OBSIDIA_RSSI_RGPD_ISO_READINESS_PACK_V2/docs/governance/OBSIDIA_SECURITY_RESPONSIBILITY_MATRIX.md","OBSIDIA_SECURITY_RESPONSIBILITY_MATRIX.md",".md","5291","INTEGRATE_TO_COMPLIANCE_DATA_GOVERNANCE_SPEC_CANDIDATE","RGPD_COMPLIANCE_SCOPE_GUARD + RSSI_EVIDENCE_ONLY","LEGAL_OR_COMPLIANCE_CLAIM_SCOPE","false","false","false","false","F10 audit only; deduped source zip inventory; no extraction; no runtime import"
"OBSIDIA_RSSI_RGPD_ISO_READINESS_PACK_V2.zip","C:\Users\User\Desktop\obsidia-engine-proof-core\obsidia-x108-proofs_REMOTE_A5F21C6B\_source_packs\OBSIDIA_UNIFIED_IMPLEMENTATION_BACKLOG_RICH_NO_DUPES_V1\raw\OBSIDIA_RSSI_RGPD_ISO_READINESS_PACK_V2.zip","OBSIDIA_RSSI_RGPD_ISO_READINESS_PACK_V2/docs/risk/OBSIDIA_RISK_REGISTER.md","OBSIDIA_RISK_REGISTER.md",".md","20529","INTEGRATE_TO_COMPLIANCE_DATA_GOVERNANCE_SPEC_CANDIDATE","RGPD_COMPLIANCE_SCOPE_GUARD + RSSI_EVIDENCE_ONLY","LEGAL_OR_COMPLIANCE_CLAIM_SCOPE","false","false","false","false","F10 audit only; deduped source zip inventory; no extraction; no runtime import"
"OBSIDIA_RSSI_RGPD_ISO_READINESS_PACK_V2.zip","C:\Users\User\Desktop\obsidia-engine-proof-core\obsidia-x108-proofs_REMOTE_A5F21C6B\_source_packs\OBSIDIA_UNIFIED_IMPLEMENTATION_BACKLOG_RICH_NO_DUPES_V1\raw\OBSIDIA_RSSI_RGPD_ISO_READINESS_PACK_V2.zip","OBSIDIA_RSSI_RGPD_ISO_READINESS_PACK_V2/docs/risk/OBSIDIA_AI_RISK_REGISTER.md","OBSIDIA_AI_RISK_REGISTER.md",".md","5121","INTEGRATE_TO_COMPLIANCE_DATA_GOVERNANCE_SPEC_CANDIDATE","RGPD_COMPLIANCE_SCOPE_GUARD + RSSI_EVIDENCE_ONLY","LEGAL_OR_COMPLIANCE_CLAIM_SCOPE","false","false","false","false","F10 audit only; deduped source zip inventory; no extraction; no runtime import"
"OBSIDIA_RSSI_RGPD_ISO_READINESS_PACK_V2.zip","C:\Users\User\Desktop\obsidia-engine-proof-core\obsidia-x108-proofs_REMOTE_A5F21C6B\_source_packs\OBSIDIA_UNIFIED_IMPLEMENTATION_BACKLOG_RICH_NO_DUPES_V1\raw\OBSIDIA_RSSI_RGPD_ISO_READINESS_PACK_V2.zip","OBSIDIA_RSSI_RGPD_ISO_READINESS_PACK_V2/docs/risk/OBSIDIA_OPERATIONAL_RISK_REGISTER.md","OBSIDIA_OPERATIONAL_RISK_REGISTER.md",".md","5202","INTEGRATE_TO_COMPLIANCE_DATA_GOVERNANCE_SPEC_CANDIDATE","RGPD_COMPLIANCE_SCOPE_GUARD + RSSI_EVIDENCE_ONLY","LEGAL_OR_COMPLIANCE_CLAIM_SCOPE","false","false","false","false","F10 audit only; deduped source zip inventory; no extraction; no runtime import"
"OBSIDIA_RSSI_RGPD_ISO_READINESS_PACK_V2.zip","C:\Users\User\Desktop\obsidia-engine-proof-core\obsidia-x108-proofs_REMOTE_A5F21C6B\_source_packs\OBSIDIA_UNIFIED_IMPLEMENTATION_BACKLOG_RICH_NO_DUPES_V1\raw\OBSIDIA_RSSI_RGPD_ISO_READINESS_PACK_V2.zip","OBSIDIA_RSSI_RGPD_ISO_READINESS_PACK_V2/docs/risk/OBSIDIA_TECHNICAL_RISK_REGISTER.md","OBSIDIA_TECHNICAL_RISK_REGISTER.md",".md","5184","INTEGRATE_TO_COMPLIANCE_DATA_GOVERNANCE_SPEC_CANDIDATE","RGPD_COMPLIANCE_SCOPE_GUARD + RSSI_EVIDENCE_ONLY","LEGAL_OR_COMPLIANCE_CLAIM_SCOPE","false","false","false","false","F10 audit only; deduped source zip inventory; no extraction; no runtime import"
"OBSIDIA_RSSI_RGPD_ISO_READINESS_PACK_V2.zip","C:\Users\User\Desktop\obsidia-engine-proof-core\obsidia-x108-proofs_REMOTE_A5F21C6B\_source_packs\OBSIDIA_UNIFIED_IMPLEMENTATION_BACKLOG_RICH_NO_DUPES_V1\raw\OBSIDIA_RSSI_RGPD_ISO_READINESS_PACK_V2.zip","OBSIDIA_RSSI_RGPD_ISO_READINESS_PACK_V2/docs/risk/OBSIDIA_DATA_RISK_REGISTER.md","OBSIDIA_DATA_RISK_REGISTER.md",".md","5139","INTEGRATE_TO_COMPLIANCE_DATA_GOVERNANCE_SPEC_CANDIDATE","RGPD_COMPLIANCE_SCOPE_GUARD + RSSI_EVIDENCE_ONLY","LEGAL_OR_COMPLIANCE_CLAIM_SCOPE","false","false","false","false","F10 audit only; deduped source zip inventory; no extraction; no runtime import"
"OBSIDIA_RSSI_RGPD_ISO_READINESS_PACK_V2.zip","C:\Users\User\Desktop\obsidia-engine-proof-core\obsidia-x108-proofs_REMOTE_A5F21C6B\_source_packs\OBSIDIA_UNIFIED_IMPLEMENTATION_BACKLOG_RICH_NO_DUPES_V1\raw\OBSIDIA_RSSI_RGPD_ISO_READINESS_PACK_V2.zip","OBSIDIA_RSSI_RGPD_ISO_READINESS_PACK_V2/docs/risk/OBSIDIA_GRAPHITI_NEO4J_RISK_REGISTER.md","OBSIDIA_GRAPHITI_NEO4J_RISK_REGISTER.md",".md","5229","INTEGRATE_TO_COMPLIANCE_DATA_GOVERNANCE_SPEC_CANDIDATE","RGPD_COMPLIANCE_SCOPE_GUARD + RSSI_EVIDENCE_ONLY","LEGAL_OR_COMPLIANCE_CLAIM_SCOPE","false","false","false","false","F10 audit only; deduped source zip inventory; no extraction; no runtime import"
"OBSIDIA_RSSI_RGPD_ISO_READINESS_PACK_V2.zip","C:\Users\User\Desktop\obsidia-engine-proof-core\obsidia-x108-proofs_REMOTE_A5F21C6B\_source_packs\OBSIDIA_UNIFIED_IMPLEMENTATION_BACKLOG_RICH_NO_DUPES_V1\raw\OBSIDIA_RSSI_RGPD_ISO_READINESS_PACK_V2.zip","OBSIDIA_RSSI_RGPD_ISO_READINESS_PACK_V2/docs/risk/OBSIDIA_X108_RISK_REGISTER.md","OBSIDIA_X108_RISK_REGISTER.md",".md","5139","INTEGRATE_TO_COMPLIANCE_DATA_GOVERNANCE_SPEC_CANDIDATE","RGPD_COMPLIANCE_SCOPE_GUARD + RSSI_EVIDENCE_ONLY","LEGAL_OR_COMPLIANCE_CLAIM_SCOPE","false","false","false","false","F10 audit only; deduped source zip inventory; no extraction; no runtime import"
"OBSIDIA_RSSI_RGPD_ISO_READINESS_PACK_V2.zip","C:\Users\User\Desktop\obsidia-engine-proof-core\obsidia-x108-proofs_REMOTE_A5F21C6B\_source_packs\OBSIDIA_UNIFIED_IMPLEMENTATION_BACKLOG_RICH_NO_DUPES_V1\raw\OBSIDIA_RSSI_RGPD_ISO_READINESS_PACK_V2.zip","OBSIDIA_RSSI_RGPD_ISO_READINESS_PACK_V2/docs/risk/OBSIDIA_SUPPLY_CHAIN_RISK_REGISTER.md","OBSIDIA_SUPPLY_CHAIN_RISK_REGISTER.md",".md","5211","INTEGRATE_TO_COMPLIANCE_DATA_GOVERNANCE_SPEC_CANDIDATE","RGPD_COMPLIANCE_SCOPE_GUARD + RSSI_EVIDENCE_ONLY","LEGAL_OR_COMPLIANCE_CLAIM_SCOPE","false","false","false","false","F10 audit only; deduped source zip inventory; no extraction; no runtime import"
"OBSIDIA_RSSI_RGPD_ISO_READINESS_PACK_V2.zip","C:\Users\User\Desktop\obsidia-engine-proof-core\obsidia-x108-proofs_REMOTE_A5F21C6B\_source_packs\OBSIDIA_UNIFIED_IMPLEMENTATION_BACKLOG_RICH_NO_DUPES_V1\raw\OBSIDIA_RSSI_RGPD_ISO_READINESS_PACK_V2.zip","OBSIDIA_RSSI_RGPD_ISO_READINESS_PACK_V2/docs/risk/OBSIDIA_RESIDUAL_RISK_MATRIX.md","OBSIDIA_RESIDUAL_RISK_MATRIX.md",".md","5157","INTEGRATE_TO_COMPLIANCE_DATA_GOVERNANCE_SPEC_CANDIDATE","RGPD_COMPLIANCE_SCOPE_GUARD + RSSI_EVIDENCE_ONLY","LEGAL_OR_COMPLIANCE_CLAIM_SCOPE","false","false","false","false","F10 audit only; deduped source zip inventory; no extraction; no runtime import"
"OBSIDIA_RSSI_RGPD_ISO_READINESS_PACK_V2.zip","C:\Users\User\Desktop\obsidia-engine-proof-core\obsidia-x108-proofs_REMOTE_A5F21C6B\_source_packs\OBSIDIA_UNIFIED_IMPLEMENTATION_BACKLOG_RICH_NO_DUPES_V1\raw\OBSIDIA_RSSI_RGPD_ISO_READINESS_PACK_V2.zip","OBSIDIA_RSSI_RGPD_ISO_READINESS_PACK_V2/docs/controls/OBSIDIA_SECURITY_CONTROLS_CATALOG.md","OBSIDIA_SECURITY_CONTROLS_CATALOG.md",".md","22973","INTEGRATE_TO_COMPLIANCE_DATA_GOVERNANCE_SPEC_CANDIDATE","RGPD_COMPLIANCE_SCOPE_GUARD + RSSI_EVIDENCE_ONLY","LEGAL_OR_COMPLIANCE_CLAIM_SCOPE","false","false","false","false","F10 audit only; deduped source zip inventory; no extraction; no runtime import"
"OBSIDIA_RSSI_RGPD_ISO_READINESS_PACK_V2.zip","C:\Users\User\Desktop\obsidia-engine-proof-core\obsidia-x108-proofs_REMOTE_A5F21C6B\_source_packs\OBSIDIA_UNIFIED_IMPLEMENTATION_BACKLOG_RICH_NO_DUPES_V1\raw\OBSIDIA_RSSI_RGPD_ISO_READINESS_PACK_V2.zip","OBSIDIA_RSSI_RGPD_ISO_READINESS_PACK_V2/docs/controls/OBSIDIA_CONTROL_MAPPING_ISO27001.md","OBSIDIA_CONTROL_MAPPING_ISO27001.md",".md","5206","INTEGRATE_TO_COMPLIANCE_DATA_GOVERNANCE_SPEC_CANDIDATE","RGPD_COMPLIANCE_SCOPE_GUARD + RSSI_EVIDENCE_ONLY","LEGAL_OR_COMPLIANCE_CLAIM_SCOPE","false","false","false","false","F10 audit only; deduped source zip inventory; no extraction; no runtime import"
"OBSIDIA_RSSI_RGPD_ISO_READINESS_PACK_V2.zip","C:\Users\User\Desktop\obsidia-engine-proof-core\obsidia-x108-proofs_REMOTE_A5F21C6B\_source_packs\OBSIDIA_UNIFIED_IMPLEMENTATION_BACKLOG_RICH_NO_DUPES_V1\raw\OBSIDIA_RSSI_RGPD_ISO_READINESS_PACK_V2.zip","OBSIDIA_RSSI_RGPD_ISO_READINESS_PACK_V2/docs/controls/OBSIDIA_CONTROL_MAPPING_NIST_CSF.md","OBSIDIA_CONTROL_MAPPING_NIST_CSF.md",".md","5206","INTEGRATE_TO_COMPLIANCE_DATA_GOVERNANCE_SPEC_CANDIDATE","RGPD_COMPLIANCE_SCOPE_GUARD + RSSI_EVIDENCE_ONLY","LEGAL_OR_COMPLIANCE_CLAIM_SCOPE","false","false","false","false","F10 audit only; deduped source zip inventory; no extraction; no runtime import"
"OBSIDIA_RSSI_RGPD_ISO_READINESS_PACK_V2.zip","C:\Users\User\Desktop\obsidia-engine-proof-core\obsidia-x108-proofs_REMOTE_A5F21C6B\_source_packs\OBSIDIA_UNIFIED_IMPLEMENTATION_BACKLOG_RICH_NO_DUPES_V1\raw\OBSIDIA_RSSI_RGPD_ISO_READINESS_PACK_V2.zip","OBSIDIA_RSSI_RGPD_ISO_READINESS_PACK_V2/docs/controls/OBSIDIA_CONTROL_MAPPING_EBIOS_RM.md","OBSIDIA_CONTROL_MAPPING_EBIOS_RM.md",".md","5206","INTEGRATE_TO_COMPLIANCE_DATA_GOVERNANCE_SPEC_CANDIDATE","RGPD_COMPLIANCE_SCOPE_GUARD + RSSI_EVIDENCE_ONLY","LEGAL_OR_COMPLIANCE_CLAIM_SCOPE","false","false","false","false","F10 audit only; deduped source zip inventory; no extraction; no runtime import"
"OBSIDIA_RSSI_RGPD_ISO_READINESS_PACK_V2.zip","C:\Users\User\Desktop\obsidia-engine-proof-core\obsidia-x108-proofs_REMOTE_A5F21C6B\_source_packs\OBSIDIA_UNIFIED_IMPLEMENTATION_BACKLOG_RICH_NO_DUPES_V1\raw\OBSIDIA_RSSI_RGPD_ISO_READINESS_PACK_V2.zip","OBSIDIA_RSSI_RGPD_ISO_READINESS_PACK_V2/docs/controls/OBSIDIA_CONTROL_MAPPING_AI_GOVERNANCE.md","OBSIDIA_CONTROL_MAPPING_AI_GOVERNANCE.md",".md","5251","INTEGRATE_TO_COMPLIANCE_DATA_GOVERNANCE_SPEC_CANDIDATE","RGPD_COMPLIANCE_SCOPE_GUARD + RSSI_EVIDENCE_ONLY","LEGAL_OR_COMPLIANCE_CLAIM_SCOPE","false","false","false","false","F10 audit only; deduped source zip inventory; no extraction; no runtime import"
"OBSIDIA_RSSI_RGPD_ISO_READINESS_PACK_V2.zip","C:\Users\User\Desktop\obsidia-engine-proof-core\obsidia-x108-proofs_REMOTE_A5F21C6B\_source_packs\OBSIDIA_UNIFIED_IMPLEMENTATION_BACKLOG_RICH_NO_DUPES_V1\raw\OBSIDIA_RSSI_RGPD_ISO_READINESS_PACK_V2.zip","OBSIDIA_RSSI_RGPD_ISO_READINESS_PACK_V2/docs/controls/OBSIDIA_CONTROL_COVERAGE_MATRIX.md","OBSIDIA_CONTROL_COVERAGE_MATRIX.md",".md","5197","INTEGRATE_TO_COMPLIANCE_DATA_GOVERNANCE_SPEC_CANDIDATE","RGPD_COMPLIANCE_SCOPE_GUARD + RSSI_EVIDENCE_ONLY","LEGAL_OR_COMPLIANCE_CLAIM_SCOPE","false","false","false","false","F10 audit only; deduped source zip inventory; no extraction; no runtime import"
"OBSIDIA_RSSI_RGPD_ISO_READINESS_PACK_V2.zip","C:\Users\User\Desktop\obsidia-engine-proof-core\obsidia-x108-proofs_REMOTE_A5F21C6B\_source_packs\OBSIDIA_UNIFIED_IMPLEMENTATION_BACKLOG_RICH_NO_DUPES_V1\raw\OBSIDIA_RSSI_RGPD_ISO_READINESS_PACK_V2.zip","OBSIDIA_RSSI_RGPD_ISO_READINESS_PACK_V2/docs/controls/OBSIDIA_CONTROL_GAPS.md","OBSIDIA_CONTROL_GAPS.md",".md","5098","INTEGRATE_TO_COMPLIANCE_DATA_GOVERNANCE_SPEC_CANDIDATE","RGPD_COMPLIANCE_SCOPE_GUARD + RSSI_EVIDENCE_ONLY","LEGAL_OR_COMPLIANCE_CLAIM_SCOPE","false","false","false","false","F10 audit only; deduped source zip inventory; no extraction; no runtime import"
"OBSIDIA_RSSI_RGPD_ISO_READINESS_PACK_V2.zip","C:\Users\User\Desktop\obsidia-engine-proof-core\obsidia-x108-proofs_REMOTE_A5F21C6B\_source_packs\OBSIDIA_UNIFIED_IMPLEMENTATION_BACKLOG_RICH_NO_DUPES_V1\raw\OBSIDIA_RSSI_RGPD_ISO_READINESS_PACK_V2.zip","OBSIDIA_RSSI_RGPD_ISO_READINESS_PACK_V2/docs/controls/OBSIDIA_CONTROL_EVIDENCE_MAP.md","OBSIDIA_CONTROL_EVIDENCE_MAP.md",".md","5170","INTEGRATE_TO_COMPLIANCE_DATA_GOVERNANCE_SPEC_CANDIDATE","RGPD_COMPLIANCE_SCOPE_GUARD + RSSI_EVIDENCE_ONLY","LEGAL_OR_COMPLIANCE_CLAIM_SCOPE","false","false","false","false","F10 audit only; deduped source zip inventory; no extraction; no runtime import"
"OBSIDIA_RSSI_RGPD_ISO_READINESS_PACK_V2.zip","C:\Users\User\Desktop\obsidia-engine-proof-core\obsidia-x108-proofs_REMOTE_A5F21C6B\_source_packs\OBSIDIA_UNIFIED_IMPLEMENTATION_BACKLOG_RICH_NO_DUPES_V1\raw\OBSIDIA_RSSI_RGPD_ISO_READINESS_PACK_V2.zip","OBSIDIA_RSSI_RGPD_ISO_READINESS_PACK_V2/docs/audit/OBSIDIA_AUDIT_TRAIL_MODEL.md","OBSIDIA_AUDIT_TRAIL_MODEL.md",".md","5061","INTEGRATE_TO_COMPLIANCE_DATA_GOVERNANCE_SPEC_CANDIDATE","RGPD_COMPLIANCE_SCOPE_GUARD + RSSI_EVIDENCE_ONLY","LEGAL_OR_COMPLIANCE_CLAIM_SCOPE","false","false","false","false","F10 audit only; deduped source zip inventory; no extraction; no runtime import"
"OBSIDIA_RSSI_RGPD_ISO_READINESS_PACK_V2.zip","C:\Users\User\Desktop\obsidia-engine-proof-core\obsidia-x108-proofs_REMOTE_A5F21C6B\_source_packs\OBSIDIA_UNIFIED_IMPLEMENTATION_BACKLOG_RICH_NO_DUPES_V1\raw\OBSIDIA_RSSI_RGPD_ISO_READINESS_PACK_V2.zip","OBSIDIA_RSSI_RGPD_ISO_READINESS_PACK_V2/docs/audit/OBSIDIA_EVIDENCE_LEDGER_MODEL.md","OBSIDIA_EVIDENCE_LEDGER_MODEL.md",".md","5097","INTEGRATE_TO_COMPLIANCE_DATA_GOVERNANCE_SPEC_CANDIDATE","RGPD_COMPLIANCE_SCOPE_GUARD + RSSI_EVIDENCE_ONLY","LEGAL_OR_COMPLIANCE_CLAIM_SCOPE","false","false","false","false","F10 audit only; deduped source zip inventory; no extraction; no runtime import"
"OBSIDIA_RSSI_RGPD_ISO_READINESS_PACK_V2.zip","C:\Users\User\Desktop\obsidia-engine-proof-core\obsidia-x108-proofs_REMOTE_A5F21C6B\_source_packs\OBSIDIA_UNIFIED_IMPLEMENTATION_BACKLOG_RICH_NO_DUPES_V1\raw\OBSIDIA_RSSI_RGPD_ISO_READINESS_PACK_V2.zip","OBSIDIA_RSSI_RGPD_ISO_READINESS_PACK_V2/docs/audit/OBSIDIA_REPLAYABILITY_MODEL.md","OBSIDIA_REPLAYABILITY_MODEL.md",".md","5079","INTEGRATE_TO_COMPLIANCE_DATA_GOVERNANCE_SPEC_CANDIDATE","RGPD_COMPLIANCE_SCOPE_GUARD + RSSI_EVIDENCE_ONLY","LEGAL_OR_COMPLIANCE_CLAIM_SCOPE","false","false","false","false","F10 audit only; deduped source zip inventory; no extraction; no runtime import"
"OBSIDIA_RSSI_RGPD_ISO_READINESS_PACK_V2.zip","C:\Users\User\Desktop\obsidia-engine-proof-core\obsidia-x108-proofs_REMOTE_A5F21C6B\_source_packs\OBSIDIA_UNIFIED_IMPLEMENTATION_BACKLOG_RICH_NO_DUPES_V1\raw\OBSIDIA_RSSI_RGPD_ISO_READINESS_PACK_V2.zip","OBSIDIA_RSSI_RGPD_ISO_READINESS_PACK_V2/docs/audit/OBSIDIA_TRACEABILITY_MODEL.md","OBSIDIA_TRACEABILITY_MODEL.md",".md","5070","INTEGRATE_TO_COMPLIANCE_DATA_GOVERNANCE_SPEC_CANDIDATE","RGPD_COMPLIANCE_SCOPE_GUARD + RSSI_EVIDENCE_ONLY","LEGAL_OR_COMPLIANCE_CLAIM_SCOPE","false","false","false","false","F10 audit only; deduped source zip inventory; no extraction; no runtime import"
"OBSIDIA_RSSI_RGPD_ISO_READINESS_PACK_V2.zip","C:\Users\User\Desktop\obsidia-engine-proof-core\obsidia-x108-proofs_REMOTE_A5F21C6B\_source_packs\OBSIDIA_UNIFIED_IMPLEMENTATION_BACKLOG_RICH_NO_DUPES_V1\raw\OBSIDIA_RSSI_RGPD_ISO_READINESS_PACK_V2.zip","OBSIDIA_RSSI_RGPD_ISO_READINESS_PACK_V2/docs/audit/OBSIDIA_LOGGING_REQUIREMENTS.md","OBSIDIA_LOGGING_REQUIREMENTS.md",".md","5088","INTEGRATE_TO_COMPLIANCE_DATA_GOVERNANCE_SPEC_CANDIDATE","RGPD_COMPLIANCE_SCOPE_GUARD + RSSI_EVIDENCE_ONLY","LEGAL_OR_COMPLIANCE_CLAIM_SCOPE","false","false","false","false","F10 audit only; deduped source zip inventory; no extraction; no runtime import"
"OBSIDIA_RSSI_RGPD_ISO_READINESS_PACK_V2.zip","C:\Users\User\Desktop\obsidia-engine-proof-core\obsidia-x108-proofs_REMOTE_A5F21C6B\_source_packs\OBSIDIA_UNIFIED_IMPLEMENTATION_BACKLOG_RICH_NO_DUPES_V1\raw\OBSIDIA_RSSI_RGPD_ISO_READINESS_PACK_V2.zip","OBSIDIA_RSSI_RGPD_ISO_READINESS_PACK_V2/docs/audit/OBSIDIA_AUDIT_PROOF_REQUIREMENTS.md","OBSIDIA_AUDIT_PROOF_REQUIREMENTS.md",".md","5124","INTEGRATE_TO_COMPLIANCE_DATA_GOVERNANCE_SPEC_CANDIDATE","RGPD_COMPLIANCE_SCOPE_GUARD + RSSI_EVIDENCE_ONLY","LEGAL_OR_COMPLIANCE_CLAIM_SCOPE","false","false","false","false","F10 audit only; deduped source zip inventory; no extraction; no runtime import"
"OBSIDIA_RSSI_RGPD_ISO_READINESS_PACK_V2.zip","C:\Users\User\Desktop\obsidia-engine-proof-core\obsidia-x108-proofs_REMOTE_A5F21C6B\_source_packs\OBSIDIA_UNIFIED_IMPLEMENTATION_BACKLOG_RICH_NO_DUPES_V1\raw\OBSIDIA_RSSI_RGPD_ISO_READINESS_PACK_V2.zip","OBSIDIA_RSSI_RGPD_ISO_READINESS_PACK_V2/docs/audit/OBSIDIA_AUDIT_QUESTIONS_FOR_RSSI.md","OBSIDIA_AUDIT_QUESTIONS_FOR_RSSI.md",".md","5124","INTEGRATE_TO_COMPLIANCE_DATA_GOVERNANCE_SPEC_CANDIDATE","RGPD_COMPLIANCE_SCOPE_GUARD + RSSI_EVIDENCE_ONLY","LEGAL_OR_COMPLIANCE_CLAIM_SCOPE","false","false","false","false","F10 audit only; deduped source zip inventory; no extraction; no runtime import"
"OBSIDIA_RSSI_RGPD_ISO_READINESS_PACK_V2.zip","C:\Users\User\Desktop\obsidia-engine-proof-core\obsidia-x108-proofs_REMOTE_A5F21C6B\_source_packs\OBSIDIA_UNIFIED_IMPLEMENTATION_BACKLOG_RICH_NO_DUPES_V1\raw\OBSIDIA_RSSI_RGPD_ISO_READINESS_PACK_V2.zip","OBSIDIA_RSSI_RGPD_ISO_READINESS_PACK_V2/docs/audit/OBSIDIA_RSSI_REVIEW_CHECKLIST.md","OBSIDIA_RSSI_REVIEW_CHECKLIST.md",".md","5097","INTEGRATE_TO_COMPLIANCE_DATA_GOVERNANCE_SPEC_CANDIDATE","RGPD_COMPLIANCE_SCOPE_GUARD + RSSI_EVIDENCE_ONLY","LEGAL_OR_COMPLIANCE_CLAIM_SCOPE","false","false","false","false","F10 audit only; deduped source zip inventory; no extraction; no runtime import"
"OBSIDIA_RSSI_RGPD_ISO_READINESS_PACK_V2.zip","C:\Users\User\Desktop\obsidia-engine-proof-core\obsidia-x108-proofs_REMOTE_A5F21C6B\_source_packs\OBSIDIA_UNIFIED_IMPLEMENTATION_BACKLOG_RICH_NO_DUPES_V1\raw\OBSIDIA_RSSI_RGPD_ISO_READINESS_PACK_V2.zip","OBSIDIA_RSSI_RGPD_ISO_READINESS_PACK_V2/docs/security_cases/CASE_001_PROMPT_INJECTION.md","CASE_001_PROMPT_INJECTION.md",".md","5674","INTEGRATE_TO_COMPLIANCE_DATA_GOVERNANCE_SPEC_CANDIDATE","RGPD_COMPLIANCE_SCOPE_GUARD + RSSI_EVIDENCE_ONLY","LEGAL_OR_COMPLIANCE_CLAIM_SCOPE","false","false","false","false","F10 audit only; deduped source zip inventory; no extraction; no runtime import"
"OBSIDIA_RSSI_RGPD_ISO_READINESS_PACK_V2.zip","C:\Users\User\Desktop\obsidia-engine-proof-core\obsidia-x108-proofs_REMOTE_A5F21C6B\_source_packs\OBSIDIA_UNIFIED_IMPLEMENTATION_BACKLOG_RICH_NO_DUPES_V1\raw\OBSIDIA_RSSI_RGPD_ISO_READINESS_PACK_V2.zip","OBSIDIA_RSSI_RGPD_ISO_READINESS_PACK_V2/docs/security_cases/CASE_002_AGENT_BYPASS_ATTEMPT.md","CASE_002_AGENT_BYPASS_ATTEMPT.md",".md","5722","INTEGRATE_TO_COMPLIANCE_DATA_GOVERNANCE_SPEC_CANDIDATE","RGPD_COMPLIANCE_SCOPE_GUARD + RSSI_EVIDENCE_ONLY","LEGAL_OR_COMPLIANCE_CLAIM_SCOPE","false","false","false","false","F10 audit only; deduped source zip inventory; no extraction; no runtime import"
"OBSIDIA_RSSI_RGPD_ISO_READINESS_PACK_V2.zip","C:\Users\User\Desktop\obsidia-engine-proof-core\obsidia-x108-proofs_REMOTE_A5F21C6B\_source_packs\OBSIDIA_UNIFIED_IMPLEMENTATION_BACKLOG_RICH_NO_DUPES_V1\raw\OBSIDIA_RSSI_RGPD_ISO_READINESS_PACK_V2.zip","OBSIDIA_RSSI_RGPD_ISO_READINESS_PACK_V2/docs/security_cases/CASE_003_MEMORY_WRITE_ATTEMPT.md","CASE_003_MEMORY_WRITE_ATTEMPT.md",".md","5722","INTEGRATE_TO_COMPLIANCE_DATA_GOVERNANCE_SPEC_CANDIDATE","RGPD_COMPLIANCE_SCOPE_GUARD + RSSI_EVIDENCE_ONLY","LEGAL_OR_COMPLIANCE_CLAIM_SCOPE","false","false","false","false","F10 audit only; deduped source zip inventory; no extraction; no runtime import"
"OBSIDIA_RSSI_RGPD_ISO_READINESS_PACK_V2.zip","C:\Users\User\Desktop\obsidia-engine-proof-core\obsidia-x108-proofs_REMOTE_A5F21C6B\_source_packs\OBSIDIA_UNIFIED_IMPLEMENTATION_BACKLOG_RICH_NO_DUPES_V1\raw\OBSIDIA_RSSI_RGPD_ISO_READINESS_PACK_V2.zip","OBSIDIA_RSSI_RGPD_ISO_READINESS_PACK_V2/docs/security_cases/CASE_004_GRAPHITI_WRITE_ATTEMPT.md","CASE_004_GRAPHITI_WRITE_ATTEMPT.md",".md","5746","INTEGRATE_TO_COMPLIANCE_DATA_GOVERNANCE_SPEC_CANDIDATE","RGPD_COMPLIANCE_SCOPE_GUARD + RSSI_EVIDENCE_ONLY","LEGAL_OR_COMPLIANCE_CLAIM_SCOPE","false","false","false","false","F10 audit only; deduped source zip inventory; no extraction; no runtime import"
"OBSIDIA_RSSI_RGPD_ISO_READINESS_PACK_V2.zip","C:\Users\User\Desktop\obsidia-engine-proof-core\obsidia-x108-proofs_REMOTE_A5F21C6B\_source_packs\OBSIDIA_UNIFIED_IMPLEMENTATION_BACKLOG_RICH_NO_DUPES_V1\raw\OBSIDIA_RSSI_RGPD_ISO_READINESS_PACK_V2.zip","OBSIDIA_RSSI_RGPD_ISO_READINESS_PACK_V2/docs/security_cases/CASE_005_NEO4J_MUTATION_ATTEMPT.md","CASE_005_NEO4J_MUTATION_ATTEMPT.md",".md","5746","INTEGRATE_TO_COMPLIANCE_DATA_GOVERNANCE_SPEC_CANDIDATE","RGPD_COMPLIANCE_SCOPE_GUARD + RSSI_EVIDENCE_ONLY","LEGAL_OR_COMPLIANCE_CLAIM_SCOPE","false","false","false","false","F10 audit only; deduped source zip inventory; no extraction; no runtime import"
"OBSIDIA_RSSI_RGPD_ISO_READINESS_PACK_V2.zip","C:\Users\User\Desktop\obsidia-engine-proof-core\obsidia-x108-proofs_REMOTE_A5F21C6B\_source_packs\OBSIDIA_UNIFIED_IMPLEMENTATION_BACKLOG_RICH_NO_DUPES_V1\raw\OBSIDIA_RSSI_RGPD_ISO_READINESS_PACK_V2.zip","OBSIDIA_RSSI_RGPD_ISO_READINESS_PACK_V2/docs/security_cases/CASE_006_X108_BYPASS_ATTEMPT.md","CASE_006_X108_BYPASS_ATTEMPT.md",".md","5710","INTEGRATE_TO_COMPLIANCE_DATA_GOVERNANCE_SPEC_CANDIDATE","RGPD_COMPLIANCE_SCOPE_GUARD + RSSI_EVIDENCE_ONLY","LEGAL_OR_COMPLIANCE_CLAIM_SCOPE","false","false","false","false","F10 audit only; deduped source zip inventory; no extraction; no runtime import"
"OBSIDIA_RSSI_RGPD_ISO_READINESS_PACK_V2.zip","C:\Users\User\Desktop\obsidia-engine-proof-core\obsidia-x108-proofs_REMOTE_A5F21C6B\_source_packs\OBSIDIA_UNIFIED_IMPLEMENTATION_BACKLOG_RICH_NO_DUPES_V1\raw\OBSIDIA_RSSI_RGPD_ISO_READINESS_PACK_V2.zip","OBSIDIA_RSSI_RGPD_ISO_READINESS_PACK_V2/docs/security_cases/CASE_007_PRIVILEGE_ESCALATION.md","CASE_007_PRIVILEGE_ESCALATION.md",".md","5722","INTEGRATE_TO_COMPLIANCE_DATA_GOVERNANCE_SPEC_CANDIDATE","RGPD_COMPLIANCE_SCOPE_GUARD + RSSI_EVIDENCE_ONLY","LEGAL_OR_COMPLIANCE_CLAIM_SCOPE","false","false","false","false","F10 audit only; deduped source zip inventory; no extraction; no runtime import"
"OBSIDIA_RSSI_RGPD_ISO_READINESS_PACK_V2.zip","C:\Users\User\Desktop\obsidia-engine-proof-core\obsidia-x108-proofs_REMOTE_A5F21C6B\_source_packs\OBSIDIA_UNIFIED_IMPLEMENTATION_BACKLOG_RICH_NO_DUPES_V1\raw\OBSIDIA_RSSI_RGPD_ISO_READINESS_PACK_V2.zip","OBSIDIA_RSSI_RGPD_ISO_READINESS_PACK_V2/docs/security_cases/CASE_008_DATA_EXFILTRATION.md","CASE_008_DATA_EXFILTRATION.md",".md","5686","INTEGRATE_TO_COMPLIANCE_DATA_GOVERNANCE_SPEC_CANDIDATE","RGPD_COMPLIANCE_SCOPE_GUARD + RSSI_EVIDENCE_ONLY","LEGAL_OR_COMPLIANCE_CLAIM_SCOPE","false","false","false","false","F10 audit only; deduped source zip inventory; no extraction; no runtime import"
"OBSIDIA_RSSI_RGPD_ISO_READINESS_PACK_V2.zip","C:\Users\User\Desktop\obsidia-engine-proof-core\obsidia-x108-proofs_REMOTE_A5F21C6B\_source_packs\OBSIDIA_UNIFIED_IMPLEMENTATION_BACKLOG_RICH_NO_DUPES_V1\raw\OBSIDIA_RSSI_RGPD_ISO_READINESS_PACK_V2.zip","OBSIDIA_RSSI_RGPD_ISO_READINESS_PACK_V2/docs/security_cases/CASE_009_UNAUTHORIZED_ACT.md","CASE_009_UNAUTHORIZED_ACT.md",".md","5674","INTEGRATE_TO_COMPLIANCE_DATA_GOVERNANCE_SPEC_CANDIDATE","RGPD_COMPLIANCE_SCOPE_GUARD + RSSI_EVIDENCE_ONLY","LEGAL_OR_COMPLIANCE_CLAIM_SCOPE","false","false","false","false","F10 audit only; deduped source zip inventory; no extraction; no runtime import"
"OBSIDIA_RSSI_RGPD_ISO_READINESS_PACK_V2.zip","C:\Users\User\Desktop\obsidia-engine-proof-core\obsidia-x108-proofs_REMOTE_A5F21C6B\_source_packs\OBSIDIA_UNIFIED_IMPLEMENTATION_BACKLOG_RICH_NO_DUPES_V1\raw\OBSIDIA_RSSI_RGPD_ISO_READINESS_PACK_V2.zip","OBSIDIA_RSSI_RGPD_ISO_READINESS_PACK_V2/docs/security_cases/CASE_010_IRREVERSIBLE_ACTION.md","CASE_010_IRREVERSIBLE_ACTION.md",".md","5710","INTEGRATE_TO_COMPLIANCE_DATA_GOVERNANCE_SPEC_CANDIDATE","RGPD_COMPLIANCE_SCOPE_GUARD + RSSI_EVIDENCE_ONLY","LEGAL_OR_COMPLIANCE_CLAIM_SCOPE","false","false","false","false","F10 audit only; deduped source zip inventory; no extraction; no runtime import"
"OBSIDIA_RSSI_RGPD_ISO_READINESS_PACK_V2.zip","C:\Users\User\Desktop\obsidia-engine-proof-core\obsidia-x108-proofs_REMOTE_A5F21C6B\_source_packs\OBSIDIA_UNIFIED_IMPLEMENTATION_BACKLOG_RICH_NO_DUPES_V1\raw\OBSIDIA_RSSI_RGPD_ISO_READINESS_PACK_V2.zip","OBSIDIA_RSSI_RGPD_ISO_READINESS_PACK_V2/docs/security_cases/CASE_011_HALLUCINATED_DECISION.md","CASE_011_HALLUCINATED_DECISION.md",".md","5734","INTEGRATE_TO_COMPLIANCE_DATA_GOVERNANCE_SPEC_CANDIDATE","RGPD_COMPLIANCE_SCOPE_GUARD + RSSI_EVIDENCE_ONLY","LEGAL_OR_COMPLIANCE_CLAIM_SCOPE","false","false","false","false","F10 audit only; deduped source zip inventory; no extraction; no runtime import"
"OBSIDIA_RSSI_RGPD_ISO_READINESS_PACK_V2.zip","C:\Users\User\Desktop\obsidia-engine-proof-core\obsidia-x108-proofs_REMOTE_A5F21C6B\_source_packs\OBSIDIA_UNIFIED_IMPLEMENTATION_BACKLOG_RICH_NO_DUPES_V1\raw\OBSIDIA_RSSI_RGPD_ISO_READINESS_PACK_V2.zip","OBSIDIA_RSSI_RGPD_ISO_READINESS_PACK_V2/docs/security_cases/CASE_012_SUPPLY_CHAIN_ATTACK.md","CASE_012_SUPPLY_CHAIN_ATTACK.md",".md","5710","INTEGRATE_TO_COMPLIANCE_DATA_GOVERNANCE_SPEC_CANDIDATE","RGPD_COMPLIANCE_SCOPE_GUARD + RSSI_EVIDENCE_ONLY","LEGAL_OR_COMPLIANCE_CLAIM_SCOPE","false","false","false","false","F10 audit only; deduped source zip inventory; no extraction; no runtime import"
"OBSIDIA_RSSI_RGPD_ISO_READINESS_PACK_V2.zip","C:\Users\User\Desktop\obsidia-engine-proof-core\obsidia-x108-proofs_REMOTE_A5F21C6B\_source_packs\OBSIDIA_UNIFIED_IMPLEMENTATION_BACKLOG_RICH_NO_DUPES_V1\raw\OBSIDIA_RSSI_RGPD_ISO_READINESS_PACK_V2.zip","OBSIDIA_RSSI_RGPD_ISO_READINESS_PACK_V2/docs/threat_model/OBSIDIA_THREAT_MODEL_OVERVIEW.md","OBSIDIA_THREAT_MODEL_OVERVIEW.md",".md","5154","INTEGRATE_TO_COMPLIANCE_DATA_GOVERNANCE_SPEC_CANDIDATE","RGPD_COMPLIANCE_SCOPE_GUARD + RSSI_EVIDENCE_ONLY","LEGAL_OR_COMPLIANCE_CLAIM_SCOPE","false","false","false","false","F10 audit only; deduped source zip inventory; no extraction; no runtime import"
"OBSIDIA_RSSI_RGPD_ISO_READINESS_PACK_V2.zip","C:\Users\User\Desktop\obsidia-engine-proof-core\obsidia-x108-proofs_REMOTE_A5F21C6B\_source_packs\OBSIDIA_UNIFIED_IMPLEMENTATION_BACKLOG_RICH_NO_DUPES_V1\raw\OBSIDIA_RSSI_RGPD_ISO_READINESS_PACK_V2.zip","OBSIDIA_RSSI_RGPD_ISO_READINESS_PACK_V2/docs/threat_model/OBSIDIA_ATTACK_SURFACE.md","OBSIDIA_ATTACK_SURFACE.md",".md","5091","INTEGRATE_TO_COMPLIANCE_DATA_GOVERNANCE_SPEC_CANDIDATE","RGPD_COMPLIANCE_SCOPE_GUARD + RSSI_EVIDENCE_ONLY","LEGAL_OR_COMPLIANCE_CLAIM_SCOPE","false","false","false","false","F10 audit only; deduped source zip inventory; no extraction; no runtime import"
"OBSIDIA_RSSI_RGPD_ISO_READINESS_PACK_V2.zip","C:\Users\User\Desktop\obsidia-engine-proof-core\obsidia-x108-proofs_REMOTE_A5F21C6B\_source_packs\OBSIDIA_UNIFIED_IMPLEMENTATION_BACKLOG_RICH_NO_DUPES_V1\raw\OBSIDIA_RSSI_RGPD_ISO_READINESS_PACK_V2.zip","OBSIDIA_RSSI_RGPD_ISO_READINESS_PACK_V2/docs/threat_model/OBSIDIA_TRUSTED_UNTRUSTED_ZONES.md","OBSIDIA_TRUSTED_UNTRUSTED_ZONES.md",".md","5172","INTEGRATE_TO_COMPLIANCE_DATA_GOVERNANCE_SPEC_CANDIDATE","RGPD_COMPLIANCE_SCOPE_GUARD + RSSI_EVIDENCE_ONLY","LEGAL_OR_COMPLIANCE_CLAIM_SCOPE","false","false","false","false","F10 audit only; deduped source zip inventory; no extraction; no runtime import"
"OBSIDIA_RSSI_RGPD_ISO_READINESS_PACK_V2.zip","C:\Users\User\Desktop\obsidia-engine-proof-core\obsidia-x108-proofs_REMOTE_A5F21C6B\_source_packs\OBSIDIA_UNIFIED_IMPLEMENTATION_BACKLOG_RICH_NO_DUPES_V1\raw\OBSIDIA_RSSI_RGPD_ISO_READINESS_PACK_V2.zip","OBSIDIA_RSSI_RGPD_ISO_READINESS_PACK_V2/docs/threat_model/OBSIDIA_ATTACK_TREE.md","OBSIDIA_ATTACK_TREE.md",".md","5064","INTEGRATE_TO_COMPLIANCE_DATA_GOVERNANCE_SPEC_CANDIDATE","RGPD_COMPLIANCE_SCOPE_GUARD + RSSI_EVIDENCE_ONLY","LEGAL_OR_COMPLIANCE_CLAIM_SCOPE","false","false","false","false","F10 audit only; deduped source zip inventory; no extraction; no runtime import"
"OBSIDIA_RSSI_RGPD_ISO_READINESS_PACK_V2.zip","C:\Users\User\Desktop\obsidia-engine-proof-core\obsidia-x108-proofs_REMOTE_A5F21C6B\_source_packs\OBSIDIA_UNIFIED_IMPLEMENTATION_BACKLOG_RICH_NO_DUPES_V1\raw\OBSIDIA_RSSI_RGPD_ISO_READINESS_PACK_V2.zip","OBSIDIA_RSSI_RGPD_ISO_READINESS_PACK_V2/docs/threat_model/OBSIDIA_ABUSE_CASES.md","OBSIDIA_ABUSE_CASES.md",".md","5064","INTEGRATE_TO_COMPLIANCE_DATA_GOVERNANCE_SPEC_CANDIDATE","RGPD_COMPLIANCE_SCOPE_GUARD + RSSI_EVIDENCE_ONLY","LEGAL_OR_COMPLIANCE_CLAIM_SCOPE","false","false","false","false","F10 audit only; deduped source zip inventory; no extraction; no runtime import"
"OBSIDIA_RSSI_RGPD_ISO_READINESS_PACK_V2.zip","C:\Users\User\Desktop\obsidia-engine-proof-core\obsidia-x108-proofs_REMOTE_A5F21C6B\_source_packs\OBSIDIA_UNIFIED_IMPLEMENTATION_BACKLOG_RICH_NO_DUPES_V1\raw\OBSIDIA_RSSI_RGPD_ISO_READINESS_PACK_V2.zip","OBSIDIA_RSSI_RGPD_ISO_READINESS_PACK_V2/docs/threat_model/OBSIDIA_MISUSE_CASES.md","OBSIDIA_MISUSE_CASES.md",".md","5073","INTEGRATE_TO_COMPLIANCE_DATA_GOVERNANCE_SPEC_CANDIDATE","RGPD_COMPLIANCE_SCOPE_GUARD + RSSI_EVIDENCE_ONLY","LEGAL_OR_COMPLIANCE_CLAIM_SCOPE","false","false","false","false","F10 audit only; deduped source zip inventory; no extraction; no runtime import"
"OBSIDIA_RSSI_RGPD_ISO_READINESS_PACK_V2.zip","C:\Users\User\Desktop\obsidia-engine-proof-core\obsidia-x108-proofs_REMOTE_A5F21C6B\_source_packs\OBSIDIA_UNIFIED_IMPLEMENTATION_BACKLOG_RICH_NO_DUPES_V1\raw\OBSIDIA_RSSI_RGPD_ISO_READINESS_PACK_V2.zip","OBSIDIA_RSSI_RGPD_ISO_READINESS_PACK_V2/docs/threat_model/OBSIDIA_THREAT_ACTORS.md","OBSIDIA_THREAT_ACTORS.md",".md","5082","INTEGRATE_TO_COMPLIANCE_DATA_GOVERNANCE_SPEC_CANDIDATE","RGPD_COMPLIANCE_SCOPE_GUARD + RSSI_EVIDENCE_ONLY","LEGAL_OR_COMPLIANCE_CLAIM_SCOPE","false","false","false","false","F10 audit only; deduped source zip inventory; no extraction; no runtime import"
"OBSIDIA_RSSI_RGPD_ISO_READINESS_PACK_V2.zip","C:\Users\User\Desktop\obsidia-engine-proof-core\obsidia-x108-proofs_REMOTE_A5F21C6B\_source_packs\OBSIDIA_UNIFIED_IMPLEMENTATION_BACKLOG_RICH_NO_DUPES_V1\raw\OBSIDIA_RSSI_RGPD_ISO_READINESS_PACK_V2.zip","OBSIDIA_RSSI_RGPD_ISO_READINESS_PACK_V2/docs/threat_model/OBSIDIA_SECURITY_ASSUMPTIONS.md","OBSIDIA_SECURITY_ASSUMPTIONS.md",".md","5145","INTEGRATE_TO_COMPLIANCE_DATA_GOVERNANCE_SPEC_CANDIDATE","RGPD_COMPLIANCE_SCOPE_GUARD + RSSI_EVIDENCE_ONLY","LEGAL_OR_COMPLIANCE_CLAIM_SCOPE","false","false","false","false","F10 audit only; deduped source zip inventory; no extraction; no runtime import"
"OBSIDIA_RSSI_RGPD_ISO_READINESS_PACK_V2.zip","C:\Users\User\Desktop\obsidia-engine-proof-core\obsidia-x108-proofs_REMOTE_A5F21C6B\_source_packs\OBSIDIA_UNIFIED_IMPLEMENTATION_BACKLOG_RICH_NO_DUPES_V1\raw\OBSIDIA_RSSI_RGPD_ISO_READINESS_PACK_V2.zip","OBSIDIA_RSSI_RGPD_ISO_READINESS_PACK_V2/docs/data/OBSIDIA_DATA_CLASSIFICATION.md","OBSIDIA_DATA_CLASSIFICATION.md",".md","5096","INTEGRATE_TO_COMPLIANCE_DATA_GOVERNANCE_SPEC_CANDIDATE","RGPD_COMPLIANCE_SCOPE_GUARD + RSSI_EVIDENCE_ONLY","LEGAL_OR_COMPLIANCE_CLAIM_SCOPE","false","false","false","false","F10 audit only; deduped source zip inventory; no extraction; no runtime import"
"OBSIDIA_RSSI_RGPD_ISO_READINESS_PACK_V2.zip","C:\Users\User\Desktop\obsidia-engine-proof-core\obsidia-x108-proofs_REMOTE_A5F21C6B\_source_packs\OBSIDIA_UNIFIED_IMPLEMENTATION_BACKLOG_RICH_NO_DUPES_V1\raw\OBSIDIA_RSSI_RGPD_ISO_READINESS_PACK_V2.zip","OBSIDIA_RSSI_RGPD_ISO_READINESS_PACK_V2/docs/data/OBSIDIA_DATA_RETENTION_MODEL.md","OBSIDIA_DATA_RETENTION_MODEL.md",".md","5105","INTEGRATE_TO_COMPLIANCE_DATA_GOVERNANCE_SPEC_CANDIDATE","RGPD_COMPLIANCE_SCOPE_GUARD + RSSI_EVIDENCE_ONLY","LEGAL_OR_COMPLIANCE_CLAIM_SCOPE","false","false","false","false","F10 audit only; deduped source zip inventory; no extraction; no runtime import"
"OBSIDIA_RSSI_RGPD_ISO_READINESS_PACK_V2.zip","C:\Users\User\Desktop\obsidia-engine-proof-core\obsidia-x108-proofs_REMOTE_A5F21C6B\_source_packs\OBSIDIA_UNIFIED_IMPLEMENTATION_BACKLOG_RICH_NO_DUPES_V1\raw\OBSIDIA_RSSI_RGPD_ISO_READINESS_PACK_V2.zip","OBSIDIA_RSSI_RGPD_ISO_READINESS_PACK_V2/docs/data/OBSIDIA_DATA_MINIMIZATION_MODEL.md","OBSIDIA_DATA_MINIMIZATION_MODEL.md",".md","5132","INTEGRATE_TO_COMPLIANCE_DATA_GOVERNANCE_SPEC_CANDIDATE","RGPD_COMPLIANCE_SCOPE_GUARD + RSSI_EVIDENCE_ONLY","LEGAL_OR_COMPLIANCE_CLAIM_SCOPE","false","false","false","false","F10 audit only; deduped source zip inventory; no extraction; no runtime import"
"OBSIDIA_RSSI_RGPD_ISO_READINESS_PACK_V2.zip","C:\Users\User\Desktop\obsidia-engine-proof-core\obsidia-x108-proofs_REMOTE_A5F21C6B\_source_packs\OBSIDIA_UNIFIED_IMPLEMENTATION_BACKLOG_RICH_NO_DUPES_V1\raw\OBSIDIA_RSSI_RGPD_ISO_READINESS_PACK_V2.zip","OBSIDIA_RSSI_RGPD_ISO_READINESS_PACK_V2/docs/data/OBSIDIA_PERSONAL_DATA_BOUNDARY.md","OBSIDIA_PERSONAL_DATA_BOUNDARY.md",".md","5123","INTEGRATE_TO_COMPLIANCE_DATA_GOVERNANCE_SPEC_CANDIDATE","RGPD_COMPLIANCE_SCOPE_GUARD + RSSI_EVIDENCE_ONLY","LEGAL_OR_COMPLIANCE_CLAIM_SCOPE","false","false","false","false","F10 audit only; deduped source zip inventory; no extraction; no runtime import"
"OBSIDIA_RSSI_RGPD_ISO_READINESS_PACK_V2.zip","C:\Users\User\Desktop\obsidia-engine-proof-core\obsidia-x108-proofs_REMOTE_A5F21C6B\_source_packs\OBSIDIA_UNIFIED_IMPLEMENTATION_BACKLOG_RICH_NO_DUPES_V1\raw\OBSIDIA_RSSI_RGPD_ISO_READINESS_PACK_V2.zip","OBSIDIA_RSSI_RGPD_ISO_READINESS_PACK_V2/docs/data/OBSIDIA_SECRET_MANAGEMENT_MODEL.md","OBSIDIA_SECRET_MANAGEMENT_MODEL.md",".md","5132","INTEGRATE_TO_COMPLIANCE_DATA_GOVERNANCE_SPEC_CANDIDATE","RGPD_COMPLIANCE_SCOPE_GUARD + RSSI_EVIDENCE_ONLY","LEGAL_OR_COMPLIANCE_CLAIM_SCOPE","false","false","false","false","F10 audit only; deduped source zip inventory; no extraction; no runtime import"
"OBSIDIA_RSSI_RGPD_ISO_READINESS_PACK_V2.zip","C:\Users\User\Desktop\obsidia-engine-proof-core\obsidia-x108-proofs_REMOTE_A5F21C6B\_source_packs\OBSIDIA_UNIFIED_IMPLEMENTATION_BACKLOG_RICH_NO_DUPES_V1\raw\OBSIDIA_RSSI_RGPD_ISO_READINESS_PACK_V2.zip","OBSIDIA_RSSI_RGPD_ISO_READINESS_PACK_V2/docs/data/OBSIDIA_SENSITIVE_CONTEXT_HANDLING.md","OBSIDIA_SENSITIVE_CONTEXT_HANDLING.md",".md","5159","INTEGRATE_TO_COMPLIANCE_DATA_GOVERNANCE_SPEC_CANDIDATE","RGPD_COMPLIANCE_SCOPE_GUARD + RSSI_EVIDENCE_ONLY","LEGAL_OR_COMPLIANCE_CLAIM_SCOPE","false","false","false","false","F10 audit only; deduped source zip inventory; no extraction; no runtime import"
"OBSIDIA_RSSI_RGPD_ISO_READINESS_PACK_V2.zip","C:\Users\User\Desktop\obsidia-engine-proof-core\obsidia-x108-proofs_REMOTE_A5F21C6B\_source_packs\OBSIDIA_UNIFIED_IMPLEMENTATION_BACKLOG_RICH_NO_DUPES_V1\raw\OBSIDIA_RSSI_RGPD_ISO_READINESS_PACK_V2.zip","OBSIDIA_RSSI_RGPD_ISO_READINESS_PACK_V2/docs/access/OBSIDIA_IAM_MODEL.md","OBSIDIA_IAM_MODEL.md",".md","4970","INTEGRATE_TO_COMPLIANCE_DATA_GOVERNANCE_SPEC_CANDIDATE","RGPD_COMPLIANCE_SCOPE_GUARD + RSSI_EVIDENCE_ONLY","LEGAL_OR_COMPLIANCE_CLAIM_SCOPE","false","false","false","false","F10 audit only; deduped source zip inventory; no extraction; no runtime import"
"OBSIDIA_RSSI_RGPD_ISO_READINESS_PACK_V2.zip","C:\Users\User\Desktop\obsidia-engine-proof-core\obsidia-x108-proofs_REMOTE_A5F21C6B\_source_packs\OBSIDIA_UNIFIED_IMPLEMENTATION_BACKLOG_RICH_NO_DUPES_V1\raw\OBSIDIA_RSSI_RGPD_ISO_READINESS_PACK_V2.zip","OBSIDIA_RSSI_RGPD_ISO_READINESS_PACK_V2/docs/access/OBSIDIA_ROLE_ACCESS_MATRIX.md","OBSIDIA_ROLE_ACCESS_MATRIX.md",".md","5051","INTEGRATE_TO_COMPLIANCE_DATA_GOVERNANCE_SPEC_CANDIDATE","RGPD_COMPLIANCE_SCOPE_GUARD + RSSI_EVIDENCE_ONLY","LEGAL_OR_COMPLIANCE_CLAIM_SCOPE","false","false","false","false","F10 audit only; deduped source zip inventory; no extraction; no runtime import"
"OBSIDIA_RSSI_RGPD_ISO_READINESS_PACK_V2.zip","C:\Users\User\Desktop\obsidia-engine-proof-core\obsidia-x108-proofs_REMOTE_A5F21C6B\_source_packs\OBSIDIA_UNIFIED_IMPLEMENTATION_BACKLOG_RICH_NO_DUPES_V1\raw\OBSIDIA_RSSI_RGPD_ISO_READINESS_PACK_V2.zip","OBSIDIA_RSSI_RGPD_ISO_READINESS_PACK_V2/docs/access/OBSIDIA_PRIVILEGE_BOUNDARIES.md","OBSIDIA_PRIVILEGE_BOUNDARIES.md",".md","5069","INTEGRATE_TO_COMPLIANCE_DATA_GOVERNANCE_SPEC_CANDIDATE","RGPD_COMPLIANCE_SCOPE_GUARD + RSSI_EVIDENCE_ONLY","LEGAL_OR_COMPLIANCE_CLAIM_SCOPE","false","false","false","false","F10 audit only; deduped source zip inventory; no extraction; no runtime import"
"OBSIDIA_RSSI_RGPD_ISO_READINESS_PACK_V2.zip","C:\Users\User\Desktop\obsidia-engine-proof-core\obsidia-x108-proofs_REMOTE_A5F21C6B\_source_packs\OBSIDIA_UNIFIED_IMPLEMENTATION_BACKLOG_RICH_NO_DUPES_V1\raw\OBSIDIA_RSSI_RGPD_ISO_READINESS_PACK_V2.zip","OBSIDIA_RSSI_RGPD_ISO_READINESS_PACK_V2/docs/access/OBSIDIA_OPERATOR_PERMISSIONS.md","OBSIDIA_OPERATOR_PERMISSIONS.md",".md","5069","INTEGRATE_TO_COMPLIANCE_DATA_GOVERNANCE_SPEC_CANDIDATE","RGPD_COMPLIANCE_SCOPE_GUARD + RSSI_EVIDENCE_ONLY","LEGAL_OR_COMPLIANCE_CLAIM_SCOPE","false","false","false","false","F10 audit only; deduped source zip inventory; no extraction; no runtime import"
"OBSIDIA_RSSI_RGPD_ISO_READINESS_PACK_V2.zip","C:\Users\User\Desktop\obsidia-engine-proof-core\obsidia-x108-proofs_REMOTE_A5F21C6B\_source_packs\OBSIDIA_UNIFIED_IMPLEMENTATION_BACKLOG_RICH_NO_DUPES_V1\raw\OBSIDIA_RSSI_RGPD_ISO_READINESS_PACK_V2.zip","OBSIDIA_RSSI_RGPD_ISO_READINESS_PACK_V2/docs/access/OBSIDIA_ADMIN_ACTIONS_POLICY.md","OBSIDIA_ADMIN_ACTIONS_POLICY.md",".md","5069","INTEGRATE_TO_COMPLIANCE_DATA_GOVERNANCE_SPEC_CANDIDATE","RGPD_COMPLIANCE_SCOPE_GUARD + RSSI_EVIDENCE_ONLY","LEGAL_OR_COMPLIANCE_CLAIM_SCOPE","false","false","false","false","F10 audit only; deduped source zip inventory; no extraction; no runtime import"
"OBSIDIA_RSSI_RGPD_ISO_READINESS_PACK_V2.zip","C:\Users\User\Desktop\obsidia-engine-proof-core\obsidia-x108-proofs_REMOTE_A5F21C6B\_source_packs\OBSIDIA_UNIFIED_IMPLEMENTATION_BACKLOG_RICH_NO_DUPES_V1\raw\OBSIDIA_RSSI_RGPD_ISO_READINESS_PACK_V2.zip","OBSIDIA_RSSI_RGPD_ISO_READINESS_PACK_V2/docs/access/OBSIDIA_LEAST_PRIVILEGE_MODEL.md","OBSIDIA_LEAST_PRIVILEGE_MODEL.md",".md","5078","INTEGRATE_TO_COMPLIANCE_DATA_GOVERNANCE_SPEC_CANDIDATE","RGPD_COMPLIANCE_SCOPE_GUARD + RSSI_EVIDENCE_ONLY","LEGAL_OR_COMPLIANCE_CLAIM_SCOPE","false","false","false","false","F10 audit only; deduped source zip inventory; no extraction; no runtime import"
"OBSIDIA_RSSI_RGPD_ISO_READINESS_PACK_V2.zip","C:\Users\User\Desktop\obsidia-engine-proof-core\obsidia-x108-proofs_REMOTE_A5F21C6B\_source_packs\OBSIDIA_UNIFIED_IMPLEMENTATION_BACKLOG_RICH_NO_DUPES_V1\raw\OBSIDIA_RSSI_RGPD_ISO_READINESS_PACK_V2.zip","OBSIDIA_RSSI_RGPD_ISO_READINESS_PACK_V2/docs/incident_response/OBSIDIA_INCIDENT_RESPONSE_PLAN.md","OBSIDIA_INCIDENT_RESPONSE_PLAN.md",".md","5142","INTEGRATE_TO_COMPLIANCE_DATA_GOVERNANCE_SPEC_CANDIDATE","RGPD_COMPLIANCE_SCOPE_GUARD + RSSI_EVIDENCE_ONLY","LEGAL_OR_COMPLIANCE_CLAIM_SCOPE","false","false","false","false","F10 audit only; deduped source zip inventory; no extraction; no runtime import"
"OBSIDIA_RSSI_RGPD_ISO_READINESS_PACK_V2.zip","C:\Users\User\Desktop\obsidia-engine-proof-core\obsidia-x108-proofs_REMOTE_A5F21C6B\_source_packs\OBSIDIA_UNIFIED_IMPLEMENTATION_BACKLOG_RICH_NO_DUPES_V1\raw\OBSIDIA_RSSI_RGPD_ISO_READINESS_PACK_V2.zip","OBSIDIA_RSSI_RGPD_ISO_READINESS_PACK_V2/docs/incident_response/OBSIDIA_SECURITY_INCIDENT_PLAYBOOK.md","OBSIDIA_SECURITY_INCIDENT_PLAYBOOK.md",".md","5178","INTEGRATE_TO_COMPLIANCE_DATA_GOVERNANCE_SPEC_CANDIDATE","RGPD_COMPLIANCE_SCOPE_GUARD + RSSI_EVIDENCE_ONLY","LEGAL_OR_COMPLIANCE_CLAIM_SCOPE","false","false","false","false","F10 audit only; deduped source zip inventory; no extraction; no runtime import"
"OBSIDIA_RSSI_RGPD_ISO_READINESS_PACK_V2.zip","C:\Users\User\Desktop\obsidia-engine-proof-core\obsidia-x108-proofs_REMOTE_A5F21C6B\_source_packs\OBSIDIA_UNIFIED_IMPLEMENTATION_BACKLOG_RICH_NO_DUPES_V1\raw\OBSIDIA_RSSI_RGPD_ISO_READINESS_PACK_V2.zip","OBSIDIA_RSSI_RGPD_ISO_READINESS_PACK_V2/docs/incident_response/OBSIDIA_AI_INCIDENT_PLAYBOOK.md","OBSIDIA_AI_INCIDENT_PLAYBOOK.md",".md","5124","INTEGRATE_TO_COMPLIANCE_DATA_GOVERNANCE_SPEC_CANDIDATE","RGPD_COMPLIANCE_SCOPE_GUARD + RSSI_EVIDENCE_ONLY","LEGAL_OR_COMPLIANCE_CLAIM_SCOPE","false","false","false","false","F10 audit only; deduped source zip inventory; no extraction; no runtime import"
"OBSIDIA_RSSI_RGPD_ISO_READINESS_PACK_V2.zip","C:\Users\User\Desktop\obsidia-engine-proof-core\obsidia-x108-proofs_REMOTE_A5F21C6B\_source_packs\OBSIDIA_UNIFIED_IMPLEMENTATION_BACKLOG_RICH_NO_DUPES_V1\raw\OBSIDIA_RSSI_RGPD_ISO_READINESS_PACK_V2.zip","OBSIDIA_RSSI_RGPD_ISO_READINESS_PACK_V2/docs/incident_response/OBSIDIA_DATA_INCIDENT_PLAYBOOK.md","OBSIDIA_DATA_INCIDENT_PLAYBOOK.md",".md","5142","INTEGRATE_TO_COMPLIANCE_DATA_GOVERNANCE_SPEC_CANDIDATE","RGPD_COMPLIANCE_SCOPE_GUARD + RSSI_EVIDENCE_ONLY","LEGAL_OR_COMPLIANCE_CLAIM_SCOPE","false","false","false","false","F10 audit only; deduped source zip inventory; no extraction; no runtime import"
"OBSIDIA_RSSI_RGPD_ISO_READINESS_PACK_V2.zip","C:\Users\User\Desktop\obsidia-engine-proof-core\obsidia-x108-proofs_REMOTE_A5F21C6B\_source_packs\OBSIDIA_UNIFIED_IMPLEMENTATION_BACKLOG_RICH_NO_DUPES_V1\raw\OBSIDIA_RSSI_RGPD_ISO_READINESS_PACK_V2.zip","OBSIDIA_RSSI_RGPD_ISO_READINESS_PACK_V2/docs/incident_response/OBSIDIA_GRAPH_INCIDENT_PLAYBOOK.md","OBSIDIA_GRAPH_INCIDENT_PLAYBOOK.md",".md","5151","INTEGRATE_TO_COMPLIANCE_DATA_GOVERNANCE_SPEC_CANDIDATE","RGPD_COMPLIANCE_SCOPE_GUARD + RSSI_EVIDENCE_ONLY","LEGAL_OR_COMPLIANCE_CLAIM_SCOPE","false","false","false","false","F10 audit only; deduped source zip inventory; no extraction; no runtime import"
"OBSIDIA_RSSI_RGPD_ISO_READINESS_PACK_V2.zip","C:\Users\User\Desktop\obsidia-engine-proof-core\obsidia-x108-proofs_REMOTE_A5F21C6B\_source_packs\OBSIDIA_UNIFIED_IMPLEMENTATION_BACKLOG_RICH_NO_DUPES_V1\raw\OBSIDIA_RSSI_RGPD_ISO_READINESS_PACK_V2.zip","OBSIDIA_RSSI_RGPD_ISO_READINESS_PACK_V2/docs/incident_response/OBSIDIA_ROLLBACK_AND_CONTAINMENT.md","OBSIDIA_ROLLBACK_AND_CONTAINMENT.md",".md","5160","INTEGRATE_TO_COMPLIANCE_DATA_GOVERNANCE_SPEC_CANDIDATE","RGPD_COMPLIANCE_SCOPE_GUARD + RSSI_EVIDENCE_ONLY","LEGAL_OR_COMPLIANCE_CLAIM_SCOPE","false","false","false","false","F10 audit only; deduped source zip inventory; no extraction; no runtime import"
"OBSIDIA_RSSI_RGPD_ISO_READINESS_PACK_V2.zip","C:\Users\User\Desktop\obsidia-engine-proof-core\obsidia-x108-proofs_REMOTE_A5F21C6B\_source_packs\OBSIDIA_UNIFIED_IMPLEMENTATION_BACKLOG_RICH_NO_DUPES_V1\raw\OBSIDIA_RSSI_RGPD_ISO_READINESS_PACK_V2.zip","OBSIDIA_RSSI_RGPD_ISO_READINESS_PACK_V2/docs/compliance/OBSIDIA_COMPLIANCE_POSITIONING.md","OBSIDIA_COMPLIANCE_POSITIONING.md",".md","5126","INTEGRATE_TO_COMPLIANCE_DATA_GOVERNANCE_SPEC_CANDIDATE","RGPD_COMPLIANCE_SCOPE_GUARD + RSSI_EVIDENCE_ONLY","LEGAL_OR_COMPLIANCE_CLAIM_SCOPE","false","false","false","false","F10 audit only; deduped source zip inventory; no extraction; no runtime import"
"OBSIDIA_RSSI_RGPD_ISO_READINESS_PACK_V2.zip","C:\Users\User\Desktop\obsidia-engine-proof-core\obsidia-x108-proofs_REMOTE_A5F21C6B\_source_packs\OBSIDIA_UNIFIED_IMPLEMENTATION_BACKLOG_RICH_NO_DUPES_V1\raw\OBSIDIA_RSSI_RGPD_ISO_READINESS_PACK_V2.zip","OBSIDIA_RSSI_RGPD_ISO_READINESS_PACK_V2/docs/compliance/OBSIDIA_GDPR_SECURITY_NOTES.md","OBSIDIA_GDPR_SECURITY_NOTES.md",".md","5099","INTEGRATE_TO_COMPLIANCE_DATA_GOVERNANCE_SPEC_CANDIDATE","RGPD_COMPLIANCE_SCOPE_GUARD + RSSI_EVIDENCE_ONLY","LEGAL_OR_COMPLIANCE_CLAIM_SCOPE","false","false","false","false","F10 audit only; deduped source zip inventory; no extraction; no runtime import"
"OBSIDIA_RSSI_RGPD_ISO_READINESS_PACK_V2.zip","C:\Users\User\Desktop\obsidia-engine-proof-core\obsidia-x108-proofs_REMOTE_A5F21C6B\_source_packs\OBSIDIA_UNIFIED_IMPLEMENTATION_BACKLOG_RICH_NO_DUPES_V1\raw\OBSIDIA_RSSI_RGPD_ISO_READINESS_PACK_V2.zip","OBSIDIA_RSSI_RGPD_ISO_READINESS_PACK_V2/docs/compliance/OBSIDIA_AI_ACT_POSITIONING.md","OBSIDIA_AI_ACT_POSITIONING.md",".md","5090","INTEGRATE_TO_COMPLIANCE_DATA_GOVERNANCE_SPEC_CANDIDATE","RGPD_COMPLIANCE_SCOPE_GUARD + RSSI_EVIDENCE_ONLY","LEGAL_OR_COMPLIANCE_CLAIM_SCOPE","false","false","false","false","F10 audit only; deduped source zip inventory; no extraction; no runtime import"
"OBSIDIA_RSSI_RGPD_ISO_READINESS_PACK_V2.zip","C:\Users\User\Desktop\obsidia-engine-proof-core\obsidia-x108-proofs_REMOTE_A5F21C6B\_source_packs\OBSIDIA_UNIFIED_IMPLEMENTATION_BACKLOG_RICH_NO_DUPES_V1\raw\OBSIDIA_RSSI_RGPD_ISO_READINESS_PACK_V2.zip","OBSIDIA_RSSI_RGPD_ISO_READINESS_PACK_V2/docs/compliance/OBSIDIA_DORA_NIS2_RELEVANCE.md","OBSIDIA_DORA_NIS2_RELEVANCE.md",".md","5099","INTEGRATE_TO_COMPLIANCE_DATA_GOVERNANCE_SPEC_CANDIDATE","RGPD_COMPLIANCE_SCOPE_GUARD + RSSI_EVIDENCE_ONLY","LEGAL_OR_COMPLIANCE_CLAIM_SCOPE","false","false","false","false","F10 audit only; deduped source zip inventory; no extraction; no runtime import"
"OBSIDIA_RSSI_RGPD_ISO_READINESS_PACK_V2.zip","C:\Users\User\Desktop\obsidia-engine-proof-core\obsidia-x108-proofs_REMOTE_A5F21C6B\_source_packs\OBSIDIA_UNIFIED_IMPLEMENTATION_BACKLOG_RICH_NO_DUPES_V1\raw\OBSIDIA_RSSI_RGPD_ISO_READINESS_PACK_V2.zip","OBSIDIA_RSSI_RGPD_ISO_READINESS_PACK_V2/docs/compliance/OBSIDIA_BANKING_SECURITY_RELEVANCE.md","OBSIDIA_BANKING_SECURITY_RELEVANCE.md",".md","5162","INTEGRATE_TO_COMPLIANCE_DATA_GOVERNANCE_SPEC_CANDIDATE","RGPD_COMPLIANCE_SCOPE_GUARD + RSSI_EVIDENCE_ONLY","LEGAL_OR_COMPLIANCE_CLAIM_SCOPE","false","false","false","false","F10 audit only; deduped source zip inventory; no extraction; no runtime import"
"OBSIDIA_RSSI_RGPD_ISO_READINESS_PACK_V2.zip","C:\Users\User\Desktop\obsidia-engine-proof-core\obsidia-x108-proofs_REMOTE_A5F21C6B\_source_packs\OBSIDIA_UNIFIED_IMPLEMENTATION_BACKLOG_RICH_NO_DUPES_V1\raw\OBSIDIA_RSSI_RGPD_ISO_READINESS_PACK_V2.zip","OBSIDIA_RSSI_RGPD_ISO_READINESS_PACK_V2/docs/compliance/OBSIDIA_RSSI_QA_PACK.md","OBSIDIA_RSSI_QA_PACK.md",".md","5036","INTEGRATE_TO_COMPLIANCE_DATA_GOVERNANCE_SPEC_CANDIDATE","RGPD_COMPLIANCE_SCOPE_GUARD + RSSI_EVIDENCE_ONLY","LEGAL_OR_COMPLIANCE_CLAIM_SCOPE","false","false","false","false","F10 audit only; deduped source zip inventory; no extraction; no runtime import"
"OBSIDIA_RSSI_RGPD_ISO_READINESS_PACK_V2.zip","C:\Users\User\Desktop\obsidia-engine-proof-core\obsidia-x108-proofs_REMOTE_A5F21C6B\_source_packs\OBSIDIA_UNIFIED_IMPLEMENTATION_BACKLOG_RICH_NO_DUPES_V1\raw\OBSIDIA_RSSI_RGPD_ISO_READINESS_PACK_V2.zip","OBSIDIA_RSSI_RGPD_ISO_READINESS_PACK_V2/docs/modules/RSSI_001_VISION_SECURITE_OBSIDIA.md","RSSI_001_VISION_SECURITE_OBSIDIA.md",".md","5508","INTEGRATE_TO_COMPLIANCE_DATA_GOVERNANCE_SPEC_CANDIDATE","RGPD_COMPLIANCE_SCOPE_GUARD + RSSI_EVIDENCE_ONLY","LEGAL_OR_COMPLIANCE_CLAIM_SCOPE","false","false","false","false","F10 audit only; deduped source zip inventory; no extraction; no runtime import"
"OBSIDIA_RSSI_RGPD_ISO_READINESS_PACK_V2.zip","C:\Users\User\Desktop\obsidia-engine-proof-core\obsidia-x108-proofs_REMOTE_A5F21C6B\_source_packs\OBSIDIA_UNIFIED_IMPLEMENTATION_BACKLOG_RICH_NO_DUPES_V1\raw\OBSIDIA_RSSI_RGPD_ISO_READINESS_PACK_V2.zip","OBSIDIA_RSSI_RGPD_ISO_READINESS_PACK_V2/docs/modules/RSSI_002_ARCHITECTURE_SECURITE_OS0OS4.md","RSSI_002_ARCHITECTURE_SECURITE_OS0OS4.md",".md","5564","INTEGRATE_TO_COMPLIANCE_DATA_GOVERNANCE_SPEC_CANDIDATE","RGPD_COMPLIANCE_SCOPE_GUARD + RSSI_EVIDENCE_ONLY","LEGAL_OR_COMPLIANCE_CLAIM_SCOPE","false","false","false","false","F10 audit only; deduped source zip inventory; no extraction; no runtime import"
"OBSIDIA_RSSI_RGPD_ISO_READINESS_PACK_V2.zip","C:\Users\User\Desktop\obsidia-engine-proof-core\obsidia-x108-proofs_REMOTE_A5F21C6B\_source_packs\OBSIDIA_UNIFIED_IMPLEMENTATION_BACKLOG_RICH_NO_DUPES_V1\raw\OBSIDIA_RSSI_RGPD_ISO_READINESS_PACK_V2.zip","OBSIDIA_RSSI_RGPD_ISO_READINESS_PACK_V2/docs/modules/RSSI_003_BOUNDARY_X108.md","RSSI_003_BOUNDARY_X108.md",".md","5404","INTEGRATE_TO_COMPLIANCE_DATA_GOVERNANCE_SPEC_CANDIDATE","RGPD_COMPLIANCE_SCOPE_GUARD + RSSI_EVIDENCE_ONLY","LEGAL_OR_COMPLIANCE_CLAIM_SCOPE","false","false","false","false","F10 audit only; deduped source zip inventory; no extraction; no runtime import"
"OBSIDIA_RSSI_RGPD_ISO_READINESS_PACK_V2.zip","C:\Users\User\Desktop\obsidia-engine-proof-core\obsidia-x108-proofs_REMOTE_A5F21C6B\_source_packs\OBSIDIA_UNIFIED_IMPLEMENTATION_BACKLOG_RICH_NO_DUPES_V1\raw\OBSIDIA_RSSI_RGPD_ISO_READINESS_PACK_V2.zip","OBSIDIA_RSSI_RGPD_ISO_READINESS_PACK_V2/docs/modules/RSSI_004_AUTORITE_DECISIONNELLE_KX108_ONLY.md","RSSI_004_AUTORITE_DECISIONNELLE_KX108_ONLY.md",".md","5608","INTEGRATE_TO_COMPLIANCE_DATA_GOVERNANCE_SPEC_CANDIDATE","RGPD_COMPLIANCE_SCOPE_GUARD + RSSI_EVIDENCE_ONLY","LEGAL_OR_COMPLIANCE_CLAIM_SCOPE","false","false","false","false","F10 audit only; deduped source zip inventory; no extraction; no runtime import"
"OBSIDIA_RSSI_RGPD_ISO_READINESS_PACK_V2.zip","C:\Users\User\Desktop\obsidia-engine-proof-core\obsidia-x108-proofs_REMOTE_A5F21C6B\_source_packs\OBSIDIA_UNIFIED_IMPLEMENTATION_BACKLOG_RICH_NO_DUPES_V1\raw\OBSIDIA_RSSI_RGPD_ISO_READINESS_PACK_V2.zip","OBSIDIA_RSSI_RGPD_ISO_READINESS_PACK_V2/docs/modules/RSSI_005_SEPARATION_NOYAU_PERIPHERIE.md","RSSI_005_SEPARATION_NOYAU_PERIPHERIE.md",".md","5554","INTEGRATE_TO_COMPLIANCE_DATA_GOVERNANCE_SPEC_CANDIDATE","RGPD_COMPLIANCE_SCOPE_GUARD + RSSI_EVIDENCE_ONLY","LEGAL_OR_COMPLIANCE_CLAIM_SCOPE","false","false","false","false","F10 audit only; deduped source zip inventory; no extraction; no runtime import"
"OBSIDIA_RSSI_RGPD_ISO_READINESS_PACK_V2.zip","C:\Users\User\Desktop\obsidia-engine-proof-core\obsidia-x108-proofs_REMOTE_A5F21C6B\_source_packs\OBSIDIA_UNIFIED_IMPLEMENTATION_BACKLOG_RICH_NO_DUPES_V1\raw\OBSIDIA_RSSI_RGPD_ISO_READINESS_PACK_V2.zip","OBSIDIA_RSSI_RGPD_ISO_READINESS_PACK_V2/docs/modules/RSSI_006_READONLY_CONTEXT_MODEL.md","RSSI_006_READONLY_CONTEXT_MODEL.md",".md","5494","INTEGRATE_TO_COMPLIANCE_DATA_GOVERNANCE_SPEC_CANDIDATE","RGPD_COMPLIANCE_SCOPE_GUARD + RSSI_EVIDENCE_ONLY","LEGAL_OR_COMPLIANCE_CLAIM_SCOPE","false","false","false","false","F10 audit only; deduped source zip inventory; no extraction; no runtime import"
"OBSIDIA_RSSI_RGPD_ISO_READINESS_PACK_V2.zip","C:\Users\User\Desktop\obsidia-engine-proof-core\obsidia-x108-proofs_REMOTE_A5F21C6B\_source_packs\OBSIDIA_UNIFIED_IMPLEMENTATION_BACKLOG_RICH_NO_DUPES_V1\raw\OBSIDIA_RSSI_RGPD_ISO_READINESS_PACK_V2.zip","OBSIDIA_RSSI_RGPD_ISO_READINESS_PACK_V2/docs/modules/RSSI_007_NON_CONTOURNEMENT.md","RSSI_007_NON_CONTOURNEMENT.md",".md","5444","INTEGRATE_TO_COMPLIANCE_DATA_GOVERNANCE_SPEC_CANDIDATE","RGPD_COMPLIANCE_SCOPE_GUARD + RSSI_EVIDENCE_ONLY","LEGAL_OR_COMPLIANCE_CLAIM_SCOPE","false","false","false","false","F10 audit only; deduped source zip inventory; no extraction; no runtime import"
"OBSIDIA_RSSI_RGPD_ISO_READINESS_PACK_V2.zip","C:\Users\User\Desktop\obsidia-engine-proof-core\obsidia-x108-proofs_REMOTE_A5F21C6B\_source_packs\OBSIDIA_UNIFIED_IMPLEMENTATION_BACKLOG_RICH_NO_DUPES_V1\raw\OBSIDIA_RSSI_RGPD_ISO_READINESS_PACK_V2.zip","OBSIDIA_RSSI_RGPD_ISO_READINESS_PACK_V2/docs/modules/RSSI_008_NON_EMISSION_ACT_PERIPHERIE.md","RSSI_008_NON_EMISSION_ACT_PERIPHERIE.md",".md","5550","INTEGRATE_TO_COMPLIANCE_DATA_GOVERNANCE_SPEC_CANDIDATE","RGPD_COMPLIANCE_SCOPE_GUARD + RSSI_EVIDENCE_ONLY","LEGAL_OR_COMPLIANCE_CLAIM_SCOPE","false","false","false","false","F10 audit only; deduped source zip inventory; no extraction; no runtime import"
"OBSIDIA_RSSI_RGPD_ISO_READINESS_PACK_V2.zip","C:\Users\User\Desktop\obsidia-engine-proof-core\obsidia-x108-proofs_REMOTE_A5F21C6B\_source_packs\OBSIDIA_UNIFIED_IMPLEMENTATION_BACKLOG_RICH_NO_DUPES_V1\raw\OBSIDIA_RSSI_RGPD_ISO_READINESS_PACK_V2.zip","OBSIDIA_RSSI_RGPD_ISO_READINESS_PACK_V2/docs/modules/RSSI_009_CONTROLE_GRAPHITI_NEO4J.md","RSSI_009_CONTROLE_GRAPHITI_NEO4J.md",".md","5510","INTEGRATE_TO_COMPLIANCE_DATA_GOVERNANCE_SPEC_CANDIDATE","RGPD_COMPLIANCE_SCOPE_GUARD + RSSI_EVIDENCE_ONLY","LEGAL_OR_COMPLIANCE_CLAIM_SCOPE","false","false","false","false","F10 audit only; deduped source zip inventory; no extraction; no runtime import"
"OBSIDIA_RSSI_RGPD_ISO_READINESS_PACK_V2.zip","C:\Users\User\Desktop\obsidia-engine-proof-core\obsidia-x108-proofs_REMOTE_A5F21C6B\_source_packs\OBSIDIA_UNIFIED_IMPLEMENTATION_BACKLOG_RICH_NO_DUPES_V1\raw\OBSIDIA_RSSI_RGPD_ISO_READINESS_PACK_V2.zip","OBSIDIA_RSSI_RGPD_ISO_READINESS_PACK_V2/docs/modules/RSSI_010_AUDIT_LOGS.md","RSSI_010_AUDIT_LOGS.md",".md","5374","INTEGRATE_TO_COMPLIANCE_DATA_GOVERNANCE_SPEC_CANDIDATE","RGPD_COMPLIANCE_SCOPE_GUARD + RSSI_EVIDENCE_ONLY","LEGAL_OR_COMPLIANCE_CLAIM_SCOPE","false","false","false","false","F10 audit only; deduped source zip inventory; no extraction; no runtime import"
"OBSIDIA_RSSI_RGPD_ISO_READINESS_PACK_V2.zip","C:\Users\User\Desktop\obsidia-engine-proof-core\obsidia-x108-proofs_REMOTE_A5F21C6B\_source_packs\OBSIDIA_UNIFIED_IMPLEMENTATION_BACKLOG_RICH_NO_DUPES_V1\raw\OBSIDIA_RSSI_RGPD_ISO_READINESS_PACK_V2.zip","OBSIDIA_RSSI_RGPD_ISO_READINESS_PACK_V2/docs/modules/RSSI_011_REPLAYABILITE.md","RSSI_011_REPLAYABILITE.md",".md","5406","INTEGRATE_TO_COMPLIANCE_DATA_GOVERNANCE_SPEC_CANDIDATE","RGPD_COMPLIANCE_SCOPE_GUARD + RSSI_EVIDENCE_ONLY","LEGAL_OR_COMPLIANCE_CLAIM_SCOPE","false","false","false","false","F10 audit only; deduped source zip inventory; no extraction; no runtime import"
"OBSIDIA_RSSI_RGPD_ISO_READINESS_PACK_V2.zip","C:\Users\User\Desktop\obsidia-engine-proof-core\obsidia-x108-proofs_REMOTE_A5F21C6B\_source_packs\OBSIDIA_UNIFIED_IMPLEMENTATION_BACKLOG_RICH_NO_DUPES_V1\raw\OBSIDIA_RSSI_RGPD_ISO_READINESS_PACK_V2.zip","OBSIDIA_RSSI_RGPD_ISO_READINESS_PACK_V2/docs/modules/RSSI_012_EVIDENCE_LEDGER.md","RSSI_012_EVIDENCE_LEDGER.md",".md","5424","INTEGRATE_TO_COMPLIANCE_DATA_GOVERNANCE_SPEC_CANDIDATE","RGPD_COMPLIANCE_SCOPE_GUARD + RSSI_EVIDENCE_ONLY","LEGAL_OR_COMPLIANCE_CLAIM_SCOPE","false","false","false","false","F10 audit only; deduped source zip inventory; no extraction; no runtime import"
"OBSIDIA_RSSI_RGPD_ISO_READINESS_PACK_V2.zip","C:\Users\User\Desktop\obsidia-engine-proof-core\obsidia-x108-proofs_REMOTE_A5F21C6B\_source_packs\OBSIDIA_UNIFIED_IMPLEMENTATION_BACKLOG_RICH_NO_DUPES_V1\raw\OBSIDIA_RSSI_RGPD_ISO_READINESS_PACK_V2.zip","OBSIDIA_RSSI_RGPD_ISO_READINESS_PACK_V2/docs/modules/RSSI_013_GESTION_DES_ACCES.md","RSSI_013_GESTION_DES_ACCES.md",".md","5446","INTEGRATE_TO_COMPLIANCE_DATA_GOVERNANCE_SPEC_CANDIDATE","RGPD_COMPLIANCE_SCOPE_GUARD + RSSI_EVIDENCE_ONLY","LEGAL_OR_COMPLIANCE_CLAIM_SCOPE","false","false","false","false","F10 audit only; deduped source zip inventory; no extraction; no runtime import"
"OBSIDIA_RSSI_RGPD_ISO_READINESS_PACK_V2.zip","C:\Users\User\Desktop\obsidia-engine-proof-core\obsidia-x108-proofs_REMOTE_A5F21C6B\_source_packs\OBSIDIA_UNIFIED_IMPLEMENTATION_BACKLOG_RICH_NO_DUPES_V1\raw\OBSIDIA_RSSI_RGPD_ISO_READINESS_PACK_V2.zip","OBSIDIA_RSSI_RGPD_ISO_READINESS_PACK_V2/docs/modules/RSSI_014_GESTION_DES_SECRETS.md","RSSI_014_GESTION_DES_SECRETS.md",".md","5464","INTEGRATE_TO_COMPLIANCE_DATA_GOVERNANCE_SPEC_CANDIDATE","RGPD_COMPLIANCE_SCOPE_GUARD + RSSI_EVIDENCE_ONLY","LEGAL_OR_COMPLIANCE_CLAIM_SCOPE","false","false","false","false","F10 audit only; deduped source zip inventory; no extraction; no runtime import"
"OBSIDIA_RSSI_RGPD_ISO_READINESS_PACK_V2.zip","C:\Users\User\Desktop\obsidia-engine-proof-core\obsidia-x108-proofs_REMOTE_A5F21C6B\_source_packs\OBSIDIA_UNIFIED_IMPLEMENTATION_BACKLOG_RICH_NO_DUPES_V1\raw\OBSIDIA_RSSI_RGPD_ISO_READINESS_PACK_V2.zip","OBSIDIA_RSSI_RGPD_ISO_READINESS_PACK_V2/docs/modules/RSSI_015_DONNEES_SENSIBLES.md","RSSI_015_DONNEES_SENSIBLES.md",".md","5446","INTEGRATE_TO_COMPLIANCE_DATA_GOVERNANCE_SPEC_CANDIDATE","RGPD_COMPLIANCE_SCOPE_GUARD + RSSI_EVIDENCE_ONLY","LEGAL_OR_COMPLIANCE_CLAIM_SCOPE","false","false","false","false","F10 audit only; deduped source zip inventory; no extraction; no runtime import"
"OBSIDIA_RSSI_RGPD_ISO_READINESS_PACK_V2.zip","C:\Users\User\Desktop\obsidia-engine-proof-core\obsidia-x108-proofs_REMOTE_A5F21C6B\_source_packs\OBSIDIA_UNIFIED_IMPLEMENTATION_BACKLOG_RICH_NO_DUPES_V1\raw\OBSIDIA_RSSI_RGPD_ISO_READINESS_PACK_V2.zip","OBSIDIA_RSSI_RGPD_ISO_READINESS_PACK_V2/docs/modules/RSSI_016_DONNEES_PERSONNELLES.md","RSSI_016_DONNEES_PERSONNELLES.md",".md","5476","INTEGRATE_TO_COMPLIANCE_DATA_GOVERNANCE_SPEC_CANDIDATE","RGPD_COMPLIANCE_SCOPE_GUARD + RSSI_EVIDENCE_ONLY","LEGAL_OR_COMPLIANCE_CLAIM_SCOPE","false","false","false","false","F10 audit only; deduped source zip inventory; no extraction; no runtime import"
"OBSIDIA_RSSI_RGPD_ISO_READINESS_PACK_V2.zip","C:\Users\User\Desktop\obsidia-engine-proof-core\obsidia-x108-proofs_REMOTE_A5F21C6B\_source_packs\OBSIDIA_UNIFIED_IMPLEMENTATION_BACKLOG_RICH_NO_DUPES_V1\raw\OBSIDIA_RSSI_RGPD_ISO_READINESS_PACK_V2.zip","OBSIDIA_RSSI_RGPD_ISO_READINESS_PACK_V2/docs/modules/RSSI_017_RISQUE_PROMPT_INJECTION.md","RSSI_017_RISQUE_PROMPT_INJECTION.md",".md","5504","INTEGRATE_TO_COMPLIANCE_DATA_GOVERNANCE_SPEC_CANDIDATE","RGPD_COMPLIANCE_SCOPE_GUARD + RSSI_EVIDENCE_ONLY","LEGAL_OR_COMPLIANCE_CLAIM_SCOPE","false","false","false","false","F10 audit only; deduped source zip inventory; no extraction; no runtime import"
"OBSIDIA_RSSI_RGPD_ISO_READINESS_PACK_V2.zip","C:\Users\User\Desktop\obsidia-engine-proof-core\obsidia-x108-proofs_REMOTE_A5F21C6B\_source_packs\OBSIDIA_UNIFIED_IMPLEMENTATION_BACKLOG_RICH_NO_DUPES_V1\raw\OBSIDIA_RSSI_RGPD_ISO_READINESS_PACK_V2.zip","OBSIDIA_RSSI_RGPD_ISO_READINESS_PACK_V2/docs/modules/RSSI_018_RISQUE_AGENT_BYPASS.md","RSSI_018_RISQUE_AGENT_BYPASS.md",".md","5464","INTEGRATE_TO_COMPLIANCE_DATA_GOVERNANCE_SPEC_CANDIDATE","RGPD_COMPLIANCE_SCOPE_GUARD + RSSI_EVIDENCE_ONLY","LEGAL_OR_COMPLIANCE_CLAIM_SCOPE","false","false","false","false","F10 audit only; deduped source zip inventory; no extraction; no runtime import"
"OBSIDIA_RSSI_RGPD_ISO_READINESS_PACK_V2.zip","C:\Users\User\Desktop\obsidia-engine-proof-core\obsidia-x108-proofs_REMOTE_A5F21C6B\_source_packs\OBSIDIA_UNIFIED_IMPLEMENTATION_BACKLOG_RICH_NO_DUPES_V1\raw\OBSIDIA_RSSI_RGPD_ISO_READINESS_PACK_V2.zip","OBSIDIA_RSSI_RGPD_ISO_READINESS_PACK_V2/docs/modules/RSSI_019_RISQUE_HALLUCINATION_DECISIONNELLE.md","RSSI_019_RISQUE_HALLUCINATION_DECISIONNELLE.md",".md","5616","INTEGRATE_TO_COMPLIANCE_DATA_GOVERNANCE_SPEC_CANDIDATE","RGPD_COMPLIANCE_SCOPE_GUARD + RSSI_EVIDENCE_ONLY","LEGAL_OR_COMPLIANCE_CLAIM_SCOPE","false","false","false","false","F10 audit only; deduped source zip inventory; no extraction; no runtime import"
"OBSIDIA_RSSI_RGPD_ISO_READINESS_PACK_V2.zip","C:\Users\User\Desktop\obsidia-engine-proof-core\obsidia-x108-proofs_REMOTE_A5F21C6B\_source_packs\OBSIDIA_UNIFIED_IMPLEMENTATION_BACKLOG_RICH_NO_DUPES_V1\raw\OBSIDIA_RSSI_RGPD_ISO_READINESS_PACK_V2.zip","OBSIDIA_RSSI_RGPD_ISO_READINESS_PACK_V2/docs/modules/RSSI_020_RISQUE_SUPPLY_CHAIN.md","RSSI_020_RISQUE_SUPPLY_CHAIN.md",".md","5464","INTEGRATE_TO_COMPLIANCE_DATA_GOVERNANCE_SPEC_CANDIDATE","RGPD_COMPLIANCE_SCOPE_GUARD + RSSI_EVIDENCE_ONLY","LEGAL_OR_COMPLIANCE_CLAIM_SCOPE","false","false","false","false","F10 audit only; deduped source zip inventory; no extraction; no runtime import"
"OBSIDIA_RSSI_RGPD_ISO_READINESS_PACK_V2.zip","C:\Users\User\Desktop\obsidia-engine-proof-core\obsidia-x108-proofs_REMOTE_A5F21C6B\_source_packs\OBSIDIA_UNIFIED_IMPLEMENTATION_BACKLOG_RICH_NO_DUPES_V1\raw\OBSIDIA_RSSI_RGPD_ISO_READINESS_PACK_V2.zip","OBSIDIA_RSSI_RGPD_ISO_READINESS_PACK_V2/docs/modules/RSSI_021_RISQUE_DEPENDANCE_LLM.md","RSSI_021_RISQUE_DEPENDANCE_LLM.md",".md","5486","INTEGRATE_TO_COMPLIANCE_DATA_GOVERNANCE_SPEC_CANDIDATE","RGPD_COMPLIANCE_SCOPE_GUARD + RSSI_EVIDENCE_ONLY","LEGAL_OR_COMPLIANCE_CLAIM_SCOPE","false","false","false","false","F10 audit only; deduped source zip inventory; no extraction; no runtime import"
"OBSIDIA_RSSI_RGPD_ISO_READINESS_PACK_V2.zip","C:\Users\User\Desktop\obsidia-engine-proof-core\obsidia-x108-proofs_REMOTE_A5F21C6B\_source_packs\OBSIDIA_UNIFIED_IMPLEMENTATION_BACKLOG_RICH_NO_DUPES_V1\raw\OBSIDIA_RSSI_RGPD_ISO_READINESS_PACK_V2.zip","OBSIDIA_RSSI_RGPD_ISO_READINESS_PACK_V2/docs/modules/RSSI_022_RISQUE_MEMORY_POISONING.md","RSSI_022_RISQUE_MEMORY_POISONING.md",".md","5504","INTEGRATE_TO_COMPLIANCE_DATA_GOVERNANCE_SPEC_CANDIDATE","RGPD_COMPLIANCE_SCOPE_GUARD + RSSI_EVIDENCE_ONLY","LEGAL_OR_COMPLIANCE_CLAIM_SCOPE","false","false","false","false","F10 audit only; deduped source zip inventory; no extraction; no runtime import"
"OBSIDIA_RSSI_RGPD_ISO_READINESS_PACK_V2.zip","C:\Users\User\Desktop\obsidia-engine-proof-core\obsidia-x108-proofs_REMOTE_A5F21C6B\_source_packs\OBSIDIA_UNIFIED_IMPLEMENTATION_BACKLOG_RICH_NO_DUPES_V1\raw\OBSIDIA_RSSI_RGPD_ISO_READINESS_PACK_V2.zip","OBSIDIA_RSSI_RGPD_ISO_READINESS_PACK_V2/docs/modules/RSSI_023_RISQUE_GRAPH_POISONING.md","RSSI_023_RISQUE_GRAPH_POISONING.md",".md","5494","INTEGRATE_TO_COMPLIANCE_DATA_GOVERNANCE_SPEC_CANDIDATE","RGPD_COMPLIANCE_SCOPE_GUARD + RSSI_EVIDENCE_ONLY","LEGAL_OR_COMPLIANCE_CLAIM_SCOPE","false","false","false","false","F10 audit only; deduped source zip inventory; no extraction; no runtime import"
"OBSIDIA_RSSI_RGPD_ISO_READINESS_PACK_V2.zip","C:\Users\User\Desktop\obsidia-engine-proof-core\obsidia-x108-proofs_REMOTE_A5F21C6B\_source_packs\OBSIDIA_UNIFIED_IMPLEMENTATION_BACKLOG_RICH_NO_DUPES_V1\raw\OBSIDIA_RSSI_RGPD_ISO_READINESS_PACK_V2.zip","OBSIDIA_RSSI_RGPD_ISO_READINESS_PACK_V2/docs/modules/RSSI_024_RISQUE_UNAUTHORIZED_TOOL_CALL.md","RSSI_024_RISQUE_UNAUTHORIZED_TOOL_CALL.md",".md","5564","INTEGRATE_TO_COMPLIANCE_DATA_GOVERNANCE_SPEC_CANDIDATE","RGPD_COMPLIANCE_SCOPE_GUARD + RSSI_EVIDENCE_ONLY","LEGAL_OR_COMPLIANCE_CLAIM_SCOPE","false","false","false","false","F10 audit only; deduped source zip inventory; no extraction; no runtime import"
"OBSIDIA_RSSI_RGPD_ISO_READINESS_PACK_V2.zip","C:\Users\User\Desktop\obsidia-engine-proof-core\obsidia-x108-proofs_REMOTE_A5F21C6B\_source_packs\OBSIDIA_UNIFIED_IMPLEMENTATION_BACKLOG_RICH_NO_DUPES_V1\raw\OBSIDIA_RSSI_RGPD_ISO_READINESS_PACK_V2.zip","OBSIDIA_RSSI_RGPD_ISO_READINESS_PACK_V2/docs/modules/RSSI_025_RISQUE_ACTION_IRREVERSIBLE.md","RSSI_025_RISQUE_ACTION_IRREVERSIBLE.md",".md","5536","INTEGRATE_TO_COMPLIANCE_DATA_GOVERNANCE_SPEC_CANDIDATE","RGPD_COMPLIANCE_SCOPE_GUARD + RSSI_EVIDENCE_ONLY","LEGAL_OR_COMPLIANCE_CLAIM_SCOPE","false","false","false","false","F10 audit only; deduped source zip inventory; no extraction; no runtime import"
"OBSIDIA_RSSI_RGPD_ISO_READINESS_PACK_V2.zip","C:\Users\User\Desktop\obsidia-engine-proof-core\obsidia-x108-proofs_REMOTE_A5F21C6B\_source_packs\OBSIDIA_UNIFIED_IMPLEMENTATION_BACKLOG_RICH_NO_DUPES_V1\raw\OBSIDIA_RSSI_RGPD_ISO_READINESS_PACK_V2.zip","OBSIDIA_RSSI_RGPD_ISO_READINESS_PACK_V2/docs/modules/RSSI_026_INCIDENT_RESPONSE.md","RSSI_026_INCIDENT_RESPONSE.md",".md","5444","INTEGRATE_TO_COMPLIANCE_DATA_GOVERNANCE_SPEC_CANDIDATE","RGPD_COMPLIANCE_SCOPE_GUARD + RSSI_EVIDENCE_ONLY","LEGAL_OR_COMPLIANCE_CLAIM_SCOPE","false","false","false","false","F10 audit only; deduped source zip inventory; no extraction; no runtime import"
"OBSIDIA_RSSI_RGPD_ISO_READINESS_PACK_V2.zip","C:\Users\User\Desktop\obsidia-engine-proof-core\obsidia-x108-proofs_REMOTE_A5F21C6B\_source_packs\OBSIDIA_UNIFIED_IMPLEMENTATION_BACKLOG_RICH_NO_DUPES_V1\raw\OBSIDIA_RSSI_RGPD_ISO_READINESS_PACK_V2.zip","OBSIDIA_RSSI_RGPD_ISO_READINESS_PACK_V2/docs/modules/RSSI_027_ROLLBACK_CONTAINMENT.md","RSSI_027_ROLLBACK_CONTAINMENT.md",".md","5478","INTEGRATE_TO_COMPLIANCE_DATA_GOVERNANCE_SPEC_CANDIDATE","RGPD_COMPLIANCE_SCOPE_GUARD + RSSI_EVIDENCE_ONLY","LEGAL_OR_COMPLIANCE_CLAIM_SCOPE","false","false","false","false","F10 audit only; deduped source zip inventory; no extraction; no runtime import"
"OBSIDIA_RSSI_RGPD_ISO_READINESS_PACK_V2.zip","C:\Users\User\Desktop\obsidia-engine-proof-core\obsidia-x108-proofs_REMOTE_A5F21C6B\_source_packs\OBSIDIA_UNIFIED_IMPLEMENTATION_BACKLOG_RICH_NO_DUPES_V1\raw\OBSIDIA_RSSI_RGPD_ISO_READINESS_PACK_V2.zip","OBSIDIA_RSSI_RGPD_ISO_READINESS_PACK_V2/docs/modules/RSSI_028_CONFORMITE_ISO_27001.md","RSSI_028_CONFORMITE_ISO_27001.md",".md","5476","INTEGRATE_TO_COMPLIANCE_DATA_GOVERNANCE_SPEC_CANDIDATE","RGPD_COMPLIANCE_SCOPE_GUARD + RSSI_EVIDENCE_ONLY","LEGAL_OR_COMPLIANCE_CLAIM_SCOPE","false","false","false","false","F10 audit only; deduped source zip inventory; no extraction; no runtime import"
"OBSIDIA_RSSI_RGPD_ISO_READINESS_PACK_V2.zip","C:\Users\User\Desktop\obsidia-engine-proof-core\obsidia-x108-proofs_REMOTE_A5F21C6B\_source_packs\OBSIDIA_UNIFIED_IMPLEMENTATION_BACKLOG_RICH_NO_DUPES_V1\raw\OBSIDIA_RSSI_RGPD_ISO_READINESS_PACK_V2.zip","OBSIDIA_RSSI_RGPD_ISO_READINESS_PACK_V2/docs/modules/RSSI_029_CONFORMITE_NIST_CSF.md","RSSI_029_CONFORMITE_NIST_CSF.md",".md","5466","INTEGRATE_TO_COMPLIANCE_DATA_GOVERNANCE_SPEC_CANDIDATE","RGPD_COMPLIANCE_SCOPE_GUARD + RSSI_EVIDENCE_ONLY","LEGAL_OR_COMPLIANCE_CLAIM_SCOPE","false","false","false","false","F10 audit only; deduped source zip inventory; no extraction; no runtime import"
"OBSIDIA_RSSI_RGPD_ISO_READINESS_PACK_V2.zip","C:\Users\User\Desktop\obsidia-engine-proof-core\obsidia-x108-proofs_REMOTE_A5F21C6B\_source_packs\OBSIDIA_UNIFIED_IMPLEMENTATION_BACKLOG_RICH_NO_DUPES_V1\raw\OBSIDIA_RSSI_RGPD_ISO_READINESS_PACK_V2.zip","OBSIDIA_RSSI_RGPD_ISO_READINESS_PACK_V2/docs/modules/RSSI_030_CONFORMITE_EBIOS_RM.md","RSSI_030_CONFORMITE_EBIOS_RM.md",".md","5466","INTEGRATE_TO_COMPLIANCE_DATA_GOVERNANCE_SPEC_CANDIDATE","RGPD_COMPLIANCE_SCOPE_GUARD + RSSI_EVIDENCE_ONLY","LEGAL_OR_COMPLIANCE_CLAIM_SCOPE","false","false","false","false","F10 audit only; deduped source zip inventory; no extraction; no runtime import"
"OBSIDIA_RSSI_RGPD_ISO_READINESS_PACK_V2.zip","C:\Users\User\Desktop\obsidia-engine-proof-core\obsidia-x108-proofs_REMOTE_A5F21C6B\_source_packs\OBSIDIA_UNIFIED_IMPLEMENTATION_BACKLOG_RICH_NO_DUPES_V1\raw\OBSIDIA_RSSI_RGPD_ISO_READINESS_PACK_V2.zip","OBSIDIA_RSSI_RGPD_ISO_READINESS_PACK_V2/docs/modules/RSSI_031_PERTINENCE_AI_ACT.md","RSSI_031_PERTINENCE_AI_ACT.md",".md","5444","INTEGRATE_TO_COMPLIANCE_DATA_GOVERNANCE_SPEC_CANDIDATE","RGPD_COMPLIANCE_SCOPE_GUARD + RSSI_EVIDENCE_ONLY","LEGAL_OR_COMPLIANCE_CLAIM_SCOPE","false","false","false","false","F10 audit only; deduped source zip inventory; no extraction; no runtime import"
"OBSIDIA_RSSI_RGPD_ISO_READINESS_PACK_V2.zip","C:\Users\User\Desktop\obsidia-engine-proof-core\obsidia-x108-proofs_REMOTE_A5F21C6B\_source_packs\OBSIDIA_UNIFIED_IMPLEMENTATION_BACKLOG_RICH_NO_DUPES_V1\raw\OBSIDIA_RSSI_RGPD_ISO_READINESS_PACK_V2.zip","OBSIDIA_RSSI_RGPD_ISO_READINESS_PACK_V2/docs/modules/RSSI_032_PERTINENCE_GDPR.md","RSSI_032_PERTINENCE_GDPR.md",".md","5424","INTEGRATE_TO_COMPLIANCE_DATA_GOVERNANCE_SPEC_CANDIDATE","RGPD_COMPLIANCE_SCOPE_GUARD + RSSI_EVIDENCE_ONLY","LEGAL_OR_COMPLIANCE_CLAIM_SCOPE","false","false","false","false","F10 audit only; deduped source zip inventory; no extraction; no runtime import"
"OBSIDIA_RSSI_RGPD_ISO_READINESS_PACK_V2.zip","C:\Users\User\Desktop\obsidia-engine-proof-core\obsidia-x108-proofs_REMOTE_A5F21C6B\_source_packs\OBSIDIA_UNIFIED_IMPLEMENTATION_BACKLOG_RICH_NO_DUPES_V1\raw\OBSIDIA_RSSI_RGPD_ISO_READINESS_PACK_V2.zip","OBSIDIA_RSSI_RGPD_ISO_READINESS_PACK_V2/docs/modules/RSSI_033_PERTINENCE_NIS2_DORA.md","RSSI_033_PERTINENCE_NIS2_DORA.md",".md","5478","INTEGRATE_TO_COMPLIANCE_DATA_GOVERNANCE_SPEC_CANDIDATE","RGPD_COMPLIANCE_SCOPE_GUARD + RSSI_EVIDENCE_ONLY","LEGAL_OR_COMPLIANCE_CLAIM_SCOPE","false","false","false","false","F10 audit only; deduped source zip inventory; no extraction; no runtime import"
"OBSIDIA_RSSI_RGPD_ISO_READINESS_PACK_V2.zip","C:\Users\User\Desktop\obsidia-engine-proof-core\obsidia-x108-proofs_REMOTE_A5F21C6B\_source_packs\OBSIDIA_UNIFIED_IMPLEMENTATION_BACKLOG_RICH_NO_DUPES_V1\raw\OBSIDIA_RSSI_RGPD_ISO_READINESS_PACK_V2.zip","OBSIDIA_RSSI_RGPD_ISO_READINESS_PACK_V2/docs/modules/RSSI_034_CONTROLES_BANCAIRES.md","RSSI_034_CONTROLES_BANCAIRES.md",".md","5466","INTEGRATE_TO_COMPLIANCE_DATA_GOVERNANCE_SPEC_CANDIDATE","RGPD_COMPLIANCE_SCOPE_GUARD + RSSI_EVIDENCE_ONLY","LEGAL_OR_COMPLIANCE_CLAIM_SCOPE","false","false","false","false","F10 audit only; deduped source zip inventory; no extraction; no runtime import"
"OBSIDIA_RSSI_RGPD_ISO_READINESS_PACK_V2.zip","C:\Users\User\Desktop\obsidia-engine-proof-core\obsidia-x108-proofs_REMOTE_A5F21C6B\_source_packs\OBSIDIA_UNIFIED_IMPLEMENTATION_BACKLOG_RICH_NO_DUPES_V1\raw\OBSIDIA_RSSI_RGPD_ISO_READINESS_PACK_V2.zip","OBSIDIA_RSSI_RGPD_ISO_READINESS_PACK_V2/docs/modules/RSSI_035_QUESTIONS_RSSI.md","RSSI_035_QUESTIONS_RSSI.md",".md","5414","INTEGRATE_TO_COMPLIANCE_DATA_GOVERNANCE_SPEC_CANDIDATE","RGPD_COMPLIANCE_SCOPE_GUARD + RSSI_EVIDENCE_ONLY","LEGAL_OR_COMPLIANCE_CLAIM_SCOPE","false","false","false","false","F10 audit only; deduped source zip inventory; no extraction; no runtime import"
"OBSIDIA_RSSI_RGPD_ISO_READINESS_PACK_V2.zip","C:\Users\User\Desktop\obsidia-engine-proof-core\obsidia-x108-proofs_REMOTE_A5F21C6B\_source_packs\OBSIDIA_UNIFIED_IMPLEMENTATION_BACKLOG_RICH_NO_DUPES_V1\raw\OBSIDIA_RSSI_RGPD_ISO_READINESS_PACK_V2.zip","OBSIDIA_RSSI_RGPD_ISO_READINESS_PACK_V2/docs/modules/RSSI_036_PREUVES_ATTENDUES.md","RSSI_036_PREUVES_ATTENDUES.md",".md","5444","INTEGRATE_TO_COMPLIANCE_DATA_GOVERNANCE_SPEC_CANDIDATE","RGPD_COMPLIANCE_SCOPE_GUARD + RSSI_EVIDENCE_ONLY","LEGAL_OR_COMPLIANCE_CLAIM_SCOPE","false","false","false","false","F10 audit only; deduped source zip inventory; no extraction; no runtime import"
"OBSIDIA_RSSI_RGPD_ISO_READINESS_PACK_V2.zip","C:\Users\User\Desktop\obsidia-engine-proof-core\obsidia-x108-proofs_REMOTE_A5F21C6B\_source_packs\OBSIDIA_UNIFIED_IMPLEMENTATION_BACKLOG_RICH_NO_DUPES_V1\raw\OBSIDIA_RSSI_RGPD_ISO_READINESS_PACK_V2.zip","OBSIDIA_RSSI_RGPD_ISO_READINESS_PACK_V2/docs/modules/RSSI_037_LIMITES_ACTUELLES.md","RSSI_037_LIMITES_ACTUELLES.md",".md","5444","INTEGRATE_TO_COMPLIANCE_DATA_GOVERNANCE_SPEC_CANDIDATE","RGPD_COMPLIANCE_SCOPE_GUARD + RSSI_EVIDENCE_ONLY","LEGAL_OR_COMPLIANCE_CLAIM_SCOPE","false","false","false","false","F10 audit only; deduped source zip inventory; no extraction; no runtime import"
"OBSIDIA_RSSI_RGPD_ISO_READINESS_PACK_V2.zip","C:\Users\User\Desktop\obsidia-engine-proof-core\obsidia-x108-proofs_REMOTE_A5F21C6B\_source_packs\OBSIDIA_UNIFIED_IMPLEMENTATION_BACKLOG_RICH_NO_DUPES_V1\raw\OBSIDIA_RSSI_RGPD_ISO_READINESS_PACK_V2.zip","OBSIDIA_RSSI_RGPD_ISO_READINESS_PACK_V2/docs/modules/RSSI_038_ROADMAP_SECURITE.md","RSSI_038_ROADMAP_SECURITE.md",".md","5438","INTEGRATE_TO_COMPLIANCE_DATA_GOVERNANCE_SPEC_CANDIDATE","RGPD_COMPLIANCE_SCOPE_GUARD + RSSI_EVIDENCE_ONLY","LEGAL_OR_COMPLIANCE_CLAIM_SCOPE","false","false","false","false","F10 audit only; deduped source zip inventory; no extraction; no runtime import"
"OBSIDIA_RSSI_RGPD_ISO_READINESS_PACK_V2.zip","C:\Users\User\Desktop\obsidia-engine-proof-core\obsidia-x108-proofs_REMOTE_A5F21C6B\_source_packs\OBSIDIA_UNIFIED_IMPLEMENTATION_BACKLOG_RICH_NO_DUPES_V1\raw\OBSIDIA_RSSI_RGPD_ISO_READINESS_PACK_V2.zip","OBSIDIA_RSSI_RGPD_ISO_READINESS_PACK_V2/docs/modules/RSSI_039_CONDITIONS_DE_PASSAGE_PRE_PROD.md","RSSI_039_CONDITIONS_DE_PASSAGE_PRE_PROD.md",".md","5574","INTEGRATE_TO_COMPLIANCE_DATA_GOVERNANCE_SPEC_CANDIDATE","RGPD_COMPLIANCE_SCOPE_GUARD + RSSI_EVIDENCE_ONLY","LEGAL_OR_COMPLIANCE_CLAIM_SCOPE","false","false","false","false","F10 audit only; deduped source zip inventory; no extraction; no runtime import"
"OBSIDIA_RSSI_RGPD_ISO_READINESS_PACK_V2.zip","C:\Users\User\Desktop\obsidia-engine-proof-core\obsidia-x108-proofs_REMOTE_A5F21C6B\_source_packs\OBSIDIA_UNIFIED_IMPLEMENTATION_BACKLOG_RICH_NO_DUPES_V1\raw\OBSIDIA_RSSI_RGPD_ISO_READINESS_PACK_V2.zip","OBSIDIA_RSSI_RGPD_ISO_READINESS_PACK_V2/docs/modules/RSSI_040_CONDITIONS_DE_REFUS_PRODUCTION.md","RSSI_040_CONDITIONS_DE_REFUS_PRODUCTION.md",".md","5574","INTEGRATE_TO_COMPLIANCE_DATA_GOVERNANCE_SPEC_CANDIDATE","RGPD_COMPLIANCE_SCOPE_GUARD + RSSI_EVIDENCE_ONLY","LEGAL_OR_COMPLIANCE_CLAIM_SCOPE","false","false","false","false","F10 audit only; deduped source zip inventory; no extraction; no runtime import"
"OBSIDIA_RSSI_RGPD_ISO_READINESS_PACK_V2.zip","C:\Users\User\Desktop\obsidia-engine-proof-core\obsidia-x108-proofs_REMOTE_A5F21C6B\_source_packs\OBSIDIA_UNIFIED_IMPLEMENTATION_BACKLOG_RICH_NO_DUPES_V1\raw\OBSIDIA_RSSI_RGPD_ISO_READINESS_PACK_V2.zip","OBSIDIA_RSSI_RGPD_ISO_READINESS_PACK_V2/registry/rssi_file_registry.json","rssi_file_registry.json",".json","542857","INTEGRATE_TO_COMPLIANCE_DATA_GOVERNANCE_SPEC_CANDIDATE","RGPD_COMPLIANCE_SCOPE_GUARD + RSSI_EVIDENCE_ONLY","LEGAL_OR_COMPLIANCE_CLAIM_SCOPE","false","false","false","false","F10 audit only; deduped source zip inventory; no extraction; no runtime import"
"OBSIDIA_RSSI_RGPD_ISO_READINESS_PACK_V2.zip","C:\Users\User\Desktop\obsidia-engine-proof-core\obsidia-x108-proofs_REMOTE_A5F21C6B\_source_packs\OBSIDIA_UNIFIED_IMPLEMENTATION_BACKLOG_RICH_NO_DUPES_V1\raw\OBSIDIA_RSSI_RGPD_ISO_READINESS_PACK_V2.zip","OBSIDIA_RSSI_RGPD_ISO_READINESS_PACK_V2/registry/rssi_control_registry.json","rssi_control_registry.json",".json","28864","INTEGRATE_TO_COMPLIANCE_DATA_GOVERNANCE_SPEC_CANDIDATE","RGPD_COMPLIANCE_SCOPE_GUARD + RSSI_EVIDENCE_ONLY","LEGAL_OR_COMPLIANCE_CLAIM_SCOPE","false","false","false","false","F10 audit only; deduped source zip inventory; no extraction; no runtime import"
"OBSIDIA_RSSI_RGPD_ISO_READINESS_PACK_V2.zip","C:\Users\User\Desktop\obsidia-engine-proof-core\obsidia-x108-proofs_REMOTE_A5F21C6B\_source_packs\OBSIDIA_UNIFIED_IMPLEMENTATION_BACKLOG_RICH_NO_DUPES_V1\raw\OBSIDIA_RSSI_RGPD_ISO_READINESS_PACK_V2.zip","OBSIDIA_RSSI_RGPD_ISO_READINESS_PACK_V2/registry/rssi_risk_registry.json","rssi_risk_registry.json",".json","20920","INTEGRATE_TO_COMPLIANCE_DATA_GOVERNANCE_SPEC_CANDIDATE","RGPD_COMPLIANCE_SCOPE_GUARD + RSSI_EVIDENCE_ONLY","LEGAL_OR_COMPLIANCE_CLAIM_SCOPE","false","false","false","false","F10 audit only; deduped source zip inventory; no extraction; no runtime import"
"OBSIDIA_RSSI_RGPD_ISO_READINESS_PACK_V2.zip","C:\Users\User\Desktop\obsidia-engine-proof-core\obsidia-x108-proofs_REMOTE_A5F21C6B\_source_packs\OBSIDIA_UNIFIED_IMPLEMENTATION_BACKLOG_RICH_NO_DUPES_V1\raw\OBSIDIA_RSSI_RGPD_ISO_READINESS_PACK_V2.zip","OBSIDIA_RSSI_RGPD_ISO_READINESS_PACK_V2/registry/rssi_security_case_registry.json","rssi_security_case_registry.json",".json","14727","INTEGRATE_TO_COMPLIANCE_DATA_GOVERNANCE_SPEC_CANDIDATE","RGPD_COMPLIANCE_SCOPE_GUARD + RSSI_EVIDENCE_ONLY","LEGAL_OR_COMPLIANCE_CLAIM_SCOPE","false","false","false","false","F10 audit only; deduped source zip inventory; no extraction; no runtime import"
"OBSIDIA_RSSI_RGPD_ISO_READINESS_PACK_V2.zip","C:\Users\User\Desktop\obsidia-engine-proof-core\obsidia-x108-proofs_REMOTE_A5F21C6B\_source_packs\OBSIDIA_UNIFIED_IMPLEMENTATION_BACKLOG_RICH_NO_DUPES_V1\raw\OBSIDIA_RSSI_RGPD_ISO_READINESS_PACK_V2.zip","OBSIDIA_RSSI_RGPD_ISO_READINESS_PACK_V2/registry/rssi_threat_registry.json","rssi_threat_registry.json",".json","5371","INTEGRATE_TO_COMPLIANCE_DATA_GOVERNANCE_SPEC_CANDIDATE","RGPD_COMPLIANCE_SCOPE_GUARD + RSSI_EVIDENCE_ONLY","LEGAL_OR_COMPLIANCE_CLAIM_SCOPE","false","false","false","false","F10 audit only; deduped source zip inventory; no extraction; no runtime import"
"OBSIDIA_RSSI_RGPD_ISO_READINESS_PACK_V2.zip","C:\Users\User\Desktop\obsidia-engine-proof-core\obsidia-x108-proofs_REMOTE_A5F21C6B\_source_packs\OBSIDIA_UNIFIED_IMPLEMENTATION_BACKLOG_RICH_NO_DUPES_V1\raw\OBSIDIA_RSSI_RGPD_ISO_READINESS_PACK_V2.zip","OBSIDIA_RSSI_RGPD_ISO_READINESS_PACK_V2/registry/rssi_evidence_registry.json","rssi_evidence_registry.json",".json","5913","INTEGRATE_TO_COMPLIANCE_DATA_GOVERNANCE_SPEC_CANDIDATE","RGPD_COMPLIANCE_SCOPE_GUARD + RSSI_EVIDENCE_ONLY","LEGAL_OR_COMPLIANCE_CLAIM_SCOPE","false","false","false","false","F10 audit only; deduped source zip inventory; no extraction; no runtime import"
"OBSIDIA_RSSI_RGPD_ISO_READINESS_PACK_V2.zip","C:\Users\User\Desktop\obsidia-engine-proof-core\obsidia-x108-proofs_REMOTE_A5F21C6B\_source_packs\OBSIDIA_UNIFIED_IMPLEMENTATION_BACKLOG_RICH_NO_DUPES_V1\raw\OBSIDIA_RSSI_RGPD_ISO_READINESS_PACK_V2.zip","OBSIDIA_RSSI_RGPD_ISO_READINESS_PACK_V2/registry/rssi_boundary_registry.json","rssi_boundary_registry.json",".json","5887","INTEGRATE_TO_COMPLIANCE_DATA_GOVERNANCE_SPEC_CANDIDATE","RGPD_COMPLIANCE_SCOPE_GUARD + RSSI_EVIDENCE_ONLY","LEGAL_OR_COMPLIANCE_CLAIM_SCOPE","false","false","false","false","F10 audit only; deduped source zip inventory; no extraction; no runtime import"
"OBSIDIA_RSSI_RGPD_ISO_READINESS_PACK_V2.zip","C:\Users\User\Desktop\obsidia-engine-proof-core\obsidia-x108-proofs_REMOTE_A5F21C6B\_source_packs\OBSIDIA_UNIFIED_IMPLEMENTATION_BACKLOG_RICH_NO_DUPES_V1\raw\OBSIDIA_RSSI_RGPD_ISO_READINESS_PACK_V2.zip","OBSIDIA_RSSI_RGPD_ISO_READINESS_PACK_V2/registry/rssi_metrics_registry.json","rssi_metrics_registry.json",".json","7101","INTEGRATE_TO_COMPLIANCE_DATA_GOVERNANCE_SPEC_CANDIDATE","RGPD_COMPLIANCE_SCOPE_GUARD + RSSI_EVIDENCE_ONLY","LEGAL_OR_COMPLIANCE_CLAIM_SCOPE","false","false","false","false","F10 audit only; deduped source zip inventory; no extraction; no runtime import"
"OBSIDIA_RSSI_RGPD_ISO_READINESS_PACK_V2.zip","C:\Users\User\Desktop\obsidia-engine-proof-core\obsidia-x108-proofs_REMOTE_A5F21C6B\_source_packs\OBSIDIA_UNIFIED_IMPLEMENTATION_BACKLOG_RICH_NO_DUPES_V1\raw\OBSIDIA_RSSI_RGPD_ISO_READINESS_PACK_V2.zip","OBSIDIA_RSSI_RGPD_ISO_READINESS_PACK_V2/periphery/rssi_security_pack/__init__.py","__init__.py",".py","3740","DO_NOT_IMPORT_RUNTIME","RGPD_COMPLIANCE_SCOPE_GUARD + RSSI_EVIDENCE_ONLY","PY_RUNTIME_FORBIDDEN","false","false","false","false","F10 audit only; deduped source zip inventory; no extraction; no runtime import"
"OBSIDIA_RSSI_RGPD_ISO_READINESS_PACK_V2.zip","C:\Users\User\Desktop\obsidia-engine-proof-core\obsidia-x108-proofs_REMOTE_A5F21C6B\_source_packs\OBSIDIA_UNIFIED_IMPLEMENTATION_BACKLOG_RICH_NO_DUPES_V1\raw\OBSIDIA_RSSI_RGPD_ISO_READINESS_PACK_V2.zip","OBSIDIA_RSSI_RGPD_ISO_READINESS_PACK_V2/periphery/rssi_security_pack/rssi_types.py","rssi_types.py",".py","3752","DO_NOT_IMPORT_RUNTIME","RGPD_COMPLIANCE_SCOPE_GUARD + RSSI_EVIDENCE_ONLY","PY_RUNTIME_FORBIDDEN","false","false","false","false","F10 audit only; deduped source zip inventory; no extraction; no runtime import"
"OBSIDIA_RSSI_RGPD_ISO_READINESS_PACK_V2.zip","C:\Users\User\Desktop\obsidia-engine-proof-core\obsidia-x108-proofs_REMOTE_A5F21C6B\_source_packs\OBSIDIA_UNIFIED_IMPLEMENTATION_BACKLOG_RICH_NO_DUPES_V1\raw\OBSIDIA_RSSI_RGPD_ISO_READINESS_PACK_V2.zip","OBSIDIA_RSSI_RGPD_ISO_READINESS_PACK_V2/periphery/rssi_security_pack/readonly_boundary.py","readonly_boundary.py",".py","3794","DO_NOT_IMPORT_RUNTIME","RGPD_COMPLIANCE_SCOPE_GUARD + RSSI_EVIDENCE_ONLY","PY_RUNTIME_FORBIDDEN","false","false","false","false","F10 audit only; deduped source zip inventory; no extraction; no runtime import"
"OBSIDIA_RSSI_RGPD_ISO_READINESS_PACK_V2.zip","C:\Users\User\Desktop\obsidia-engine-proof-core\obsidia-x108-proofs_REMOTE_A5F21C6B\_source_packs\OBSIDIA_UNIFIED_IMPLEMENTATION_BACKLOG_RICH_NO_DUPES_V1\raw\OBSIDIA_RSSI_RGPD_ISO_READINESS_PACK_V2.zip","OBSIDIA_RSSI_RGPD_ISO_READINESS_PACK_V2/periphery/rssi_security_pack/security_controls.py","security_controls.py",".py","3794","DO_NOT_IMPORT_RUNTIME","RGPD_COMPLIANCE_SCOPE_GUARD + RSSI_EVIDENCE_ONLY","PY_RUNTIME_FORBIDDEN","false","false","false","false","F10 audit only; deduped source zip inventory; no extraction; no runtime import"
"OBSIDIA_RSSI_RGPD_ISO_READINESS_PACK_V2.zip","C:\Users\User\Desktop\obsidia-engine-proof-core\obsidia-x108-proofs_REMOTE_A5F21C6B\_source_packs\OBSIDIA_UNIFIED_IMPLEMENTATION_BACKLOG_RICH_NO_DUPES_V1\raw\OBSIDIA_RSSI_RGPD_ISO_READINESS_PACK_V2.zip","OBSIDIA_RSSI_RGPD_ISO_READINESS_PACK_V2/periphery/rssi_security_pack/risk_registry.py","risk_registry.py",".py","3770","DO_NOT_IMPORT_RUNTIME","RGPD_COMPLIANCE_SCOPE_GUARD + RSSI_EVIDENCE_ONLY","PY_RUNTIME_FORBIDDEN","false","false","false","false","F10 audit only; deduped source zip inventory; no extraction; no runtime import"
"OBSIDIA_RSSI_RGPD_ISO_READINESS_PACK_V2.zip","C:\Users\User\Desktop\obsidia-engine-proof-core\obsidia-x108-proofs_REMOTE_A5F21C6B\_source_packs\OBSIDIA_UNIFIED_IMPLEMENTATION_BACKLOG_RICH_NO_DUPES_V1\raw\OBSIDIA_RSSI_RGPD_ISO_READINESS_PACK_V2.zip","OBSIDIA_RSSI_RGPD_ISO_READINESS_PACK_V2/periphery/rssi_security_pack/threat_model.py","threat_model.py",".py","3764","DO_NOT_IMPORT_RUNTIME","RGPD_COMPLIANCE_SCOPE_GUARD + RSSI_EVIDENCE_ONLY","PY_RUNTIME_FORBIDDEN","false","false","false","false","F10 audit only; deduped source zip inventory; no extraction; no runtime import"
"OBSIDIA_RSSI_RGPD_ISO_READINESS_PACK_V2.zip","C:\Users\User\Desktop\obsidia-engine-proof-core\obsidia-x108-proofs_REMOTE_A5F21C6B\_source_packs\OBSIDIA_UNIFIED_IMPLEMENTATION_BACKLOG_RICH_NO_DUPES_V1\raw\OBSIDIA_RSSI_RGPD_ISO_READINESS_PACK_V2.zip","OBSIDIA_RSSI_RGPD_ISO_READINESS_PACK_V2/periphery/rssi_security_pack/evidence_registry.py","evidence_registry.py",".py","3794","DO_NOT_IMPORT_RUNTIME","RGPD_COMPLIANCE_SCOPE_GUARD + RSSI_EVIDENCE_ONLY","PY_RUNTIME_FORBIDDEN","false","false","false","false","F10 audit only; deduped source zip inventory; no extraction; no runtime import"
"OBSIDIA_RSSI_RGPD_ISO_READINESS_PACK_V2.zip","C:\Users\User\Desktop\obsidia-engine-proof-core\obsidia-x108-proofs_REMOTE_A5F21C6B\_source_packs\OBSIDIA_UNIFIED_IMPLEMENTATION_BACKLOG_RICH_NO_DUPES_V1\raw\OBSIDIA_RSSI_RGPD_ISO_READINESS_PACK_V2.zip","OBSIDIA_RSSI_RGPD_ISO_READINESS_PACK_V2/periphery/rssi_security_pack/audit_questions.py","audit_questions.py",".py","3782","DO_NOT_IMPORT_RUNTIME","RGPD_COMPLIANCE_SCOPE_GUARD + RSSI_EVIDENCE_ONLY","PY_RUNTIME_FORBIDDEN","false","false","false","false","F10 audit only; deduped source zip inventory; no extraction; no runtime import"
"OBSIDIA_RSSI_RGPD_ISO_READINESS_PACK_V2.zip","C:\Users\User\Desktop\obsidia-engine-proof-core\obsidia-x108-proofs_REMOTE_A5F21C6B\_source_packs\OBSIDIA_UNIFIED_IMPLEMENTATION_BACKLOG_RICH_NO_DUPES_V1\raw\OBSIDIA_RSSI_RGPD_ISO_READINESS_PACK_V2.zip","OBSIDIA_RSSI_RGPD_ISO_READINESS_PACK_V2/periphery/rssi_security_pack/security_cases.py","security_cases.py",".py","3776","DO_NOT_IMPORT_RUNTIME","RGPD_COMPLIANCE_SCOPE_GUARD + RSSI_EVIDENCE_ONLY","PY_RUNTIME_FORBIDDEN","false","false","false","false","F10 audit only; deduped source zip inventory; no extraction; no runtime import"
"OBSIDIA_RSSI_RGPD_ISO_READINESS_PACK_V2.zip","C:\Users\User\Desktop\obsidia-engine-proof-core\obsidia-x108-proofs_REMOTE_A5F21C6B\_source_packs\OBSIDIA_UNIFIED_IMPLEMENTATION_BACKLOG_RICH_NO_DUPES_V1\raw\OBSIDIA_RSSI_RGPD_ISO_READINESS_PACK_V2.zip","OBSIDIA_RSSI_RGPD_ISO_READINESS_PACK_V2/periphery/rssi_security_pack/metrics.py","metrics.py",".py","3734","DO_NOT_IMPORT_RUNTIME","RGPD_COMPLIANCE_SCOPE_GUARD + RSSI_EVIDENCE_ONLY","PY_RUNTIME_FORBIDDEN","false","false","false","false","F10 audit only; deduped source zip inventory; no extraction; no runtime import"
"OBSIDIA_RSSI_RGPD_ISO_READINESS_PACK_V2.zip","C:\Users\User\Desktop\obsidia-engine-proof-core\obsidia-x108-proofs_REMOTE_A5F21C6B\_source_packs\OBSIDIA_UNIFIED_IMPLEMENTATION_BACKLOG_RICH_NO_DUPES_V1\raw\OBSIDIA_RSSI_RGPD_ISO_READINESS_PACK_V2.zip","OBSIDIA_RSSI_RGPD_ISO_READINESS_PACK_V2/periphery/rssi_security_pack/package_loader.py","package_loader.py",".py","3776","DO_NOT_IMPORT_RUNTIME","RGPD_COMPLIANCE_SCOPE_GUARD + RSSI_EVIDENCE_ONLY","PY_RUNTIME_FORBIDDEN","false","false","false","false","F10 audit only; deduped source zip inventory; no extraction; no runtime import"
"OBSIDIA_RSSI_RGPD_ISO_READINESS_PACK_V2.zip","C:\Users\User\Desktop\obsidia-engine-proof-core\obsidia-x108-proofs_REMOTE_A5F21C6B\_source_packs\OBSIDIA_UNIFIED_IMPLEMENTATION_BACKLOG_RICH_NO_DUPES_V1\raw\OBSIDIA_RSSI_RGPD_ISO_READINESS_PACK_V2.zip","OBSIDIA_RSSI_RGPD_ISO_READINESS_PACK_V2/tests/test_rssi_pack_structure.py","test_rssi_pack_structure.py",".py","12204","DO_NOT_IMPORT_RUNTIME","RGPD_COMPLIANCE_SCOPE_GUARD + RSSI_EVIDENCE_ONLY","PY_RUNTIME_FORBIDDEN","false","false","false","false","F10 audit only; deduped source zip inventory; no extraction; no runtime import"
"OBSIDIA_RSSI_RGPD_ISO_READINESS_PACK_V2.zip","C:\Users\User\Desktop\obsidia-engine-proof-core\obsidia-x108-proofs_REMOTE_A5F21C6B\_source_packs\OBSIDIA_UNIFIED_IMPLEMENTATION_BACKLOG_RICH_NO_DUPES_V1\raw\OBSIDIA_RSSI_RGPD_ISO_READINESS_PACK_V2.zip","OBSIDIA_RSSI_RGPD_ISO_READINESS_PACK_V2/tests/test_rssi_pack_boundaries.py","test_rssi_pack_boundaries.py",".py","4546","DO_NOT_IMPORT_RUNTIME","RGPD_COMPLIANCE_SCOPE_GUARD + RSSI_EVIDENCE_ONLY","PY_RUNTIME_FORBIDDEN","false","false","false","false","F10 audit only; deduped source zip inventory; no extraction; no runtime import"
"OBSIDIA_RSSI_RGPD_ISO_READINESS_PACK_V2.zip","C:\Users\User\Desktop\obsidia-engine-proof-core\obsidia-x108-proofs_REMOTE_A5F21C6B\_source_packs\OBSIDIA_UNIFIED_IMPLEMENTATION_BACKLOG_RICH_NO_DUPES_V1\raw\OBSIDIA_RSSI_RGPD_ISO_READINESS_PACK_V2.zip","OBSIDIA_RSSI_RGPD_ISO_READINESS_PACK_V2/tests/test_rssi_pack_metrics.py","test_rssi_pack_metrics.py",".py","7939","DO_NOT_IMPORT_RUNTIME","RGPD_COMPLIANCE_SCOPE_GUARD + RSSI_EVIDENCE_ONLY","PY_RUNTIME_FORBIDDEN","false","false","false","false","F10 audit only; deduped source zip inventory; no extraction; no runtime import"
"OBSIDIA_RSSI_RGPD_ISO_READINESS_PACK_V2.zip","C:\Users\User\Desktop\obsidia-engine-proof-core\obsidia-x108-proofs_REMOTE_A5F21C6B\_source_packs\OBSIDIA_UNIFIED_IMPLEMENTATION_BACKLOG_RICH_NO_DUPES_V1\raw\OBSIDIA_RSSI_RGPD_ISO_READINESS_PACK_V2.zip","OBSIDIA_RSSI_RGPD_ISO_READINESS_PACK_V2/tests/test_rssi_pack_registries.py","test_rssi_pack_registries.py",".py","3723","DO_NOT_IMPORT_RUNTIME","RGPD_COMPLIANCE_SCOPE_GUARD + RSSI_EVIDENCE_ONLY","PY_RUNTIME_FORBIDDEN","false","false","false","false","F10 audit only; deduped source zip inventory; no extraction; no runtime import"
"OBSIDIA_RSSI_RGPD_ISO_READINESS_PACK_V2.zip","C:\Users\User\Desktop\obsidia-engine-proof-core\obsidia-x108-proofs_REMOTE_A5F21C6B\_source_packs\OBSIDIA_UNIFIED_IMPLEMENTATION_BACKLOG_RICH_NO_DUPES_V1\raw\OBSIDIA_RSSI_RGPD_ISO_READINESS_PACK_V2.zip","OBSIDIA_RSSI_RGPD_ISO_READINESS_PACK_V2/tests/test_rssi_pack_no_mutation.py","test_rssi_pack_no_mutation.py",".py","4222","DO_NOT_IMPORT_RUNTIME","RGPD_COMPLIANCE_SCOPE_GUARD + RSSI_EVIDENCE_ONLY","PY_RUNTIME_FORBIDDEN","false","false","false","false","F10 audit only; deduped source zip inventory; no extraction; no runtime import"
"OBSIDIA_RSSI_RGPD_ISO_READINESS_PACK_V2.zip","C:\Users\User\Desktop\obsidia-engine-proof-core\obsidia-x108-proofs_REMOTE_A5F21C6B\_source_packs\OBSIDIA_UNIFIED_IMPLEMENTATION_BACKLOG_RICH_NO_DUPES_V1\raw\OBSIDIA_RSSI_RGPD_ISO_READINESS_PACK_V2.zip","OBSIDIA_RSSI_RGPD_ISO_READINESS_PACK_V2/tests/test_iso27001_pack.py","test_iso27001_pack.py",".py","6760","DO_NOT_IMPORT_RUNTIME","RGPD_COMPLIANCE_SCOPE_GUARD + RSSI_EVIDENCE_ONLY","PY_RUNTIME_FORBIDDEN","false","false","false","false","F10 audit only; deduped source zip inventory; no extraction; no runtime import"
"OBSIDIA_RSSI_RGPD_ISO_READINESS_PACK_V2.zip","C:\Users\User\Desktop\obsidia-engine-proof-core\obsidia-x108-proofs_REMOTE_A5F21C6B\_source_packs\OBSIDIA_UNIFIED_IMPLEMENTATION_BACKLOG_RICH_NO_DUPES_V1\raw\OBSIDIA_RSSI_RGPD_ISO_READINESS_PACK_V2.zip","OBSIDIA_RSSI_RGPD_ISO_READINESS_PACK_V2/tests/test_rgpd_pack.py","test_rgpd_pack.py",".py","6707","DO_NOT_IMPORT_RUNTIME","RGPD_COMPLIANCE_SCOPE_GUARD + RSSI_EVIDENCE_ONLY","PY_RUNTIME_FORBIDDEN","false","false","false","false","F10 audit only; deduped source zip inventory; no extraction; no runtime import"
"OBSIDIA_RSSI_RGPD_ISO_READINESS_PACK_V2.zip","C:\Users\User\Desktop\obsidia-engine-proof-core\obsidia-x108-proofs_REMOTE_A5F21C6B\_source_packs\OBSIDIA_UNIFIED_IMPLEMENTATION_BACKLOG_RICH_NO_DUPES_V1\raw\OBSIDIA_RSSI_RGPD_ISO_READINESS_PACK_V2.zip","OBSIDIA_RSSI_RGPD_ISO_READINESS_PACK_V2/tests/test_deployment_pack.py","test_deployment_pack.py",".py","6611","DO_NOT_IMPORT_RUNTIME","RGPD_COMPLIANCE_SCOPE_GUARD + RSSI_EVIDENCE_ONLY","PY_RUNTIME_FORBIDDEN","false","false","false","false","F10 audit only; deduped source zip inventory; no extraction; no runtime import"
"OBSIDIA_RSSI_RGPD_ISO_READINESS_PACK_V2.zip","C:\Users\User\Desktop\obsidia-engine-proof-core\obsidia-x108-proofs_REMOTE_A5F21C6B\_source_packs\OBSIDIA_UNIFIED_IMPLEMENTATION_BACKLOG_RICH_NO_DUPES_V1\raw\OBSIDIA_RSSI_RGPD_ISO_READINESS_PACK_V2.zip","OBSIDIA_RSSI_RGPD_ISO_READINESS_PACK_V2/tests/test_devsecops_pack.py","test_devsecops_pack.py",".py","6633","DO_NOT_IMPORT_RUNTIME","RGPD_COMPLIANCE_SCOPE_GUARD + RSSI_EVIDENCE_ONLY","PY_RUNTIME_FORBIDDEN","false","false","false","false","F10 audit only; deduped source zip inventory; no extraction; no runtime import"
"OBSIDIA_RSSI_RGPD_ISO_READINESS_PACK_V2.zip","C:\Users\User\Desktop\obsidia-engine-proof-core\obsidia-x108-proofs_REMOTE_A5F21C6B\_source_packs\OBSIDIA_UNIFIED_IMPLEMENTATION_BACKLOG_RICH_NO_DUPES_V1\raw\OBSIDIA_RSSI_RGPD_ISO_READINESS_PACK_V2.zip","OBSIDIA_RSSI_RGPD_ISO_READINESS_PACK_V2/tests/test_legal_pack.py","test_legal_pack.py",".py","6505","DO_NOT_IMPORT_RUNTIME","RGPD_COMPLIANCE_SCOPE_GUARD + RSSI_EVIDENCE_ONLY","PY_RUNTIME_FORBIDDEN","false","false","false","false","F10 audit only; deduped source zip inventory; no extraction; no runtime import"
"OBSIDIA_RSSI_RGPD_ISO_READINESS_PACK_V2.zip","C:\Users\User\Desktop\obsidia-engine-proof-core\obsidia-x108-proofs_REMOTE_A5F21C6B\_source_packs\OBSIDIA_UNIFIED_IMPLEMENTATION_BACKLOG_RICH_NO_DUPES_V1\raw\OBSIDIA_RSSI_RGPD_ISO_READINESS_PACK_V2.zip","OBSIDIA_RSSI_RGPD_ISO_READINESS_PACK_V2/tests/test_audit_external_pack.py","test_audit_external_pack.py",".py","6596","DO_NOT_IMPORT_RUNTIME","RGPD_COMPLIANCE_SCOPE_GUARD + RSSI_EVIDENCE_ONLY","PY_RUNTIME_FORBIDDEN","false","false","false","false","F10 audit only; deduped source zip inventory; no extraction; no runtime import"
"OBSIDIA_RSSI_RGPD_ISO_READINESS_PACK_V2.zip","C:\Users\User\Desktop\obsidia-engine-proof-core\obsidia-x108-proofs_REMOTE_A5F21C6B\_source_packs\OBSIDIA_UNIFIED_IMPLEMENTATION_BACKLOG_RICH_NO_DUPES_V1\raw\OBSIDIA_RSSI_RGPD_ISO_READINESS_PACK_V2.zip","OBSIDIA_RSSI_RGPD_ISO_READINESS_PACK_V2/tests/test_all_files_have_strict_blocks.py","test_all_files_have_strict_blocks.py",".py","6765","DO_NOT_IMPORT_RUNTIME","RGPD_COMPLIANCE_SCOPE_GUARD + RSSI_EVIDENCE_ONLY","PY_RUNTIME_FORBIDDEN","false","false","false","false","F10 audit only; deduped source zip inventory; no extraction; no runtime import"
"OBSIDIA_RSSI_RGPD_ISO_READINESS_PACK_V2.zip","C:\Users\User\Desktop\obsidia-engine-proof-core\obsidia-x108-proofs_REMOTE_A5F21C6B\_source_packs\OBSIDIA_UNIFIED_IMPLEMENTATION_BACKLOG_RICH_NO_DUPES_V1\raw\OBSIDIA_RSSI_RGPD_ISO_READINESS_PACK_V2.zip","OBSIDIA_RSSI_RGPD_ISO_READINESS_PACK_V2/.runtime_freezes/OBSIDIA_RSSI_SECURITY_PRESENTATION_PACK_V1/MANIFEST_SHA256.json","MANIFEST_SHA256.json",".json","5739","ARCHIVE_ONLY","RGPD_COMPLIANCE_SCOPE_GUARD + RSSI_EVIDENCE_ONLY","RUNTIME_FREEZE_ARCHIVE_ONLY","false","false","false","false","F10 audit only; deduped source zip inventory; no extraction; no runtime import"
"OBSIDIA_RSSI_RGPD_ISO_READINESS_PACK_V2.zip","C:\Users\User\Desktop\obsidia-engine-proof-core\obsidia-x108-proofs_REMOTE_A5F21C6B\_source_packs\OBSIDIA_UNIFIED_IMPLEMENTATION_BACKLOG_RICH_NO_DUPES_V1\raw\OBSIDIA_RSSI_RGPD_ISO_READINESS_PACK_V2.zip","OBSIDIA_RSSI_RGPD_ISO_READINESS_PACK_V2/.runtime_freezes/OBSIDIA_RSSI_SECURITY_PRESENTATION_PACK_V1/rssi_file_registry_snapshot.json","rssi_file_registry_snapshot.json",".json","409028","ARCHIVE_ONLY","RGPD_COMPLIANCE_SCOPE_GUARD + RSSI_EVIDENCE_ONLY","RUNTIME_FREEZE_ARCHIVE_ONLY","false","false","false","false","F10 audit only; deduped source zip inventory; no extraction; no runtime import"
"OBSIDIA_RSSI_RGPD_ISO_READINESS_PACK_V2.zip","C:\Users\User\Desktop\obsidia-engine-proof-core\obsidia-x108-proofs_REMOTE_A5F21C6B\_source_packs\OBSIDIA_UNIFIED_IMPLEMENTATION_BACKLOG_RICH_NO_DUPES_V1\raw\OBSIDIA_RSSI_RGPD_ISO_READINESS_PACK_V2.zip","OBSIDIA_RSSI_RGPD_ISO_READINESS_PACK_V2/.runtime_freezes/OBSIDIA_RSSI_SECURITY_PRESENTATION_PACK_V1/rssi_control_registry_snapshot.json","rssi_control_registry_snapshot.json",".json","88687","ARCHIVE_ONLY","RGPD_COMPLIANCE_SCOPE_GUARD + RSSI_EVIDENCE_ONLY","RUNTIME_FREEZE_ARCHIVE_ONLY","false","false","false","false","F10 audit only; deduped source zip inventory; no extraction; no runtime import"
"OBSIDIA_RSSI_RGPD_ISO_READINESS_PACK_V2.zip","C:\Users\User\Desktop\obsidia-engine-proof-core\obsidia-x108-proofs_REMOTE_A5F21C6B\_source_packs\OBSIDIA_UNIFIED_IMPLEMENTATION_BACKLOG_RICH_NO_DUPES_V1\raw\OBSIDIA_RSSI_RGPD_ISO_READINESS_PACK_V2.zip","OBSIDIA_RSSI_RGPD_ISO_READINESS_PACK_V2/.runtime_freezes/OBSIDIA_RSSI_SECURITY_PRESENTATION_PACK_V1/rssi_risk_registry_snapshot.json","rssi_risk_registry_snapshot.json",".json","51434","ARCHIVE_ONLY","RGPD_COMPLIANCE_SCOPE_GUARD + RSSI_EVIDENCE_ONLY","RUNTIME_FREEZE_ARCHIVE_ONLY","false","false","false","false","F10 audit only; deduped source zip inventory; no extraction; no runtime import"
"OBSIDIA_RSSI_RGPD_ISO_READINESS_PACK_V2.zip","C:\Users\User\Desktop\obsidia-engine-proof-core\obsidia-x108-proofs_REMOTE_A5F21C6B\_source_packs\OBSIDIA_UNIFIED_IMPLEMENTATION_BACKLOG_RICH_NO_DUPES_V1\raw\OBSIDIA_RSSI_RGPD_ISO_READINESS_PACK_V2.zip","OBSIDIA_RSSI_RGPD_ISO_READINESS_PACK_V2/.runtime_freezes/OBSIDIA_RSSI_SECURITY_PRESENTATION_PACK_V1/rssi_security_case_snapshot.json","rssi_security_case_snapshot.json",".json","50914","ARCHIVE_ONLY","RGPD_COMPLIANCE_SCOPE_GUARD + RSSI_EVIDENCE_ONLY","RUNTIME_FREEZE_ARCHIVE_ONLY","false","false","false","false","F10 audit only; deduped source zip inventory; no extraction; no runtime import"
"OBSIDIA_RSSI_RGPD_ISO_READINESS_PACK_V2.zip","C:\Users\User\Desktop\obsidia-engine-proof-core\obsidia-x108-proofs_REMOTE_A5F21C6B\_source_packs\OBSIDIA_UNIFIED_IMPLEMENTATION_BACKLOG_RICH_NO_DUPES_V1\raw\OBSIDIA_RSSI_RGPD_ISO_READINESS_PACK_V2.zip","OBSIDIA_RSSI_RGPD_ISO_READINESS_PACK_V2/.runtime_freezes/OBSIDIA_RSSI_SECURITY_PRESENTATION_PACK_V1/rssi_evidence_snapshot.json","rssi_evidence_snapshot.json",".json","47251","ARCHIVE_ONLY","RGPD_COMPLIANCE_SCOPE_GUARD + RSSI_EVIDENCE_ONLY","RUNTIME_FREEZE_ARCHIVE_ONLY","false","false","false","false","F10 audit only; deduped source zip inventory; no extraction; no runtime import"
"OBSIDIA_RSSI_RGPD_ISO_READINESS_PACK_V2.zip","C:\Users\User\Desktop\obsidia-engine-proof-core\obsidia-x108-proofs_REMOTE_A5F21C6B\_source_packs\OBSIDIA_UNIFIED_IMPLEMENTATION_BACKLOG_RICH_NO_DUPES_V1\raw\OBSIDIA_RSSI_RGPD_ISO_READINESS_PACK_V2.zip","OBSIDIA_RSSI_RGPD_ISO_READINESS_PACK_V2/.runtime_freezes/OBSIDIA_RSSI_SECURITY_PRESENTATION_PACK_V1/rssi_audit_report_snapshot.json","rssi_audit_report_snapshot.json",".json","10355","ARCHIVE_ONLY","RGPD_COMPLIANCE_SCOPE_GUARD + RSSI_EVIDENCE_ONLY","RUNTIME_FREEZE_ARCHIVE_ONLY","false","false","false","false","F10 audit only; deduped source zip inventory; no extraction; no runtime import"
"OBSIDIA_RSSI_RGPD_ISO_READINESS_PACK_V2.zip","C:\Users\User\Desktop\obsidia-engine-proof-core\obsidia-x108-proofs_REMOTE_A5F21C6B\_source_packs\OBSIDIA_UNIFIED_IMPLEMENTATION_BACKLOG_RICH_NO_DUPES_V1\raw\OBSIDIA_RSSI_RGPD_ISO_READINESS_PACK_V2.zip","OBSIDIA_RSSI_RGPD_ISO_READINESS_PACK_V2/.runtime_freezes/OBSIDIA_RSSI_RGPD_ISO_READINESS_PACK_V2/MANIFEST_SHA256.json","MANIFEST_SHA256.json",".json","5461","ARCHIVE_ONLY","RGPD_COMPLIANCE_SCOPE_GUARD + RSSI_EVIDENCE_ONLY","RUNTIME_FREEZE_ARCHIVE_ONLY","false","false","false","false","F10 audit only; deduped source zip inventory; no extraction; no runtime import"
"OBSIDIA_RSSI_RGPD_ISO_READINESS_PACK_V2.zip","C:\Users\User\Desktop\obsidia-engine-proof-core\obsidia-x108-proofs_REMOTE_A5F21C6B\_source_packs\OBSIDIA_UNIFIED_IMPLEMENTATION_BACKLOG_RICH_NO_DUPES_V1\raw\OBSIDIA_RSSI_RGPD_ISO_READINESS_PACK_V2.zip","OBSIDIA_RSSI_RGPD_ISO_READINESS_PACK_V2/.runtime_freezes/OBSIDIA_RSSI_RGPD_ISO_READINESS_PACK_V2/rssi_file_registry_snapshot.json","rssi_file_registry_snapshot.json",".json","5545","ARCHIVE_ONLY","RGPD_COMPLIANCE_SCOPE_GUARD + RSSI_EVIDENCE_ONLY","RUNTIME_FREEZE_ARCHIVE_ONLY","false","false","false","false","F10 audit only; deduped source zip inventory; no extraction; no runtime import"
"OBSIDIA_RSSI_RGPD_ISO_READINESS_PACK_V2.zip","C:\Users\User\Desktop\obsidia-engine-proof-core\obsidia-x108-proofs_REMOTE_A5F21C6B\_source_packs\OBSIDIA_UNIFIED_IMPLEMENTATION_BACKLOG_RICH_NO_DUPES_V1\raw\OBSIDIA_RSSI_RGPD_ISO_READINESS_PACK_V2.zip","OBSIDIA_RSSI_RGPD_ISO_READINESS_PACK_V2/.runtime_freezes/OBSIDIA_RSSI_RGPD_ISO_READINESS_PACK_V2/rssi_control_registry_snapshot.json","rssi_control_registry_snapshot.json",".json","5566","ARCHIVE_ONLY","RGPD_COMPLIANCE_SCOPE_GUARD + RSSI_EVIDENCE_ONLY","RUNTIME_FREEZE_ARCHIVE_ONLY","false","false","false","false","F10 audit only; deduped source zip inventory; no extraction; no runtime import"
"OBSIDIA_RSSI_RGPD_ISO_READINESS_PACK_V2.zip","C:\Users\User\Desktop\obsidia-engine-proof-core\obsidia-x108-proofs_REMOTE_A5F21C6B\_source_packs\OBSIDIA_UNIFIED_IMPLEMENTATION_BACKLOG_RICH_NO_DUPES_V1\raw\OBSIDIA_RSSI_RGPD_ISO_READINESS_PACK_V2.zip","OBSIDIA_RSSI_RGPD_ISO_READINESS_PACK_V2/.runtime_freezes/OBSIDIA_RSSI_RGPD_ISO_READINESS_PACK_V2/rssi_risk_registry_snapshot.json","rssi_risk_registry_snapshot.json",".json","5545","ARCHIVE_ONLY","RGPD_COMPLIANCE_SCOPE_GUARD + RSSI_EVIDENCE_ONLY","RUNTIME_FREEZE_ARCHIVE_ONLY","false","false","false","false","F10 audit only; deduped source zip inventory; no extraction; no runtime import"
"OBSIDIA_RSSI_RGPD_ISO_READINESS_PACK_V2.zip","C:\Users\User\Desktop\obsidia-engine-proof-core\obsidia-x108-proofs_REMOTE_A5F21C6B\_source_packs\OBSIDIA_UNIFIED_IMPLEMENTATION_BACKLOG_RICH_NO_DUPES_V1\raw\OBSIDIA_RSSI_RGPD_ISO_READINESS_PACK_V2.zip","OBSIDIA_RSSI_RGPD_ISO_READINESS_PACK_V2/.runtime_freezes/OBSIDIA_RSSI_RGPD_ISO_READINESS_PACK_V2/rssi_security_case_snapshot.json","rssi_security_case_snapshot.json",".json","5545","ARCHIVE_ONLY","RGPD_COMPLIANCE_SCOPE_GUARD + RSSI_EVIDENCE_ONLY","RUNTIME_FREEZE_ARCHIVE_ONLY","false","false","false","false","F10 audit only; deduped source zip inventory; no extraction; no runtime import"
"OBSIDIA_RSSI_RGPD_ISO_READINESS_PACK_V2.zip","C:\Users\User\Desktop\obsidia-engine-proof-core\obsidia-x108-proofs_REMOTE_A5F21C6B\_source_packs\OBSIDIA_UNIFIED_IMPLEMENTATION_BACKLOG_RICH_NO_DUPES_V1\raw\OBSIDIA_RSSI_RGPD_ISO_READINESS_PACK_V2.zip","OBSIDIA_RSSI_RGPD_ISO_READINESS_PACK_V2/.runtime_freezes/OBSIDIA_RSSI_RGPD_ISO_READINESS_PACK_V2/rssi_evidence_snapshot.json","rssi_evidence_snapshot.json",".json","5510","ARCHIVE_ONLY","RGPD_COMPLIANCE_SCOPE_GUARD + RSSI_EVIDENCE_ONLY","RUNTIME_FREEZE_ARCHIVE_ONLY","false","false","false","false","F10 audit only; deduped source zip inventory; no extraction; no runtime import"
"OBSIDIA_RSSI_RGPD_ISO_READINESS_PACK_V2.zip","C:\Users\User\Desktop\obsidia-engine-proof-core\obsidia-x108-proofs_REMOTE_A5F21C6B\_source_packs\OBSIDIA_UNIFIED_IMPLEMENTATION_BACKLOG_RICH_NO_DUPES_V1\raw\OBSIDIA_RSSI_RGPD_ISO_READINESS_PACK_V2.zip","OBSIDIA_RSSI_RGPD_ISO_READINESS_PACK_V2/.runtime_freezes/OBSIDIA_RSSI_RGPD_ISO_READINESS_PACK_V2/rssi_audit_report_snapshot.json","rssi_audit_report_snapshot.json",".json","5538","ARCHIVE_ONLY","RGPD_COMPLIANCE_SCOPE_GUARD + RSSI_EVIDENCE_ONLY","RUNTIME_FREEZE_ARCHIVE_ONLY","false","false","false","false","F10 audit only; deduped source zip inventory; no extraction; no runtime import"
"OBSIDIA_RSSI_RGPD_ISO_READINESS_PACK_V2.zip","C:\Users\User\Desktop\obsidia-engine-proof-core\obsidia-x108-proofs_REMOTE_A5F21C6B\_source_packs\OBSIDIA_UNIFIED_IMPLEMENTATION_BACKLOG_RICH_NO_DUPES_V1\raw\OBSIDIA_RSSI_RGPD_ISO_READINESS_PACK_V2.zip","OBSIDIA_RSSI_RGPD_ISO_READINESS_PACK_V2/iso27001/ISMS_SCOPE.md","ISMS_SCOPE.md",".md","6957","INTEGRATE_TO_COMPLIANCE_DATA_GOVERNANCE_SPEC_CANDIDATE","RGPD_COMPLIANCE_SCOPE_GUARD + RSSI_EVIDENCE_ONLY","LEGAL_OR_COMPLIANCE_CLAIM_SCOPE","false","false","false","false","F10 audit only; deduped source zip inventory; no extraction; no runtime import"
"OBSIDIA_RSSI_RGPD_ISO_READINESS_PACK_V2.zip","C:\Users\User\Desktop\obsidia-engine-proof-core\obsidia-x108-proofs_REMOTE_A5F21C6B\_source_packs\OBSIDIA_UNIFIED_IMPLEMENTATION_BACKLOG_RICH_NO_DUPES_V1\raw\OBSIDIA_RSSI_RGPD_ISO_READINESS_PACK_V2.zip","OBSIDIA_RSSI_RGPD_ISO_READINESS_PACK_V2/iso27001/SECURITY_POLICY.md","SECURITY_POLICY.md",".md","7002","INTEGRATE_TO_COMPLIANCE_DATA_GOVERNANCE_SPEC_CANDIDATE","RGPD_COMPLIANCE_SCOPE_GUARD + RSSI_EVIDENCE_ONLY","LEGAL_OR_COMPLIANCE_CLAIM_SCOPE","false","false","false","false","F10 audit only; deduped source zip inventory; no extraction; no runtime import"
"OBSIDIA_RSSI_RGPD_ISO_READINESS_PACK_V2.zip","C:\Users\User\Desktop\obsidia-engine-proof-core\obsidia-x108-proofs_REMOTE_A5F21C6B\_source_packs\OBSIDIA_UNIFIED_IMPLEMENTATION_BACKLOG_RICH_NO_DUPES_V1\raw\OBSIDIA_RSSI_RGPD_ISO_READINESS_PACK_V2.zip","OBSIDIA_RSSI_RGPD_ISO_READINESS_PACK_V2/iso27001/RISK_REGISTER.md","RISK_REGISTER.md",".md","6984","INTEGRATE_TO_COMPLIANCE_DATA_GOVERNANCE_SPEC_CANDIDATE","RGPD_COMPLIANCE_SCOPE_GUARD + RSSI_EVIDENCE_ONLY","LEGAL_OR_COMPLIANCE_CLAIM_SCOPE","false","false","false","false","F10 audit only; deduped source zip inventory; no extraction; no runtime import"
"OBSIDIA_RSSI_RGPD_ISO_READINESS_PACK_V2.zip","C:\Users\User\Desktop\obsidia-engine-proof-core\obsidia-x108-proofs_REMOTE_A5F21C6B\_source_packs\OBSIDIA_UNIFIED_IMPLEMENTATION_BACKLOG_RICH_NO_DUPES_V1\raw\OBSIDIA_RSSI_RGPD_ISO_READINESS_PACK_V2.zip","OBSIDIA_RSSI_RGPD_ISO_READINESS_PACK_V2/iso27001/RISK_TREATMENT_PLAN.md","RISK_TREATMENT_PLAN.md",".md","7038","INTEGRATE_TO_COMPLIANCE_DATA_GOVERNANCE_SPEC_CANDIDATE","RGPD_COMPLIANCE_SCOPE_GUARD + RSSI_EVIDENCE_ONLY","LEGAL_OR_COMPLIANCE_CLAIM_SCOPE","false","false","false","false","F10 audit only; deduped source zip inventory; no extraction; no runtime import"
"OBSIDIA_RSSI_RGPD_ISO_READINESS_PACK_V2.zip","C:\Users\User\Desktop\obsidia-engine-proof-core\obsidia-x108-proofs_REMOTE_A5F21C6B\_source_packs\OBSIDIA_UNIFIED_IMPLEMENTATION_BACKLOG_RICH_NO_DUPES_V1\raw\OBSIDIA_RSSI_RGPD_ISO_READINESS_PACK_V2.zip","OBSIDIA_RSSI_RGPD_ISO_READINESS_PACK_V2/iso27001/STATEMENT_OF_APPLICABILITY.md","STATEMENT_OF_APPLICABILITY.md",".md","7101","INTEGRATE_TO_COMPLIANCE_DATA_GOVERNANCE_SPEC_CANDIDATE","RGPD_COMPLIANCE_SCOPE_GUARD + RSSI_EVIDENCE_ONLY","LEGAL_OR_COMPLIANCE_CLAIM_SCOPE","false","false","false","false","F10 audit only; deduped source zip inventory; no extraction; no runtime import"
"OBSIDIA_RSSI_RGPD_ISO_READINESS_PACK_V2.zip","C:\Users\User\Desktop\obsidia-engine-proof-core\obsidia-x108-proofs_REMOTE_A5F21C6B\_source_packs\OBSIDIA_UNIFIED_IMPLEMENTATION_BACKLOG_RICH_NO_DUPES_V1\raw\OBSIDIA_RSSI_RGPD_ISO_READINESS_PACK_V2.zip","OBSIDIA_RSSI_RGPD_ISO_READINESS_PACK_V2/iso27001/ACCESS_CONTROL_POLICY.md","ACCESS_CONTROL_POLICY.md",".md","7056","INTEGRATE_TO_COMPLIANCE_DATA_GOVERNANCE_SPEC_CANDIDATE","RGPD_COMPLIANCE_SCOPE_GUARD + RSSI_EVIDENCE_ONLY","LEGAL_OR_COMPLIANCE_CLAIM_SCOPE","false","false","false","false","F10 audit only; deduped source zip inventory; no extraction; no runtime import"
"OBSIDIA_RSSI_RGPD_ISO_READINESS_PACK_V2.zip","C:\Users\User\Desktop\obsidia-engine-proof-core\obsidia-x108-proofs_REMOTE_A5F21C6B\_source_packs\OBSIDIA_UNIFIED_IMPLEMENTATION_BACKLOG_RICH_NO_DUPES_V1\raw\OBSIDIA_RSSI_RGPD_ISO_READINESS_PACK_V2.zip","OBSIDIA_RSSI_RGPD_ISO_READINESS_PACK_V2/iso27001/INCIDENT_RESPONSE_PLAN.md","INCIDENT_RESPONSE_PLAN.md",".md","7065","INTEGRATE_TO_COMPLIANCE_DATA_GOVERNANCE_SPEC_CANDIDATE","RGPD_COMPLIANCE_SCOPE_GUARD + RSSI_EVIDENCE_ONLY","LEGAL_OR_COMPLIANCE_CLAIM_SCOPE","false","false","false","false","F10 audit only; deduped source zip inventory; no extraction; no runtime import"
"OBSIDIA_RSSI_RGPD_ISO_READINESS_PACK_V2.zip","C:\Users\User\Desktop\obsidia-engine-proof-core\obsidia-x108-proofs_REMOTE_A5F21C6B\_source_packs\OBSIDIA_UNIFIED_IMPLEMENTATION_BACKLOG_RICH_NO_DUPES_V1\raw\OBSIDIA_RSSI_RGPD_ISO_READINESS_PACK_V2.zip","OBSIDIA_RSSI_RGPD_ISO_READINESS_PACK_V2/iso27001/BUSINESS_CONTINUITY_PLAN.md","BUSINESS_CONTINUITY_PLAN.md",".md","7083","INTEGRATE_TO_COMPLIANCE_DATA_GOVERNANCE_SPEC_CANDIDATE","RGPD_COMPLIANCE_SCOPE_GUARD + RSSI_EVIDENCE_ONLY","LEGAL_OR_COMPLIANCE_CLAIM_SCOPE","false","false","false","false","F10 audit only; deduped source zip inventory; no extraction; no runtime import"
"OBSIDIA_RSSI_RGPD_ISO_READINESS_PACK_V2.zip","C:\Users\User\Desktop\obsidia-engine-proof-core\obsidia-x108-proofs_REMOTE_A5F21C6B\_source_packs\OBSIDIA_UNIFIED_IMPLEMENTATION_BACKLOG_RICH_NO_DUPES_V1\raw\OBSIDIA_RSSI_RGPD_ISO_READINESS_PACK_V2.zip","OBSIDIA_RSSI_RGPD_ISO_READINESS_PACK_V2/iso27001/BACKUP_RESTORE_POLICY.md","BACKUP_RESTORE_POLICY.md",".md","7056","INTEGRATE_TO_COMPLIANCE_DATA_GOVERNANCE_SPEC_CANDIDATE","RGPD_COMPLIANCE_SCOPE_GUARD + RSSI_EVIDENCE_ONLY","LEGAL_OR_COMPLIANCE_CLAIM_SCOPE","false","false","false","false","F10 audit only; deduped source zip inventory; no extraction; no runtime import"
"OBSIDIA_RSSI_RGPD_ISO_READINESS_PACK_V2.zip","C:\Users\User\Desktop\obsidia-engine-proof-core\obsidia-x108-proofs_REMOTE_A5F21C6B\_source_packs\OBSIDIA_UNIFIED_IMPLEMENTATION_BACKLOG_RICH_NO_DUPES_V1\raw\OBSIDIA_RSSI_RGPD_ISO_READINESS_PACK_V2.zip","OBSIDIA_RSSI_RGPD_ISO_READINESS_PACK_V2/iso27001/SUPPLIER_SECURITY_POLICY.md","SUPPLIER_SECURITY_POLICY.md",".md","7083","INTEGRATE_TO_COMPLIANCE_DATA_GOVERNANCE_SPEC_CANDIDATE","RGPD_COMPLIANCE_SCOPE_GUARD + RSSI_EVIDENCE_ONLY","LEGAL_OR_COMPLIANCE_CLAIM_SCOPE","false","false","false","false","F10 audit only; deduped source zip inventory; no extraction; no runtime import"
"OBSIDIA_RSSI_RGPD_ISO_READINESS_PACK_V2.zip","C:\Users\User\Desktop\obsidia-engine-proof-core\obsidia-x108-proofs_REMOTE_A5F21C6B\_source_packs\OBSIDIA_UNIFIED_IMPLEMENTATION_BACKLOG_RICH_NO_DUPES_V1\raw\OBSIDIA_RSSI_RGPD_ISO_READINESS_PACK_V2.zip","OBSIDIA_RSSI_RGPD_ISO_READINESS_PACK_V2/iso27001/LOGGING_MONITORING_POLICY.md","LOGGING_MONITORING_POLICY.md",".md","7092","INTEGRATE_TO_COMPLIANCE_DATA_GOVERNANCE_SPEC_CANDIDATE","RGPD_COMPLIANCE_SCOPE_GUARD + RSSI_EVIDENCE_ONLY","LEGAL_OR_COMPLIANCE_CLAIM_SCOPE","false","false","false","false","F10 audit only; deduped source zip inventory; no extraction; no runtime import"
"OBSIDIA_RSSI_RGPD_ISO_READINESS_PACK_V2.zip","C:\Users\User\Desktop\obsidia-engine-proof-core\obsidia-x108-proofs_REMOTE_A5F21C6B\_source_packs\OBSIDIA_UNIFIED_IMPLEMENTATION_BACKLOG_RICH_NO_DUPES_V1\raw\OBSIDIA_RSSI_RGPD_ISO_READINESS_PACK_V2.zip","OBSIDIA_RSSI_RGPD_ISO_READINESS_PACK_V2/iso27001/CHANGE_MANAGEMENT_POLICY.md","CHANGE_MANAGEMENT_POLICY.md",".md","7083","INTEGRATE_TO_COMPLIANCE_DATA_GOVERNANCE_SPEC_CANDIDATE","RGPD_COMPLIANCE_SCOPE_GUARD + RSSI_EVIDENCE_ONLY","LEGAL_OR_COMPLIANCE_CLAIM_SCOPE","false","false","false","false","F10 audit only; deduped source zip inventory; no extraction; no runtime import"
"OBSIDIA_RSSI_RGPD_ISO_READINESS_PACK_V2.zip","C:\Users\User\Desktop\obsidia-engine-proof-core\obsidia-x108-proofs_REMOTE_A5F21C6B\_source_packs\OBSIDIA_UNIFIED_IMPLEMENTATION_BACKLOG_RICH_NO_DUPES_V1\raw\OBSIDIA_RSSI_RGPD_ISO_READINESS_PACK_V2.zip","OBSIDIA_RSSI_RGPD_ISO_READINESS_PACK_V2/iso27001/SECURITY_TRAINING_RECORD.md","SECURITY_TRAINING_RECORD.md",".md","7083","INTEGRATE_TO_COMPLIANCE_DATA_GOVERNANCE_SPEC_CANDIDATE","RGPD_COMPLIANCE_SCOPE_GUARD + RSSI_EVIDENCE_ONLY","LEGAL_OR_COMPLIANCE_CLAIM_SCOPE","false","false","false","false","F10 audit only; deduped source zip inventory; no extraction; no runtime import"
"OBSIDIA_RSSI_RGPD_ISO_READINESS_PACK_V2.zip","C:\Users\User\Desktop\obsidia-engine-proof-core\obsidia-x108-proofs_REMOTE_A5F21C6B\_source_packs\OBSIDIA_UNIFIED_IMPLEMENTATION_BACKLOG_RICH_NO_DUPES_V1\raw\OBSIDIA_RSSI_RGPD_ISO_READINESS_PACK_V2.zip","OBSIDIA_RSSI_RGPD_ISO_READINESS_PACK_V2/rgpd/DATA_PROCESSING_REGISTER.md","DATA_PROCESSING_REGISTER.md",".md","7036","INTEGRATE_TO_COMPLIANCE_DATA_GOVERNANCE_SPEC_CANDIDATE","RGPD_COMPLIANCE_SCOPE_GUARD + RSSI_EVIDENCE_ONLY","LEGAL_OR_COMPLIANCE_CLAIM_SCOPE","false","false","false","false","F10 audit only; deduped source zip inventory; no extraction; no runtime import"
"OBSIDIA_RSSI_RGPD_ISO_READINESS_PACK_V2.zip","C:\Users\User\Desktop\obsidia-engine-proof-core\obsidia-x108-proofs_REMOTE_A5F21C6B\_source_packs\OBSIDIA_UNIFIED_IMPLEMENTATION_BACKLOG_RICH_NO_DUPES_V1\raw\OBSIDIA_RSSI_RGPD_ISO_READINESS_PACK_V2.zip","OBSIDIA_RSSI_RGPD_ISO_READINESS_PACK_V2/rgpd/DATA_MAP.md","DATA_MAP.md",".md","6892","INTEGRATE_TO_COMPLIANCE_DATA_GOVERNANCE_SPEC_CANDIDATE","RGPD_COMPLIANCE_SCOPE_GUARD + RSSI_EVIDENCE_ONLY","LEGAL_OR_COMPLIANCE_CLAIM_SCOPE","false","false","false","false","F10 audit only; deduped source zip inventory; no extraction; no runtime import"
"OBSIDIA_RSSI_RGPD_ISO_READINESS_PACK_V2.zip","C:\Users\User\Desktop\obsidia-engine-proof-core\obsidia-x108-proofs_REMOTE_A5F21C6B\_source_packs\OBSIDIA_UNIFIED_IMPLEMENTATION_BACKLOG_RICH_NO_DUPES_V1\raw\OBSIDIA_RSSI_RGPD_ISO_READINESS_PACK_V2.zip","OBSIDIA_RSSI_RGPD_ISO_READINESS_PACK_V2/rgpd/PURPOSES_AND_LEGAL_BASES.md","PURPOSES_AND_LEGAL_BASES.md",".md","7036","INTEGRATE_TO_COMPLIANCE_DATA_GOVERNANCE_SPEC_CANDIDATE","RGPD_COMPLIANCE_SCOPE_GUARD + RSSI_EVIDENCE_ONLY","LEGAL_OR_COMPLIANCE_CLAIM_SCOPE","false","false","false","false","F10 audit only; deduped source zip inventory; no extraction; no runtime import"
"OBSIDIA_RSSI_RGPD_ISO_READINESS_PACK_V2.zip","C:\Users\User\Desktop\obsidia-engine-proof-core\obsidia-x108-proofs_REMOTE_A5F21C6B\_source_packs\OBSIDIA_UNIFIED_IMPLEMENTATION_BACKLOG_RICH_NO_DUPES_V1\raw\OBSIDIA_RSSI_RGPD_ISO_READINESS_PACK_V2.zip","OBSIDIA_RSSI_RGPD_ISO_READINESS_PACK_V2/rgpd/DPIA_SCREENING.md","DPIA_SCREENING.md",".md","6946","INTEGRATE_TO_COMPLIANCE_DATA_GOVERNANCE_SPEC_CANDIDATE","RGPD_COMPLIANCE_SCOPE_GUARD + RSSI_EVIDENCE_ONLY","LEGAL_OR_COMPLIANCE_CLAIM_SCOPE","false","false","false","false","F10 audit only; deduped source zip inventory; no extraction; no runtime import"
"OBSIDIA_RSSI_RGPD_ISO_READINESS_PACK_V2.zip","C:\Users\User\Desktop\obsidia-engine-proof-core\obsidia-x108-proofs_REMOTE_A5F21C6B\_source_packs\OBSIDIA_UNIFIED_IMPLEMENTATION_BACKLOG_RICH_NO_DUPES_V1\raw\OBSIDIA_RSSI_RGPD_ISO_READINESS_PACK_V2.zip","OBSIDIA_RSSI_RGPD_ISO_READINESS_PACK_V2/rgpd/DPIA_FULL_TEMPLATE.md","DPIA_FULL_TEMPLATE.md",".md","6982","INTEGRATE_TO_COMPLIANCE_DATA_GOVERNANCE_SPEC_CANDIDATE","RGPD_COMPLIANCE_SCOPE_GUARD + RSSI_EVIDENCE_ONLY","LEGAL_OR_COMPLIANCE_CLAIM_SCOPE","false","false","false","false","F10 audit only; deduped source zip inventory; no extraction; no runtime import"
"OBSIDIA_RSSI_RGPD_ISO_READINESS_PACK_V2.zip","C:\Users\User\Desktop\obsidia-engine-proof-core\obsidia-x108-proofs_REMOTE_A5F21C6B\_source_packs\OBSIDIA_UNIFIED_IMPLEMENTATION_BACKLOG_RICH_NO_DUPES_V1\raw\OBSIDIA_RSSI_RGPD_ISO_READINESS_PACK_V2.zip","OBSIDIA_RSSI_RGPD_ISO_READINESS_PACK_V2/rgpd/DATA_RETENTION_POLICY.md","DATA_RETENTION_POLICY.md",".md","7009","INTEGRATE_TO_COMPLIANCE_DATA_GOVERNANCE_SPEC_CANDIDATE","RGPD_COMPLIANCE_SCOPE_GUARD + RSSI_EVIDENCE_ONLY","LEGAL_OR_COMPLIANCE_CLAIM_SCOPE","false","false","false","false","F10 audit only; deduped source zip inventory; no extraction; no runtime import"
"OBSIDIA_RSSI_RGPD_ISO_READINESS_PACK_V2.zip","C:\Users\User\Desktop\obsidia-engine-proof-core\obsidia-x108-proofs_REMOTE_A5F21C6B\_source_packs\OBSIDIA_UNIFIED_IMPLEMENTATION_BACKLOG_RICH_NO_DUPES_V1\raw\OBSIDIA_RSSI_RGPD_ISO_READINESS_PACK_V2.zip","OBSIDIA_RSSI_RGPD_ISO_READINESS_PACK_V2/rgpd/DATA_MINIMIZATION_POLICY.md","DATA_MINIMIZATION_POLICY.md",".md","7036","INTEGRATE_TO_COMPLIANCE_DATA_GOVERNANCE_SPEC_CANDIDATE","RGPD_COMPLIANCE_SCOPE_GUARD + RSSI_EVIDENCE_ONLY","LEGAL_OR_COMPLIANCE_CLAIM_SCOPE","false","false","false","false","F10 audit only; deduped source zip inventory; no extraction; no runtime import"
"OBSIDIA_RSSI_RGPD_ISO_READINESS_PACK_V2.zip","C:\Users\User\Desktop\obsidia-engine-proof-core\obsidia-x108-proofs_REMOTE_A5F21C6B\_source_packs\OBSIDIA_UNIFIED_IMPLEMENTATION_BACKLOG_RICH_NO_DUPES_V1\raw\OBSIDIA_RSSI_RGPD_ISO_READINESS_PACK_V2.zip","OBSIDIA_RSSI_RGPD_ISO_READINESS_PACK_V2/rgpd/DATA_SUBJECT_RIGHTS_PROCEDURE.md","DATA_SUBJECT_RIGHTS_PROCEDURE.md",".md","7081","INTEGRATE_TO_COMPLIANCE_DATA_GOVERNANCE_SPEC_CANDIDATE","RGPD_COMPLIANCE_SCOPE_GUARD + RSSI_EVIDENCE_ONLY","LEGAL_OR_COMPLIANCE_CLAIM_SCOPE","false","false","false","false","F10 audit only; deduped source zip inventory; no extraction; no runtime import"
"OBSIDIA_RSSI_RGPD_ISO_READINESS_PACK_V2.zip","C:\Users\User\Desktop\obsidia-engine-proof-core\obsidia-x108-proofs_REMOTE_A5F21C6B\_source_packs\OBSIDIA_UNIFIED_IMPLEMENTATION_BACKLOG_RICH_NO_DUPES_V1\raw\OBSIDIA_RSSI_RGPD_ISO_READINESS_PACK_V2.zip","OBSIDIA_RSSI_RGPD_ISO_READINESS_PACK_V2/rgpd/PRIVACY_BY_DESIGN_NOTE.md","PRIVACY_BY_DESIGN_NOTE.md",".md","7018","INTEGRATE_TO_COMPLIANCE_DATA_GOVERNANCE_SPEC_CANDIDATE","RGPD_COMPLIANCE_SCOPE_GUARD + RSSI_EVIDENCE_ONLY","LEGAL_OR_COMPLIANCE_CLAIM_SCOPE","false","false","false","false","F10 audit only; deduped source zip inventory; no extraction; no runtime import"
"OBSIDIA_RSSI_RGPD_ISO_READINESS_PACK_V2.zip","C:\Users\User\Desktop\obsidia-engine-proof-core\obsidia-x108-proofs_REMOTE_A5F21C6B\_source_packs\OBSIDIA_UNIFIED_IMPLEMENTATION_BACKLOG_RICH_NO_DUPES_V1\raw\OBSIDIA_RSSI_RGPD_ISO_READINESS_PACK_V2.zip","OBSIDIA_RSSI_RGPD_ISO_READINESS_PACK_V2/rgpd/TRAINING_VS_PRODUCTION_SEPARATION.md","TRAINING_VS_PRODUCTION_SEPARATION.md",".md","7117","INTEGRATE_TO_COMPLIANCE_DATA_GOVERNANCE_SPEC_CANDIDATE","RGPD_COMPLIANCE_SCOPE_GUARD + RSSI_EVIDENCE_ONLY","LEGAL_OR_COMPLIANCE_CLAIM_SCOPE","false","false","false","false","F10 audit only; deduped source zip inventory; no extraction; no runtime import"
"OBSIDIA_RSSI_RGPD_ISO_READINESS_PACK_V2.zip","C:\Users\User\Desktop\obsidia-engine-proof-core\obsidia-x108-proofs_REMOTE_A5F21C6B\_source_packs\OBSIDIA_UNIFIED_IMPLEMENTATION_BACKLOG_RICH_NO_DUPES_V1\raw\OBSIDIA_RSSI_RGPD_ISO_READINESS_PACK_V2.zip","OBSIDIA_RSSI_RGPD_ISO_READINESS_PACK_V2/rgpd/PERSONAL_DATA_CLASSIFICATION.md","PERSONAL_DATA_CLASSIFICATION.md",".md","7072","INTEGRATE_TO_COMPLIANCE_DATA_GOVERNANCE_SPEC_CANDIDATE","RGPD_COMPLIANCE_SCOPE_GUARD + RSSI_EVIDENCE_ONLY","LEGAL_OR_COMPLIANCE_CLAIM_SCOPE","false","false","false","false","F10 audit only; deduped source zip inventory; no extraction; no runtime import"
"OBSIDIA_RSSI_RGPD_ISO_READINESS_PACK_V2.zip","C:\Users\User\Desktop\obsidia-engine-proof-core\obsidia-x108-proofs_REMOTE_A5F21C6B\_source_packs\OBSIDIA_UNIFIED_IMPLEMENTATION_BACKLOG_RICH_NO_DUPES_V1\raw\OBSIDIA_RSSI_RGPD_ISO_READINESS_PACK_V2.zip","OBSIDIA_RSSI_RGPD_ISO_READINESS_PACK_V2/rgpd/PSEUDONYMIZATION_AND_REDACTION_POLICY.md","PSEUDONYMIZATION_AND_REDACTION_POLICY.md",".md","7153","INTEGRATE_TO_COMPLIANCE_DATA_GOVERNANCE_SPEC_CANDIDATE","RGPD_COMPLIANCE_SCOPE_GUARD + RSSI_EVIDENCE_ONLY","LEGAL_OR_COMPLIANCE_CLAIM_SCOPE","false","false","false","false","F10 audit only; deduped source zip inventory; no extraction; no runtime import"
"OBSIDIA_RSSI_RGPD_ISO_READINESS_PACK_V2.zip","C:\Users\User\Desktop\obsidia-engine-proof-core\obsidia-x108-proofs_REMOTE_A5F21C6B\_source_packs\OBSIDIA_UNIFIED_IMPLEMENTATION_BACKLOG_RICH_NO_DUPES_V1\raw\OBSIDIA_RSSI_RGPD_ISO_READINESS_PACK_V2.zip","OBSIDIA_RSSI_RGPD_ISO_READINESS_PACK_V2/rgpd/DPA_TEMPLATE.md","DPA_TEMPLATE.md",".md","6928","INTEGRATE_TO_COMPLIANCE_DATA_GOVERNANCE_SPEC_CANDIDATE","RGPD_COMPLIANCE_SCOPE_GUARD + RSSI_EVIDENCE_ONLY","LEGAL_OR_COMPLIANCE_CLAIM_SCOPE","false","false","false","false","F10 audit only; deduped source zip inventory; no extraction; no runtime import"
"OBSIDIA_RSSI_RGPD_ISO_READINESS_PACK_V2.zip","C:\Users\User\Desktop\obsidia-engine-proof-core\obsidia-x108-proofs_REMOTE_A5F21C6B\_source_packs\OBSIDIA_UNIFIED_IMPLEMENTATION_BACKLOG_RICH_NO_DUPES_V1\raw\OBSIDIA_RSSI_RGPD_ISO_READINESS_PACK_V2.zip","OBSIDIA_RSSI_RGPD_ISO_READINESS_PACK_V2/rgpd/PRIVACY_NOTICE_TEMPLATE.md","PRIVACY_NOTICE_TEMPLATE.md",".md","7027","INTEGRATE_TO_COMPLIANCE_DATA_GOVERNANCE_SPEC_CANDIDATE","RGPD_COMPLIANCE_SCOPE_GUARD + RSSI_EVIDENCE_ONLY","LEGAL_OR_COMPLIANCE_CLAIM_SCOPE","false","false","false","false","F10 audit only; deduped source zip inventory; no extraction; no runtime import"
"OBSIDIA_RSSI_RGPD_ISO_READINESS_PACK_V2.zip","C:\Users\User\Desktop\obsidia-engine-proof-core\obsidia-x108-proofs_REMOTE_A5F21C6B\_source_packs\OBSIDIA_UNIFIED_IMPLEMENTATION_BACKLOG_RICH_NO_DUPES_V1\raw\OBSIDIA_RSSI_RGPD_ISO_READINESS_PACK_V2.zip","OBSIDIA_RSSI_RGPD_ISO_READINESS_PACK_V2/rssi/RSSI_READINESS_MATRIX.md","RSSI_READINESS_MATRIX.md",".md","7084","INTEGRATE_TO_COMPLIANCE_DATA_GOVERNANCE_SPEC_CANDIDATE","RGPD_COMPLIANCE_SCOPE_GUARD + RSSI_EVIDENCE_ONLY","LEGAL_OR_COMPLIANCE_CLAIM_SCOPE","false","false","false","false","F10 audit only; deduped source zip inventory; no extraction; no runtime import"
"OBSIDIA_RSSI_RGPD_ISO_READINESS_PACK_V2.zip","C:\Users\User\Desktop\obsidia-engine-proof-core\obsidia-x108-proofs_REMOTE_A5F21C6B\_source_packs\OBSIDIA_UNIFIED_IMPLEMENTATION_BACKLOG_RICH_NO_DUPES_V1\raw\OBSIDIA_RSSI_RGPD_ISO_READINESS_PACK_V2.zip","OBSIDIA_RSSI_RGPD_ISO_READINESS_PACK_V2/rssi/SECURITY_ARCHITECTURE.md","SECURITY_ARCHITECTURE.md",".md","7084","INTEGRATE_TO_COMPLIANCE_DATA_GOVERNANCE_SPEC_CANDIDATE","RGPD_COMPLIANCE_SCOPE_GUARD + RSSI_EVIDENCE_ONLY","LEGAL_OR_COMPLIANCE_CLAIM_SCOPE","false","false","false","false","F10 audit only; deduped source zip inventory; no extraction; no runtime import"
"OBSIDIA_RSSI_RGPD_ISO_READINESS_PACK_V2.zip","C:\Users\User\Desktop\obsidia-engine-proof-core\obsidia-x108-proofs_REMOTE_A5F21C6B\_source_packs\OBSIDIA_UNIFIED_IMPLEMENTATION_BACKLOG_RICH_NO_DUPES_V1\raw\OBSIDIA_RSSI_RGPD_ISO_READINESS_PACK_V2.zip","OBSIDIA_RSSI_RGPD_ISO_READINESS_PACK_V2/rssi/THREAT_MODEL.md","THREAT_MODEL.md",".md","7003","INTEGRATE_TO_COMPLIANCE_DATA_GOVERNANCE_SPEC_CANDIDATE","RGPD_COMPLIANCE_SCOPE_GUARD + RSSI_EVIDENCE_ONLY","LEGAL_OR_COMPLIANCE_CLAIM_SCOPE","false","false","false","false","F10 audit only; deduped source zip inventory; no extraction; no runtime import"
"OBSIDIA_RSSI_RGPD_ISO_READINESS_PACK_V2.zip","C:\Users\User\Desktop\obsidia-engine-proof-core\obsidia-x108-proofs_REMOTE_A5F21C6B\_source_packs\OBSIDIA_UNIFIED_IMPLEMENTATION_BACKLOG_RICH_NO_DUPES_V1\raw\OBSIDIA_RSSI_RGPD_ISO_READINESS_PACK_V2.zip","OBSIDIA_RSSI_RGPD_ISO_READINESS_PACK_V2/rssi/ATTACK_SURFACE.md","ATTACK_SURFACE.md",".md","7021","INTEGRATE_TO_COMPLIANCE_DATA_GOVERNANCE_SPEC_CANDIDATE","RGPD_COMPLIANCE_SCOPE_GUARD + RSSI_EVIDENCE_ONLY","LEGAL_OR_COMPLIANCE_CLAIM_SCOPE","false","false","false","false","F10 audit only; deduped source zip inventory; no extraction; no runtime import"
"OBSIDIA_RSSI_RGPD_ISO_READINESS_PACK_V2.zip","C:\Users\User\Desktop\obsidia-engine-proof-core\obsidia-x108-proofs_REMOTE_A5F21C6B\_source_packs\OBSIDIA_UNIFIED_IMPLEMENTATION_BACKLOG_RICH_NO_DUPES_V1\raw\OBSIDIA_RSSI_RGPD_ISO_READINESS_PACK_V2.zip","OBSIDIA_RSSI_RGPD_ISO_READINESS_PACK_V2/rssi/DATA_FLOW_DIAGRAM.md","DATA_FLOW_DIAGRAM.md",".md","7048","INTEGRATE_TO_COMPLIANCE_DATA_GOVERNANCE_SPEC_CANDIDATE","RGPD_COMPLIANCE_SCOPE_GUARD + RSSI_EVIDENCE_ONLY","LEGAL_OR_COMPLIANCE_CLAIM_SCOPE","false","false","false","false","F10 audit only; deduped source zip inventory; no extraction; no runtime import"
"OBSIDIA_RSSI_RGPD_ISO_READINESS_PACK_V2.zip","C:\Users\User\Desktop\obsidia-engine-proof-core\obsidia-x108-proofs_REMOTE_A5F21C6B\_source_packs\OBSIDIA_UNIFIED_IMPLEMENTATION_BACKLOG_RICH_NO_DUPES_V1\raw\OBSIDIA_RSSI_RGPD_ISO_READINESS_PACK_V2.zip","OBSIDIA_RSSI_RGPD_ISO_READINESS_PACK_V2/rssi/TRUST_BOUNDARIES.md","TRUST_BOUNDARIES.md",".md","7039","INTEGRATE_TO_COMPLIANCE_DATA_GOVERNANCE_SPEC_CANDIDATE","RGPD_COMPLIANCE_SCOPE_GUARD + RSSI_EVIDENCE_ONLY","LEGAL_OR_COMPLIANCE_CLAIM_SCOPE","false","false","false","false","F10 audit only; deduped source zip inventory; no extraction; no runtime import"
"OBSIDIA_RSSI_RGPD_ISO_READINESS_PACK_V2.zip","C:\Users\User\Desktop\obsidia-engine-proof-core\obsidia-x108-proofs_REMOTE_A5F21C6B\_source_packs\OBSIDIA_UNIFIED_IMPLEMENTATION_BACKLOG_RICH_NO_DUPES_V1\raw\OBSIDIA_RSSI_RGPD_ISO_READINESS_PACK_V2.zip","OBSIDIA_RSSI_RGPD_ISO_READINESS_PACK_V2/rssi/IAM_RBAC_MODEL.md","IAM_RBAC_MODEL.md",".md","7021","INTEGRATE_TO_COMPLIANCE_DATA_GOVERNANCE_SPEC_CANDIDATE","RGPD_COMPLIANCE_SCOPE_GUARD + RSSI_EVIDENCE_ONLY","LEGAL_OR_COMPLIANCE_CLAIM_SCOPE","false","false","false","false","F10 audit only; deduped source zip inventory; no extraction; no runtime import"
"OBSIDIA_RSSI_RGPD_ISO_READINESS_PACK_V2.zip","C:\Users\User\Desktop\obsidia-engine-proof-core\obsidia-x108-proofs_REMOTE_A5F21C6B\_source_packs\OBSIDIA_UNIFIED_IMPLEMENTATION_BACKLOG_RICH_NO_DUPES_V1\raw\OBSIDIA_RSSI_RGPD_ISO_READINESS_PACK_V2.zip","OBSIDIA_RSSI_RGPD_ISO_READINESS_PACK_V2/rssi/SECRETS_MANAGEMENT.md","SECRETS_MANAGEMENT.md",".md","7057","INTEGRATE_TO_COMPLIANCE_DATA_GOVERNANCE_SPEC_CANDIDATE","RGPD_COMPLIANCE_SCOPE_GUARD + RSSI_EVIDENCE_ONLY","LEGAL_OR_COMPLIANCE_CLAIM_SCOPE","false","false","false","false","F10 audit only; deduped source zip inventory; no extraction; no runtime import"
"OBSIDIA_RSSI_RGPD_ISO_READINESS_PACK_V2.zip","C:\Users\User\Desktop\obsidia-engine-proof-core\obsidia-x108-proofs_REMOTE_A5F21C6B\_source_packs\OBSIDIA_UNIFIED_IMPLEMENTATION_BACKLOG_RICH_NO_DUPES_V1\raw\OBSIDIA_RSSI_RGPD_ISO_READINESS_PACK_V2.zip","OBSIDIA_RSSI_RGPD_ISO_READINESS_PACK_V2/rssi/ENCRYPTION_POLICY.md","ENCRYPTION_POLICY.md",".md","7048","INTEGRATE_TO_COMPLIANCE_DATA_GOVERNANCE_SPEC_CANDIDATE","RGPD_COMPLIANCE_SCOPE_GUARD + RSSI_EVIDENCE_ONLY","LEGAL_OR_COMPLIANCE_CLAIM_SCOPE","false","false","false","false","F10 audit only; deduped source zip inventory; no extraction; no runtime import"
"OBSIDIA_RSSI_RGPD_ISO_READINESS_PACK_V2.zip","C:\Users\User\Desktop\obsidia-engine-proof-core\obsidia-x108-proofs_REMOTE_A5F21C6B\_source_packs\OBSIDIA_UNIFIED_IMPLEMENTATION_BACKLOG_RICH_NO_DUPES_V1\raw\OBSIDIA_RSSI_RGPD_ISO_READINESS_PACK_V2.zip","OBSIDIA_RSSI_RGPD_ISO_READINESS_PACK_V2/rssi/NETWORK_SEGMENTATION.md","NETWORK_SEGMENTATION.md",".md","7075","INTEGRATE_TO_COMPLIANCE_DATA_GOVERNANCE_SPEC_CANDIDATE","RGPD_COMPLIANCE_SCOPE_GUARD + RSSI_EVIDENCE_ONLY","LEGAL_OR_COMPLIANCE_CLAIM_SCOPE","false","false","false","false","F10 audit only; deduped source zip inventory; no extraction; no runtime import"
"OBSIDIA_RSSI_RGPD_ISO_READINESS_PACK_V2.zip","C:\Users\User\Desktop\obsidia-engine-proof-core\obsidia-x108-proofs_REMOTE_A5F21C6B\_source_packs\OBSIDIA_UNIFIED_IMPLEMENTATION_BACKLOG_RICH_NO_DUPES_V1\raw\OBSIDIA_RSSI_RGPD_ISO_READINESS_PACK_V2.zip","OBSIDIA_RSSI_RGPD_ISO_READINESS_PACK_V2/rssi/SIEM_LOGGING_EXPORT.md","SIEM_LOGGING_EXPORT.md",".md","7066","INTEGRATE_TO_COMPLIANCE_DATA_GOVERNANCE_SPEC_CANDIDATE","RGPD_COMPLIANCE_SCOPE_GUARD + RSSI_EVIDENCE_ONLY","LEGAL_OR_COMPLIANCE_CLAIM_SCOPE","false","false","false","false","F10 audit only; deduped source zip inventory; no extraction; no runtime import"
"OBSIDIA_RSSI_RGPD_ISO_READINESS_PACK_V2.zip","C:\Users\User\Desktop\obsidia-engine-proof-core\obsidia-x108-proofs_REMOTE_A5F21C6B\_source_packs\OBSIDIA_UNIFIED_IMPLEMENTATION_BACKLOG_RICH_NO_DUPES_V1\raw\OBSIDIA_RSSI_RGPD_ISO_READINESS_PACK_V2.zip","OBSIDIA_RSSI_RGPD_ISO_READINESS_PACK_V2/rssi/SECURITY_OPERATIONS_RUNBOOK.md","SECURITY_OPERATIONS_RUNBOOK.md",".md","7138","INTEGRATE_TO_COMPLIANCE_DATA_GOVERNANCE_SPEC_CANDIDATE","RGPD_COMPLIANCE_SCOPE_GUARD + RSSI_EVIDENCE_ONLY","LEGAL_OR_COMPLIANCE_CLAIM_SCOPE","false","false","false","false","F10 audit only; deduped source zip inventory; no extraction; no runtime import"
"OBSIDIA_RSSI_RGPD_ISO_READINESS_PACK_V2.zip","C:\Users\User\Desktop\obsidia-engine-proof-core\obsidia-x108-proofs_REMOTE_A5F21C6B\_source_packs\OBSIDIA_UNIFIED_IMPLEMENTATION_BACKLOG_RICH_NO_DUPES_V1\raw\OBSIDIA_RSSI_RGPD_ISO_READINESS_PACK_V2.zip","OBSIDIA_RSSI_RGPD_ISO_READINESS_PACK_V2/rssi/PENTEST_REPORT_TEMPLATE.md","PENTEST_REPORT_TEMPLATE.md",".md","7102","INTEGRATE_TO_COMPLIANCE_DATA_GOVERNANCE_SPEC_CANDIDATE","RGPD_COMPLIANCE_SCOPE_GUARD + RSSI_EVIDENCE_ONLY","LEGAL_OR_COMPLIANCE_CLAIM_SCOPE","false","false","false","false","F10 audit only; deduped source zip inventory; no extraction; no runtime import"
"OBSIDIA_RSSI_RGPD_ISO_READINESS_PACK_V2.zip","C:\Users\User\Desktop\obsidia-engine-proof-core\obsidia-x108-proofs_REMOTE_A5F21C6B\_source_packs\OBSIDIA_UNIFIED_IMPLEMENTATION_BACKLOG_RICH_NO_DUPES_V1\raw\OBSIDIA_RSSI_RGPD_ISO_READINESS_PACK_V2.zip","OBSIDIA_RSSI_RGPD_ISO_READINESS_PACK_V2/rssi/HARDENING_GUIDE.md","HARDENING_GUIDE.md",".md","7030","INTEGRATE_TO_COMPLIANCE_DATA_GOVERNANCE_SPEC_CANDIDATE","RGPD_COMPLIANCE_SCOPE_GUARD + RSSI_EVIDENCE_ONLY","LEGAL_OR_COMPLIANCE_CLAIM_SCOPE","false","false","false","false","F10 audit only; deduped source zip inventory; no extraction; no runtime import"
"OBSIDIA_RSSI_RGPD_ISO_READINESS_PACK_V2.zip","C:\Users\User\Desktop\obsidia-engine-proof-core\obsidia-x108-proofs_REMOTE_A5F21C6B\_source_packs\OBSIDIA_UNIFIED_IMPLEMENTATION_BACKLOG_RICH_NO_DUPES_V1\raw\OBSIDIA_RSSI_RGPD_ISO_READINESS_PACK_V2.zip","OBSIDIA_RSSI_RGPD_ISO_READINESS_PACK_V2/rssi/PRODUCTION_DEPLOYMENT_CHECKLIST.md","PRODUCTION_DEPLOYMENT_CHECKLIST.md",".md","7174","INTEGRATE_TO_COMPLIANCE_DATA_GOVERNANCE_SPEC_CANDIDATE","RGPD_COMPLIANCE_SCOPE_GUARD + RSSI_EVIDENCE_ONLY","LEGAL_OR_COMPLIANCE_CLAIM_SCOPE","false","false","false","false","F10 audit only; deduped source zip inventory; no extraction; no runtime import"
"OBSIDIA_RSSI_RGPD_ISO_READINESS_PACK_V2.zip","C:\Users\User\Desktop\obsidia-engine-proof-core\obsidia-x108-proofs_REMOTE_A5F21C6B\_source_packs\OBSIDIA_UNIFIED_IMPLEMENTATION_BACKLOG_RICH_NO_DUPES_V1\raw\OBSIDIA_RSSI_RGPD_ISO_READINESS_PACK_V2.zip","OBSIDIA_RSSI_RGPD_ISO_READINESS_PACK_V2/deployment/EU_HOSTING_OPTIONS.md","EU_HOSTING_OPTIONS.md",".md","7081","INTEGRATE_TO_COMPLIANCE_DATA_GOVERNANCE_SPEC_CANDIDATE","RGPD_COMPLIANCE_SCOPE_GUARD + RSSI_EVIDENCE_ONLY","LEGAL_OR_COMPLIANCE_CLAIM_SCOPE","false","false","false","false","F10 audit only; deduped source zip inventory; no extraction; no runtime import"
"OBSIDIA_RSSI_RGPD_ISO_READINESS_PACK_V2.zip","C:\Users\User\Desktop\obsidia-engine-proof-core\obsidia-x108-proofs_REMOTE_A5F21C6B\_source_packs\OBSIDIA_UNIFIED_IMPLEMENTATION_BACKLOG_RICH_NO_DUPES_V1\raw\OBSIDIA_RSSI_RGPD_ISO_READINESS_PACK_V2.zip","OBSIDIA_RSSI_RGPD_ISO_READINESS_PACK_V2/deployment/ON_PREM_DEPLOYMENT_GUIDE.md","ON_PREM_DEPLOYMENT_GUIDE.md",".md","7135","INTEGRATE_TO_COMPLIANCE_DATA_GOVERNANCE_SPEC_CANDIDATE","RGPD_COMPLIANCE_SCOPE_GUARD + RSSI_EVIDENCE_ONLY","LEGAL_OR_COMPLIANCE_CLAIM_SCOPE","false","false","false","false","F10 audit only; deduped source zip inventory; no extraction; no runtime import"
"OBSIDIA_RSSI_RGPD_ISO_READINESS_PACK_V2.zip","C:\Users\User\Desktop\obsidia-engine-proof-core\obsidia-x108-proofs_REMOTE_A5F21C6B\_source_packs\OBSIDIA_UNIFIED_IMPLEMENTATION_BACKLOG_RICH_NO_DUPES_V1\raw\OBSIDIA_RSSI_RGPD_ISO_READINESS_PACK_V2.zip","OBSIDIA_RSSI_RGPD_ISO_READINESS_PACK_V2/deployment/SOVEREIGN_CLOUD_DEPLOYMENT.md","SOVEREIGN_CLOUD_DEPLOYMENT.md",".md","7153","INTEGRATE_TO_COMPLIANCE_DATA_GOVERNANCE_SPEC_CANDIDATE","RGPD_COMPLIANCE_SCOPE_GUARD + RSSI_EVIDENCE_ONLY","LEGAL_OR_COMPLIANCE_CLAIM_SCOPE","false","false","false","false","F10 audit only; deduped source zip inventory; no extraction; no runtime import"
"OBSIDIA_RSSI_RGPD_ISO_READINESS_PACK_V2.zip","C:\Users\User\Desktop\obsidia-engine-proof-core\obsidia-x108-proofs_REMOTE_A5F21C6B\_source_packs\OBSIDIA_UNIFIED_IMPLEMENTATION_BACKLOG_RICH_NO_DUPES_V1\raw\OBSIDIA_RSSI_RGPD_ISO_READINESS_PACK_V2.zip","OBSIDIA_RSSI_RGPD_ISO_READINESS_PACK_V2/deployment/SECNUMCLOUD_TARGET_NOTE.md","SECNUMCLOUD_TARGET_NOTE.md",".md","7126","INTEGRATE_TO_COMPLIANCE_DATA_GOVERNANCE_SPEC_CANDIDATE","RGPD_COMPLIANCE_SCOPE_GUARD + RSSI_EVIDENCE_ONLY","LEGAL_OR_COMPLIANCE_CLAIM_SCOPE","false","false","false","false","F10 audit only; deduped source zip inventory; no extraction; no runtime import"
"OBSIDIA_RSSI_RGPD_ISO_READINESS_PACK_V2.zip","C:\Users\User\Desktop\obsidia-engine-proof-core\obsidia-x108-proofs_REMOTE_A5F21C6B\_source_packs\OBSIDIA_UNIFIED_IMPLEMENTATION_BACKLOG_RICH_NO_DUPES_V1\raw\OBSIDIA_RSSI_RGPD_ISO_READINESS_PACK_V2.zip","OBSIDIA_RSSI_RGPD_ISO_READINESS_PACK_V2/deployment/DATA_RESIDENCY_STATEMENT.md","DATA_RESIDENCY_STATEMENT.md",".md","7135","INTEGRATE_TO_COMPLIANCE_DATA_GOVERNANCE_SPEC_CANDIDATE","RGPD_COMPLIANCE_SCOPE_GUARD + RSSI_EVIDENCE_ONLY","LEGAL_OR_COMPLIANCE_CLAIM_SCOPE","false","false","false","false","F10 audit only; deduped source zip inventory; no extraction; no runtime import"
"OBSIDIA_RSSI_RGPD_ISO_READINESS_PACK_V2.zip","C:\Users\User\Desktop\obsidia-engine-proof-core\obsidia-x108-proofs_REMOTE_A5F21C6B\_source_packs\OBSIDIA_UNIFIED_IMPLEMENTATION_BACKLOG_RICH_NO_DUPES_V1\raw\OBSIDIA_RSSI_RGPD_ISO_READINESS_PACK_V2.zip","OBSIDIA_RSSI_RGPD_ISO_READINESS_PACK_V2/deployment/SUBPROCESSORS_LIST.md","SUBPROCESSORS_LIST.md",".md","7081","INTEGRATE_TO_COMPLIANCE_DATA_GOVERNANCE_SPEC_CANDIDATE","RGPD_COMPLIANCE_SCOPE_GUARD + RSSI_EVIDENCE_ONLY","LEGAL_OR_COMPLIANCE_CLAIM_SCOPE","false","false","false","false","F10 audit only; deduped source zip inventory; no extraction; no runtime import"
"OBSIDIA_RSSI_RGPD_ISO_READINESS_PACK_V2.zip","C:\Users\User\Desktop\obsidia-engine-proof-core\obsidia-x108-proofs_REMOTE_A5F21C6B\_source_packs\OBSIDIA_UNIFIED_IMPLEMENTATION_BACKLOG_RICH_NO_DUPES_V1\raw\OBSIDIA_RSSI_RGPD_ISO_READINESS_PACK_V2.zip","OBSIDIA_RSSI_RGPD_ISO_READINESS_PACK_V2/deployment/INFRA_SECURITY_BASELINE.md","INFRA_SECURITY_BASELINE.md",".md","7126","INTEGRATE_TO_COMPLIANCE_DATA_GOVERNANCE_SPEC_CANDIDATE","RGPD_COMPLIANCE_SCOPE_GUARD + RSSI_EVIDENCE_ONLY","LEGAL_OR_COMPLIANCE_CLAIM_SCOPE","false","false","false","false","F10 audit only; deduped source zip inventory; no extraction; no runtime import"
"OBSIDIA_RSSI_RGPD_ISO_READINESS_PACK_V2.zip","C:\Users\User\Desktop\obsidia-engine-proof-core\obsidia-x108-proofs_REMOTE_A5F21C6B\_source_packs\OBSIDIA_UNIFIED_IMPLEMENTATION_BACKLOG_RICH_NO_DUPES_V1\raw\OBSIDIA_RSSI_RGPD_ISO_READINESS_PACK_V2.zip","OBSIDIA_RSSI_RGPD_ISO_READINESS_PACK_V2/deployment/BACKUP_LOCATION_POLICY.md","BACKUP_LOCATION_POLICY.md",".md","7117","INTEGRATE_TO_COMPLIANCE_DATA_GOVERNANCE_SPEC_CANDIDATE","RGPD_COMPLIANCE_SCOPE_GUARD + RSSI_EVIDENCE_ONLY","LEGAL_OR_COMPLIANCE_CLAIM_SCOPE","false","false","false","false","F10 audit only; deduped source zip inventory; no extraction; no runtime import"
"OBSIDIA_RSSI_RGPD_ISO_READINESS_PACK_V2.zip","C:\Users\User\Desktop\obsidia-engine-proof-core\obsidia-x108-proofs_REMOTE_A5F21C6B\_source_packs\OBSIDIA_UNIFIED_IMPLEMENTATION_BACKLOG_RICH_NO_DUPES_V1\raw\OBSIDIA_RSSI_RGPD_ISO_READINESS_PACK_V2.zip","OBSIDIA_RSSI_RGPD_ISO_READINESS_PACK_V2/security/DEPENDENCY_AUDIT.md","DEPENDENCY_AUDIT.md",".md","6972","INTEGRATE_TO_COMPLIANCE_DATA_GOVERNANCE_SPEC_CANDIDATE","RGPD_COMPLIANCE_SCOPE_GUARD + RSSI_EVIDENCE_ONLY","LEGAL_OR_COMPLIANCE_CLAIM_SCOPE","false","false","false","false","F10 audit only; deduped source zip inventory; no extraction; no runtime import"
"OBSIDIA_RSSI_RGPD_ISO_READINESS_PACK_V2.zip","C:\Users\User\Desktop\obsidia-engine-proof-core\obsidia-x108-proofs_REMOTE_A5F21C6B\_source_packs\OBSIDIA_UNIFIED_IMPLEMENTATION_BACKLOG_RICH_NO_DUPES_V1\raw\OBSIDIA_RSSI_RGPD_ISO_READINESS_PACK_V2.zip","OBSIDIA_RSSI_RGPD_ISO_READINESS_PACK_V2/security/SUPPLY_CHAIN_RISK_REGISTER.md","SUPPLY_CHAIN_RISK_REGISTER.md",".md","7062","INTEGRATE_TO_COMPLIANCE_DATA_GOVERNANCE_SPEC_CANDIDATE","RGPD_COMPLIANCE_SCOPE_GUARD + RSSI_EVIDENCE_ONLY","LEGAL_OR_COMPLIANCE_CLAIM_SCOPE","false","false","false","false","F10 audit only; deduped source zip inventory; no extraction; no runtime import"
"OBSIDIA_RSSI_RGPD_ISO_READINESS_PACK_V2.zip","C:\Users\User\Desktop\obsidia-engine-proof-core\obsidia-x108-proofs_REMOTE_A5F21C6B\_source_packs\OBSIDIA_UNIFIED_IMPLEMENTATION_BACKLOG_RICH_NO_DUPES_V1\raw\OBSIDIA_RSSI_RGPD_ISO_READINESS_PACK_V2.zip","OBSIDIA_RSSI_RGPD_ISO_READINESS_PACK_V2/security/SECRET_SCAN_POLICY.md","SECRET_SCAN_POLICY.md",".md","6990","INTEGRATE_TO_COMPLIANCE_DATA_GOVERNANCE_SPEC_CANDIDATE","RGPD_COMPLIANCE_SCOPE_GUARD + RSSI_EVIDENCE_ONLY","LEGAL_OR_COMPLIANCE_CLAIM_SCOPE","false","false","false","false","F10 audit only; deduped source zip inventory; no extraction; no runtime import"
"OBSIDIA_RSSI_RGPD_ISO_READINESS_PACK_V2.zip","C:\Users\User\Desktop\obsidia-engine-proof-core\obsidia-x108-proofs_REMOTE_A5F21C6B\_source_packs\OBSIDIA_UNIFIED_IMPLEMENTATION_BACKLOG_RICH_NO_DUPES_V1\raw\OBSIDIA_RSSI_RGPD_ISO_READINESS_PACK_V2.zip","OBSIDIA_RSSI_RGPD_ISO_READINESS_PACK_V2/security/SAST_REPORT.md","SAST_REPORT.md",".md","6927","INTEGRATE_TO_COMPLIANCE_DATA_GOVERNANCE_SPEC_CANDIDATE","RGPD_COMPLIANCE_SCOPE_GUARD + RSSI_EVIDENCE_ONLY","LEGAL_OR_COMPLIANCE_CLAIM_SCOPE","false","false","false","false","F10 audit only; deduped source zip inventory; no extraction; no runtime import"
"OBSIDIA_RSSI_RGPD_ISO_READINESS_PACK_V2.zip","C:\Users\User\Desktop\obsidia-engine-proof-core\obsidia-x108-proofs_REMOTE_A5F21C6B\_source_packs\OBSIDIA_UNIFIED_IMPLEMENTATION_BACKLOG_RICH_NO_DUPES_V1\raw\OBSIDIA_RSSI_RGPD_ISO_READINESS_PACK_V2.zip","OBSIDIA_RSSI_RGPD_ISO_READINESS_PACK_V2/security/DAST_REPORT.md","DAST_REPORT.md",".md","6927","INTEGRATE_TO_COMPLIANCE_DATA_GOVERNANCE_SPEC_CANDIDATE","RGPD_COMPLIANCE_SCOPE_GUARD + RSSI_EVIDENCE_ONLY","LEGAL_OR_COMPLIANCE_CLAIM_SCOPE","false","false","false","false","F10 audit only; deduped source zip inventory; no extraction; no runtime import"
"OBSIDIA_RSSI_RGPD_ISO_READINESS_PACK_V2.zip","C:\Users\User\Desktop\obsidia-engine-proof-core\obsidia-x108-proofs_REMOTE_A5F21C6B\_source_packs\OBSIDIA_UNIFIED_IMPLEMENTATION_BACKLOG_RICH_NO_DUPES_V1\raw\OBSIDIA_RSSI_RGPD_ISO_READINESS_PACK_V2.zip","OBSIDIA_RSSI_RGPD_ISO_READINESS_PACK_V2/security/CONTAINER_SCAN_REPORT.md","CONTAINER_SCAN_REPORT.md",".md","7017","INTEGRATE_TO_COMPLIANCE_DATA_GOVERNANCE_SPEC_CANDIDATE","RGPD_COMPLIANCE_SCOPE_GUARD + RSSI_EVIDENCE_ONLY","LEGAL_OR_COMPLIANCE_CLAIM_SCOPE","false","false","false","false","F10 audit only; deduped source zip inventory; no extraction; no runtime import"
"OBSIDIA_RSSI_RGPD_ISO_READINESS_PACK_V2.zip","C:\Users\User\Desktop\obsidia-engine-proof-core\obsidia-x108-proofs_REMOTE_A5F21C6B\_source_packs\OBSIDIA_UNIFIED_IMPLEMENTATION_BACKLOG_RICH_NO_DUPES_V1\raw\OBSIDIA_RSSI_RGPD_ISO_READINESS_PACK_V2.zip","OBSIDIA_RSSI_RGPD_ISO_READINESS_PACK_V2/security/CODE_SIGNING_POLICY.md","CODE_SIGNING_POLICY.md",".md","6999","INTEGRATE_TO_COMPLIANCE_DATA_GOVERNANCE_SPEC_CANDIDATE","RGPD_COMPLIANCE_SCOPE_GUARD + RSSI_EVIDENCE_ONLY","LEGAL_OR_COMPLIANCE_CLAIM_SCOPE","false","false","false","false","F10 audit only; deduped source zip inventory; no extraction; no runtime import"
"OBSIDIA_RSSI_RGPD_ISO_READINESS_PACK_V2.zip","C:\Users\User\Desktop\obsidia-engine-proof-core\obsidia-x108-proofs_REMOTE_A5F21C6B\_source_packs\OBSIDIA_UNIFIED_IMPLEMENTATION_BACKLOG_RICH_NO_DUPES_V1\raw\OBSIDIA_RSSI_RGPD_ISO_READINESS_PACK_V2.zip","OBSIDIA_RSSI_RGPD_ISO_READINESS_PACK_V2/security/CI_CD_SECURITY.md","CI_CD_SECURITY.md",".md","6954","INTEGRATE_TO_COMPLIANCE_DATA_GOVERNANCE_SPEC_CANDIDATE","RGPD_COMPLIANCE_SCOPE_GUARD + RSSI_EVIDENCE_ONLY","LEGAL_OR_COMPLIANCE_CLAIM_SCOPE","false","false","false","false","F10 audit only; deduped source zip inventory; no extraction; no runtime import"
"OBSIDIA_RSSI_RGPD_ISO_READINESS_PACK_V2.zip","C:\Users\User\Desktop\obsidia-engine-proof-core\obsidia-x108-proofs_REMOTE_A5F21C6B\_source_packs\OBSIDIA_UNIFIED_IMPLEMENTATION_BACKLOG_RICH_NO_DUPES_V1\raw\OBSIDIA_RSSI_RGPD_ISO_READINESS_PACK_V2.zip","OBSIDIA_RSSI_RGPD_ISO_READINESS_PACK_V2/security/BRANCH_PROTECTION_POLICY.md","BRANCH_PROTECTION_POLICY.md",".md","7044","INTEGRATE_TO_COMPLIANCE_DATA_GOVERNANCE_SPEC_CANDIDATE","RGPD_COMPLIANCE_SCOPE_GUARD + RSSI_EVIDENCE_ONLY","LEGAL_OR_COMPLIANCE_CLAIM_SCOPE","false","false","false","false","F10 audit only; deduped source zip inventory; no extraction; no runtime import"
"OBSIDIA_RSSI_RGPD_ISO_READINESS_PACK_V2.zip","C:\Users\User\Desktop\obsidia-engine-proof-core\obsidia-x108-proofs_REMOTE_A5F21C6B\_source_packs\OBSIDIA_UNIFIED_IMPLEMENTATION_BACKLOG_RICH_NO_DUPES_V1\raw\OBSIDIA_RSSI_RGPD_ISO_READINESS_PACK_V2.zip","OBSIDIA_RSSI_RGPD_ISO_READINESS_PACK_V2/security/SBOM.json","SBOM.json",".json","6098","INTEGRATE_TO_COMPLIANCE_DATA_GOVERNANCE_SPEC_CANDIDATE","RGPD_COMPLIANCE_SCOPE_GUARD + RSSI_EVIDENCE_ONLY","LEGAL_OR_COMPLIANCE_CLAIM_SCOPE","false","false","false","false","F10 audit only; deduped source zip inventory; no extraction; no runtime import"
"OBSIDIA_RSSI_RGPD_ISO_READINESS_PACK_V2.zip","C:\Users\User\Desktop\obsidia-engine-proof-core\obsidia-x108-proofs_REMOTE_A5F21C6B\_source_packs\OBSIDIA_UNIFIED_IMPLEMENTATION_BACKLOG_RICH_NO_DUPES_V1\raw\OBSIDIA_RSSI_RGPD_ISO_READINESS_PACK_V2.zip","OBSIDIA_RSSI_RGPD_ISO_READINESS_PACK_V2/ai_security/PROMPT_INJECTION_TESTS.md","PROMPT_INJECTION_TESTS.md",".md","7071","INTEGRATE_TO_COMPLIANCE_DATA_GOVERNANCE_SPEC_CANDIDATE","RGPD_COMPLIANCE_SCOPE_GUARD + RSSI_EVIDENCE_ONLY","LEGAL_OR_COMPLIANCE_CLAIM_SCOPE","false","false","false","false","F10 audit only; deduped source zip inventory; no extraction; no runtime import"
"OBSIDIA_RSSI_RGPD_ISO_READINESS_PACK_V2.zip","C:\Users\User\Desktop\obsidia-engine-proof-core\obsidia-x108-proofs_REMOTE_A5F21C6B\_source_packs\OBSIDIA_UNIFIED_IMPLEMENTATION_BACKLOG_RICH_NO_DUPES_V1\raw\OBSIDIA_RSSI_RGPD_ISO_READINESS_PACK_V2.zip","OBSIDIA_RSSI_RGPD_ISO_READINESS_PACK_V2/ai_security/INDIRECT_PROMPT_INJECTION_TESTS.md","INDIRECT_PROMPT_INJECTION_TESTS.md",".md","7152","INTEGRATE_TO_COMPLIANCE_DATA_GOVERNANCE_SPEC_CANDIDATE","RGPD_COMPLIANCE_SCOPE_GUARD + RSSI_EVIDENCE_ONLY","LEGAL_OR_COMPLIANCE_CLAIM_SCOPE","false","false","false","false","F10 audit only; deduped source zip inventory; no extraction; no runtime import"
"OBSIDIA_RSSI_RGPD_ISO_READINESS_PACK_V2.zip","C:\Users\User\Desktop\obsidia-engine-proof-core\obsidia-x108-proofs_REMOTE_A5F21C6B\_source_packs\OBSIDIA_UNIFIED_IMPLEMENTATION_BACKLOG_RICH_NO_DUPES_V1\raw\OBSIDIA_RSSI_RGPD_ISO_READINESS_PACK_V2.zip","OBSIDIA_RSSI_RGPD_ISO_READINESS_PACK_V2/ai_security/DATA_EXFILTRATION_TESTS.md","DATA_EXFILTRATION_TESTS.md",".md","7080","INTEGRATE_TO_COMPLIANCE_DATA_GOVERNANCE_SPEC_CANDIDATE","RGPD_COMPLIANCE_SCOPE_GUARD + RSSI_EVIDENCE_ONLY","LEGAL_OR_COMPLIANCE_CLAIM_SCOPE","false","false","false","false","F10 audit only; deduped source zip inventory; no extraction; no runtime import"
"OBSIDIA_RSSI_RGPD_ISO_READINESS_PACK_V2.zip","C:\Users\User\Desktop\obsidia-engine-proof-core\obsidia-x108-proofs_REMOTE_A5F21C6B\_source_packs\OBSIDIA_UNIFIED_IMPLEMENTATION_BACKLOG_RICH_NO_DUPES_V1\raw\OBSIDIA_RSSI_RGPD_ISO_READINESS_PACK_V2.zip","OBSIDIA_RSSI_RGPD_ISO_READINESS_PACK_V2/ai_security/TOOL_ABUSE_TESTS.md","TOOL_ABUSE_TESTS.md",".md","7017","INTEGRATE_TO_COMPLIANCE_DATA_GOVERNANCE_SPEC_CANDIDATE","RGPD_COMPLIANCE_SCOPE_GUARD + RSSI_EVIDENCE_ONLY","LEGAL_OR_COMPLIANCE_CLAIM_SCOPE","false","false","false","false","F10 audit only; deduped source zip inventory; no extraction; no runtime import"
"OBSIDIA_RSSI_RGPD_ISO_READINESS_PACK_V2.zip","C:\Users\User\Desktop\obsidia-engine-proof-core\obsidia-x108-proofs_REMOTE_A5F21C6B\_source_packs\OBSIDIA_UNIFIED_IMPLEMENTATION_BACKLOG_RICH_NO_DUPES_V1\raw\OBSIDIA_RSSI_RGPD_ISO_READINESS_PACK_V2.zip","OBSIDIA_RSSI_RGPD_ISO_READINESS_PACK_V2/ai_security/MODEL_RISK_REGISTER.md","MODEL_RISK_REGISTER.md",".md","7044","INTEGRATE_TO_COMPLIANCE_DATA_GOVERNANCE_SPEC_CANDIDATE","RGPD_COMPLIANCE_SCOPE_GUARD + RSSI_EVIDENCE_ONLY","LEGAL_OR_COMPLIANCE_CLAIM_SCOPE","false","false","false","false","F10 audit only; deduped source zip inventory; no extraction; no runtime import"
"OBSIDIA_RSSI_RGPD_ISO_READINESS_PACK_V2.zip","C:\Users\User\Desktop\obsidia-engine-proof-core\obsidia-x108-proofs_REMOTE_A5F21C6B\_source_packs\OBSIDIA_UNIFIED_IMPLEMENTATION_BACKLOG_RICH_NO_DUPES_V1\raw\OBSIDIA_RSSI_RGPD_ISO_READINESS_PACK_V2.zip","OBSIDIA_RSSI_RGPD_ISO_READINESS_PACK_V2/ai_security/HUMAN_CONTROL_POLICY.md","HUMAN_CONTROL_POLICY.md",".md","7053","INTEGRATE_TO_COMPLIANCE_DATA_GOVERNANCE_SPEC_CANDIDATE","RGPD_COMPLIANCE_SCOPE_GUARD + RSSI_EVIDENCE_ONLY","LEGAL_OR_COMPLIANCE_CLAIM_SCOPE","false","false","false","false","F10 audit only; deduped source zip inventory; no extraction; no runtime import"
"OBSIDIA_RSSI_RGPD_ISO_READINESS_PACK_V2.zip","C:\Users\User\Desktop\obsidia-engine-proof-core\obsidia-x108-proofs_REMOTE_A5F21C6B\_source_packs\OBSIDIA_UNIFIED_IMPLEMENTATION_BACKLOG_RICH_NO_DUPES_V1\raw\OBSIDIA_RSSI_RGPD_ISO_READINESS_PACK_V2.zip","OBSIDIA_RSSI_RGPD_ISO_READINESS_PACK_V2/ai_security/OUTPUT_FILTERING_POLICY.md","OUTPUT_FILTERING_POLICY.md",".md","7080","INTEGRATE_TO_COMPLIANCE_DATA_GOVERNANCE_SPEC_CANDIDATE","RGPD_COMPLIANCE_SCOPE_GUARD + RSSI_EVIDENCE_ONLY","LEGAL_OR_COMPLIANCE_CLAIM_SCOPE","false","false","false","false","F10 audit only; deduped source zip inventory; no extraction; no runtime import"
"OBSIDIA_RSSI_RGPD_ISO_READINESS_PACK_V2.zip","C:\Users\User\Desktop\obsidia-engine-proof-core\obsidia-x108-proofs_REMOTE_A5F21C6B\_source_packs\OBSIDIA_UNIFIED_IMPLEMENTATION_BACKLOG_RICH_NO_DUPES_V1\raw\OBSIDIA_RSSI_RGPD_ISO_READINESS_PACK_V2.zip","OBSIDIA_RSSI_RGPD_ISO_READINESS_PACK_V2/ai_security/INPUT_FILTERING_POLICY.md","INPUT_FILTERING_POLICY.md",".md","7071","INTEGRATE_TO_COMPLIANCE_DATA_GOVERNANCE_SPEC_CANDIDATE","RGPD_COMPLIANCE_SCOPE_GUARD + RSSI_EVIDENCE_ONLY","LEGAL_OR_COMPLIANCE_CLAIM_SCOPE","false","false","false","false","F10 audit only; deduped source zip inventory; no extraction; no runtime import"
"OBSIDIA_RSSI_RGPD_ISO_READINESS_PACK_V2.zip","C:\Users\User\Desktop\obsidia-engine-proof-core\obsidia-x108-proofs_REMOTE_A5F21C6B\_source_packs\OBSIDIA_UNIFIED_IMPLEMENTATION_BACKLOG_RICH_NO_DUPES_V1\raw\OBSIDIA_RSSI_RGPD_ISO_READINESS_PACK_V2.zip","OBSIDIA_RSSI_RGPD_ISO_READINESS_PACK_V2/ai_security/AGENT_ACTION_LIMITS.md","AGENT_ACTION_LIMITS.md",".md","7044","INTEGRATE_TO_COMPLIANCE_DATA_GOVERNANCE_SPEC_CANDIDATE","RGPD_COMPLIANCE_SCOPE_GUARD + RSSI_EVIDENCE_ONLY","LEGAL_OR_COMPLIANCE_CLAIM_SCOPE","false","false","false","false","F10 audit only; deduped source zip inventory; no extraction; no runtime import"
"OBSIDIA_RSSI_RGPD_ISO_READINESS_PACK_V2.zip","C:\Users\User\Desktop\obsidia-engine-proof-core\obsidia-x108-proofs_REMOTE_A5F21C6B\_source_packs\OBSIDIA_UNIFIED_IMPLEMENTATION_BACKLOG_RICH_NO_DUPES_V1\raw\OBSIDIA_RSSI_RGPD_ISO_READINESS_PACK_V2.zip","OBSIDIA_RSSI_RGPD_ISO_READINESS_PACK_V2/ai_security/CRITICAL_ACTION_CATALOG.md","CRITICAL_ACTION_CATALOG.md",".md","7080","INTEGRATE_TO_COMPLIANCE_DATA_GOVERNANCE_SPEC_CANDIDATE","RGPD_COMPLIANCE_SCOPE_GUARD + RSSI_EVIDENCE_ONLY","LEGAL_OR_COMPLIANCE_CLAIM_SCOPE","false","false","false","false","F10 audit only; deduped source zip inventory; no extraction; no runtime import"
"OBSIDIA_RSSI_RGPD_ISO_READINESS_PACK_V2.zip","C:\Users\User\Desktop\obsidia-engine-proof-core\obsidia-x108-proofs_REMOTE_A5F21C6B\_source_packs\OBSIDIA_UNIFIED_IMPLEMENTATION_BACKLOG_RICH_NO_DUPES_V1\raw\OBSIDIA_RSSI_RGPD_ISO_READINESS_PACK_V2.zip","OBSIDIA_RSSI_RGPD_ISO_READINESS_PACK_V2/ai_security/RED_TEAM_REPORT.md","RED_TEAM_REPORT.md",".md","7008","INTEGRATE_TO_COMPLIANCE_DATA_GOVERNANCE_SPEC_CANDIDATE","RGPD_COMPLIANCE_SCOPE_GUARD + RSSI_EVIDENCE_ONLY","LEGAL_OR_COMPLIANCE_CLAIM_SCOPE","false","false","false","false","F10 audit only; deduped source zip inventory; no extraction; no runtime import"
"OBSIDIA_RSSI_RGPD_ISO_READINESS_PACK_V2.zip","C:\Users\User\Desktop\obsidia-engine-proof-core\obsidia-x108-proofs_REMOTE_A5F21C6B\_source_packs\OBSIDIA_UNIFIED_IMPLEMENTATION_BACKLOG_RICH_NO_DUPES_V1\raw\OBSIDIA_RSSI_RGPD_ISO_READINESS_PACK_V2.zip","OBSIDIA_RSSI_RGPD_ISO_READINESS_PACK_V2/data_governance/MEMORY_DATA_CLASSIFICATION.md","MEMORY_DATA_CLASSIFICATION.md",".md","7166","INTEGRATE_TO_COMPLIANCE_DATA_GOVERNANCE_SPEC_CANDIDATE","RGPD_COMPLIANCE_SCOPE_GUARD + RSSI_EVIDENCE_ONLY","LEGAL_OR_COMPLIANCE_CLAIM_SCOPE","false","false","false","false","F10 audit only; deduped source zip inventory; no extraction; no runtime import"
"OBSIDIA_RSSI_RGPD_ISO_READINESS_PACK_V2.zip","C:\Users\User\Desktop\obsidia-engine-proof-core\obsidia-x108-proofs_REMOTE_A5F21C6B\_source_packs\OBSIDIA_UNIFIED_IMPLEMENTATION_BACKLOG_RICH_NO_DUPES_V1\raw\OBSIDIA_RSSI_RGPD_ISO_READINESS_PACK_V2.zip","OBSIDIA_RSSI_RGPD_ISO_READINESS_PACK_V2/data_governance/GRAPHITI_DATA_MAP.md","GRAPHITI_DATA_MAP.md",".md","7085","INTEGRATE_TO_COMPLIANCE_DATA_GOVERNANCE_SPEC_CANDIDATE","RGPD_COMPLIANCE_SCOPE_GUARD + RSSI_EVIDENCE_ONLY","LEGAL_OR_COMPLIANCE_CLAIM_SCOPE","false","false","false","false","F10 audit only; deduped source zip inventory; no extraction; no runtime import"
"OBSIDIA_RSSI_RGPD_ISO_READINESS_PACK_V2.zip","C:\Users\User\Desktop\obsidia-engine-proof-core\obsidia-x108-proofs_REMOTE_A5F21C6B\_source_packs\OBSIDIA_UNIFIED_IMPLEMENTATION_BACKLOG_RICH_NO_DUPES_V1\raw\OBSIDIA_RSSI_RGPD_ISO_READINESS_PACK_V2.zip","OBSIDIA_RSSI_RGPD_ISO_READINESS_PACK_V2/data_governance/BRODY_MEMORY_DATA_MAP.md","BRODY_MEMORY_DATA_MAP.md",".md","7121","INTEGRATE_TO_COMPLIANCE_DATA_GOVERNANCE_SPEC_CANDIDATE","RGPD_COMPLIANCE_SCOPE_GUARD + RSSI_EVIDENCE_ONLY","LEGAL_OR_COMPLIANCE_CLAIM_SCOPE","false","false","false","false","F10 audit only; deduped source zip inventory; no extraction; no runtime import"
"OBSIDIA_RSSI_RGPD_ISO_READINESS_PACK_V2.zip","C:\Users\User\Desktop\obsidia-engine-proof-core\obsidia-x108-proofs_REMOTE_A5F21C6B\_source_packs\OBSIDIA_UNIFIED_IMPLEMENTATION_BACKLOG_RICH_NO_DUPES_V1\raw\OBSIDIA_RSSI_RGPD_ISO_READINESS_PACK_V2.zip","OBSIDIA_RSSI_RGPD_ISO_READINESS_PACK_V2/data_governance/VECTOR_DB_POLICY.md","VECTOR_DB_POLICY.md",".md","7076","INTEGRATE_TO_COMPLIANCE_DATA_GOVERNANCE_SPEC_CANDIDATE","RGPD_COMPLIANCE_SCOPE_GUARD + RSSI_EVIDENCE_ONLY","LEGAL_OR_COMPLIANCE_CLAIM_SCOPE","false","false","false","false","F10 audit only; deduped source zip inventory; no extraction; no runtime import"
"OBSIDIA_RSSI_RGPD_ISO_READINESS_PACK_V2.zip","C:\Users\User\Desktop\obsidia-engine-proof-core\obsidia-x108-proofs_REMOTE_A5F21C6B\_source_packs\OBSIDIA_UNIFIED_IMPLEMENTATION_BACKLOG_RICH_NO_DUPES_V1\raw\OBSIDIA_RSSI_RGPD_ISO_READINESS_PACK_V2.zip","OBSIDIA_RSSI_RGPD_ISO_READINESS_PACK_V2/data_governance/LOG_DATA_CLASSIFICATION.md","LOG_DATA_CLASSIFICATION.md",".md","7139","INTEGRATE_TO_COMPLIANCE_DATA_GOVERNANCE_SPEC_CANDIDATE","RGPD_COMPLIANCE_SCOPE_GUARD + RSSI_EVIDENCE_ONLY","LEGAL_OR_COMPLIANCE_CLAIM_SCOPE","false","false","false","false","F10 audit only; deduped source zip inventory; no extraction; no runtime import"
"OBSIDIA_RSSI_RGPD_ISO_READINESS_PACK_V2.zip","C:\Users\User\Desktop\obsidia-engine-proof-core\obsidia-x108-proofs_REMOTE_A5F21C6B\_source_packs\OBSIDIA_UNIFIED_IMPLEMENTATION_BACKLOG_RICH_NO_DUPES_V1\raw\OBSIDIA_RSSI_RGPD_ISO_READINESS_PACK_V2.zip","OBSIDIA_RSSI_RGPD_ISO_READINESS_PACK_V2/data_governance/RETENTION_BY_DATA_TYPE.md","RETENTION_BY_DATA_TYPE.md",".md","7130","INTEGRATE_TO_COMPLIANCE_DATA_GOVERNANCE_SPEC_CANDIDATE","RGPD_COMPLIANCE_SCOPE_GUARD + RSSI_EVIDENCE_ONLY","LEGAL_OR_COMPLIANCE_CLAIM_SCOPE","false","false","false","false","F10 audit only; deduped source zip inventory; no extraction; no runtime import"
"OBSIDIA_RSSI_RGPD_ISO_READINESS_PACK_V2.zip","C:\Users\User\Desktop\obsidia-engine-proof-core\obsidia-x108-proofs_REMOTE_A5F21C6B\_source_packs\OBSIDIA_UNIFIED_IMPLEMENTATION_BACKLOG_RICH_NO_DUPES_V1\raw\OBSIDIA_RSSI_RGPD_ISO_READINESS_PACK_V2.zip","OBSIDIA_RSSI_RGPD_ISO_READINESS_PACK_V2/data_governance/DELETION_PROCEDURE.md","DELETION_PROCEDURE.md",".md","7094","INTEGRATE_TO_COMPLIANCE_DATA_GOVERNANCE_SPEC_CANDIDATE","RGPD_COMPLIANCE_SCOPE_GUARD + RSSI_EVIDENCE_ONLY","LEGAL_OR_COMPLIANCE_CLAIM_SCOPE","false","false","false","false","F10 audit only; deduped source zip inventory; no extraction; no runtime import"
"OBSIDIA_RSSI_RGPD_ISO_READINESS_PACK_V2.zip","C:\Users\User\Desktop\obsidia-engine-proof-core\obsidia-x108-proofs_REMOTE_A5F21C6B\_source_packs\OBSIDIA_UNIFIED_IMPLEMENTATION_BACKLOG_RICH_NO_DUPES_V1\raw\OBSIDIA_RSSI_RGPD_ISO_READINESS_PACK_V2.zip","OBSIDIA_RSSI_RGPD_ISO_READINESS_PACK_V2/data_governance/EXPORT_PROCEDURE.md","EXPORT_PROCEDURE.md",".md","7076","INTEGRATE_TO_COMPLIANCE_DATA_GOVERNANCE_SPEC_CANDIDATE","RGPD_COMPLIANCE_SCOPE_GUARD + RSSI_EVIDENCE_ONLY","LEGAL_OR_COMPLIANCE_CLAIM_SCOPE","false","false","false","false","F10 audit only; deduped source zip inventory; no extraction; no runtime import"
"OBSIDIA_RSSI_RGPD_ISO_READINESS_PACK_V2.zip","C:\Users\User\Desktop\obsidia-engine-proof-core\obsidia-x108-proofs_REMOTE_A5F21C6B\_source_packs\OBSIDIA_UNIFIED_IMPLEMENTATION_BACKLOG_RICH_NO_DUPES_V1\raw\OBSIDIA_RSSI_RGPD_ISO_READINESS_PACK_V2.zip","OBSIDIA_RSSI_RGPD_ISO_READINESS_PACK_V2/data_governance/CLIENT_DATA_ISOLATION.md","CLIENT_DATA_ISOLATION.md",".md","7121","INTEGRATE_TO_COMPLIANCE_DATA_GOVERNANCE_SPEC_CANDIDATE","RGPD_COMPLIANCE_SCOPE_GUARD + RSSI_EVIDENCE_ONLY","LEGAL_OR_COMPLIANCE_CLAIM_SCOPE","false","false","false","false","F10 audit only; deduped source zip inventory; no extraction; no runtime import"
"OBSIDIA_RSSI_RGPD_ISO_READINESS_PACK_V2.zip","C:\Users\User\Desktop\obsidia-engine-proof-core\obsidia-x108-proofs_REMOTE_A5F21C6B\_source_packs\OBSIDIA_UNIFIED_IMPLEMENTATION_BACKLOG_RICH_NO_DUPES_V1\raw\OBSIDIA_RSSI_RGPD_ISO_READINESS_PACK_V2.zip","OBSIDIA_RSSI_RGPD_ISO_READINESS_PACK_V2/data_governance/TENANT_ISOLATION_MODEL.md","TENANT_ISOLATION_MODEL.md",".md","7130","INTEGRATE_TO_COMPLIANCE_DATA_GOVERNANCE_SPEC_CANDIDATE","RGPD_COMPLIANCE_SCOPE_GUARD + RSSI_EVIDENCE_ONLY","LEGAL_OR_COMPLIANCE_CLAIM_SCOPE","false","false","false","false","F10 audit only; deduped source zip inventory; no extraction; no runtime import"
"OBSIDIA_RSSI_RGPD_ISO_READINESS_PACK_V2.zip","C:\Users\User\Desktop\obsidia-engine-proof-core\obsidia-x108-proofs_REMOTE_A5F21C6B\_source_packs\OBSIDIA_UNIFIED_IMPLEMENTATION_BACKLOG_RICH_NO_DUPES_V1\raw\OBSIDIA_RSSI_RGPD_ISO_READINESS_PACK_V2.zip","OBSIDIA_RSSI_RGPD_ISO_READINESS_PACK_V2/legal/DPA_TEMPLATE.md","DPA_TEMPLATE.md",".md","6969","INTEGRATE_TO_COMPLIANCE_DATA_GOVERNANCE_SPEC_CANDIDATE","RGPD_COMPLIANCE_SCOPE_GUARD + RSSI_EVIDENCE_ONLY","LEGAL_OR_COMPLIANCE_CLAIM_SCOPE","false","false","false","false","F10 audit only; deduped source zip inventory; no extraction; no runtime import"
"OBSIDIA_RSSI_RGPD_ISO_READINESS_PACK_V2.zip","C:\Users\User\Desktop\obsidia-engine-proof-core\obsidia-x108-proofs_REMOTE_A5F21C6B\_source_packs\OBSIDIA_UNIFIED_IMPLEMENTATION_BACKLOG_RICH_NO_DUPES_V1\raw\OBSIDIA_RSSI_RGPD_ISO_READINESS_PACK_V2.zip","OBSIDIA_RSSI_RGPD_ISO_READINESS_PACK_V2/legal/SUBPROCESSOR_LIST.md","SUBPROCESSOR_LIST.md",".md","7014","INTEGRATE_TO_COMPLIANCE_DATA_GOVERNANCE_SPEC_CANDIDATE","RGPD_COMPLIANCE_SCOPE_GUARD + RSSI_EVIDENCE_ONLY","LEGAL_OR_COMPLIANCE_CLAIM_SCOPE","false","false","false","false","F10 audit only; deduped source zip inventory; no extraction; no runtime import"
"OBSIDIA_RSSI_RGPD_ISO_READINESS_PACK_V2.zip","C:\Users\User\Desktop\obsidia-engine-proof-core\obsidia-x108-proofs_REMOTE_A5F21C6B\_source_packs\OBSIDIA_UNIFIED_IMPLEMENTATION_BACKLOG_RICH_NO_DUPES_V1\raw\OBSIDIA_RSSI_RGPD_ISO_READINESS_PACK_V2.zip","OBSIDIA_RSSI_RGPD_ISO_READINESS_PACK_V2/legal/SLA_TEMPLATE.md","SLA_TEMPLATE.md",".md","6969","INTEGRATE_TO_COMPLIANCE_DATA_GOVERNANCE_SPEC_CANDIDATE","RGPD_COMPLIANCE_SCOPE_GUARD + RSSI_EVIDENCE_ONLY","LEGAL_OR_COMPLIANCE_CLAIM_SCOPE","false","false","false","false","F10 audit only; deduped source zip inventory; no extraction; no runtime import"
"OBSIDIA_RSSI_RGPD_ISO_READINESS_PACK_V2.zip","C:\Users\User\Desktop\obsidia-engine-proof-core\obsidia-x108-proofs_REMOTE_A5F21C6B\_source_packs\OBSIDIA_UNIFIED_IMPLEMENTATION_BACKLOG_RICH_NO_DUPES_V1\raw\OBSIDIA_RSSI_RGPD_ISO_READINESS_PACK_V2.zip","OBSIDIA_RSSI_RGPD_ISO_READINESS_PACK_V2/legal/SECURITY_APPENDIX.md","SECURITY_APPENDIX.md",".md","7014","INTEGRATE_TO_COMPLIANCE_DATA_GOVERNANCE_SPEC_CANDIDATE","RGPD_COMPLIANCE_SCOPE_GUARD + RSSI_EVIDENCE_ONLY","LEGAL_OR_COMPLIANCE_CLAIM_SCOPE","false","false","false","false","F10 audit only; deduped source zip inventory; no extraction; no runtime import"
"OBSIDIA_RSSI_RGPD_ISO_READINESS_PACK_V2.zip","C:\Users\User\Desktop\obsidia-engine-proof-core\obsidia-x108-proofs_REMOTE_A5F21C6B\_source_packs\OBSIDIA_UNIFIED_IMPLEMENTATION_BACKLOG_RICH_NO_DUPES_V1\raw\OBSIDIA_RSSI_RGPD_ISO_READINESS_PACK_V2.zip","OBSIDIA_RSSI_RGPD_ISO_READINESS_PACK_V2/legal/ACCEPTABLE_USE_POLICY.md","ACCEPTABLE_USE_POLICY.md",".md","7050","INTEGRATE_TO_COMPLIANCE_DATA_GOVERNANCE_SPEC_CANDIDATE","RGPD_COMPLIANCE_SCOPE_GUARD + RSSI_EVIDENCE_ONLY","LEGAL_OR_COMPLIANCE_CLAIM_SCOPE","false","false","false","false","F10 audit only; deduped source zip inventory; no extraction; no runtime import"
"OBSIDIA_RSSI_RGPD_ISO_READINESS_PACK_V2.zip","C:\Users\User\Desktop\obsidia-engine-proof-core\obsidia-x108-proofs_REMOTE_A5F21C6B\_source_packs\OBSIDIA_UNIFIED_IMPLEMENTATION_BACKLOG_RICH_NO_DUPES_V1\raw\OBSIDIA_RSSI_RGPD_ISO_READINESS_PACK_V2.zip","OBSIDIA_RSSI_RGPD_ISO_READINESS_PACK_V2/legal/DATA_PROCESSING_TERMS.md","DATA_PROCESSING_TERMS.md",".md","7050","INTEGRATE_TO_COMPLIANCE_DATA_GOVERNANCE_SPEC_CANDIDATE","RGPD_COMPLIANCE_SCOPE_GUARD + RSSI_EVIDENCE_ONLY","LEGAL_OR_COMPLIANCE_CLAIM_SCOPE","false","false","false","false","F10 audit only; deduped source zip inventory; no extraction; no runtime import"
"OBSIDIA_RSSI_RGPD_ISO_READINESS_PACK_V2.zip","C:\Users\User\Desktop\obsidia-engine-proof-core\obsidia-x108-proofs_REMOTE_A5F21C6B\_source_packs\OBSIDIA_UNIFIED_IMPLEMENTATION_BACKLOG_RICH_NO_DUPES_V1\raw\OBSIDIA_RSSI_RGPD_ISO_READINESS_PACK_V2.zip","OBSIDIA_RSSI_RGPD_ISO_READINESS_PACK_V2/legal/CONFIDENTIALITY_CLAUSE.md","CONFIDENTIALITY_CLAUSE.md",".md","7059","INTEGRATE_TO_COMPLIANCE_DATA_GOVERNANCE_SPEC_CANDIDATE","RGPD_COMPLIANCE_SCOPE_GUARD + RSSI_EVIDENCE_ONLY","LEGAL_OR_COMPLIANCE_CLAIM_SCOPE","false","false","false","false","F10 audit only; deduped source zip inventory; no extraction; no runtime import"
"OBSIDIA_RSSI_RGPD_ISO_READINESS_PACK_V2.zip","C:\Users\User\Desktop\obsidia-engine-proof-core\obsidia-x108-proofs_REMOTE_A5F21C6B\_source_packs\OBSIDIA_UNIFIED_IMPLEMENTATION_BACKLOG_RICH_NO_DUPES_V1\raw\OBSIDIA_RSSI_RGPD_ISO_READINESS_PACK_V2.zip","OBSIDIA_RSSI_RGPD_ISO_READINESS_PACK_V2/legal/INCIDENT_NOTIFICATION_CLAUSE.md","INCIDENT_NOTIFICATION_CLAUSE.md",".md","7113","INTEGRATE_TO_COMPLIANCE_DATA_GOVERNANCE_SPEC_CANDIDATE","RGPD_COMPLIANCE_SCOPE_GUARD + RSSI_EVIDENCE_ONLY","LEGAL_OR_COMPLIANCE_CLAIM_SCOPE","false","false","false","false","F10 audit only; deduped source zip inventory; no extraction; no runtime import"
"OBSIDIA_RSSI_RGPD_ISO_READINESS_PACK_V2.zip","C:\Users\User\Desktop\obsidia-engine-proof-core\obsidia-x108-proofs_REMOTE_A5F21C6B\_source_packs\OBSIDIA_UNIFIED_IMPLEMENTATION_BACKLOG_RICH_NO_DUPES_V1\raw\OBSIDIA_RSSI_RGPD_ISO_READINESS_PACK_V2.zip","OBSIDIA_RSSI_RGPD_ISO_READINESS_PACK_V2/audit/EXTERNAL_AUDIT_SCOPE.md","EXTERNAL_AUDIT_SCOPE.md",".md","7035","INTEGRATE_TO_COMPLIANCE_DATA_GOVERNANCE_SPEC_CANDIDATE","RGPD_COMPLIANCE_SCOPE_GUARD + RSSI_EVIDENCE_ONLY","LEGAL_OR_COMPLIANCE_CLAIM_SCOPE","false","false","false","false","F10 audit only; deduped source zip inventory; no extraction; no runtime import"
"OBSIDIA_RSSI_RGPD_ISO_READINESS_PACK_V2.zip","C:\Users\User\Desktop\obsidia-engine-proof-core\obsidia-x108-proofs_REMOTE_A5F21C6B\_source_packs\OBSIDIA_UNIFIED_IMPLEMENTATION_BACKLOG_RICH_NO_DUPES_V1\raw\OBSIDIA_RSSI_RGPD_ISO_READINESS_PACK_V2.zip","OBSIDIA_RSSI_RGPD_ISO_READINESS_PACK_V2/audit/PENTEST_SCOPE.md","PENTEST_SCOPE.md",".md","6972","INTEGRATE_TO_COMPLIANCE_DATA_GOVERNANCE_SPEC_CANDIDATE","RGPD_COMPLIANCE_SCOPE_GUARD + RSSI_EVIDENCE_ONLY","LEGAL_OR_COMPLIANCE_CLAIM_SCOPE","false","false","false","false","F10 audit only; deduped source zip inventory; no extraction; no runtime import"
"OBSIDIA_RSSI_RGPD_ISO_READINESS_PACK_V2.zip","C:\Users\User\Desktop\obsidia-engine-proof-core\obsidia-x108-proofs_REMOTE_A5F21C6B\_source_packs\OBSIDIA_UNIFIED_IMPLEMENTATION_BACKLOG_RICH_NO_DUPES_V1\raw\OBSIDIA_RSSI_RGPD_ISO_READINESS_PACK_V2.zip","OBSIDIA_RSSI_RGPD_ISO_READINESS_PACK_V2/audit/PENTEST_RESULTS.md","PENTEST_RESULTS.md",".md","6990","INTEGRATE_TO_COMPLIANCE_DATA_GOVERNANCE_SPEC_CANDIDATE","RGPD_COMPLIANCE_SCOPE_GUARD + RSSI_EVIDENCE_ONLY","LEGAL_OR_COMPLIANCE_CLAIM_SCOPE","false","false","false","false","F10 audit only; deduped source zip inventory; no extraction; no runtime import"
"OBSIDIA_RSSI_RGPD_ISO_READINESS_PACK_V2.zip","C:\Users\User\Desktop\obsidia-engine-proof-core\obsidia-x108-proofs_REMOTE_A5F21C6B\_source_packs\OBSIDIA_UNIFIED_IMPLEMENTATION_BACKLOG_RICH_NO_DUPES_V1\raw\OBSIDIA_RSSI_RGPD_ISO_READINESS_PACK_V2.zip","OBSIDIA_RSSI_RGPD_ISO_READINESS_PACK_V2/audit/REMEDIATION_TRACKER.md","REMEDIATION_TRACKER.md",".md","7026","INTEGRATE_TO_COMPLIANCE_DATA_GOVERNANCE_SPEC_CANDIDATE","RGPD_COMPLIANCE_SCOPE_GUARD + RSSI_EVIDENCE_ONLY","LEGAL_OR_COMPLIANCE_CLAIM_SCOPE","false","false","false","false","F10 audit only; deduped source zip inventory; no extraction; no runtime import"
"OBSIDIA_RSSI_RGPD_ISO_READINESS_PACK_V2.zip","C:\Users\User\Desktop\obsidia-engine-proof-core\obsidia-x108-proofs_REMOTE_A5F21C6B\_source_packs\OBSIDIA_UNIFIED_IMPLEMENTATION_BACKLOG_RICH_NO_DUPES_V1\raw\OBSIDIA_RSSI_RGPD_ISO_READINESS_PACK_V2.zip","OBSIDIA_RSSI_RGPD_ISO_READINESS_PACK_V2/audit/SECURITY_EVIDENCE_INDEX.md","SECURITY_EVIDENCE_INDEX.md",".md","7062","INTEGRATE_TO_COMPLIANCE_DATA_GOVERNANCE_SPEC_CANDIDATE","RGPD_COMPLIANCE_SCOPE_GUARD + RSSI_EVIDENCE_ONLY","LEGAL_OR_COMPLIANCE_CLAIM_SCOPE","false","false","false","false","F10 audit only; deduped source zip inventory; no extraction; no runtime import"
"OBSIDIA_RSSI_RGPD_ISO_READINESS_PACK_V2.zip","C:\Users\User\Desktop\obsidia-engine-proof-core\obsidia-x108-proofs_REMOTE_A5F21C6B\_source_packs\OBSIDIA_UNIFIED_IMPLEMENTATION_BACKLOG_RICH_NO_DUPES_V1\raw\OBSIDIA_RSSI_RGPD_ISO_READINESS_PACK_V2.zip","OBSIDIA_RSSI_RGPD_ISO_READINESS_PACK_V2/audit/CONTROL_EVIDENCE_MATRIX.md","CONTROL_EVIDENCE_MATRIX.md",".md","7062","INTEGRATE_TO_COMPLIANCE_DATA_GOVERNANCE_SPEC_CANDIDATE","RGPD_COMPLIANCE_SCOPE_GUARD + RSSI_EVIDENCE_ONLY","LEGAL_OR_COMPLIANCE_CLAIM_SCOPE","false","false","false","false","F10 audit only; deduped source zip inventory; no extraction; no runtime import"
"OBSIDIA_RSSI_RGPD_ISO_READINESS_PACK_V2.zip","C:\Users\User\Desktop\obsidia-engine-proof-core\obsidia-x108-proofs_REMOTE_A5F21C6B\_source_packs\OBSIDIA_UNIFIED_IMPLEMENTATION_BACKLOG_RICH_NO_DUPES_V1\raw\OBSIDIA_RSSI_RGPD_ISO_READINESS_PACK_V2.zip","OBSIDIA_RSSI_RGPD_ISO_READINESS_PACK_V2/audit/AUDIT_LOG_SAMPLE.md","AUDIT_LOG_SAMPLE.md",".md","6999","INTEGRATE_TO_COMPLIANCE_DATA_GOVERNANCE_SPEC_CANDIDATE","RGPD_COMPLIANCE_SCOPE_GUARD + RSSI_EVIDENCE_ONLY","LEGAL_OR_COMPLIANCE_CLAIM_SCOPE","false","false","false","false","F10 audit only; deduped source zip inventory; no extraction; no runtime import"
"OBSIDIA_RSSI_RGPD_ISO_READINESS_PACK_V2.zip","C:\Users\User\Desktop\obsidia-engine-proof-core\obsidia-x108-proofs_REMOTE_A5F21C6B\_source_packs\OBSIDIA_UNIFIED_IMPLEMENTATION_BACKLOG_RICH_NO_DUPES_V1\raw\OBSIDIA_RSSI_RGPD_ISO_READINESS_PACK_V2.zip","OBSIDIA_RSSI_RGPD_ISO_READINESS_PACK_V2/audit/REPLAY_PROOF_SAMPLE.md","REPLAY_PROOF_SAMPLE.md",".md","7026","INTEGRATE_TO_COMPLIANCE_DATA_GOVERNANCE_SPEC_CANDIDATE","RGPD_COMPLIANCE_SCOPE_GUARD + RSSI_EVIDENCE_ONLY","LEGAL_OR_COMPLIANCE_CLAIM_SCOPE","false","false","false","false","F10 audit only; deduped source zip inventory; no extraction; no runtime import"
"OBSIDIA_RSSI_RGPD_ISO_READINESS_PACK_V2.zip","C:\Users\User\Desktop\obsidia-engine-proof-core\obsidia-x108-proofs_REMOTE_A5F21C6B\_source_packs\OBSIDIA_UNIFIED_IMPLEMENTATION_BACKLOG_RICH_NO_DUPES_V1\raw\OBSIDIA_RSSI_RGPD_ISO_READINESS_PACK_V2.zip","OBSIDIA_RSSI_RGPD_ISO_READINESS_PACK_V2/audit/INCIDENT_SIMULATION_REPORT.md","INCIDENT_SIMULATION_REPORT.md",".md","7089","INTEGRATE_TO_COMPLIANCE_DATA_GOVERNANCE_SPEC_CANDIDATE","RGPD_COMPLIANCE_SCOPE_GUARD + RSSI_EVIDENCE_ONLY","LEGAL_OR_COMPLIANCE_CLAIM_SCOPE","false","false","false","false","F10 audit only; deduped source zip inventory; no extraction; no runtime import"
"OBSIDIA_RSSI_RGPD_ISO_READINESS_PACK_V2.zip","C:\Users\User\Desktop\obsidia-engine-proof-core\obsidia-x108-proofs_REMOTE_A5F21C6B\_source_packs\OBSIDIA_UNIFIED_IMPLEMENTATION_BACKLOG_RICH_NO_DUPES_V1\raw\OBSIDIA_RSSI_RGPD_ISO_READINESS_PACK_V2.zip","OBSIDIA_RSSI_RGPD_ISO_READINESS_PACK_V2/TEST_OUTPUT_RSSI_PACK_V2.txt","TEST_OUTPUT_RSSI_PACK_V2.txt",".txt","4245","INTEGRATE_TO_COMPLIANCE_DATA_GOVERNANCE_SPEC_CANDIDATE","RGPD_COMPLIANCE_SCOPE_GUARD + RSSI_EVIDENCE_ONLY","LEGAL_OR_COMPLIANCE_CLAIM_SCOPE","false","false","false","false","F10 audit only; deduped source zip inventory; no extraction; no runtime import"
"OBSIDIA_RSSI_SECURITY_PRESENTATION_PACK_V1.zip","C:\Users\User\Desktop\obsidia-engine-proof-core\obsidia-x108-proofs_REMOTE_A5F21C6B\_source_packs\OBSIDIA_UNIFIED_IMPLEMENTATION_BACKLOG_RICH_NO_DUPES_V1\raw\OBSIDIA_RSSI_SECURITY_PRESENTATION_PACK_V1.zip","OBSIDIA_RSSI_SECURITY_PRESENTATION_PACK_V1/.runtime_freezes/OBSIDIA_RSSI_SECURITY_PRESENTATION_PACK_V1/MANIFEST_SHA256.json","MANIFEST_SHA256.json",".json","5739","ARCHIVE_ONLY","RGPD_COMPLIANCE_SCOPE_GUARD + RSSI_EVIDENCE_ONLY","RUNTIME_FREEZE_ARCHIVE_ONLY","false","false","false","false","F10 audit only; deduped source zip inventory; no extraction; no runtime import"
"OBSIDIA_RSSI_SECURITY_PRESENTATION_PACK_V1.zip","C:\Users\User\Desktop\obsidia-engine-proof-core\obsidia-x108-proofs_REMOTE_A5F21C6B\_source_packs\OBSIDIA_UNIFIED_IMPLEMENTATION_BACKLOG_RICH_NO_DUPES_V1\raw\OBSIDIA_RSSI_SECURITY_PRESENTATION_PACK_V1.zip","OBSIDIA_RSSI_SECURITY_PRESENTATION_PACK_V1/.runtime_freezes/OBSIDIA_RSSI_SECURITY_PRESENTATION_PACK_V1/rssi_audit_report_snapshot.json","rssi_audit_report_snapshot.json",".json","10355","ARCHIVE_ONLY","RGPD_COMPLIANCE_SCOPE_GUARD + RSSI_EVIDENCE_ONLY","RUNTIME_FREEZE_ARCHIVE_ONLY","false","false","false","false","F10 audit only; deduped source zip inventory; no extraction; no runtime import"
"OBSIDIA_RSSI_SECURITY_PRESENTATION_PACK_V1.zip","C:\Users\User\Desktop\obsidia-engine-proof-core\obsidia-x108-proofs_REMOTE_A5F21C6B\_source_packs\OBSIDIA_UNIFIED_IMPLEMENTATION_BACKLOG_RICH_NO_DUPES_V1\raw\OBSIDIA_RSSI_SECURITY_PRESENTATION_PACK_V1.zip","OBSIDIA_RSSI_SECURITY_PRESENTATION_PACK_V1/.runtime_freezes/OBSIDIA_RSSI_SECURITY_PRESENTATION_PACK_V1/rssi_control_registry_snapshot.json","rssi_control_registry_snapshot.json",".json","88687","ARCHIVE_ONLY","RGPD_COMPLIANCE_SCOPE_GUARD + RSSI_EVIDENCE_ONLY","RUNTIME_FREEZE_ARCHIVE_ONLY","false","false","false","false","F10 audit only; deduped source zip inventory; no extraction; no runtime import"
"OBSIDIA_RSSI_SECURITY_PRESENTATION_PACK_V1.zip","C:\Users\User\Desktop\obsidia-engine-proof-core\obsidia-x108-proofs_REMOTE_A5F21C6B\_source_packs\OBSIDIA_UNIFIED_IMPLEMENTATION_BACKLOG_RICH_NO_DUPES_V1\raw\OBSIDIA_RSSI_SECURITY_PRESENTATION_PACK_V1.zip","OBSIDIA_RSSI_SECURITY_PRESENTATION_PACK_V1/.runtime_freezes/OBSIDIA_RSSI_SECURITY_PRESENTATION_PACK_V1/rssi_evidence_snapshot.json","rssi_evidence_snapshot.json",".json","47251","ARCHIVE_ONLY","RGPD_COMPLIANCE_SCOPE_GUARD + RSSI_EVIDENCE_ONLY","RUNTIME_FREEZE_ARCHIVE_ONLY","false","false","false","false","F10 audit only; deduped source zip inventory; no extraction; no runtime import"
"OBSIDIA_RSSI_SECURITY_PRESENTATION_PACK_V1.zip","C:\Users\User\Desktop\obsidia-engine-proof-core\obsidia-x108-proofs_REMOTE_A5F21C6B\_source_packs\OBSIDIA_UNIFIED_IMPLEMENTATION_BACKLOG_RICH_NO_DUPES_V1\raw\OBSIDIA_RSSI_SECURITY_PRESENTATION_PACK_V1.zip","OBSIDIA_RSSI_SECURITY_PRESENTATION_PACK_V1/.runtime_freezes/OBSIDIA_RSSI_SECURITY_PRESENTATION_PACK_V1/rssi_file_registry_snapshot.json","rssi_file_registry_snapshot.json",".json","409028","ARCHIVE_ONLY","RGPD_COMPLIANCE_SCOPE_GUARD + RSSI_EVIDENCE_ONLY","RUNTIME_FREEZE_ARCHIVE_ONLY","false","false","false","false","F10 audit only; deduped source zip inventory; no extraction; no runtime import"
"OBSIDIA_RSSI_SECURITY_PRESENTATION_PACK_V1.zip","C:\Users\User\Desktop\obsidia-engine-proof-core\obsidia-x108-proofs_REMOTE_A5F21C6B\_source_packs\OBSIDIA_UNIFIED_IMPLEMENTATION_BACKLOG_RICH_NO_DUPES_V1\raw\OBSIDIA_RSSI_SECURITY_PRESENTATION_PACK_V1.zip","OBSIDIA_RSSI_SECURITY_PRESENTATION_PACK_V1/.runtime_freezes/OBSIDIA_RSSI_SECURITY_PRESENTATION_PACK_V1/rssi_risk_registry_snapshot.json","rssi_risk_registry_snapshot.json",".json","51434","ARCHIVE_ONLY","RGPD_COMPLIANCE_SCOPE_GUARD + RSSI_EVIDENCE_ONLY","RUNTIME_FREEZE_ARCHIVE_ONLY","false","false","false","false","F10 audit only; deduped source zip inventory; no extraction; no runtime import"
"OBSIDIA_RSSI_SECURITY_PRESENTATION_PACK_V1.zip","C:\Users\User\Desktop\obsidia-engine-proof-core\obsidia-x108-proofs_REMOTE_A5F21C6B\_source_packs\OBSIDIA_UNIFIED_IMPLEMENTATION_BACKLOG_RICH_NO_DUPES_V1\raw\OBSIDIA_RSSI_SECURITY_PRESENTATION_PACK_V1.zip","OBSIDIA_RSSI_SECURITY_PRESENTATION_PACK_V1/.runtime_freezes/OBSIDIA_RSSI_SECURITY_PRESENTATION_PACK_V1/rssi_security_case_snapshot.json","rssi_security_case_snapshot.json",".json","50914","ARCHIVE_ONLY","RGPD_COMPLIANCE_SCOPE_GUARD + RSSI_EVIDENCE_ONLY","RUNTIME_FREEZE_ARCHIVE_ONLY","false","false","false","false","F10 audit only; deduped source zip inventory; no extraction; no runtime import"
"OBSIDIA_RSSI_SECURITY_PRESENTATION_PACK_V1.zip","C:\Users\User\Desktop\obsidia-engine-proof-core\obsidia-x108-proofs_REMOTE_A5F21C6B\_source_packs\OBSIDIA_UNIFIED_IMPLEMENTATION_BACKLOG_RICH_NO_DUPES_V1\raw\OBSIDIA_RSSI_SECURITY_PRESENTATION_PACK_V1.zip","OBSIDIA_RSSI_SECURITY_PRESENTATION_PACK_V1/FILE_INDEX_COMPLETE.md","FILE_INDEX_COMPLETE.md",".md","18883","INTEGRATE_TO_COMPLIANCE_DATA_GOVERNANCE_SPEC_CANDIDATE","RGPD_COMPLIANCE_SCOPE_GUARD + RSSI_EVIDENCE_ONLY","LEGAL_OR_COMPLIANCE_CLAIM_SCOPE","false","false","false","false","F10 audit only; deduped source zip inventory; no extraction; no runtime import"
"OBSIDIA_RSSI_SECURITY_PRESENTATION_PACK_V1.zip","C:\Users\User\Desktop\obsidia-engine-proof-core\obsidia-x108-proofs_REMOTE_A5F21C6B\_source_packs\OBSIDIA_UNIFIED_IMPLEMENTATION_BACKLOG_RICH_NO_DUPES_V1\raw\OBSIDIA_RSSI_SECURITY_PRESENTATION_PACK_V1.zip","OBSIDIA_RSSI_SECURITY_PRESENTATION_PACK_V1/FINAL_RSSI_AUDIT_REPORT.json","FINAL_RSSI_AUDIT_REPORT.json",".json","5178","INTEGRATE_TO_COMPLIANCE_DATA_GOVERNANCE_SPEC_CANDIDATE","RGPD_COMPLIANCE_SCOPE_GUARD + RSSI_EVIDENCE_ONLY","LEGAL_OR_COMPLIANCE_CLAIM_SCOPE","false","false","false","false","F10 audit only; deduped source zip inventory; no extraction; no runtime import"
"OBSIDIA_RSSI_SECURITY_PRESENTATION_PACK_V1.zip","C:\Users\User\Desktop\obsidia-engine-proof-core\obsidia-x108-proofs_REMOTE_A5F21C6B\_source_packs\OBSIDIA_UNIFIED_IMPLEMENTATION_BACKLOG_RICH_NO_DUPES_V1\raw\OBSIDIA_RSSI_SECURITY_PRESENTATION_PACK_V1.zip","OBSIDIA_RSSI_SECURITY_PRESENTATION_PACK_V1/FINAL_RSSI_AUDIT_REPORT.md","FINAL_RSSI_AUDIT_REPORT.md",".md","6113","INTEGRATE_TO_COMPLIANCE_DATA_GOVERNANCE_SPEC_CANDIDATE","RGPD_COMPLIANCE_SCOPE_GUARD + RSSI_EVIDENCE_ONLY","LEGAL_OR_COMPLIANCE_CLAIM_SCOPE","false","false","false","false","F10 audit only; deduped source zip inventory; no extraction; no runtime import"
"OBSIDIA_RSSI_SECURITY_PRESENTATION_PACK_V1.zip","C:\Users\User\Desktop\obsidia-engine-proof-core\obsidia-x108-proofs_REMOTE_A5F21C6B\_source_packs\OBSIDIA_UNIFIED_IMPLEMENTATION_BACKLOG_RICH_NO_DUPES_V1\raw\OBSIDIA_RSSI_SECURITY_PRESENTATION_PACK_V1.zip","OBSIDIA_RSSI_SECURITY_PRESENTATION_PACK_V1/FINAL_RSSI_SELF_CHECK.json","FINAL_RSSI_SELF_CHECK.json",".json","5184","INTEGRATE_TO_COMPLIANCE_DATA_GOVERNANCE_SPEC_CANDIDATE","RGPD_COMPLIANCE_SCOPE_GUARD + RSSI_EVIDENCE_ONLY","LEGAL_OR_COMPLIANCE_CLAIM_SCOPE","false","false","false","false","F10 audit only; deduped source zip inventory; no extraction; no runtime import"
"OBSIDIA_RSSI_SECURITY_PRESENTATION_PACK_V1.zip","C:\Users\User\Desktop\obsidia-engine-proof-core\obsidia-x108-proofs_REMOTE_A5F21C6B\_source_packs\OBSIDIA_UNIFIED_IMPLEMENTATION_BACKLOG_RICH_NO_DUPES_V1\raw\OBSIDIA_RSSI_SECURITY_PRESENTATION_PACK_V1.zip","OBSIDIA_RSSI_SECURITY_PRESENTATION_PACK_V1/MANIFEST_SHA256_ALL_FILES.json","MANIFEST_SHA256_ALL_FILES.json",".json","27132","INTEGRATE_TO_COMPLIANCE_DATA_GOVERNANCE_SPEC_CANDIDATE","RGPD_COMPLIANCE_SCOPE_GUARD + RSSI_EVIDENCE_ONLY","LEGAL_OR_COMPLIANCE_CLAIM_SCOPE","false","false","false","false","F10 audit only; deduped source zip inventory; no extraction; no runtime import"
"OBSIDIA_RSSI_SECURITY_PRESENTATION_PACK_V1.zip","C:\Users\User\Desktop\obsidia-engine-proof-core\obsidia-x108-proofs_REMOTE_A5F21C6B\_source_packs\OBSIDIA_UNIFIED_IMPLEMENTATION_BACKLOG_RICH_NO_DUPES_V1\raw\OBSIDIA_RSSI_SECURITY_PRESENTATION_PACK_V1.zip","OBSIDIA_RSSI_SECURITY_PRESENTATION_PACK_V1/README.md","README.md",".md","5438","INTEGRATE_TO_COMPLIANCE_DATA_GOVERNANCE_SPEC_CANDIDATE","RGPD_COMPLIANCE_SCOPE_GUARD + RSSI_EVIDENCE_ONLY","LEGAL_OR_COMPLIANCE_CLAIM_SCOPE","false","false","false","false","F10 audit only; deduped source zip inventory; no extraction; no runtime import"
"OBSIDIA_RSSI_SECURITY_PRESENTATION_PACK_V1.zip","C:\Users\User\Desktop\obsidia-engine-proof-core\obsidia-x108-proofs_REMOTE_A5F21C6B\_source_packs\OBSIDIA_UNIFIED_IMPLEMENTATION_BACKLOG_RICH_NO_DUPES_V1\raw\OBSIDIA_RSSI_SECURITY_PRESENTATION_PACK_V1.zip","OBSIDIA_RSSI_SECURITY_PRESENTATION_PACK_V1/TEST_OUTPUT_RSSI_PACK_V1.txt","TEST_OUTPUT_RSSI_PACK_V1.txt",".txt","5626","INTEGRATE_TO_COMPLIANCE_DATA_GOVERNANCE_SPEC_CANDIDATE","RGPD_COMPLIANCE_SCOPE_GUARD + RSSI_EVIDENCE_ONLY","LEGAL_OR_COMPLIANCE_CLAIM_SCOPE","false","false","false","false","F10 audit only; deduped source zip inventory; no extraction; no runtime import"
"OBSIDIA_RSSI_SECURITY_PRESENTATION_PACK_V1.zip","C:\Users\User\Desktop\obsidia-engine-proof-core\obsidia-x108-proofs_REMOTE_A5F21C6B\_source_packs\OBSIDIA_UNIFIED_IMPLEMENTATION_BACKLOG_RICH_NO_DUPES_V1\raw\OBSIDIA_RSSI_SECURITY_PRESENTATION_PACK_V1.zip","OBSIDIA_RSSI_SECURITY_PRESENTATION_PACK_V1/docs/access/OBSIDIA_ADMIN_ACTIONS_POLICY.md","OBSIDIA_ADMIN_ACTIONS_POLICY.md",".md","5069","INTEGRATE_TO_COMPLIANCE_DATA_GOVERNANCE_SPEC_CANDIDATE","RGPD_COMPLIANCE_SCOPE_GUARD + RSSI_EVIDENCE_ONLY","LEGAL_OR_COMPLIANCE_CLAIM_SCOPE","false","false","false","false","F10 audit only; deduped source zip inventory; no extraction; no runtime import"
"OBSIDIA_RSSI_SECURITY_PRESENTATION_PACK_V1.zip","C:\Users\User\Desktop\obsidia-engine-proof-core\obsidia-x108-proofs_REMOTE_A5F21C6B\_source_packs\OBSIDIA_UNIFIED_IMPLEMENTATION_BACKLOG_RICH_NO_DUPES_V1\raw\OBSIDIA_RSSI_SECURITY_PRESENTATION_PACK_V1.zip","OBSIDIA_RSSI_SECURITY_PRESENTATION_PACK_V1/docs/access/OBSIDIA_IAM_MODEL.md","OBSIDIA_IAM_MODEL.md",".md","4970","INTEGRATE_TO_COMPLIANCE_DATA_GOVERNANCE_SPEC_CANDIDATE","RGPD_COMPLIANCE_SCOPE_GUARD + RSSI_EVIDENCE_ONLY","LEGAL_OR_COMPLIANCE_CLAIM_SCOPE","false","false","false","false","F10 audit only; deduped source zip inventory; no extraction; no runtime import"
"OBSIDIA_RSSI_SECURITY_PRESENTATION_PACK_V1.zip","C:\Users\User\Desktop\obsidia-engine-proof-core\obsidia-x108-proofs_REMOTE_A5F21C6B\_source_packs\OBSIDIA_UNIFIED_IMPLEMENTATION_BACKLOG_RICH_NO_DUPES_V1\raw\OBSIDIA_RSSI_SECURITY_PRESENTATION_PACK_V1.zip","OBSIDIA_RSSI_SECURITY_PRESENTATION_PACK_V1/docs/access/OBSIDIA_LEAST_PRIVILEGE_MODEL.md","OBSIDIA_LEAST_PRIVILEGE_MODEL.md",".md","5078","INTEGRATE_TO_COMPLIANCE_DATA_GOVERNANCE_SPEC_CANDIDATE","RGPD_COMPLIANCE_SCOPE_GUARD + RSSI_EVIDENCE_ONLY","LEGAL_OR_COMPLIANCE_CLAIM_SCOPE","false","false","false","false","F10 audit only; deduped source zip inventory; no extraction; no runtime import"
"OBSIDIA_RSSI_SECURITY_PRESENTATION_PACK_V1.zip","C:\Users\User\Desktop\obsidia-engine-proof-core\obsidia-x108-proofs_REMOTE_A5F21C6B\_source_packs\OBSIDIA_UNIFIED_IMPLEMENTATION_BACKLOG_RICH_NO_DUPES_V1\raw\OBSIDIA_RSSI_SECURITY_PRESENTATION_PACK_V1.zip","OBSIDIA_RSSI_SECURITY_PRESENTATION_PACK_V1/docs/access/OBSIDIA_OPERATOR_PERMISSIONS.md","OBSIDIA_OPERATOR_PERMISSIONS.md",".md","5069","INTEGRATE_TO_COMPLIANCE_DATA_GOVERNANCE_SPEC_CANDIDATE","RGPD_COMPLIANCE_SCOPE_GUARD + RSSI_EVIDENCE_ONLY","LEGAL_OR_COMPLIANCE_CLAIM_SCOPE","false","false","false","false","F10 audit only; deduped source zip inventory; no extraction; no runtime import"
"OBSIDIA_RSSI_SECURITY_PRESENTATION_PACK_V1.zip","C:\Users\User\Desktop\obsidia-engine-proof-core\obsidia-x108-proofs_REMOTE_A5F21C6B\_source_packs\OBSIDIA_UNIFIED_IMPLEMENTATION_BACKLOG_RICH_NO_DUPES_V1\raw\OBSIDIA_RSSI_SECURITY_PRESENTATION_PACK_V1.zip","OBSIDIA_RSSI_SECURITY_PRESENTATION_PACK_V1/docs/access/OBSIDIA_PRIVILEGE_BOUNDARIES.md","OBSIDIA_PRIVILEGE_BOUNDARIES.md",".md","5069","INTEGRATE_TO_COMPLIANCE_DATA_GOVERNANCE_SPEC_CANDIDATE","RGPD_COMPLIANCE_SCOPE_GUARD + RSSI_EVIDENCE_ONLY","LEGAL_OR_COMPLIANCE_CLAIM_SCOPE","false","false","false","false","F10 audit only; deduped source zip inventory; no extraction; no runtime import"
"OBSIDIA_RSSI_SECURITY_PRESENTATION_PACK_V1.zip","C:\Users\User\Desktop\obsidia-engine-proof-core\obsidia-x108-proofs_REMOTE_A5F21C6B\_source_packs\OBSIDIA_UNIFIED_IMPLEMENTATION_BACKLOG_RICH_NO_DUPES_V1\raw\OBSIDIA_RSSI_SECURITY_PRESENTATION_PACK_V1.zip","OBSIDIA_RSSI_SECURITY_PRESENTATION_PACK_V1/docs/access/OBSIDIA_ROLE_ACCESS_MATRIX.md","OBSIDIA_ROLE_ACCESS_MATRIX.md",".md","5051","INTEGRATE_TO_COMPLIANCE_DATA_GOVERNANCE_SPEC_CANDIDATE","RGPD_COMPLIANCE_SCOPE_GUARD + RSSI_EVIDENCE_ONLY","LEGAL_OR_COMPLIANCE_CLAIM_SCOPE","false","false","false","false","F10 audit only; deduped source zip inventory; no extraction; no runtime import"
"OBSIDIA_RSSI_SECURITY_PRESENTATION_PACK_V1.zip","C:\Users\User\Desktop\obsidia-engine-proof-core\obsidia-x108-proofs_REMOTE_A5F21C6B\_source_packs\OBSIDIA_UNIFIED_IMPLEMENTATION_BACKLOG_RICH_NO_DUPES_V1\raw\OBSIDIA_RSSI_SECURITY_PRESENTATION_PACK_V1.zip","OBSIDIA_RSSI_SECURITY_PRESENTATION_PACK_V1/docs/architecture/OBSIDIA_COMPONENT_AUTHORITY_MATRIX.md","OBSIDIA_COMPONENT_AUTHORITY_MATRIX.md",".md","5294","INTEGRATE_TO_COMPLIANCE_DATA_GOVERNANCE_SPEC_CANDIDATE","RGPD_COMPLIANCE_SCOPE_GUARD + RSSI_EVIDENCE_ONLY","LEGAL_OR_COMPLIANCE_CLAIM_SCOPE","false","false","false","false","F10 audit only; deduped source zip inventory; no extraction; no runtime import"
"OBSIDIA_RSSI_SECURITY_PRESENTATION_PACK_V1.zip","C:\Users\User\Desktop\obsidia-engine-proof-core\obsidia-x108-proofs_REMOTE_A5F21C6B\_source_packs\OBSIDIA_UNIFIED_IMPLEMENTATION_BACKLOG_RICH_NO_DUPES_V1\raw\OBSIDIA_RSSI_SECURITY_PRESENTATION_PACK_V1.zip","OBSIDIA_RSSI_SECURITY_PRESENTATION_PACK_V1/docs/architecture/OBSIDIA_DATA_FLOW_SECURITY_MAP.md","OBSIDIA_DATA_FLOW_SECURITY_MAP.md",".md","5258","INTEGRATE_TO_COMPLIANCE_DATA_GOVERNANCE_SPEC_CANDIDATE","RGPD_COMPLIANCE_SCOPE_GUARD + RSSI_EVIDENCE_ONLY","LEGAL_OR_COMPLIANCE_CLAIM_SCOPE","false","false","false","false","F10 audit only; deduped source zip inventory; no extraction; no runtime import"
"OBSIDIA_RSSI_SECURITY_PRESENTATION_PACK_V1.zip","C:\Users\User\Desktop\obsidia-engine-proof-core\obsidia-x108-proofs_REMOTE_A5F21C6B\_source_packs\OBSIDIA_UNIFIED_IMPLEMENTATION_BACKLOG_RICH_NO_DUPES_V1\raw\OBSIDIA_RSSI_SECURITY_PRESENTATION_PACK_V1.zip","OBSIDIA_RSSI_SECURITY_PRESENTATION_PACK_V1/docs/architecture/OBSIDIA_DECISION_FLOW_SECURITY_MAP.md","OBSIDIA_DECISION_FLOW_SECURITY_MAP.md",".md","5294","INTEGRATE_TO_COMPLIANCE_DATA_GOVERNANCE_SPEC_CANDIDATE","RGPD_COMPLIANCE_SCOPE_GUARD + RSSI_EVIDENCE_ONLY","LEGAL_OR_COMPLIANCE_CLAIM_SCOPE","false","false","false","false","F10 audit only; deduped source zip inventory; no extraction; no runtime import"
"OBSIDIA_RSSI_SECURITY_PRESENTATION_PACK_V1.zip","C:\Users\User\Desktop\obsidia-engine-proof-core\obsidia-x108-proofs_REMOTE_A5F21C6B\_source_packs\OBSIDIA_UNIFIED_IMPLEMENTATION_BACKLOG_RICH_NO_DUPES_V1\raw\OBSIDIA_RSSI_SECURITY_PRESENTATION_PACK_V1.zip","OBSIDIA_RSSI_SECURITY_PRESENTATION_PACK_V1/docs/architecture/OBSIDIA_OS0_OS4_SECURITY_MAPPING.md","OBSIDIA_OS0_OS4_SECURITY_MAPPING.md",".md","5276","INTEGRATE_TO_COMPLIANCE_DATA_GOVERNANCE_SPEC_CANDIDATE","RGPD_COMPLIANCE_SCOPE_GUARD + RSSI_EVIDENCE_ONLY","LEGAL_OR_COMPLIANCE_CLAIM_SCOPE","false","false","false","false","F10 audit only; deduped source zip inventory; no extraction; no runtime import"
"OBSIDIA_RSSI_SECURITY_PRESENTATION_PACK_V1.zip","C:\Users\User\Desktop\obsidia-engine-proof-core\obsidia-x108-proofs_REMOTE_A5F21C6B\_source_packs\OBSIDIA_UNIFIED_IMPLEMENTATION_BACKLOG_RICH_NO_DUPES_V1\raw\OBSIDIA_RSSI_SECURITY_PRESENTATION_PACK_V1.zip","OBSIDIA_RSSI_SECURITY_PRESENTATION_PACK_V1/docs/architecture/OBSIDIA_READONLY_PERIPHERY_MODEL.md","OBSIDIA_READONLY_PERIPHERY_MODEL.md",".md","5276","INTEGRATE_TO_COMPLIANCE_DATA_GOVERNANCE_SPEC_CANDIDATE","RGPD_COMPLIANCE_SCOPE_GUARD + RSSI_EVIDENCE_ONLY","LEGAL_OR_COMPLIANCE_CLAIM_SCOPE","false","false","false","false","F10 audit only; deduped source zip inventory; no extraction; no runtime import"
"OBSIDIA_RSSI_SECURITY_PRESENTATION_PACK_V1.zip","C:\Users\User\Desktop\obsidia-engine-proof-core\obsidia-x108-proofs_REMOTE_A5F21C6B\_source_packs\OBSIDIA_UNIFIED_IMPLEMENTATION_BACKLOG_RICH_NO_DUPES_V1\raw\OBSIDIA_RSSI_SECURITY_PRESENTATION_PACK_V1.zip","OBSIDIA_RSSI_SECURITY_PRESENTATION_PACK_V1/docs/architecture/OBSIDIA_SECURITY_ARCHITECTURE_OVERVIEW.md","OBSIDIA_SECURITY_ARCHITECTURE_OVERVIEW.md",".md","5330","INTEGRATE_TO_COMPLIANCE_DATA_GOVERNANCE_SPEC_CANDIDATE","RGPD_COMPLIANCE_SCOPE_GUARD + RSSI_EVIDENCE_ONLY","LEGAL_OR_COMPLIANCE_CLAIM_SCOPE","false","false","false","false","F10 audit only; deduped source zip inventory; no extraction; no runtime import"
"OBSIDIA_RSSI_SECURITY_PRESENTATION_PACK_V1.zip","C:\Users\User\Desktop\obsidia-engine-proof-core\obsidia-x108-proofs_REMOTE_A5F21C6B\_source_packs\OBSIDIA_UNIFIED_IMPLEMENTATION_BACKLOG_RICH_NO_DUPES_V1\raw\OBSIDIA_RSSI_SECURITY_PRESENTATION_PACK_V1.zip","OBSIDIA_RSSI_SECURITY_PRESENTATION_PACK_V1/docs/architecture/OBSIDIA_TRUST_BOUNDARIES.md","OBSIDIA_TRUST_BOUNDARIES.md",".md","5204","INTEGRATE_TO_COMPLIANCE_DATA_GOVERNANCE_SPEC_CANDIDATE","RGPD_COMPLIANCE_SCOPE_GUARD + RSSI_EVIDENCE_ONLY","LEGAL_OR_COMPLIANCE_CLAIM_SCOPE","false","false","false","false","F10 audit only; deduped source zip inventory; no extraction; no runtime import"
"OBSIDIA_RSSI_SECURITY_PRESENTATION_PACK_V1.zip","C:\Users\User\Desktop\obsidia-engine-proof-core\obsidia-x108-proofs_REMOTE_A5F21C6B\_source_packs\OBSIDIA_UNIFIED_IMPLEMENTATION_BACKLOG_RICH_NO_DUPES_V1\raw\OBSIDIA_RSSI_SECURITY_PRESENTATION_PACK_V1.zip","OBSIDIA_RSSI_SECURITY_PRESENTATION_PACK_V1/docs/architecture/OBSIDIA_X108_SECURITY_MODEL.md","OBSIDIA_X108_SECURITY_MODEL.md",".md","5231","INTEGRATE_TO_COMPLIANCE_DATA_GOVERNANCE_SPEC_CANDIDATE","RGPD_COMPLIANCE_SCOPE_GUARD + RSSI_EVIDENCE_ONLY","LEGAL_OR_COMPLIANCE_CLAIM_SCOPE","false","false","false","false","F10 audit only; deduped source zip inventory; no extraction; no runtime import"
"OBSIDIA_RSSI_SECURITY_PRESENTATION_PACK_V1.zip","C:\Users\User\Desktop\obsidia-engine-proof-core\obsidia-x108-proofs_REMOTE_A5F21C6B\_source_packs\OBSIDIA_UNIFIED_IMPLEMENTATION_BACKLOG_RICH_NO_DUPES_V1\raw\OBSIDIA_RSSI_SECURITY_PRESENTATION_PACK_V1.zip","OBSIDIA_RSSI_SECURITY_PRESENTATION_PACK_V1/docs/audit/OBSIDIA_AUDIT_PROOF_REQUIREMENTS.md","OBSIDIA_AUDIT_PROOF_REQUIREMENTS.md",".md","5124","INTEGRATE_TO_COMPLIANCE_DATA_GOVERNANCE_SPEC_CANDIDATE","RGPD_COMPLIANCE_SCOPE_GUARD + RSSI_EVIDENCE_ONLY","LEGAL_OR_COMPLIANCE_CLAIM_SCOPE","false","false","false","false","F10 audit only; deduped source zip inventory; no extraction; no runtime import"
"OBSIDIA_RSSI_SECURITY_PRESENTATION_PACK_V1.zip","C:\Users\User\Desktop\obsidia-engine-proof-core\obsidia-x108-proofs_REMOTE_A5F21C6B\_source_packs\OBSIDIA_UNIFIED_IMPLEMENTATION_BACKLOG_RICH_NO_DUPES_V1\raw\OBSIDIA_RSSI_SECURITY_PRESENTATION_PACK_V1.zip","OBSIDIA_RSSI_SECURITY_PRESENTATION_PACK_V1/docs/audit/OBSIDIA_AUDIT_QUESTIONS_FOR_RSSI.md","OBSIDIA_AUDIT_QUESTIONS_FOR_RSSI.md",".md","5124","INTEGRATE_TO_COMPLIANCE_DATA_GOVERNANCE_SPEC_CANDIDATE","RGPD_COMPLIANCE_SCOPE_GUARD + RSSI_EVIDENCE_ONLY","LEGAL_OR_COMPLIANCE_CLAIM_SCOPE","false","false","false","false","F10 audit only; deduped source zip inventory; no extraction; no runtime import"
"OBSIDIA_RSSI_SECURITY_PRESENTATION_PACK_V1.zip","C:\Users\User\Desktop\obsidia-engine-proof-core\obsidia-x108-proofs_REMOTE_A5F21C6B\_source_packs\OBSIDIA_UNIFIED_IMPLEMENTATION_BACKLOG_RICH_NO_DUPES_V1\raw\OBSIDIA_RSSI_SECURITY_PRESENTATION_PACK_V1.zip","OBSIDIA_RSSI_SECURITY_PRESENTATION_PACK_V1/docs/audit/OBSIDIA_AUDIT_TRAIL_MODEL.md","OBSIDIA_AUDIT_TRAIL_MODEL.md",".md","5061","INTEGRATE_TO_COMPLIANCE_DATA_GOVERNANCE_SPEC_CANDIDATE","RGPD_COMPLIANCE_SCOPE_GUARD + RSSI_EVIDENCE_ONLY","LEGAL_OR_COMPLIANCE_CLAIM_SCOPE","false","false","false","false","F10 audit only; deduped source zip inventory; no extraction; no runtime import"
"OBSIDIA_RSSI_SECURITY_PRESENTATION_PACK_V1.zip","C:\Users\User\Desktop\obsidia-engine-proof-core\obsidia-x108-proofs_REMOTE_A5F21C6B\_source_packs\OBSIDIA_UNIFIED_IMPLEMENTATION_BACKLOG_RICH_NO_DUPES_V1\raw\OBSIDIA_RSSI_SECURITY_PRESENTATION_PACK_V1.zip","OBSIDIA_RSSI_SECURITY_PRESENTATION_PACK_V1/docs/audit/OBSIDIA_EVIDENCE_LEDGER_MODEL.md","OBSIDIA_EVIDENCE_LEDGER_MODEL.md",".md","5097","INTEGRATE_TO_COMPLIANCE_DATA_GOVERNANCE_SPEC_CANDIDATE","RGPD_COMPLIANCE_SCOPE_GUARD + RSSI_EVIDENCE_ONLY","LEGAL_OR_COMPLIANCE_CLAIM_SCOPE","false","false","false","false","F10 audit only; deduped source zip inventory; no extraction; no runtime import"
"OBSIDIA_RSSI_SECURITY_PRESENTATION_PACK_V1.zip","C:\Users\User\Desktop\obsidia-engine-proof-core\obsidia-x108-proofs_REMOTE_A5F21C6B\_source_packs\OBSIDIA_UNIFIED_IMPLEMENTATION_BACKLOG_RICH_NO_DUPES_V1\raw\OBSIDIA_RSSI_SECURITY_PRESENTATION_PACK_V1.zip","OBSIDIA_RSSI_SECURITY_PRESENTATION_PACK_V1/docs/audit/OBSIDIA_LOGGING_REQUIREMENTS.md","OBSIDIA_LOGGING_REQUIREMENTS.md",".md","5088","INTEGRATE_TO_COMPLIANCE_DATA_GOVERNANCE_SPEC_CANDIDATE","RGPD_COMPLIANCE_SCOPE_GUARD + RSSI_EVIDENCE_ONLY","LEGAL_OR_COMPLIANCE_CLAIM_SCOPE","false","false","false","false","F10 audit only; deduped source zip inventory; no extraction; no runtime import"
"OBSIDIA_RSSI_SECURITY_PRESENTATION_PACK_V1.zip","C:\Users\User\Desktop\obsidia-engine-proof-core\obsidia-x108-proofs_REMOTE_A5F21C6B\_source_packs\OBSIDIA_UNIFIED_IMPLEMENTATION_BACKLOG_RICH_NO_DUPES_V1\raw\OBSIDIA_RSSI_SECURITY_PRESENTATION_PACK_V1.zip","OBSIDIA_RSSI_SECURITY_PRESENTATION_PACK_V1/docs/audit/OBSIDIA_REPLAYABILITY_MODEL.md","OBSIDIA_REPLAYABILITY_MODEL.md",".md","5079","INTEGRATE_TO_COMPLIANCE_DATA_GOVERNANCE_SPEC_CANDIDATE","RGPD_COMPLIANCE_SCOPE_GUARD + RSSI_EVIDENCE_ONLY","LEGAL_OR_COMPLIANCE_CLAIM_SCOPE","false","false","false","false","F10 audit only; deduped source zip inventory; no extraction; no runtime import"
"OBSIDIA_RSSI_SECURITY_PRESENTATION_PACK_V1.zip","C:\Users\User\Desktop\obsidia-engine-proof-core\obsidia-x108-proofs_REMOTE_A5F21C6B\_source_packs\OBSIDIA_UNIFIED_IMPLEMENTATION_BACKLOG_RICH_NO_DUPES_V1\raw\OBSIDIA_RSSI_SECURITY_PRESENTATION_PACK_V1.zip","OBSIDIA_RSSI_SECURITY_PRESENTATION_PACK_V1/docs/audit/OBSIDIA_RSSI_REVIEW_CHECKLIST.md","OBSIDIA_RSSI_REVIEW_CHECKLIST.md",".md","5097","INTEGRATE_TO_COMPLIANCE_DATA_GOVERNANCE_SPEC_CANDIDATE","RGPD_COMPLIANCE_SCOPE_GUARD + RSSI_EVIDENCE_ONLY","LEGAL_OR_COMPLIANCE_CLAIM_SCOPE","false","false","false","false","F10 audit only; deduped source zip inventory; no extraction; no runtime import"
"OBSIDIA_RSSI_SECURITY_PRESENTATION_PACK_V1.zip","C:\Users\User\Desktop\obsidia-engine-proof-core\obsidia-x108-proofs_REMOTE_A5F21C6B\_source_packs\OBSIDIA_UNIFIED_IMPLEMENTATION_BACKLOG_RICH_NO_DUPES_V1\raw\OBSIDIA_RSSI_SECURITY_PRESENTATION_PACK_V1.zip","OBSIDIA_RSSI_SECURITY_PRESENTATION_PACK_V1/docs/audit/OBSIDIA_TRACEABILITY_MODEL.md","OBSIDIA_TRACEABILITY_MODEL.md",".md","5070","INTEGRATE_TO_COMPLIANCE_DATA_GOVERNANCE_SPEC_CANDIDATE","RGPD_COMPLIANCE_SCOPE_GUARD + RSSI_EVIDENCE_ONLY","LEGAL_OR_COMPLIANCE_CLAIM_SCOPE","false","false","false","false","F10 audit only; deduped source zip inventory; no extraction; no runtime import"
"OBSIDIA_RSSI_SECURITY_PRESENTATION_PACK_V1.zip","C:\Users\User\Desktop\obsidia-engine-proof-core\obsidia-x108-proofs_REMOTE_A5F21C6B\_source_packs\OBSIDIA_UNIFIED_IMPLEMENTATION_BACKLOG_RICH_NO_DUPES_V1\raw\OBSIDIA_RSSI_SECURITY_PRESENTATION_PACK_V1.zip","OBSIDIA_RSSI_SECURITY_PRESENTATION_PACK_V1/docs/compliance/OBSIDIA_AI_ACT_POSITIONING.md","OBSIDIA_AI_ACT_POSITIONING.md",".md","5090","INTEGRATE_TO_COMPLIANCE_DATA_GOVERNANCE_SPEC_CANDIDATE","RGPD_COMPLIANCE_SCOPE_GUARD + RSSI_EVIDENCE_ONLY","LEGAL_OR_COMPLIANCE_CLAIM_SCOPE","false","false","false","false","F10 audit only; deduped source zip inventory; no extraction; no runtime import"
"OBSIDIA_RSSI_SECURITY_PRESENTATION_PACK_V1.zip","C:\Users\User\Desktop\obsidia-engine-proof-core\obsidia-x108-proofs_REMOTE_A5F21C6B\_source_packs\OBSIDIA_UNIFIED_IMPLEMENTATION_BACKLOG_RICH_NO_DUPES_V1\raw\OBSIDIA_RSSI_SECURITY_PRESENTATION_PACK_V1.zip","OBSIDIA_RSSI_SECURITY_PRESENTATION_PACK_V1/docs/compliance/OBSIDIA_BANKING_SECURITY_RELEVANCE.md","OBSIDIA_BANKING_SECURITY_RELEVANCE.md",".md","5162","INTEGRATE_TO_COMPLIANCE_DATA_GOVERNANCE_SPEC_CANDIDATE","RGPD_COMPLIANCE_SCOPE_GUARD + RSSI_EVIDENCE_ONLY","LEGAL_OR_COMPLIANCE_CLAIM_SCOPE","false","false","false","false","F10 audit only; deduped source zip inventory; no extraction; no runtime import"
"OBSIDIA_RSSI_SECURITY_PRESENTATION_PACK_V1.zip","C:\Users\User\Desktop\obsidia-engine-proof-core\obsidia-x108-proofs_REMOTE_A5F21C6B\_source_packs\OBSIDIA_UNIFIED_IMPLEMENTATION_BACKLOG_RICH_NO_DUPES_V1\raw\OBSIDIA_RSSI_SECURITY_PRESENTATION_PACK_V1.zip","OBSIDIA_RSSI_SECURITY_PRESENTATION_PACK_V1/docs/compliance/OBSIDIA_COMPLIANCE_POSITIONING.md","OBSIDIA_COMPLIANCE_POSITIONING.md",".md","5126","INTEGRATE_TO_COMPLIANCE_DATA_GOVERNANCE_SPEC_CANDIDATE","RGPD_COMPLIANCE_SCOPE_GUARD + RSSI_EVIDENCE_ONLY","LEGAL_OR_COMPLIANCE_CLAIM_SCOPE","false","false","false","false","F10 audit only; deduped source zip inventory; no extraction; no runtime import"
"OBSIDIA_RSSI_SECURITY_PRESENTATION_PACK_V1.zip","C:\Users\User\Desktop\obsidia-engine-proof-core\obsidia-x108-proofs_REMOTE_A5F21C6B\_source_packs\OBSIDIA_UNIFIED_IMPLEMENTATION_BACKLOG_RICH_NO_DUPES_V1\raw\OBSIDIA_RSSI_SECURITY_PRESENTATION_PACK_V1.zip","OBSIDIA_RSSI_SECURITY_PRESENTATION_PACK_V1/docs/compliance/OBSIDIA_DORA_NIS2_RELEVANCE.md","OBSIDIA_DORA_NIS2_RELEVANCE.md",".md","5099","INTEGRATE_TO_COMPLIANCE_DATA_GOVERNANCE_SPEC_CANDIDATE","RGPD_COMPLIANCE_SCOPE_GUARD + RSSI_EVIDENCE_ONLY","LEGAL_OR_COMPLIANCE_CLAIM_SCOPE","false","false","false","false","F10 audit only; deduped source zip inventory; no extraction; no runtime import"
"OBSIDIA_RSSI_SECURITY_PRESENTATION_PACK_V1.zip","C:\Users\User\Desktop\obsidia-engine-proof-core\obsidia-x108-proofs_REMOTE_A5F21C6B\_source_packs\OBSIDIA_UNIFIED_IMPLEMENTATION_BACKLOG_RICH_NO_DUPES_V1\raw\OBSIDIA_RSSI_SECURITY_PRESENTATION_PACK_V1.zip","OBSIDIA_RSSI_SECURITY_PRESENTATION_PACK_V1/docs/compliance/OBSIDIA_GDPR_SECURITY_NOTES.md","OBSIDIA_GDPR_SECURITY_NOTES.md",".md","5099","INTEGRATE_TO_COMPLIANCE_DATA_GOVERNANCE_SPEC_CANDIDATE","RGPD_COMPLIANCE_SCOPE_GUARD + RSSI_EVIDENCE_ONLY","LEGAL_OR_COMPLIANCE_CLAIM_SCOPE","false","false","false","false","F10 audit only; deduped source zip inventory; no extraction; no runtime import"
"OBSIDIA_RSSI_SECURITY_PRESENTATION_PACK_V1.zip","C:\Users\User\Desktop\obsidia-engine-proof-core\obsidia-x108-proofs_REMOTE_A5F21C6B\_source_packs\OBSIDIA_UNIFIED_IMPLEMENTATION_BACKLOG_RICH_NO_DUPES_V1\raw\OBSIDIA_RSSI_SECURITY_PRESENTATION_PACK_V1.zip","OBSIDIA_RSSI_SECURITY_PRESENTATION_PACK_V1/docs/compliance/OBSIDIA_RSSI_QA_PACK.md","OBSIDIA_RSSI_QA_PACK.md",".md","5036","INTEGRATE_TO_COMPLIANCE_DATA_GOVERNANCE_SPEC_CANDIDATE","RGPD_COMPLIANCE_SCOPE_GUARD + RSSI_EVIDENCE_ONLY","LEGAL_OR_COMPLIANCE_CLAIM_SCOPE","false","false","false","false","F10 audit only; deduped source zip inventory; no extraction; no runtime import"
"OBSIDIA_RSSI_SECURITY_PRESENTATION_PACK_V1.zip","C:\Users\User\Desktop\obsidia-engine-proof-core\obsidia-x108-proofs_REMOTE_A5F21C6B\_source_packs\OBSIDIA_UNIFIED_IMPLEMENTATION_BACKLOG_RICH_NO_DUPES_V1\raw\OBSIDIA_RSSI_SECURITY_PRESENTATION_PACK_V1.zip","OBSIDIA_RSSI_SECURITY_PRESENTATION_PACK_V1/docs/controls/OBSIDIA_CONTROL_COVERAGE_MATRIX.md","OBSIDIA_CONTROL_COVERAGE_MATRIX.md",".md","5197","INTEGRATE_TO_COMPLIANCE_DATA_GOVERNANCE_SPEC_CANDIDATE","RGPD_COMPLIANCE_SCOPE_GUARD + RSSI_EVIDENCE_ONLY","LEGAL_OR_COMPLIANCE_CLAIM_SCOPE","false","false","false","false","F10 audit only; deduped source zip inventory; no extraction; no runtime import"
"OBSIDIA_RSSI_SECURITY_PRESENTATION_PACK_V1.zip","C:\Users\User\Desktop\obsidia-engine-proof-core\obsidia-x108-proofs_REMOTE_A5F21C6B\_source_packs\OBSIDIA_UNIFIED_IMPLEMENTATION_BACKLOG_RICH_NO_DUPES_V1\raw\OBSIDIA_RSSI_SECURITY_PRESENTATION_PACK_V1.zip","OBSIDIA_RSSI_SECURITY_PRESENTATION_PACK_V1/docs/controls/OBSIDIA_CONTROL_EVIDENCE_MAP.md","OBSIDIA_CONTROL_EVIDENCE_MAP.md",".md","5170","INTEGRATE_TO_COMPLIANCE_DATA_GOVERNANCE_SPEC_CANDIDATE","RGPD_COMPLIANCE_SCOPE_GUARD + RSSI_EVIDENCE_ONLY","LEGAL_OR_COMPLIANCE_CLAIM_SCOPE","false","false","false","false","F10 audit only; deduped source zip inventory; no extraction; no runtime import"
"OBSIDIA_RSSI_SECURITY_PRESENTATION_PACK_V1.zip","C:\Users\User\Desktop\obsidia-engine-proof-core\obsidia-x108-proofs_REMOTE_A5F21C6B\_source_packs\OBSIDIA_UNIFIED_IMPLEMENTATION_BACKLOG_RICH_NO_DUPES_V1\raw\OBSIDIA_RSSI_SECURITY_PRESENTATION_PACK_V1.zip","OBSIDIA_RSSI_SECURITY_PRESENTATION_PACK_V1/docs/controls/OBSIDIA_CONTROL_GAPS.md","OBSIDIA_CONTROL_GAPS.md",".md","5098","INTEGRATE_TO_COMPLIANCE_DATA_GOVERNANCE_SPEC_CANDIDATE","RGPD_COMPLIANCE_SCOPE_GUARD + RSSI_EVIDENCE_ONLY","LEGAL_OR_COMPLIANCE_CLAIM_SCOPE","false","false","false","false","F10 audit only; deduped source zip inventory; no extraction; no runtime import"
"OBSIDIA_RSSI_SECURITY_PRESENTATION_PACK_V1.zip","C:\Users\User\Desktop\obsidia-engine-proof-core\obsidia-x108-proofs_REMOTE_A5F21C6B\_source_packs\OBSIDIA_UNIFIED_IMPLEMENTATION_BACKLOG_RICH_NO_DUPES_V1\raw\OBSIDIA_RSSI_SECURITY_PRESENTATION_PACK_V1.zip","OBSIDIA_RSSI_SECURITY_PRESENTATION_PACK_V1/docs/controls/OBSIDIA_CONTROL_MAPPING_AI_GOVERNANCE.md","OBSIDIA_CONTROL_MAPPING_AI_GOVERNANCE.md",".md","5251","INTEGRATE_TO_COMPLIANCE_DATA_GOVERNANCE_SPEC_CANDIDATE","RGPD_COMPLIANCE_SCOPE_GUARD + RSSI_EVIDENCE_ONLY","LEGAL_OR_COMPLIANCE_CLAIM_SCOPE","false","false","false","false","F10 audit only; deduped source zip inventory; no extraction; no runtime import"
"OBSIDIA_RSSI_SECURITY_PRESENTATION_PACK_V1.zip","C:\Users\User\Desktop\obsidia-engine-proof-core\obsidia-x108-proofs_REMOTE_A5F21C6B\_source_packs\OBSIDIA_UNIFIED_IMPLEMENTATION_BACKLOG_RICH_NO_DUPES_V1\raw\OBSIDIA_RSSI_SECURITY_PRESENTATION_PACK_V1.zip","OBSIDIA_RSSI_SECURITY_PRESENTATION_PACK_V1/docs/controls/OBSIDIA_CONTROL_MAPPING_EBIOS_RM.md","OBSIDIA_CONTROL_MAPPING_EBIOS_RM.md",".md","5206","INTEGRATE_TO_COMPLIANCE_DATA_GOVERNANCE_SPEC_CANDIDATE","RGPD_COMPLIANCE_SCOPE_GUARD + RSSI_EVIDENCE_ONLY","LEGAL_OR_COMPLIANCE_CLAIM_SCOPE","false","false","false","false","F10 audit only; deduped source zip inventory; no extraction; no runtime import"
"OBSIDIA_RSSI_SECURITY_PRESENTATION_PACK_V1.zip","C:\Users\User\Desktop\obsidia-engine-proof-core\obsidia-x108-proofs_REMOTE_A5F21C6B\_source_packs\OBSIDIA_UNIFIED_IMPLEMENTATION_BACKLOG_RICH_NO_DUPES_V1\raw\OBSIDIA_RSSI_SECURITY_PRESENTATION_PACK_V1.zip","OBSIDIA_RSSI_SECURITY_PRESENTATION_PACK_V1/docs/controls/OBSIDIA_CONTROL_MAPPING_ISO27001.md","OBSIDIA_CONTROL_MAPPING_ISO27001.md",".md","5206","INTEGRATE_TO_COMPLIANCE_DATA_GOVERNANCE_SPEC_CANDIDATE","RGPD_COMPLIANCE_SCOPE_GUARD + RSSI_EVIDENCE_ONLY","LEGAL_OR_COMPLIANCE_CLAIM_SCOPE","false","false","false","false","F10 audit only; deduped source zip inventory; no extraction; no runtime import"
"OBSIDIA_RSSI_SECURITY_PRESENTATION_PACK_V1.zip","C:\Users\User\Desktop\obsidia-engine-proof-core\obsidia-x108-proofs_REMOTE_A5F21C6B\_source_packs\OBSIDIA_UNIFIED_IMPLEMENTATION_BACKLOG_RICH_NO_DUPES_V1\raw\OBSIDIA_RSSI_SECURITY_PRESENTATION_PACK_V1.zip","OBSIDIA_RSSI_SECURITY_PRESENTATION_PACK_V1/docs/controls/OBSIDIA_CONTROL_MAPPING_NIST_CSF.md","OBSIDIA_CONTROL_MAPPING_NIST_CSF.md",".md","5206","INTEGRATE_TO_COMPLIANCE_DATA_GOVERNANCE_SPEC_CANDIDATE","RGPD_COMPLIANCE_SCOPE_GUARD + RSSI_EVIDENCE_ONLY","LEGAL_OR_COMPLIANCE_CLAIM_SCOPE","false","false","false","false","F10 audit only; deduped source zip inventory; no extraction; no runtime import"
"OBSIDIA_RSSI_SECURITY_PRESENTATION_PACK_V1.zip","C:\Users\User\Desktop\obsidia-engine-proof-core\obsidia-x108-proofs_REMOTE_A5F21C6B\_source_packs\OBSIDIA_UNIFIED_IMPLEMENTATION_BACKLOG_RICH_NO_DUPES_V1\raw\OBSIDIA_RSSI_SECURITY_PRESENTATION_PACK_V1.zip","OBSIDIA_RSSI_SECURITY_PRESENTATION_PACK_V1/docs/controls/OBSIDIA_SECURITY_CONTROLS_CATALOG.md","OBSIDIA_SECURITY_CONTROLS_CATALOG.md",".md","22973","INTEGRATE_TO_COMPLIANCE_DATA_GOVERNANCE_SPEC_CANDIDATE","RGPD_COMPLIANCE_SCOPE_GUARD + RSSI_EVIDENCE_ONLY","LEGAL_OR_COMPLIANCE_CLAIM_SCOPE","false","false","false","false","F10 audit only; deduped source zip inventory; no extraction; no runtime import"
"OBSIDIA_RSSI_SECURITY_PRESENTATION_PACK_V1.zip","C:\Users\User\Desktop\obsidia-engine-proof-core\obsidia-x108-proofs_REMOTE_A5F21C6B\_source_packs\OBSIDIA_UNIFIED_IMPLEMENTATION_BACKLOG_RICH_NO_DUPES_V1\raw\OBSIDIA_RSSI_SECURITY_PRESENTATION_PACK_V1.zip","OBSIDIA_RSSI_SECURITY_PRESENTATION_PACK_V1/docs/data/OBSIDIA_DATA_CLASSIFICATION.md","OBSIDIA_DATA_CLASSIFICATION.md",".md","5096","INTEGRATE_TO_COMPLIANCE_DATA_GOVERNANCE_SPEC_CANDIDATE","RGPD_COMPLIANCE_SCOPE_GUARD + RSSI_EVIDENCE_ONLY","LEGAL_OR_COMPLIANCE_CLAIM_SCOPE","false","false","false","false","F10 audit only; deduped source zip inventory; no extraction; no runtime import"
"OBSIDIA_RSSI_SECURITY_PRESENTATION_PACK_V1.zip","C:\Users\User\Desktop\obsidia-engine-proof-core\obsidia-x108-proofs_REMOTE_A5F21C6B\_source_packs\OBSIDIA_UNIFIED_IMPLEMENTATION_BACKLOG_RICH_NO_DUPES_V1\raw\OBSIDIA_RSSI_SECURITY_PRESENTATION_PACK_V1.zip","OBSIDIA_RSSI_SECURITY_PRESENTATION_PACK_V1/docs/data/OBSIDIA_DATA_MINIMIZATION_MODEL.md","OBSIDIA_DATA_MINIMIZATION_MODEL.md",".md","5132","INTEGRATE_TO_COMPLIANCE_DATA_GOVERNANCE_SPEC_CANDIDATE","RGPD_COMPLIANCE_SCOPE_GUARD + RSSI_EVIDENCE_ONLY","LEGAL_OR_COMPLIANCE_CLAIM_SCOPE","false","false","false","false","F10 audit only; deduped source zip inventory; no extraction; no runtime import"
"OBSIDIA_RSSI_SECURITY_PRESENTATION_PACK_V1.zip","C:\Users\User\Desktop\obsidia-engine-proof-core\obsidia-x108-proofs_REMOTE_A5F21C6B\_source_packs\OBSIDIA_UNIFIED_IMPLEMENTATION_BACKLOG_RICH_NO_DUPES_V1\raw\OBSIDIA_RSSI_SECURITY_PRESENTATION_PACK_V1.zip","OBSIDIA_RSSI_SECURITY_PRESENTATION_PACK_V1/docs/data/OBSIDIA_DATA_RETENTION_MODEL.md","OBSIDIA_DATA_RETENTION_MODEL.md",".md","5105","INTEGRATE_TO_COMPLIANCE_DATA_GOVERNANCE_SPEC_CANDIDATE","RGPD_COMPLIANCE_SCOPE_GUARD + RSSI_EVIDENCE_ONLY","LEGAL_OR_COMPLIANCE_CLAIM_SCOPE","false","false","false","false","F10 audit only; deduped source zip inventory; no extraction; no runtime import"
"OBSIDIA_RSSI_SECURITY_PRESENTATION_PACK_V1.zip","C:\Users\User\Desktop\obsidia-engine-proof-core\obsidia-x108-proofs_REMOTE_A5F21C6B\_source_packs\OBSIDIA_UNIFIED_IMPLEMENTATION_BACKLOG_RICH_NO_DUPES_V1\raw\OBSIDIA_RSSI_SECURITY_PRESENTATION_PACK_V1.zip","OBSIDIA_RSSI_SECURITY_PRESENTATION_PACK_V1/docs/data/OBSIDIA_PERSONAL_DATA_BOUNDARY.md","OBSIDIA_PERSONAL_DATA_BOUNDARY.md",".md","5123","INTEGRATE_TO_COMPLIANCE_DATA_GOVERNANCE_SPEC_CANDIDATE","RGPD_COMPLIANCE_SCOPE_GUARD + RSSI_EVIDENCE_ONLY","LEGAL_OR_COMPLIANCE_CLAIM_SCOPE","false","false","false","false","F10 audit only; deduped source zip inventory; no extraction; no runtime import"
"OBSIDIA_RSSI_SECURITY_PRESENTATION_PACK_V1.zip","C:\Users\User\Desktop\obsidia-engine-proof-core\obsidia-x108-proofs_REMOTE_A5F21C6B\_source_packs\OBSIDIA_UNIFIED_IMPLEMENTATION_BACKLOG_RICH_NO_DUPES_V1\raw\OBSIDIA_RSSI_SECURITY_PRESENTATION_PACK_V1.zip","OBSIDIA_RSSI_SECURITY_PRESENTATION_PACK_V1/docs/data/OBSIDIA_SECRET_MANAGEMENT_MODEL.md","OBSIDIA_SECRET_MANAGEMENT_MODEL.md",".md","5132","INTEGRATE_TO_COMPLIANCE_DATA_GOVERNANCE_SPEC_CANDIDATE","RGPD_COMPLIANCE_SCOPE_GUARD + RSSI_EVIDENCE_ONLY","LEGAL_OR_COMPLIANCE_CLAIM_SCOPE","false","false","false","false","F10 audit only; deduped source zip inventory; no extraction; no runtime import"
"OBSIDIA_RSSI_SECURITY_PRESENTATION_PACK_V1.zip","C:\Users\User\Desktop\obsidia-engine-proof-core\obsidia-x108-proofs_REMOTE_A5F21C6B\_source_packs\OBSIDIA_UNIFIED_IMPLEMENTATION_BACKLOG_RICH_NO_DUPES_V1\raw\OBSIDIA_RSSI_SECURITY_PRESENTATION_PACK_V1.zip","OBSIDIA_RSSI_SECURITY_PRESENTATION_PACK_V1/docs/data/OBSIDIA_SENSITIVE_CONTEXT_HANDLING.md","OBSIDIA_SENSITIVE_CONTEXT_HANDLING.md",".md","5159","INTEGRATE_TO_COMPLIANCE_DATA_GOVERNANCE_SPEC_CANDIDATE","RGPD_COMPLIANCE_SCOPE_GUARD + RSSI_EVIDENCE_ONLY","LEGAL_OR_COMPLIANCE_CLAIM_SCOPE","false","false","false","false","F10 audit only; deduped source zip inventory; no extraction; no runtime import"
"OBSIDIA_RSSI_SECURITY_PRESENTATION_PACK_V1.zip","C:\Users\User\Desktop\obsidia-engine-proof-core\obsidia-x108-proofs_REMOTE_A5F21C6B\_source_packs\OBSIDIA_UNIFIED_IMPLEMENTATION_BACKLOG_RICH_NO_DUPES_V1\raw\OBSIDIA_RSSI_SECURITY_PRESENTATION_PACK_V1.zip","OBSIDIA_RSSI_SECURITY_PRESENTATION_PACK_V1/docs/executive/OBSIDIA_ONE_PAGE_SECURITY_BRIEF.md","OBSIDIA_ONE_PAGE_SECURITY_BRIEF.md",".md","5310","INTEGRATE_TO_COMPLIANCE_DATA_GOVERNANCE_SPEC_CANDIDATE","RGPD_COMPLIANCE_SCOPE_GUARD + RSSI_EVIDENCE_ONLY","LEGAL_OR_COMPLIANCE_CLAIM_SCOPE","false","false","false","false","F10 audit only; deduped source zip inventory; no extraction; no runtime import"
"OBSIDIA_RSSI_SECURITY_PRESENTATION_PACK_V1.zip","C:\Users\User\Desktop\obsidia-engine-proof-core\obsidia-x108-proofs_REMOTE_A5F21C6B\_source_packs\OBSIDIA_UNIFIED_IMPLEMENTATION_BACKLOG_RICH_NO_DUPES_V1\raw\OBSIDIA_RSSI_SECURITY_PRESENTATION_PACK_V1.zip","OBSIDIA_RSSI_SECURITY_PRESENTATION_PACK_V1/docs/executive/OBSIDIA_RSSI_EXECUTIVE_SUMMARY.md","OBSIDIA_RSSI_EXECUTIVE_SUMMARY.md",".md","5301","INTEGRATE_TO_COMPLIANCE_DATA_GOVERNANCE_SPEC_CANDIDATE","RGPD_COMPLIANCE_SCOPE_GUARD + RSSI_EVIDENCE_ONLY","LEGAL_OR_COMPLIANCE_CLAIM_SCOPE","false","false","false","false","F10 audit only; deduped source zip inventory; no extraction; no runtime import"
"OBSIDIA_RSSI_SECURITY_PRESENTATION_PACK_V1.zip","C:\Users\User\Desktop\obsidia-engine-proof-core\obsidia-x108-proofs_REMOTE_A5F21C6B\_source_packs\OBSIDIA_UNIFIED_IMPLEMENTATION_BACKLOG_RICH_NO_DUPES_V1\raw\OBSIDIA_RSSI_SECURITY_PRESENTATION_PACK_V1.zip","OBSIDIA_RSSI_SECURITY_PRESENTATION_PACK_V1/docs/executive/OBSIDIA_RSSI_PRESENTATION_NARRATIVE.md","OBSIDIA_RSSI_PRESENTATION_NARRATIVE.md",".md","5346","INTEGRATE_TO_COMPLIANCE_DATA_GOVERNANCE_SPEC_CANDIDATE","RGPD_COMPLIANCE_SCOPE_GUARD + RSSI_EVIDENCE_ONLY","LEGAL_OR_COMPLIANCE_CLAIM_SCOPE","false","false","false","false","F10 audit only; deduped source zip inventory; no extraction; no runtime import"
"OBSIDIA_RSSI_SECURITY_PRESENTATION_PACK_V1.zip","C:\Users\User\Desktop\obsidia-engine-proof-core\obsidia-x108-proofs_REMOTE_A5F21C6B\_source_packs\OBSIDIA_UNIFIED_IMPLEMENTATION_BACKLOG_RICH_NO_DUPES_V1\raw\OBSIDIA_RSSI_SECURITY_PRESENTATION_PACK_V1.zip","OBSIDIA_RSSI_SECURITY_PRESENTATION_PACK_V1/docs/executive/OBSIDIA_SECURITY_VALUE_PROPOSITION.md","OBSIDIA_SECURITY_VALUE_PROPOSITION.md",".md","5337","INTEGRATE_TO_COMPLIANCE_DATA_GOVERNANCE_SPEC_CANDIDATE","RGPD_COMPLIANCE_SCOPE_GUARD + RSSI_EVIDENCE_ONLY","LEGAL_OR_COMPLIANCE_CLAIM_SCOPE","false","false","false","false","F10 audit only; deduped source zip inventory; no extraction; no runtime import"
"OBSIDIA_RSSI_SECURITY_PRESENTATION_PACK_V1.zip","C:\Users\User\Desktop\obsidia-engine-proof-core\obsidia-x108-proofs_REMOTE_A5F21C6B\_source_packs\OBSIDIA_UNIFIED_IMPLEMENTATION_BACKLOG_RICH_NO_DUPES_V1\raw\OBSIDIA_RSSI_SECURITY_PRESENTATION_PACK_V1.zip","OBSIDIA_RSSI_SECURITY_PRESENTATION_PACK_V1/docs/governance/OBSIDIA_CANONICAL_PROMOTION_POLICY.md","OBSIDIA_CANONICAL_PROMOTION_POLICY.md",".md","5255","INTEGRATE_TO_COMPLIANCE_DATA_GOVERNANCE_SPEC_CANDIDATE","RGPD_COMPLIANCE_SCOPE_GUARD + RSSI_EVIDENCE_ONLY","LEGAL_OR_COMPLIANCE_CLAIM_SCOPE","false","false","false","false","F10 audit only; deduped source zip inventory; no extraction; no runtime import"
"OBSIDIA_RSSI_SECURITY_PRESENTATION_PACK_V1.zip","C:\Users\User\Desktop\obsidia-engine-proof-core\obsidia-x108-proofs_REMOTE_A5F21C6B\_source_packs\OBSIDIA_UNIFIED_IMPLEMENTATION_BACKLOG_RICH_NO_DUPES_V1\raw\OBSIDIA_RSSI_SECURITY_PRESENTATION_PACK_V1.zip","OBSIDIA_RSSI_SECURITY_PRESENTATION_PACK_V1/docs/governance/OBSIDIA_CHANGE_CONTROL_POLICY.md","OBSIDIA_CHANGE_CONTROL_POLICY.md",".md","5210","INTEGRATE_TO_COMPLIANCE_DATA_GOVERNANCE_SPEC_CANDIDATE","RGPD_COMPLIANCE_SCOPE_GUARD + RSSI_EVIDENCE_ONLY","LEGAL_OR_COMPLIANCE_CLAIM_SCOPE","false","false","false","false","F10 audit only; deduped source zip inventory; no extraction; no runtime import"
"OBSIDIA_RSSI_SECURITY_PRESENTATION_PACK_V1.zip","C:\Users\User\Desktop\obsidia-engine-proof-core\obsidia-x108-proofs_REMOTE_A5F21C6B\_source_packs\OBSIDIA_UNIFIED_IMPLEMENTATION_BACKLOG_RICH_NO_DUPES_V1\raw\OBSIDIA_RSSI_SECURITY_PRESENTATION_PACK_V1.zip","OBSIDIA_RSSI_SECURITY_PRESENTATION_PACK_V1/docs/governance/OBSIDIA_DECISION_AUTHORITY_POLICY.md","OBSIDIA_DECISION_AUTHORITY_POLICY.md",".md","5246","INTEGRATE_TO_COMPLIANCE_DATA_GOVERNANCE_SPEC_CANDIDATE","RGPD_COMPLIANCE_SCOPE_GUARD + RSSI_EVIDENCE_ONLY","LEGAL_OR_COMPLIANCE_CLAIM_SCOPE","false","false","false","false","F10 audit only; deduped source zip inventory; no extraction; no runtime import"
"OBSIDIA_RSSI_SECURITY_PRESENTATION_PACK_V1.zip","C:\Users\User\Desktop\obsidia-engine-proof-core\obsidia-x108-proofs_REMOTE_A5F21C6B\_source_packs\OBSIDIA_UNIFIED_IMPLEMENTATION_BACKLOG_RICH_NO_DUPES_V1\raw\OBSIDIA_RSSI_SECURITY_PRESENTATION_PACK_V1.zip","OBSIDIA_RSSI_SECURITY_PRESENTATION_PACK_V1/docs/governance/OBSIDIA_GOVERNANCE_MODEL.md","OBSIDIA_GOVERNANCE_MODEL.md",".md","5165","INTEGRATE_TO_COMPLIANCE_DATA_GOVERNANCE_SPEC_CANDIDATE","RGPD_COMPLIANCE_SCOPE_GUARD + RSSI_EVIDENCE_ONLY","LEGAL_OR_COMPLIANCE_CLAIM_SCOPE","false","false","false","false","F10 audit only; deduped source zip inventory; no extraction; no runtime import"
"OBSIDIA_RSSI_SECURITY_PRESENTATION_PACK_V1.zip","C:\Users\User\Desktop\obsidia-engine-proof-core\obsidia-x108-proofs_REMOTE_A5F21C6B\_source_packs\OBSIDIA_UNIFIED_IMPLEMENTATION_BACKLOG_RICH_NO_DUPES_V1\raw\OBSIDIA_RSSI_SECURITY_PRESENTATION_PACK_V1.zip","OBSIDIA_RSSI_SECURITY_PRESENTATION_PACK_V1/docs/governance/OBSIDIA_HUMAN_OVERSIGHT_POLICY.md","OBSIDIA_HUMAN_OVERSIGHT_POLICY.md",".md","5219","INTEGRATE_TO_COMPLIANCE_DATA_GOVERNANCE_SPEC_CANDIDATE","RGPD_COMPLIANCE_SCOPE_GUARD + RSSI_EVIDENCE_ONLY","LEGAL_OR_COMPLIANCE_CLAIM_SCOPE","false","false","false","false","F10 audit only; deduped source zip inventory; no extraction; no runtime import"
"OBSIDIA_RSSI_SECURITY_PRESENTATION_PACK_V1.zip","C:\Users\User\Desktop\obsidia-engine-proof-core\obsidia-x108-proofs_REMOTE_A5F21C6B\_source_packs\OBSIDIA_UNIFIED_IMPLEMENTATION_BACKLOG_RICH_NO_DUPES_V1\raw\OBSIDIA_RSSI_SECURITY_PRESENTATION_PACK_V1.zip","OBSIDIA_RSSI_SECURITY_PRESENTATION_PACK_V1/docs/governance/OBSIDIA_NO_ACT_FROM_PERIPHERY_POLICY.md","OBSIDIA_NO_ACT_FROM_PERIPHERY_POLICY.md",".md","5273","INTEGRATE_TO_COMPLIANCE_DATA_GOVERNANCE_SPEC_CANDIDATE","RGPD_COMPLIANCE_SCOPE_GUARD + RSSI_EVIDENCE_ONLY","LEGAL_OR_COMPLIANCE_CLAIM_SCOPE","false","false","false","false","F10 audit only; deduped source zip inventory; no extraction; no runtime import"
"OBSIDIA_RSSI_SECURITY_PRESENTATION_PACK_V1.zip","C:\Users\User\Desktop\obsidia-engine-proof-core\obsidia-x108-proofs_REMOTE_A5F21C6B\_source_packs\OBSIDIA_UNIFIED_IMPLEMENTATION_BACKLOG_RICH_NO_DUPES_V1\raw\OBSIDIA_RSSI_SECURITY_PRESENTATION_PACK_V1.zip","OBSIDIA_RSSI_SECURITY_PRESENTATION_PACK_V1/docs/governance/OBSIDIA_READONLY_BOUNDARY_POLICY.md","OBSIDIA_READONLY_BOUNDARY_POLICY.md",".md","5237","INTEGRATE_TO_COMPLIANCE_DATA_GOVERNANCE_SPEC_CANDIDATE","RGPD_COMPLIANCE_SCOPE_GUARD + RSSI_EVIDENCE_ONLY","LEGAL_OR_COMPLIANCE_CLAIM_SCOPE","false","false","false","false","F10 audit only; deduped source zip inventory; no extraction; no runtime import"
"OBSIDIA_RSSI_SECURITY_PRESENTATION_PACK_V1.zip","C:\Users\User\Desktop\obsidia-engine-proof-core\obsidia-x108-proofs_REMOTE_A5F21C6B\_source_packs\OBSIDIA_UNIFIED_IMPLEMENTATION_BACKLOG_RICH_NO_DUPES_V1\raw\OBSIDIA_RSSI_SECURITY_PRESENTATION_PACK_V1.zip","OBSIDIA_RSSI_SECURITY_PRESENTATION_PACK_V1/docs/governance/OBSIDIA_SECURITY_RESPONSIBILITY_MATRIX.md","OBSIDIA_SECURITY_RESPONSIBILITY_MATRIX.md",".md","5291","INTEGRATE_TO_COMPLIANCE_DATA_GOVERNANCE_SPEC_CANDIDATE","RGPD_COMPLIANCE_SCOPE_GUARD + RSSI_EVIDENCE_ONLY","LEGAL_OR_COMPLIANCE_CLAIM_SCOPE","false","false","false","false","F10 audit only; deduped source zip inventory; no extraction; no runtime import"
"OBSIDIA_RSSI_SECURITY_PRESENTATION_PACK_V1.zip","C:\Users\User\Desktop\obsidia-engine-proof-core\obsidia-x108-proofs_REMOTE_A5F21C6B\_source_packs\OBSIDIA_UNIFIED_IMPLEMENTATION_BACKLOG_RICH_NO_DUPES_V1\raw\OBSIDIA_RSSI_SECURITY_PRESENTATION_PACK_V1.zip","OBSIDIA_RSSI_SECURITY_PRESENTATION_PACK_V1/docs/incident_response/OBSIDIA_AI_INCIDENT_PLAYBOOK.md","OBSIDIA_AI_INCIDENT_PLAYBOOK.md",".md","5124","INTEGRATE_TO_COMPLIANCE_DATA_GOVERNANCE_SPEC_CANDIDATE","RGPD_COMPLIANCE_SCOPE_GUARD + RSSI_EVIDENCE_ONLY","LEGAL_OR_COMPLIANCE_CLAIM_SCOPE","false","false","false","false","F10 audit only; deduped source zip inventory; no extraction; no runtime import"
"OBSIDIA_RSSI_SECURITY_PRESENTATION_PACK_V1.zip","C:\Users\User\Desktop\obsidia-engine-proof-core\obsidia-x108-proofs_REMOTE_A5F21C6B\_source_packs\OBSIDIA_UNIFIED_IMPLEMENTATION_BACKLOG_RICH_NO_DUPES_V1\raw\OBSIDIA_RSSI_SECURITY_PRESENTATION_PACK_V1.zip","OBSIDIA_RSSI_SECURITY_PRESENTATION_PACK_V1/docs/incident_response/OBSIDIA_DATA_INCIDENT_PLAYBOOK.md","OBSIDIA_DATA_INCIDENT_PLAYBOOK.md",".md","5142","INTEGRATE_TO_COMPLIANCE_DATA_GOVERNANCE_SPEC_CANDIDATE","RGPD_COMPLIANCE_SCOPE_GUARD + RSSI_EVIDENCE_ONLY","LEGAL_OR_COMPLIANCE_CLAIM_SCOPE","false","false","false","false","F10 audit only; deduped source zip inventory; no extraction; no runtime import"
"OBSIDIA_RSSI_SECURITY_PRESENTATION_PACK_V1.zip","C:\Users\User\Desktop\obsidia-engine-proof-core\obsidia-x108-proofs_REMOTE_A5F21C6B\_source_packs\OBSIDIA_UNIFIED_IMPLEMENTATION_BACKLOG_RICH_NO_DUPES_V1\raw\OBSIDIA_RSSI_SECURITY_PRESENTATION_PACK_V1.zip","OBSIDIA_RSSI_SECURITY_PRESENTATION_PACK_V1/docs/incident_response/OBSIDIA_GRAPH_INCIDENT_PLAYBOOK.md","OBSIDIA_GRAPH_INCIDENT_PLAYBOOK.md",".md","5151","INTEGRATE_TO_COMPLIANCE_DATA_GOVERNANCE_SPEC_CANDIDATE","RGPD_COMPLIANCE_SCOPE_GUARD + RSSI_EVIDENCE_ONLY","LEGAL_OR_COMPLIANCE_CLAIM_SCOPE","false","false","false","false","F10 audit only; deduped source zip inventory; no extraction; no runtime import"
"OBSIDIA_RSSI_SECURITY_PRESENTATION_PACK_V1.zip","C:\Users\User\Desktop\obsidia-engine-proof-core\obsidia-x108-proofs_REMOTE_A5F21C6B\_source_packs\OBSIDIA_UNIFIED_IMPLEMENTATION_BACKLOG_RICH_NO_DUPES_V1\raw\OBSIDIA_RSSI_SECURITY_PRESENTATION_PACK_V1.zip","OBSIDIA_RSSI_SECURITY_PRESENTATION_PACK_V1/docs/incident_response/OBSIDIA_INCIDENT_RESPONSE_PLAN.md","OBSIDIA_INCIDENT_RESPONSE_PLAN.md",".md","5142","INTEGRATE_TO_COMPLIANCE_DATA_GOVERNANCE_SPEC_CANDIDATE","RGPD_COMPLIANCE_SCOPE_GUARD + RSSI_EVIDENCE_ONLY","LEGAL_OR_COMPLIANCE_CLAIM_SCOPE","false","false","false","false","F10 audit only; deduped source zip inventory; no extraction; no runtime import"
"OBSIDIA_RSSI_SECURITY_PRESENTATION_PACK_V1.zip","C:\Users\User\Desktop\obsidia-engine-proof-core\obsidia-x108-proofs_REMOTE_A5F21C6B\_source_packs\OBSIDIA_UNIFIED_IMPLEMENTATION_BACKLOG_RICH_NO_DUPES_V1\raw\OBSIDIA_RSSI_SECURITY_PRESENTATION_PACK_V1.zip","OBSIDIA_RSSI_SECURITY_PRESENTATION_PACK_V1/docs/incident_response/OBSIDIA_ROLLBACK_AND_CONTAINMENT.md","OBSIDIA_ROLLBACK_AND_CONTAINMENT.md",".md","5160","INTEGRATE_TO_COMPLIANCE_DATA_GOVERNANCE_SPEC_CANDIDATE","RGPD_COMPLIANCE_SCOPE_GUARD + RSSI_EVIDENCE_ONLY","LEGAL_OR_COMPLIANCE_CLAIM_SCOPE","false","false","false","false","F10 audit only; deduped source zip inventory; no extraction; no runtime import"
"OBSIDIA_RSSI_SECURITY_PRESENTATION_PACK_V1.zip","C:\Users\User\Desktop\obsidia-engine-proof-core\obsidia-x108-proofs_REMOTE_A5F21C6B\_source_packs\OBSIDIA_UNIFIED_IMPLEMENTATION_BACKLOG_RICH_NO_DUPES_V1\raw\OBSIDIA_RSSI_SECURITY_PRESENTATION_PACK_V1.zip","OBSIDIA_RSSI_SECURITY_PRESENTATION_PACK_V1/docs/incident_response/OBSIDIA_SECURITY_INCIDENT_PLAYBOOK.md","OBSIDIA_SECURITY_INCIDENT_PLAYBOOK.md",".md","5178","INTEGRATE_TO_COMPLIANCE_DATA_GOVERNANCE_SPEC_CANDIDATE","RGPD_COMPLIANCE_SCOPE_GUARD + RSSI_EVIDENCE_ONLY","LEGAL_OR_COMPLIANCE_CLAIM_SCOPE","false","false","false","false","F10 audit only; deduped source zip inventory; no extraction; no runtime import"
"OBSIDIA_RSSI_SECURITY_PRESENTATION_PACK_V1.zip","C:\Users\User\Desktop\obsidia-engine-proof-core\obsidia-x108-proofs_REMOTE_A5F21C6B\_source_packs\OBSIDIA_UNIFIED_IMPLEMENTATION_BACKLOG_RICH_NO_DUPES_V1\raw\OBSIDIA_RSSI_SECURITY_PRESENTATION_PACK_V1.zip","OBSIDIA_RSSI_SECURITY_PRESENTATION_PACK_V1/docs/modules/RSSI_001_VISION_SECURITE_OBSIDIA.md","RSSI_001_VISION_SECURITE_OBSIDIA.md",".md","5508","INTEGRATE_TO_COMPLIANCE_DATA_GOVERNANCE_SPEC_CANDIDATE","RGPD_COMPLIANCE_SCOPE_GUARD + RSSI_EVIDENCE_ONLY","LEGAL_OR_COMPLIANCE_CLAIM_SCOPE","false","false","false","false","F10 audit only; deduped source zip inventory; no extraction; no runtime import"
"OBSIDIA_RSSI_SECURITY_PRESENTATION_PACK_V1.zip","C:\Users\User\Desktop\obsidia-engine-proof-core\obsidia-x108-proofs_REMOTE_A5F21C6B\_source_packs\OBSIDIA_UNIFIED_IMPLEMENTATION_BACKLOG_RICH_NO_DUPES_V1\raw\OBSIDIA_RSSI_SECURITY_PRESENTATION_PACK_V1.zip","OBSIDIA_RSSI_SECURITY_PRESENTATION_PACK_V1/docs/modules/RSSI_002_ARCHITECTURE_SECURITE_OS0OS4.md","RSSI_002_ARCHITECTURE_SECURITE_OS0OS4.md",".md","5564","INTEGRATE_TO_COMPLIANCE_DATA_GOVERNANCE_SPEC_CANDIDATE","RGPD_COMPLIANCE_SCOPE_GUARD + RSSI_EVIDENCE_ONLY","LEGAL_OR_COMPLIANCE_CLAIM_SCOPE","false","false","false","false","F10 audit only; deduped source zip inventory; no extraction; no runtime import"
"OBSIDIA_RSSI_SECURITY_PRESENTATION_PACK_V1.zip","C:\Users\User\Desktop\obsidia-engine-proof-core\obsidia-x108-proofs_REMOTE_A5F21C6B\_source_packs\OBSIDIA_UNIFIED_IMPLEMENTATION_BACKLOG_RICH_NO_DUPES_V1\raw\OBSIDIA_RSSI_SECURITY_PRESENTATION_PACK_V1.zip","OBSIDIA_RSSI_SECURITY_PRESENTATION_PACK_V1/docs/modules/RSSI_003_BOUNDARY_X108.md","RSSI_003_BOUNDARY_X108.md",".md","5404","INTEGRATE_TO_COMPLIANCE_DATA_GOVERNANCE_SPEC_CANDIDATE","RGPD_COMPLIANCE_SCOPE_GUARD + RSSI_EVIDENCE_ONLY","LEGAL_OR_COMPLIANCE_CLAIM_SCOPE","false","false","false","false","F10 audit only; deduped source zip inventory; no extraction; no runtime import"
"OBSIDIA_RSSI_SECURITY_PRESENTATION_PACK_V1.zip","C:\Users\User\Desktop\obsidia-engine-proof-core\obsidia-x108-proofs_REMOTE_A5F21C6B\_source_packs\OBSIDIA_UNIFIED_IMPLEMENTATION_BACKLOG_RICH_NO_DUPES_V1\raw\OBSIDIA_RSSI_SECURITY_PRESENTATION_PACK_V1.zip","OBSIDIA_RSSI_SECURITY_PRESENTATION_PACK_V1/docs/modules/RSSI_004_AUTORITE_DECISIONNELLE_KX108_ONLY.md","RSSI_004_AUTORITE_DECISIONNELLE_KX108_ONLY.md",".md","5608","INTEGRATE_TO_COMPLIANCE_DATA_GOVERNANCE_SPEC_CANDIDATE","RGPD_COMPLIANCE_SCOPE_GUARD + RSSI_EVIDENCE_ONLY","LEGAL_OR_COMPLIANCE_CLAIM_SCOPE","false","false","false","false","F10 audit only; deduped source zip inventory; no extraction; no runtime import"
"OBSIDIA_RSSI_SECURITY_PRESENTATION_PACK_V1.zip","C:\Users\User\Desktop\obsidia-engine-proof-core\obsidia-x108-proofs_REMOTE_A5F21C6B\_source_packs\OBSIDIA_UNIFIED_IMPLEMENTATION_BACKLOG_RICH_NO_DUPES_V1\raw\OBSIDIA_RSSI_SECURITY_PRESENTATION_PACK_V1.zip","OBSIDIA_RSSI_SECURITY_PRESENTATION_PACK_V1/docs/modules/RSSI_005_SEPARATION_NOYAU_PERIPHERIE.md","RSSI_005_SEPARATION_NOYAU_PERIPHERIE.md",".md","5554","INTEGRATE_TO_COMPLIANCE_DATA_GOVERNANCE_SPEC_CANDIDATE","RGPD_COMPLIANCE_SCOPE_GUARD + RSSI_EVIDENCE_ONLY","LEGAL_OR_COMPLIANCE_CLAIM_SCOPE","false","false","false","false","F10 audit only; deduped source zip inventory; no extraction; no runtime import"
"OBSIDIA_RSSI_SECURITY_PRESENTATION_PACK_V1.zip","C:\Users\User\Desktop\obsidia-engine-proof-core\obsidia-x108-proofs_REMOTE_A5F21C6B\_source_packs\OBSIDIA_UNIFIED_IMPLEMENTATION_BACKLOG_RICH_NO_DUPES_V1\raw\OBSIDIA_RSSI_SECURITY_PRESENTATION_PACK_V1.zip","OBSIDIA_RSSI_SECURITY_PRESENTATION_PACK_V1/docs/modules/RSSI_006_READONLY_CONTEXT_MODEL.md","RSSI_006_READONLY_CONTEXT_MODEL.md",".md","5494","INTEGRATE_TO_COMPLIANCE_DATA_GOVERNANCE_SPEC_CANDIDATE","RGPD_COMPLIANCE_SCOPE_GUARD + RSSI_EVIDENCE_ONLY","LEGAL_OR_COMPLIANCE_CLAIM_SCOPE","false","false","false","false","F10 audit only; deduped source zip inventory; no extraction; no runtime import"
"OBSIDIA_RSSI_SECURITY_PRESENTATION_PACK_V1.zip","C:\Users\User\Desktop\obsidia-engine-proof-core\obsidia-x108-proofs_REMOTE_A5F21C6B\_source_packs\OBSIDIA_UNIFIED_IMPLEMENTATION_BACKLOG_RICH_NO_DUPES_V1\raw\OBSIDIA_RSSI_SECURITY_PRESENTATION_PACK_V1.zip","OBSIDIA_RSSI_SECURITY_PRESENTATION_PACK_V1/docs/modules/RSSI_007_NON_CONTOURNEMENT.md","RSSI_007_NON_CONTOURNEMENT.md",".md","5444","INTEGRATE_TO_COMPLIANCE_DATA_GOVERNANCE_SPEC_CANDIDATE","RGPD_COMPLIANCE_SCOPE_GUARD + RSSI_EVIDENCE_ONLY","LEGAL_OR_COMPLIANCE_CLAIM_SCOPE","false","false","false","false","F10 audit only; deduped source zip inventory; no extraction; no runtime import"
"OBSIDIA_RSSI_SECURITY_PRESENTATION_PACK_V1.zip","C:\Users\User\Desktop\obsidia-engine-proof-core\obsidia-x108-proofs_REMOTE_A5F21C6B\_source_packs\OBSIDIA_UNIFIED_IMPLEMENTATION_BACKLOG_RICH_NO_DUPES_V1\raw\OBSIDIA_RSSI_SECURITY_PRESENTATION_PACK_V1.zip","OBSIDIA_RSSI_SECURITY_PRESENTATION_PACK_V1/docs/modules/RSSI_008_NON_EMISSION_ACT_PERIPHERIE.md","RSSI_008_NON_EMISSION_ACT_PERIPHERIE.md",".md","5550","INTEGRATE_TO_COMPLIANCE_DATA_GOVERNANCE_SPEC_CANDIDATE","RGPD_COMPLIANCE_SCOPE_GUARD + RSSI_EVIDENCE_ONLY","LEGAL_OR_COMPLIANCE_CLAIM_SCOPE","false","false","false","false","F10 audit only; deduped source zip inventory; no extraction; no runtime import"
"OBSIDIA_RSSI_SECURITY_PRESENTATION_PACK_V1.zip","C:\Users\User\Desktop\obsidia-engine-proof-core\obsidia-x108-proofs_REMOTE_A5F21C6B\_source_packs\OBSIDIA_UNIFIED_IMPLEMENTATION_BACKLOG_RICH_NO_DUPES_V1\raw\OBSIDIA_RSSI_SECURITY_PRESENTATION_PACK_V1.zip","OBSIDIA_RSSI_SECURITY_PRESENTATION_PACK_V1/docs/modules/RSSI_009_CONTROLE_GRAPHITI_NEO4J.md","RSSI_009_CONTROLE_GRAPHITI_NEO4J.md",".md","5510","INTEGRATE_TO_COMPLIANCE_DATA_GOVERNANCE_SPEC_CANDIDATE","RGPD_COMPLIANCE_SCOPE_GUARD + RSSI_EVIDENCE_ONLY","LEGAL_OR_COMPLIANCE_CLAIM_SCOPE","false","false","false","false","F10 audit only; deduped source zip inventory; no extraction; no runtime import"
"OBSIDIA_RSSI_SECURITY_PRESENTATION_PACK_V1.zip","C:\Users\User\Desktop\obsidia-engine-proof-core\obsidia-x108-proofs_REMOTE_A5F21C6B\_source_packs\OBSIDIA_UNIFIED_IMPLEMENTATION_BACKLOG_RICH_NO_DUPES_V1\raw\OBSIDIA_RSSI_SECURITY_PRESENTATION_PACK_V1.zip","OBSIDIA_RSSI_SECURITY_PRESENTATION_PACK_V1/docs/modules/RSSI_010_AUDIT_LOGS.md","RSSI_010_AUDIT_LOGS.md",".md","5374","INTEGRATE_TO_COMPLIANCE_DATA_GOVERNANCE_SPEC_CANDIDATE","RGPD_COMPLIANCE_SCOPE_GUARD + RSSI_EVIDENCE_ONLY","LEGAL_OR_COMPLIANCE_CLAIM_SCOPE","false","false","false","false","F10 audit only; deduped source zip inventory; no extraction; no runtime import"
"OBSIDIA_RSSI_SECURITY_PRESENTATION_PACK_V1.zip","C:\Users\User\Desktop\obsidia-engine-proof-core\obsidia-x108-proofs_REMOTE_A5F21C6B\_source_packs\OBSIDIA_UNIFIED_IMPLEMENTATION_BACKLOG_RICH_NO_DUPES_V1\raw\OBSIDIA_RSSI_SECURITY_PRESENTATION_PACK_V1.zip","OBSIDIA_RSSI_SECURITY_PRESENTATION_PACK_V1/docs/modules/RSSI_011_REPLAYABILITE.md","RSSI_011_REPLAYABILITE.md",".md","5406","INTEGRATE_TO_COMPLIANCE_DATA_GOVERNANCE_SPEC_CANDIDATE","RGPD_COMPLIANCE_SCOPE_GUARD + RSSI_EVIDENCE_ONLY","LEGAL_OR_COMPLIANCE_CLAIM_SCOPE","false","false","false","false","F10 audit only; deduped source zip inventory; no extraction; no runtime import"
"OBSIDIA_RSSI_SECURITY_PRESENTATION_PACK_V1.zip","C:\Users\User\Desktop\obsidia-engine-proof-core\obsidia-x108-proofs_REMOTE_A5F21C6B\_source_packs\OBSIDIA_UNIFIED_IMPLEMENTATION_BACKLOG_RICH_NO_DUPES_V1\raw\OBSIDIA_RSSI_SECURITY_PRESENTATION_PACK_V1.zip","OBSIDIA_RSSI_SECURITY_PRESENTATION_PACK_V1/docs/modules/RSSI_012_EVIDENCE_LEDGER.md","RSSI_012_EVIDENCE_LEDGER.md",".md","5424","INTEGRATE_TO_COMPLIANCE_DATA_GOVERNANCE_SPEC_CANDIDATE","RGPD_COMPLIANCE_SCOPE_GUARD + RSSI_EVIDENCE_ONLY","LEGAL_OR_COMPLIANCE_CLAIM_SCOPE","false","false","false","false","F10 audit only; deduped source zip inventory; no extraction; no runtime import"
"OBSIDIA_RSSI_SECURITY_PRESENTATION_PACK_V1.zip","C:\Users\User\Desktop\obsidia-engine-proof-core\obsidia-x108-proofs_REMOTE_A5F21C6B\_source_packs\OBSIDIA_UNIFIED_IMPLEMENTATION_BACKLOG_RICH_NO_DUPES_V1\raw\OBSIDIA_RSSI_SECURITY_PRESENTATION_PACK_V1.zip","OBSIDIA_RSSI_SECURITY_PRESENTATION_PACK_V1/docs/modules/RSSI_013_GESTION_DES_ACCES.md","RSSI_013_GESTION_DES_ACCES.md",".md","5446","INTEGRATE_TO_COMPLIANCE_DATA_GOVERNANCE_SPEC_CANDIDATE","RGPD_COMPLIANCE_SCOPE_GUARD + RSSI_EVIDENCE_ONLY","LEGAL_OR_COMPLIANCE_CLAIM_SCOPE","false","false","false","false","F10 audit only; deduped source zip inventory; no extraction; no runtime import"
"OBSIDIA_RSSI_SECURITY_PRESENTATION_PACK_V1.zip","C:\Users\User\Desktop\obsidia-engine-proof-core\obsidia-x108-proofs_REMOTE_A5F21C6B\_source_packs\OBSIDIA_UNIFIED_IMPLEMENTATION_BACKLOG_RICH_NO_DUPES_V1\raw\OBSIDIA_RSSI_SECURITY_PRESENTATION_PACK_V1.zip","OBSIDIA_RSSI_SECURITY_PRESENTATION_PACK_V1/docs/modules/RSSI_014_GESTION_DES_SECRETS.md","RSSI_014_GESTION_DES_SECRETS.md",".md","5464","INTEGRATE_TO_COMPLIANCE_DATA_GOVERNANCE_SPEC_CANDIDATE","RGPD_COMPLIANCE_SCOPE_GUARD + RSSI_EVIDENCE_ONLY","LEGAL_OR_COMPLIANCE_CLAIM_SCOPE","false","false","false","false","F10 audit only; deduped source zip inventory; no extraction; no runtime import"
"OBSIDIA_RSSI_SECURITY_PRESENTATION_PACK_V1.zip","C:\Users\User\Desktop\obsidia-engine-proof-core\obsidia-x108-proofs_REMOTE_A5F21C6B\_source_packs\OBSIDIA_UNIFIED_IMPLEMENTATION_BACKLOG_RICH_NO_DUPES_V1\raw\OBSIDIA_RSSI_SECURITY_PRESENTATION_PACK_V1.zip","OBSIDIA_RSSI_SECURITY_PRESENTATION_PACK_V1/docs/modules/RSSI_015_DONNEES_SENSIBLES.md","RSSI_015_DONNEES_SENSIBLES.md",".md","5446","INTEGRATE_TO_COMPLIANCE_DATA_GOVERNANCE_SPEC_CANDIDATE","RGPD_COMPLIANCE_SCOPE_GUARD + RSSI_EVIDENCE_ONLY","LEGAL_OR_COMPLIANCE_CLAIM_SCOPE","false","false","false","false","F10 audit only; deduped source zip inventory; no extraction; no runtime import"
"OBSIDIA_RSSI_SECURITY_PRESENTATION_PACK_V1.zip","C:\Users\User\Desktop\obsidia-engine-proof-core\obsidia-x108-proofs_REMOTE_A5F21C6B\_source_packs\OBSIDIA_UNIFIED_IMPLEMENTATION_BACKLOG_RICH_NO_DUPES_V1\raw\OBSIDIA_RSSI_SECURITY_PRESENTATION_PACK_V1.zip","OBSIDIA_RSSI_SECURITY_PRESENTATION_PACK_V1/docs/modules/RSSI_016_DONNEES_PERSONNELLES.md","RSSI_016_DONNEES_PERSONNELLES.md",".md","5476","INTEGRATE_TO_COMPLIANCE_DATA_GOVERNANCE_SPEC_CANDIDATE","RGPD_COMPLIANCE_SCOPE_GUARD + RSSI_EVIDENCE_ONLY","LEGAL_OR_COMPLIANCE_CLAIM_SCOPE","false","false","false","false","F10 audit only; deduped source zip inventory; no extraction; no runtime import"
"OBSIDIA_RSSI_SECURITY_PRESENTATION_PACK_V1.zip","C:\Users\User\Desktop\obsidia-engine-proof-core\obsidia-x108-proofs_REMOTE_A5F21C6B\_source_packs\OBSIDIA_UNIFIED_IMPLEMENTATION_BACKLOG_RICH_NO_DUPES_V1\raw\OBSIDIA_RSSI_SECURITY_PRESENTATION_PACK_V1.zip","OBSIDIA_RSSI_SECURITY_PRESENTATION_PACK_V1/docs/modules/RSSI_017_RISQUE_PROMPT_INJECTION.md","RSSI_017_RISQUE_PROMPT_INJECTION.md",".md","5504","INTEGRATE_TO_COMPLIANCE_DATA_GOVERNANCE_SPEC_CANDIDATE","RGPD_COMPLIANCE_SCOPE_GUARD + RSSI_EVIDENCE_ONLY","LEGAL_OR_COMPLIANCE_CLAIM_SCOPE","false","false","false","false","F10 audit only; deduped source zip inventory; no extraction; no runtime import"
"OBSIDIA_RSSI_SECURITY_PRESENTATION_PACK_V1.zip","C:\Users\User\Desktop\obsidia-engine-proof-core\obsidia-x108-proofs_REMOTE_A5F21C6B\_source_packs\OBSIDIA_UNIFIED_IMPLEMENTATION_BACKLOG_RICH_NO_DUPES_V1\raw\OBSIDIA_RSSI_SECURITY_PRESENTATION_PACK_V1.zip","OBSIDIA_RSSI_SECURITY_PRESENTATION_PACK_V1/docs/modules/RSSI_018_RISQUE_AGENT_BYPASS.md","RSSI_018_RISQUE_AGENT_BYPASS.md",".md","5464","INTEGRATE_TO_COMPLIANCE_DATA_GOVERNANCE_SPEC_CANDIDATE","RGPD_COMPLIANCE_SCOPE_GUARD + RSSI_EVIDENCE_ONLY","LEGAL_OR_COMPLIANCE_CLAIM_SCOPE","false","false","false","false","F10 audit only; deduped source zip inventory; no extraction; no runtime import"
"OBSIDIA_RSSI_SECURITY_PRESENTATION_PACK_V1.zip","C:\Users\User\Desktop\obsidia-engine-proof-core\obsidia-x108-proofs_REMOTE_A5F21C6B\_source_packs\OBSIDIA_UNIFIED_IMPLEMENTATION_BACKLOG_RICH_NO_DUPES_V1\raw\OBSIDIA_RSSI_SECURITY_PRESENTATION_PACK_V1.zip","OBSIDIA_RSSI_SECURITY_PRESENTATION_PACK_V1/docs/modules/RSSI_019_RISQUE_HALLUCINATION_DECISIONNELLE.md","RSSI_019_RISQUE_HALLUCINATION_DECISIONNELLE.md",".md","5616","INTEGRATE_TO_COMPLIANCE_DATA_GOVERNANCE_SPEC_CANDIDATE","RGPD_COMPLIANCE_SCOPE_GUARD + RSSI_EVIDENCE_ONLY","LEGAL_OR_COMPLIANCE_CLAIM_SCOPE","false","false","false","false","F10 audit only; deduped source zip inventory; no extraction; no runtime import"
"OBSIDIA_RSSI_SECURITY_PRESENTATION_PACK_V1.zip","C:\Users\User\Desktop\obsidia-engine-proof-core\obsidia-x108-proofs_REMOTE_A5F21C6B\_source_packs\OBSIDIA_UNIFIED_IMPLEMENTATION_BACKLOG_RICH_NO_DUPES_V1\raw\OBSIDIA_RSSI_SECURITY_PRESENTATION_PACK_V1.zip","OBSIDIA_RSSI_SECURITY_PRESENTATION_PACK_V1/docs/modules/RSSI_020_RISQUE_SUPPLY_CHAIN.md","RSSI_020_RISQUE_SUPPLY_CHAIN.md",".md","5464","INTEGRATE_TO_COMPLIANCE_DATA_GOVERNANCE_SPEC_CANDIDATE","RGPD_COMPLIANCE_SCOPE_GUARD + RSSI_EVIDENCE_ONLY","LEGAL_OR_COMPLIANCE_CLAIM_SCOPE","false","false","false","false","F10 audit only; deduped source zip inventory; no extraction; no runtime import"
"OBSIDIA_RSSI_SECURITY_PRESENTATION_PACK_V1.zip","C:\Users\User\Desktop\obsidia-engine-proof-core\obsidia-x108-proofs_REMOTE_A5F21C6B\_source_packs\OBSIDIA_UNIFIED_IMPLEMENTATION_BACKLOG_RICH_NO_DUPES_V1\raw\OBSIDIA_RSSI_SECURITY_PRESENTATION_PACK_V1.zip","OBSIDIA_RSSI_SECURITY_PRESENTATION_PACK_V1/docs/modules/RSSI_021_RISQUE_DEPENDANCE_LLM.md","RSSI_021_RISQUE_DEPENDANCE_LLM.md",".md","5486","INTEGRATE_TO_COMPLIANCE_DATA_GOVERNANCE_SPEC_CANDIDATE","RGPD_COMPLIANCE_SCOPE_GUARD + RSSI_EVIDENCE_ONLY","LEGAL_OR_COMPLIANCE_CLAIM_SCOPE","false","false","false","false","F10 audit only; deduped source zip inventory; no extraction; no runtime import"
"OBSIDIA_RSSI_SECURITY_PRESENTATION_PACK_V1.zip","C:\Users\User\Desktop\obsidia-engine-proof-core\obsidia-x108-proofs_REMOTE_A5F21C6B\_source_packs\OBSIDIA_UNIFIED_IMPLEMENTATION_BACKLOG_RICH_NO_DUPES_V1\raw\OBSIDIA_RSSI_SECURITY_PRESENTATION_PACK_V1.zip","OBSIDIA_RSSI_SECURITY_PRESENTATION_PACK_V1/docs/modules/RSSI_022_RISQUE_MEMORY_POISONING.md","RSSI_022_RISQUE_MEMORY_POISONING.md",".md","5504","INTEGRATE_TO_COMPLIANCE_DATA_GOVERNANCE_SPEC_CANDIDATE","RGPD_COMPLIANCE_SCOPE_GUARD + RSSI_EVIDENCE_ONLY","LEGAL_OR_COMPLIANCE_CLAIM_SCOPE","false","false","false","false","F10 audit only; deduped source zip inventory; no extraction; no runtime import"
"OBSIDIA_RSSI_SECURITY_PRESENTATION_PACK_V1.zip","C:\Users\User\Desktop\obsidia-engine-proof-core\obsidia-x108-proofs_REMOTE_A5F21C6B\_source_packs\OBSIDIA_UNIFIED_IMPLEMENTATION_BACKLOG_RICH_NO_DUPES_V1\raw\OBSIDIA_RSSI_SECURITY_PRESENTATION_PACK_V1.zip","OBSIDIA_RSSI_SECURITY_PRESENTATION_PACK_V1/docs/modules/RSSI_023_RISQUE_GRAPH_POISONING.md","RSSI_023_RISQUE_GRAPH_POISONING.md",".md","5494","INTEGRATE_TO_COMPLIANCE_DATA_GOVERNANCE_SPEC_CANDIDATE","RGPD_COMPLIANCE_SCOPE_GUARD + RSSI_EVIDENCE_ONLY","LEGAL_OR_COMPLIANCE_CLAIM_SCOPE","false","false","false","false","F10 audit only; deduped source zip inventory; no extraction; no runtime import"
"OBSIDIA_RSSI_SECURITY_PRESENTATION_PACK_V1.zip","C:\Users\User\Desktop\obsidia-engine-proof-core\obsidia-x108-proofs_REMOTE_A5F21C6B\_source_packs\OBSIDIA_UNIFIED_IMPLEMENTATION_BACKLOG_RICH_NO_DUPES_V1\raw\OBSIDIA_RSSI_SECURITY_PRESENTATION_PACK_V1.zip","OBSIDIA_RSSI_SECURITY_PRESENTATION_PACK_V1/docs/modules/RSSI_024_RISQUE_UNAUTHORIZED_TOOL_CALL.md","RSSI_024_RISQUE_UNAUTHORIZED_TOOL_CALL.md",".md","5564","INTEGRATE_TO_COMPLIANCE_DATA_GOVERNANCE_SPEC_CANDIDATE","RGPD_COMPLIANCE_SCOPE_GUARD + RSSI_EVIDENCE_ONLY","LEGAL_OR_COMPLIANCE_CLAIM_SCOPE","false","false","false","false","F10 audit only; deduped source zip inventory; no extraction; no runtime import"
"OBSIDIA_RSSI_SECURITY_PRESENTATION_PACK_V1.zip","C:\Users\User\Desktop\obsidia-engine-proof-core\obsidia-x108-proofs_REMOTE_A5F21C6B\_source_packs\OBSIDIA_UNIFIED_IMPLEMENTATION_BACKLOG_RICH_NO_DUPES_V1\raw\OBSIDIA_RSSI_SECURITY_PRESENTATION_PACK_V1.zip","OBSIDIA_RSSI_SECURITY_PRESENTATION_PACK_V1/docs/modules/RSSI_025_RISQUE_ACTION_IRREVERSIBLE.md","RSSI_025_RISQUE_ACTION_IRREVERSIBLE.md",".md","5536","INTEGRATE_TO_COMPLIANCE_DATA_GOVERNANCE_SPEC_CANDIDATE","RGPD_COMPLIANCE_SCOPE_GUARD + RSSI_EVIDENCE_ONLY","LEGAL_OR_COMPLIANCE_CLAIM_SCOPE","false","false","false","false","F10 audit only; deduped source zip inventory; no extraction; no runtime import"
"OBSIDIA_RSSI_SECURITY_PRESENTATION_PACK_V1.zip","C:\Users\User\Desktop\obsidia-engine-proof-core\obsidia-x108-proofs_REMOTE_A5F21C6B\_source_packs\OBSIDIA_UNIFIED_IMPLEMENTATION_BACKLOG_RICH_NO_DUPES_V1\raw\OBSIDIA_RSSI_SECURITY_PRESENTATION_PACK_V1.zip","OBSIDIA_RSSI_SECURITY_PRESENTATION_PACK_V1/docs/modules/RSSI_026_INCIDENT_RESPONSE.md","RSSI_026_INCIDENT_RESPONSE.md",".md","5444","INTEGRATE_TO_COMPLIANCE_DATA_GOVERNANCE_SPEC_CANDIDATE","RGPD_COMPLIANCE_SCOPE_GUARD + RSSI_EVIDENCE_ONLY","LEGAL_OR_COMPLIANCE_CLAIM_SCOPE","false","false","false","false","F10 audit only; deduped source zip inventory; no extraction; no runtime import"
"OBSIDIA_RSSI_SECURITY_PRESENTATION_PACK_V1.zip","C:\Users\User\Desktop\obsidia-engine-proof-core\obsidia-x108-proofs_REMOTE_A5F21C6B\_source_packs\OBSIDIA_UNIFIED_IMPLEMENTATION_BACKLOG_RICH_NO_DUPES_V1\raw\OBSIDIA_RSSI_SECURITY_PRESENTATION_PACK_V1.zip","OBSIDIA_RSSI_SECURITY_PRESENTATION_PACK_V1/docs/modules/RSSI_027_ROLLBACK_CONTAINMENT.md","RSSI_027_ROLLBACK_CONTAINMENT.md",".md","5478","INTEGRATE_TO_COMPLIANCE_DATA_GOVERNANCE_SPEC_CANDIDATE","RGPD_COMPLIANCE_SCOPE_GUARD + RSSI_EVIDENCE_ONLY","LEGAL_OR_COMPLIANCE_CLAIM_SCOPE","false","false","false","false","F10 audit only; deduped source zip inventory; no extraction; no runtime import"
"OBSIDIA_RSSI_SECURITY_PRESENTATION_PACK_V1.zip","C:\Users\User\Desktop\obsidia-engine-proof-core\obsidia-x108-proofs_REMOTE_A5F21C6B\_source_packs\OBSIDIA_UNIFIED_IMPLEMENTATION_BACKLOG_RICH_NO_DUPES_V1\raw\OBSIDIA_RSSI_SECURITY_PRESENTATION_PACK_V1.zip","OBSIDIA_RSSI_SECURITY_PRESENTATION_PACK_V1/docs/modules/RSSI_028_CONFORMITE_ISO_27001.md","RSSI_028_CONFORMITE_ISO_27001.md",".md","5476","INTEGRATE_TO_COMPLIANCE_DATA_GOVERNANCE_SPEC_CANDIDATE","RGPD_COMPLIANCE_SCOPE_GUARD + RSSI_EVIDENCE_ONLY","LEGAL_OR_COMPLIANCE_CLAIM_SCOPE","false","false","false","false","F10 audit only; deduped source zip inventory; no extraction; no runtime import"
"OBSIDIA_RSSI_SECURITY_PRESENTATION_PACK_V1.zip","C:\Users\User\Desktop\obsidia-engine-proof-core\obsidia-x108-proofs_REMOTE_A5F21C6B\_source_packs\OBSIDIA_UNIFIED_IMPLEMENTATION_BACKLOG_RICH_NO_DUPES_V1\raw\OBSIDIA_RSSI_SECURITY_PRESENTATION_PACK_V1.zip","OBSIDIA_RSSI_SECURITY_PRESENTATION_PACK_V1/docs/modules/RSSI_029_CONFORMITE_NIST_CSF.md","RSSI_029_CONFORMITE_NIST_CSF.md",".md","5466","INTEGRATE_TO_COMPLIANCE_DATA_GOVERNANCE_SPEC_CANDIDATE","RGPD_COMPLIANCE_SCOPE_GUARD + RSSI_EVIDENCE_ONLY","LEGAL_OR_COMPLIANCE_CLAIM_SCOPE","false","false","false","false","F10 audit only; deduped source zip inventory; no extraction; no runtime import"
"OBSIDIA_RSSI_SECURITY_PRESENTATION_PACK_V1.zip","C:\Users\User\Desktop\obsidia-engine-proof-core\obsidia-x108-proofs_REMOTE_A5F21C6B\_source_packs\OBSIDIA_UNIFIED_IMPLEMENTATION_BACKLOG_RICH_NO_DUPES_V1\raw\OBSIDIA_RSSI_SECURITY_PRESENTATION_PACK_V1.zip","OBSIDIA_RSSI_SECURITY_PRESENTATION_PACK_V1/docs/modules/RSSI_030_CONFORMITE_EBIOS_RM.md","RSSI_030_CONFORMITE_EBIOS_RM.md",".md","5466","INTEGRATE_TO_COMPLIANCE_DATA_GOVERNANCE_SPEC_CANDIDATE","RGPD_COMPLIANCE_SCOPE_GUARD + RSSI_EVIDENCE_ONLY","LEGAL_OR_COMPLIANCE_CLAIM_SCOPE","false","false","false","false","F10 audit only; deduped source zip inventory; no extraction; no runtime import"
"OBSIDIA_RSSI_SECURITY_PRESENTATION_PACK_V1.zip","C:\Users\User\Desktop\obsidia-engine-proof-core\obsidia-x108-proofs_REMOTE_A5F21C6B\_source_packs\OBSIDIA_UNIFIED_IMPLEMENTATION_BACKLOG_RICH_NO_DUPES_V1\raw\OBSIDIA_RSSI_SECURITY_PRESENTATION_PACK_V1.zip","OBSIDIA_RSSI_SECURITY_PRESENTATION_PACK_V1/docs/modules/RSSI_031_PERTINENCE_AI_ACT.md","RSSI_031_PERTINENCE_AI_ACT.md",".md","5444","INTEGRATE_TO_COMPLIANCE_DATA_GOVERNANCE_SPEC_CANDIDATE","RGPD_COMPLIANCE_SCOPE_GUARD + RSSI_EVIDENCE_ONLY","LEGAL_OR_COMPLIANCE_CLAIM_SCOPE","false","false","false","false","F10 audit only; deduped source zip inventory; no extraction; no runtime import"
"OBSIDIA_RSSI_SECURITY_PRESENTATION_PACK_V1.zip","C:\Users\User\Desktop\obsidia-engine-proof-core\obsidia-x108-proofs_REMOTE_A5F21C6B\_source_packs\OBSIDIA_UNIFIED_IMPLEMENTATION_BACKLOG_RICH_NO_DUPES_V1\raw\OBSIDIA_RSSI_SECURITY_PRESENTATION_PACK_V1.zip","OBSIDIA_RSSI_SECURITY_PRESENTATION_PACK_V1/docs/modules/RSSI_032_PERTINENCE_GDPR.md","RSSI_032_PERTINENCE_GDPR.md",".md","5424","INTEGRATE_TO_COMPLIANCE_DATA_GOVERNANCE_SPEC_CANDIDATE","RGPD_COMPLIANCE_SCOPE_GUARD + RSSI_EVIDENCE_ONLY","LEGAL_OR_COMPLIANCE_CLAIM_SCOPE","false","false","false","false","F10 audit only; deduped source zip inventory; no extraction; no runtime import"
"OBSIDIA_RSSI_SECURITY_PRESENTATION_PACK_V1.zip","C:\Users\User\Desktop\obsidia-engine-proof-core\obsidia-x108-proofs_REMOTE_A5F21C6B\_source_packs\OBSIDIA_UNIFIED_IMPLEMENTATION_BACKLOG_RICH_NO_DUPES_V1\raw\OBSIDIA_RSSI_SECURITY_PRESENTATION_PACK_V1.zip","OBSIDIA_RSSI_SECURITY_PRESENTATION_PACK_V1/docs/modules/RSSI_033_PERTINENCE_NIS2_DORA.md","RSSI_033_PERTINENCE_NIS2_DORA.md",".md","5478","INTEGRATE_TO_COMPLIANCE_DATA_GOVERNANCE_SPEC_CANDIDATE","RGPD_COMPLIANCE_SCOPE_GUARD + RSSI_EVIDENCE_ONLY","LEGAL_OR_COMPLIANCE_CLAIM_SCOPE","false","false","false","false","F10 audit only; deduped source zip inventory; no extraction; no runtime import"
"OBSIDIA_RSSI_SECURITY_PRESENTATION_PACK_V1.zip","C:\Users\User\Desktop\obsidia-engine-proof-core\obsidia-x108-proofs_REMOTE_A5F21C6B\_source_packs\OBSIDIA_UNIFIED_IMPLEMENTATION_BACKLOG_RICH_NO_DUPES_V1\raw\OBSIDIA_RSSI_SECURITY_PRESENTATION_PACK_V1.zip","OBSIDIA_RSSI_SECURITY_PRESENTATION_PACK_V1/docs/modules/RSSI_034_CONTROLES_BANCAIRES.md","RSSI_034_CONTROLES_BANCAIRES.md",".md","5466","INTEGRATE_TO_COMPLIANCE_DATA_GOVERNANCE_SPEC_CANDIDATE","RGPD_COMPLIANCE_SCOPE_GUARD + RSSI_EVIDENCE_ONLY","LEGAL_OR_COMPLIANCE_CLAIM_SCOPE","false","false","false","false","F10 audit only; deduped source zip inventory; no extraction; no runtime import"
"OBSIDIA_RSSI_SECURITY_PRESENTATION_PACK_V1.zip","C:\Users\User\Desktop\obsidia-engine-proof-core\obsidia-x108-proofs_REMOTE_A5F21C6B\_source_packs\OBSIDIA_UNIFIED_IMPLEMENTATION_BACKLOG_RICH_NO_DUPES_V1\raw\OBSIDIA_RSSI_SECURITY_PRESENTATION_PACK_V1.zip","OBSIDIA_RSSI_SECURITY_PRESENTATION_PACK_V1/docs/modules/RSSI_035_QUESTIONS_RSSI.md","RSSI_035_QUESTIONS_RSSI.md",".md","5414","INTEGRATE_TO_COMPLIANCE_DATA_GOVERNANCE_SPEC_CANDIDATE","RGPD_COMPLIANCE_SCOPE_GUARD + RSSI_EVIDENCE_ONLY","LEGAL_OR_COMPLIANCE_CLAIM_SCOPE","false","false","false","false","F10 audit only; deduped source zip inventory; no extraction; no runtime import"
"OBSIDIA_RSSI_SECURITY_PRESENTATION_PACK_V1.zip","C:\Users\User\Desktop\obsidia-engine-proof-core\obsidia-x108-proofs_REMOTE_A5F21C6B\_source_packs\OBSIDIA_UNIFIED_IMPLEMENTATION_BACKLOG_RICH_NO_DUPES_V1\raw\OBSIDIA_RSSI_SECURITY_PRESENTATION_PACK_V1.zip","OBSIDIA_RSSI_SECURITY_PRESENTATION_PACK_V1/docs/modules/RSSI_036_PREUVES_ATTENDUES.md","RSSI_036_PREUVES_ATTENDUES.md",".md","5444","INTEGRATE_TO_COMPLIANCE_DATA_GOVERNANCE_SPEC_CANDIDATE","RGPD_COMPLIANCE_SCOPE_GUARD + RSSI_EVIDENCE_ONLY","LEGAL_OR_COMPLIANCE_CLAIM_SCOPE","false","false","false","false","F10 audit only; deduped source zip inventory; no extraction; no runtime import"
"OBSIDIA_RSSI_SECURITY_PRESENTATION_PACK_V1.zip","C:\Users\User\Desktop\obsidia-engine-proof-core\obsidia-x108-proofs_REMOTE_A5F21C6B\_source_packs\OBSIDIA_UNIFIED_IMPLEMENTATION_BACKLOG_RICH_NO_DUPES_V1\raw\OBSIDIA_RSSI_SECURITY_PRESENTATION_PACK_V1.zip","OBSIDIA_RSSI_SECURITY_PRESENTATION_PACK_V1/docs/modules/RSSI_037_LIMITES_ACTUELLES.md","RSSI_037_LIMITES_ACTUELLES.md",".md","5444","INTEGRATE_TO_COMPLIANCE_DATA_GOVERNANCE_SPEC_CANDIDATE","RGPD_COMPLIANCE_SCOPE_GUARD + RSSI_EVIDENCE_ONLY","LEGAL_OR_COMPLIANCE_CLAIM_SCOPE","false","false","false","false","F10 audit only; deduped source zip inventory; no extraction; no runtime import"
"OBSIDIA_RSSI_SECURITY_PRESENTATION_PACK_V1.zip","C:\Users\User\Desktop\obsidia-engine-proof-core\obsidia-x108-proofs_REMOTE_A5F21C6B\_source_packs\OBSIDIA_UNIFIED_IMPLEMENTATION_BACKLOG_RICH_NO_DUPES_V1\raw\OBSIDIA_RSSI_SECURITY_PRESENTATION_PACK_V1.zip","OBSIDIA_RSSI_SECURITY_PRESENTATION_PACK_V1/docs/modules/RSSI_038_ROADMAP_SECURITE.md","RSSI_038_ROADMAP_SECURITE.md",".md","5438","INTEGRATE_TO_COMPLIANCE_DATA_GOVERNANCE_SPEC_CANDIDATE","RGPD_COMPLIANCE_SCOPE_GUARD + RSSI_EVIDENCE_ONLY","LEGAL_OR_COMPLIANCE_CLAIM_SCOPE","false","false","false","false","F10 audit only; deduped source zip inventory; no extraction; no runtime import"
"OBSIDIA_RSSI_SECURITY_PRESENTATION_PACK_V1.zip","C:\Users\User\Desktop\obsidia-engine-proof-core\obsidia-x108-proofs_REMOTE_A5F21C6B\_source_packs\OBSIDIA_UNIFIED_IMPLEMENTATION_BACKLOG_RICH_NO_DUPES_V1\raw\OBSIDIA_RSSI_SECURITY_PRESENTATION_PACK_V1.zip","OBSIDIA_RSSI_SECURITY_PRESENTATION_PACK_V1/docs/modules/RSSI_039_CONDITIONS_DE_PASSAGE_PRE_PROD.md","RSSI_039_CONDITIONS_DE_PASSAGE_PRE_PROD.md",".md","5574","INTEGRATE_TO_COMPLIANCE_DATA_GOVERNANCE_SPEC_CANDIDATE","RGPD_COMPLIANCE_SCOPE_GUARD + RSSI_EVIDENCE_ONLY","LEGAL_OR_COMPLIANCE_CLAIM_SCOPE","false","false","false","false","F10 audit only; deduped source zip inventory; no extraction; no runtime import"
"OBSIDIA_RSSI_SECURITY_PRESENTATION_PACK_V1.zip","C:\Users\User\Desktop\obsidia-engine-proof-core\obsidia-x108-proofs_REMOTE_A5F21C6B\_source_packs\OBSIDIA_UNIFIED_IMPLEMENTATION_BACKLOG_RICH_NO_DUPES_V1\raw\OBSIDIA_RSSI_SECURITY_PRESENTATION_PACK_V1.zip","OBSIDIA_RSSI_SECURITY_PRESENTATION_PACK_V1/docs/modules/RSSI_040_CONDITIONS_DE_REFUS_PRODUCTION.md","RSSI_040_CONDITIONS_DE_REFUS_PRODUCTION.md",".md","5574","INTEGRATE_TO_COMPLIANCE_DATA_GOVERNANCE_SPEC_CANDIDATE","RGPD_COMPLIANCE_SCOPE_GUARD + RSSI_EVIDENCE_ONLY","LEGAL_OR_COMPLIANCE_CLAIM_SCOPE","false","false","false","false","F10 audit only; deduped source zip inventory; no extraction; no runtime import"
"OBSIDIA_RSSI_SECURITY_PRESENTATION_PACK_V1.zip","C:\Users\User\Desktop\obsidia-engine-proof-core\obsidia-x108-proofs_REMOTE_A5F21C6B\_source_packs\OBSIDIA_UNIFIED_IMPLEMENTATION_BACKLOG_RICH_NO_DUPES_V1\raw\OBSIDIA_RSSI_SECURITY_PRESENTATION_PACK_V1.zip","OBSIDIA_RSSI_SECURITY_PRESENTATION_PACK_V1/docs/risk/OBSIDIA_AI_RISK_REGISTER.md","OBSIDIA_AI_RISK_REGISTER.md",".md","5121","INTEGRATE_TO_COMPLIANCE_DATA_GOVERNANCE_SPEC_CANDIDATE","RGPD_COMPLIANCE_SCOPE_GUARD + RSSI_EVIDENCE_ONLY","LEGAL_OR_COMPLIANCE_CLAIM_SCOPE","false","false","false","false","F10 audit only; deduped source zip inventory; no extraction; no runtime import"
"OBSIDIA_RSSI_SECURITY_PRESENTATION_PACK_V1.zip","C:\Users\User\Desktop\obsidia-engine-proof-core\obsidia-x108-proofs_REMOTE_A5F21C6B\_source_packs\OBSIDIA_UNIFIED_IMPLEMENTATION_BACKLOG_RICH_NO_DUPES_V1\raw\OBSIDIA_RSSI_SECURITY_PRESENTATION_PACK_V1.zip","OBSIDIA_RSSI_SECURITY_PRESENTATION_PACK_V1/docs/risk/OBSIDIA_DATA_RISK_REGISTER.md","OBSIDIA_DATA_RISK_REGISTER.md",".md","5139","INTEGRATE_TO_COMPLIANCE_DATA_GOVERNANCE_SPEC_CANDIDATE","RGPD_COMPLIANCE_SCOPE_GUARD + RSSI_EVIDENCE_ONLY","LEGAL_OR_COMPLIANCE_CLAIM_SCOPE","false","false","false","false","F10 audit only; deduped source zip inventory; no extraction; no runtime import"
"OBSIDIA_RSSI_SECURITY_PRESENTATION_PACK_V1.zip","C:\Users\User\Desktop\obsidia-engine-proof-core\obsidia-x108-proofs_REMOTE_A5F21C6B\_source_packs\OBSIDIA_UNIFIED_IMPLEMENTATION_BACKLOG_RICH_NO_DUPES_V1\raw\OBSIDIA_RSSI_SECURITY_PRESENTATION_PACK_V1.zip","OBSIDIA_RSSI_SECURITY_PRESENTATION_PACK_V1/docs/risk/OBSIDIA_GRAPHITI_NEO4J_RISK_REGISTER.md","OBSIDIA_GRAPHITI_NEO4J_RISK_REGISTER.md",".md","5229","INTEGRATE_TO_COMPLIANCE_DATA_GOVERNANCE_SPEC_CANDIDATE","RGPD_COMPLIANCE_SCOPE_GUARD + RSSI_EVIDENCE_ONLY","LEGAL_OR_COMPLIANCE_CLAIM_SCOPE","false","false","false","false","F10 audit only; deduped source zip inventory; no extraction; no runtime import"
"OBSIDIA_RSSI_SECURITY_PRESENTATION_PACK_V1.zip","C:\Users\User\Desktop\obsidia-engine-proof-core\obsidia-x108-proofs_REMOTE_A5F21C6B\_source_packs\OBSIDIA_UNIFIED_IMPLEMENTATION_BACKLOG_RICH_NO_DUPES_V1\raw\OBSIDIA_RSSI_SECURITY_PRESENTATION_PACK_V1.zip","OBSIDIA_RSSI_SECURITY_PRESENTATION_PACK_V1/docs/risk/OBSIDIA_OPERATIONAL_RISK_REGISTER.md","OBSIDIA_OPERATIONAL_RISK_REGISTER.md",".md","5202","INTEGRATE_TO_COMPLIANCE_DATA_GOVERNANCE_SPEC_CANDIDATE","RGPD_COMPLIANCE_SCOPE_GUARD + RSSI_EVIDENCE_ONLY","LEGAL_OR_COMPLIANCE_CLAIM_SCOPE","false","false","false","false","F10 audit only; deduped source zip inventory; no extraction; no runtime import"
"OBSIDIA_RSSI_SECURITY_PRESENTATION_PACK_V1.zip","C:\Users\User\Desktop\obsidia-engine-proof-core\obsidia-x108-proofs_REMOTE_A5F21C6B\_source_packs\OBSIDIA_UNIFIED_IMPLEMENTATION_BACKLOG_RICH_NO_DUPES_V1\raw\OBSIDIA_RSSI_SECURITY_PRESENTATION_PACK_V1.zip","OBSIDIA_RSSI_SECURITY_PRESENTATION_PACK_V1/docs/risk/OBSIDIA_RESIDUAL_RISK_MATRIX.md","OBSIDIA_RESIDUAL_RISK_MATRIX.md",".md","5157","INTEGRATE_TO_COMPLIANCE_DATA_GOVERNANCE_SPEC_CANDIDATE","RGPD_COMPLIANCE_SCOPE_GUARD + RSSI_EVIDENCE_ONLY","LEGAL_OR_COMPLIANCE_CLAIM_SCOPE","false","false","false","false","F10 audit only; deduped source zip inventory; no extraction; no runtime import"
"OBSIDIA_RSSI_SECURITY_PRESENTATION_PACK_V1.zip","C:\Users\User\Desktop\obsidia-engine-proof-core\obsidia-x108-proofs_REMOTE_A5F21C6B\_source_packs\OBSIDIA_UNIFIED_IMPLEMENTATION_BACKLOG_RICH_NO_DUPES_V1\raw\OBSIDIA_RSSI_SECURITY_PRESENTATION_PACK_V1.zip","OBSIDIA_RSSI_SECURITY_PRESENTATION_PACK_V1/docs/risk/OBSIDIA_RISK_REGISTER.md","OBSIDIA_RISK_REGISTER.md",".md","20529","INTEGRATE_TO_COMPLIANCE_DATA_GOVERNANCE_SPEC_CANDIDATE","RGPD_COMPLIANCE_SCOPE_GUARD + RSSI_EVIDENCE_ONLY","LEGAL_OR_COMPLIANCE_CLAIM_SCOPE","false","false","false","false","F10 audit only; deduped source zip inventory; no extraction; no runtime import"
"OBSIDIA_RSSI_SECURITY_PRESENTATION_PACK_V1.zip","C:\Users\User\Desktop\obsidia-engine-proof-core\obsidia-x108-proofs_REMOTE_A5F21C6B\_source_packs\OBSIDIA_UNIFIED_IMPLEMENTATION_BACKLOG_RICH_NO_DUPES_V1\raw\OBSIDIA_RSSI_SECURITY_PRESENTATION_PACK_V1.zip","OBSIDIA_RSSI_SECURITY_PRESENTATION_PACK_V1/docs/risk/OBSIDIA_SUPPLY_CHAIN_RISK_REGISTER.md","OBSIDIA_SUPPLY_CHAIN_RISK_REGISTER.md",".md","5211","INTEGRATE_TO_COMPLIANCE_DATA_GOVERNANCE_SPEC_CANDIDATE","RGPD_COMPLIANCE_SCOPE_GUARD + RSSI_EVIDENCE_ONLY","LEGAL_OR_COMPLIANCE_CLAIM_SCOPE","false","false","false","false","F10 audit only; deduped source zip inventory; no extraction; no runtime import"
"OBSIDIA_RSSI_SECURITY_PRESENTATION_PACK_V1.zip","C:\Users\User\Desktop\obsidia-engine-proof-core\obsidia-x108-proofs_REMOTE_A5F21C6B\_source_packs\OBSIDIA_UNIFIED_IMPLEMENTATION_BACKLOG_RICH_NO_DUPES_V1\raw\OBSIDIA_RSSI_SECURITY_PRESENTATION_PACK_V1.zip","OBSIDIA_RSSI_SECURITY_PRESENTATION_PACK_V1/docs/risk/OBSIDIA_TECHNICAL_RISK_REGISTER.md","OBSIDIA_TECHNICAL_RISK_REGISTER.md",".md","5184","INTEGRATE_TO_COMPLIANCE_DATA_GOVERNANCE_SPEC_CANDIDATE","RGPD_COMPLIANCE_SCOPE_GUARD + RSSI_EVIDENCE_ONLY","LEGAL_OR_COMPLIANCE_CLAIM_SCOPE","false","false","false","false","F10 audit only; deduped source zip inventory; no extraction; no runtime import"
"OBSIDIA_RSSI_SECURITY_PRESENTATION_PACK_V1.zip","C:\Users\User\Desktop\obsidia-engine-proof-core\obsidia-x108-proofs_REMOTE_A5F21C6B\_source_packs\OBSIDIA_UNIFIED_IMPLEMENTATION_BACKLOG_RICH_NO_DUPES_V1\raw\OBSIDIA_RSSI_SECURITY_PRESENTATION_PACK_V1.zip","OBSIDIA_RSSI_SECURITY_PRESENTATION_PACK_V1/docs/risk/OBSIDIA_X108_RISK_REGISTER.md","OBSIDIA_X108_RISK_REGISTER.md",".md","5139","INTEGRATE_TO_COMPLIANCE_DATA_GOVERNANCE_SPEC_CANDIDATE","RGPD_COMPLIANCE_SCOPE_GUARD + RSSI_EVIDENCE_ONLY","LEGAL_OR_COMPLIANCE_CLAIM_SCOPE","false","false","false","false","F10 audit only; deduped source zip inventory; no extraction; no runtime import"
"OBSIDIA_RSSI_SECURITY_PRESENTATION_PACK_V1.zip","C:\Users\User\Desktop\obsidia-engine-proof-core\obsidia-x108-proofs_REMOTE_A5F21C6B\_source_packs\OBSIDIA_UNIFIED_IMPLEMENTATION_BACKLOG_RICH_NO_DUPES_V1\raw\OBSIDIA_RSSI_SECURITY_PRESENTATION_PACK_V1.zip","OBSIDIA_RSSI_SECURITY_PRESENTATION_PACK_V1/docs/security_cases/CASE_001_PROMPT_INJECTION.md","CASE_001_PROMPT_INJECTION.md",".md","5674","INTEGRATE_TO_COMPLIANCE_DATA_GOVERNANCE_SPEC_CANDIDATE","RGPD_COMPLIANCE_SCOPE_GUARD + RSSI_EVIDENCE_ONLY","LEGAL_OR_COMPLIANCE_CLAIM_SCOPE","false","false","false","false","F10 audit only; deduped source zip inventory; no extraction; no runtime import"
"OBSIDIA_RSSI_SECURITY_PRESENTATION_PACK_V1.zip","C:\Users\User\Desktop\obsidia-engine-proof-core\obsidia-x108-proofs_REMOTE_A5F21C6B\_source_packs\OBSIDIA_UNIFIED_IMPLEMENTATION_BACKLOG_RICH_NO_DUPES_V1\raw\OBSIDIA_RSSI_SECURITY_PRESENTATION_PACK_V1.zip","OBSIDIA_RSSI_SECURITY_PRESENTATION_PACK_V1/docs/security_cases/CASE_002_AGENT_BYPASS_ATTEMPT.md","CASE_002_AGENT_BYPASS_ATTEMPT.md",".md","5722","INTEGRATE_TO_COMPLIANCE_DATA_GOVERNANCE_SPEC_CANDIDATE","RGPD_COMPLIANCE_SCOPE_GUARD + RSSI_EVIDENCE_ONLY","LEGAL_OR_COMPLIANCE_CLAIM_SCOPE","false","false","false","false","F10 audit only; deduped source zip inventory; no extraction; no runtime import"
"OBSIDIA_RSSI_SECURITY_PRESENTATION_PACK_V1.zip","C:\Users\User\Desktop\obsidia-engine-proof-core\obsidia-x108-proofs_REMOTE_A5F21C6B\_source_packs\OBSIDIA_UNIFIED_IMPLEMENTATION_BACKLOG_RICH_NO_DUPES_V1\raw\OBSIDIA_RSSI_SECURITY_PRESENTATION_PACK_V1.zip","OBSIDIA_RSSI_SECURITY_PRESENTATION_PACK_V1/docs/security_cases/CASE_003_MEMORY_WRITE_ATTEMPT.md","CASE_003_MEMORY_WRITE_ATTEMPT.md",".md","5722","INTEGRATE_TO_COMPLIANCE_DATA_GOVERNANCE_SPEC_CANDIDATE","RGPD_COMPLIANCE_SCOPE_GUARD + RSSI_EVIDENCE_ONLY","LEGAL_OR_COMPLIANCE_CLAIM_SCOPE","false","false","false","false","F10 audit only; deduped source zip inventory; no extraction; no runtime import"
"OBSIDIA_RSSI_SECURITY_PRESENTATION_PACK_V1.zip","C:\Users\User\Desktop\obsidia-engine-proof-core\obsidia-x108-proofs_REMOTE_A5F21C6B\_source_packs\OBSIDIA_UNIFIED_IMPLEMENTATION_BACKLOG_RICH_NO_DUPES_V1\raw\OBSIDIA_RSSI_SECURITY_PRESENTATION_PACK_V1.zip","OBSIDIA_RSSI_SECURITY_PRESENTATION_PACK_V1/docs/security_cases/CASE_004_GRAPHITI_WRITE_ATTEMPT.md","CASE_004_GRAPHITI_WRITE_ATTEMPT.md",".md","5746","INTEGRATE_TO_COMPLIANCE_DATA_GOVERNANCE_SPEC_CANDIDATE","RGPD_COMPLIANCE_SCOPE_GUARD + RSSI_EVIDENCE_ONLY","LEGAL_OR_COMPLIANCE_CLAIM_SCOPE","false","false","false","false","F10 audit only; deduped source zip inventory; no extraction; no runtime import"
"OBSIDIA_RSSI_SECURITY_PRESENTATION_PACK_V1.zip","C:\Users\User\Desktop\obsidia-engine-proof-core\obsidia-x108-proofs_REMOTE_A5F21C6B\_source_packs\OBSIDIA_UNIFIED_IMPLEMENTATION_BACKLOG_RICH_NO_DUPES_V1\raw\OBSIDIA_RSSI_SECURITY_PRESENTATION_PACK_V1.zip","OBSIDIA_RSSI_SECURITY_PRESENTATION_PACK_V1/docs/security_cases/CASE_005_NEO4J_MUTATION_ATTEMPT.md","CASE_005_NEO4J_MUTATION_ATTEMPT.md",".md","5746","INTEGRATE_TO_COMPLIANCE_DATA_GOVERNANCE_SPEC_CANDIDATE","RGPD_COMPLIANCE_SCOPE_GUARD + RSSI_EVIDENCE_ONLY","LEGAL_OR_COMPLIANCE_CLAIM_SCOPE","false","false","false","false","F10 audit only; deduped source zip inventory; no extraction; no runtime import"
"OBSIDIA_RSSI_SECURITY_PRESENTATION_PACK_V1.zip","C:\Users\User\Desktop\obsidia-engine-proof-core\obsidia-x108-proofs_REMOTE_A5F21C6B\_source_packs\OBSIDIA_UNIFIED_IMPLEMENTATION_BACKLOG_RICH_NO_DUPES_V1\raw\OBSIDIA_RSSI_SECURITY_PRESENTATION_PACK_V1.zip","OBSIDIA_RSSI_SECURITY_PRESENTATION_PACK_V1/docs/security_cases/CASE_006_X108_BYPASS_ATTEMPT.md","CASE_006_X108_BYPASS_ATTEMPT.md",".md","5710","INTEGRATE_TO_COMPLIANCE_DATA_GOVERNANCE_SPEC_CANDIDATE","RGPD_COMPLIANCE_SCOPE_GUARD + RSSI_EVIDENCE_ONLY","LEGAL_OR_COMPLIANCE_CLAIM_SCOPE","false","false","false","false","F10 audit only; deduped source zip inventory; no extraction; no runtime import"
"OBSIDIA_RSSI_SECURITY_PRESENTATION_PACK_V1.zip","C:\Users\User\Desktop\obsidia-engine-proof-core\obsidia-x108-proofs_REMOTE_A5F21C6B\_source_packs\OBSIDIA_UNIFIED_IMPLEMENTATION_BACKLOG_RICH_NO_DUPES_V1\raw\OBSIDIA_RSSI_SECURITY_PRESENTATION_PACK_V1.zip","OBSIDIA_RSSI_SECURITY_PRESENTATION_PACK_V1/docs/security_cases/CASE_007_PRIVILEGE_ESCALATION.md","CASE_007_PRIVILEGE_ESCALATION.md",".md","5722","INTEGRATE_TO_COMPLIANCE_DATA_GOVERNANCE_SPEC_CANDIDATE","RGPD_COMPLIANCE_SCOPE_GUARD + RSSI_EVIDENCE_ONLY","LEGAL_OR_COMPLIANCE_CLAIM_SCOPE","false","false","false","false","F10 audit only; deduped source zip inventory; no extraction; no runtime import"
"OBSIDIA_RSSI_SECURITY_PRESENTATION_PACK_V1.zip","C:\Users\User\Desktop\obsidia-engine-proof-core\obsidia-x108-proofs_REMOTE_A5F21C6B\_source_packs\OBSIDIA_UNIFIED_IMPLEMENTATION_BACKLOG_RICH_NO_DUPES_V1\raw\OBSIDIA_RSSI_SECURITY_PRESENTATION_PACK_V1.zip","OBSIDIA_RSSI_SECURITY_PRESENTATION_PACK_V1/docs/security_cases/CASE_008_DATA_EXFILTRATION.md","CASE_008_DATA_EXFILTRATION.md",".md","5686","INTEGRATE_TO_COMPLIANCE_DATA_GOVERNANCE_SPEC_CANDIDATE","RGPD_COMPLIANCE_SCOPE_GUARD + RSSI_EVIDENCE_ONLY","LEGAL_OR_COMPLIANCE_CLAIM_SCOPE","false","false","false","false","F10 audit only; deduped source zip inventory; no extraction; no runtime import"
"OBSIDIA_RSSI_SECURITY_PRESENTATION_PACK_V1.zip","C:\Users\User\Desktop\obsidia-engine-proof-core\obsidia-x108-proofs_REMOTE_A5F21C6B\_source_packs\OBSIDIA_UNIFIED_IMPLEMENTATION_BACKLOG_RICH_NO_DUPES_V1\raw\OBSIDIA_RSSI_SECURITY_PRESENTATION_PACK_V1.zip","OBSIDIA_RSSI_SECURITY_PRESENTATION_PACK_V1/docs/security_cases/CASE_009_UNAUTHORIZED_ACT.md","CASE_009_UNAUTHORIZED_ACT.md",".md","5674","INTEGRATE_TO_COMPLIANCE_DATA_GOVERNANCE_SPEC_CANDIDATE","RGPD_COMPLIANCE_SCOPE_GUARD + RSSI_EVIDENCE_ONLY","LEGAL_OR_COMPLIANCE_CLAIM_SCOPE","false","false","false","false","F10 audit only; deduped source zip inventory; no extraction; no runtime import"
"OBSIDIA_RSSI_SECURITY_PRESENTATION_PACK_V1.zip","C:\Users\User\Desktop\obsidia-engine-proof-core\obsidia-x108-proofs_REMOTE_A5F21C6B\_source_packs\OBSIDIA_UNIFIED_IMPLEMENTATION_BACKLOG_RICH_NO_DUPES_V1\raw\OBSIDIA_RSSI_SECURITY_PRESENTATION_PACK_V1.zip","OBSIDIA_RSSI_SECURITY_PRESENTATION_PACK_V1/docs/security_cases/CASE_010_IRREVERSIBLE_ACTION.md","CASE_010_IRREVERSIBLE_ACTION.md",".md","5710","INTEGRATE_TO_COMPLIANCE_DATA_GOVERNANCE_SPEC_CANDIDATE","RGPD_COMPLIANCE_SCOPE_GUARD + RSSI_EVIDENCE_ONLY","LEGAL_OR_COMPLIANCE_CLAIM_SCOPE","false","false","false","false","F10 audit only; deduped source zip inventory; no extraction; no runtime import"
"OBSIDIA_RSSI_SECURITY_PRESENTATION_PACK_V1.zip","C:\Users\User\Desktop\obsidia-engine-proof-core\obsidia-x108-proofs_REMOTE_A5F21C6B\_source_packs\OBSIDIA_UNIFIED_IMPLEMENTATION_BACKLOG_RICH_NO_DUPES_V1\raw\OBSIDIA_RSSI_SECURITY_PRESENTATION_PACK_V1.zip","OBSIDIA_RSSI_SECURITY_PRESENTATION_PACK_V1/docs/security_cases/CASE_011_HALLUCINATED_DECISION.md","CASE_011_HALLUCINATED_DECISION.md",".md","5734","INTEGRATE_TO_COMPLIANCE_DATA_GOVERNANCE_SPEC_CANDIDATE","RGPD_COMPLIANCE_SCOPE_GUARD + RSSI_EVIDENCE_ONLY","LEGAL_OR_COMPLIANCE_CLAIM_SCOPE","false","false","false","false","F10 audit only; deduped source zip inventory; no extraction; no runtime import"
"OBSIDIA_RSSI_SECURITY_PRESENTATION_PACK_V1.zip","C:\Users\User\Desktop\obsidia-engine-proof-core\obsidia-x108-proofs_REMOTE_A5F21C6B\_source_packs\OBSIDIA_UNIFIED_IMPLEMENTATION_BACKLOG_RICH_NO_DUPES_V1\raw\OBSIDIA_RSSI_SECURITY_PRESENTATION_PACK_V1.zip","OBSIDIA_RSSI_SECURITY_PRESENTATION_PACK_V1/docs/security_cases/CASE_012_SUPPLY_CHAIN_ATTACK.md","CASE_012_SUPPLY_CHAIN_ATTACK.md",".md","5710","INTEGRATE_TO_COMPLIANCE_DATA_GOVERNANCE_SPEC_CANDIDATE","RGPD_COMPLIANCE_SCOPE_GUARD + RSSI_EVIDENCE_ONLY","LEGAL_OR_COMPLIANCE_CLAIM_SCOPE","false","false","false","false","F10 audit only; deduped source zip inventory; no extraction; no runtime import"
"OBSIDIA_RSSI_SECURITY_PRESENTATION_PACK_V1.zip","C:\Users\User\Desktop\obsidia-engine-proof-core\obsidia-x108-proofs_REMOTE_A5F21C6B\_source_packs\OBSIDIA_UNIFIED_IMPLEMENTATION_BACKLOG_RICH_NO_DUPES_V1\raw\OBSIDIA_RSSI_SECURITY_PRESENTATION_PACK_V1.zip","OBSIDIA_RSSI_SECURITY_PRESENTATION_PACK_V1/docs/threat_model/OBSIDIA_ABUSE_CASES.md","OBSIDIA_ABUSE_CASES.md",".md","5064","INTEGRATE_TO_COMPLIANCE_DATA_GOVERNANCE_SPEC_CANDIDATE","RGPD_COMPLIANCE_SCOPE_GUARD + RSSI_EVIDENCE_ONLY","LEGAL_OR_COMPLIANCE_CLAIM_SCOPE","false","false","false","false","F10 audit only; deduped source zip inventory; no extraction; no runtime import"
"OBSIDIA_RSSI_SECURITY_PRESENTATION_PACK_V1.zip","C:\Users\User\Desktop\obsidia-engine-proof-core\obsidia-x108-proofs_REMOTE_A5F21C6B\_source_packs\OBSIDIA_UNIFIED_IMPLEMENTATION_BACKLOG_RICH_NO_DUPES_V1\raw\OBSIDIA_RSSI_SECURITY_PRESENTATION_PACK_V1.zip","OBSIDIA_RSSI_SECURITY_PRESENTATION_PACK_V1/docs/threat_model/OBSIDIA_ATTACK_SURFACE.md","OBSIDIA_ATTACK_SURFACE.md",".md","5091","INTEGRATE_TO_COMPLIANCE_DATA_GOVERNANCE_SPEC_CANDIDATE","RGPD_COMPLIANCE_SCOPE_GUARD + RSSI_EVIDENCE_ONLY","LEGAL_OR_COMPLIANCE_CLAIM_SCOPE","false","false","false","false","F10 audit only; deduped source zip inventory; no extraction; no runtime import"
"OBSIDIA_RSSI_SECURITY_PRESENTATION_PACK_V1.zip","C:\Users\User\Desktop\obsidia-engine-proof-core\obsidia-x108-proofs_REMOTE_A5F21C6B\_source_packs\OBSIDIA_UNIFIED_IMPLEMENTATION_BACKLOG_RICH_NO_DUPES_V1\raw\OBSIDIA_RSSI_SECURITY_PRESENTATION_PACK_V1.zip","OBSIDIA_RSSI_SECURITY_PRESENTATION_PACK_V1/docs/threat_model/OBSIDIA_ATTACK_TREE.md","OBSIDIA_ATTACK_TREE.md",".md","5064","INTEGRATE_TO_COMPLIANCE_DATA_GOVERNANCE_SPEC_CANDIDATE","RGPD_COMPLIANCE_SCOPE_GUARD + RSSI_EVIDENCE_ONLY","LEGAL_OR_COMPLIANCE_CLAIM_SCOPE","false","false","false","false","F10 audit only; deduped source zip inventory; no extraction; no runtime import"
"OBSIDIA_RSSI_SECURITY_PRESENTATION_PACK_V1.zip","C:\Users\User\Desktop\obsidia-engine-proof-core\obsidia-x108-proofs_REMOTE_A5F21C6B\_source_packs\OBSIDIA_UNIFIED_IMPLEMENTATION_BACKLOG_RICH_NO_DUPES_V1\raw\OBSIDIA_RSSI_SECURITY_PRESENTATION_PACK_V1.zip","OBSIDIA_RSSI_SECURITY_PRESENTATION_PACK_V1/docs/threat_model/OBSIDIA_MISUSE_CASES.md","OBSIDIA_MISUSE_CASES.md",".md","5073","INTEGRATE_TO_COMPLIANCE_DATA_GOVERNANCE_SPEC_CANDIDATE","RGPD_COMPLIANCE_SCOPE_GUARD + RSSI_EVIDENCE_ONLY","LEGAL_OR_COMPLIANCE_CLAIM_SCOPE","false","false","false","false","F10 audit only; deduped source zip inventory; no extraction; no runtime import"
"OBSIDIA_RSSI_SECURITY_PRESENTATION_PACK_V1.zip","C:\Users\User\Desktop\obsidia-engine-proof-core\obsidia-x108-proofs_REMOTE_A5F21C6B\_source_packs\OBSIDIA_UNIFIED_IMPLEMENTATION_BACKLOG_RICH_NO_DUPES_V1\raw\OBSIDIA_RSSI_SECURITY_PRESENTATION_PACK_V1.zip","OBSIDIA_RSSI_SECURITY_PRESENTATION_PACK_V1/docs/threat_model/OBSIDIA_SECURITY_ASSUMPTIONS.md","OBSIDIA_SECURITY_ASSUMPTIONS.md",".md","5145","INTEGRATE_TO_COMPLIANCE_DATA_GOVERNANCE_SPEC_CANDIDATE","RGPD_COMPLIANCE_SCOPE_GUARD + RSSI_EVIDENCE_ONLY","LEGAL_OR_COMPLIANCE_CLAIM_SCOPE","false","false","false","false","F10 audit only; deduped source zip inventory; no extraction; no runtime import"
"OBSIDIA_RSSI_SECURITY_PRESENTATION_PACK_V1.zip","C:\Users\User\Desktop\obsidia-engine-proof-core\obsidia-x108-proofs_REMOTE_A5F21C6B\_source_packs\OBSIDIA_UNIFIED_IMPLEMENTATION_BACKLOG_RICH_NO_DUPES_V1\raw\OBSIDIA_RSSI_SECURITY_PRESENTATION_PACK_V1.zip","OBSIDIA_RSSI_SECURITY_PRESENTATION_PACK_V1/docs/threat_model/OBSIDIA_THREAT_ACTORS.md","OBSIDIA_THREAT_ACTORS.md",".md","5082","INTEGRATE_TO_COMPLIANCE_DATA_GOVERNANCE_SPEC_CANDIDATE","RGPD_COMPLIANCE_SCOPE_GUARD + RSSI_EVIDENCE_ONLY","LEGAL_OR_COMPLIANCE_CLAIM_SCOPE","false","false","false","false","F10 audit only; deduped source zip inventory; no extraction; no runtime import"
"OBSIDIA_RSSI_SECURITY_PRESENTATION_PACK_V1.zip","C:\Users\User\Desktop\obsidia-engine-proof-core\obsidia-x108-proofs_REMOTE_A5F21C6B\_source_packs\OBSIDIA_UNIFIED_IMPLEMENTATION_BACKLOG_RICH_NO_DUPES_V1\raw\OBSIDIA_RSSI_SECURITY_PRESENTATION_PACK_V1.zip","OBSIDIA_RSSI_SECURITY_PRESENTATION_PACK_V1/docs/threat_model/OBSIDIA_THREAT_MODEL_OVERVIEW.md","OBSIDIA_THREAT_MODEL_OVERVIEW.md",".md","5154","INTEGRATE_TO_COMPLIANCE_DATA_GOVERNANCE_SPEC_CANDIDATE","RGPD_COMPLIANCE_SCOPE_GUARD + RSSI_EVIDENCE_ONLY","LEGAL_OR_COMPLIANCE_CLAIM_SCOPE","false","false","false","false","F10 audit only; deduped source zip inventory; no extraction; no runtime import"
"OBSIDIA_RSSI_SECURITY_PRESENTATION_PACK_V1.zip","C:\Users\User\Desktop\obsidia-engine-proof-core\obsidia-x108-proofs_REMOTE_A5F21C6B\_source_packs\OBSIDIA_UNIFIED_IMPLEMENTATION_BACKLOG_RICH_NO_DUPES_V1\raw\OBSIDIA_RSSI_SECURITY_PRESENTATION_PACK_V1.zip","OBSIDIA_RSSI_SECURITY_PRESENTATION_PACK_V1/docs/threat_model/OBSIDIA_TRUSTED_UNTRUSTED_ZONES.md","OBSIDIA_TRUSTED_UNTRUSTED_ZONES.md",".md","5172","INTEGRATE_TO_COMPLIANCE_DATA_GOVERNANCE_SPEC_CANDIDATE","RGPD_COMPLIANCE_SCOPE_GUARD + RSSI_EVIDENCE_ONLY","LEGAL_OR_COMPLIANCE_CLAIM_SCOPE","false","false","false","false","F10 audit only; deduped source zip inventory; no extraction; no runtime import"
"OBSIDIA_RSSI_SECURITY_PRESENTATION_PACK_V1.zip","C:\Users\User\Desktop\obsidia-engine-proof-core\obsidia-x108-proofs_REMOTE_A5F21C6B\_source_packs\OBSIDIA_UNIFIED_IMPLEMENTATION_BACKLOG_RICH_NO_DUPES_V1\raw\OBSIDIA_RSSI_SECURITY_PRESENTATION_PACK_V1.zip","OBSIDIA_RSSI_SECURITY_PRESENTATION_PACK_V1/periphery/rssi_security_pack/__init__.py","__init__.py",".py","3740","DO_NOT_IMPORT_RUNTIME","RGPD_COMPLIANCE_SCOPE_GUARD + RSSI_EVIDENCE_ONLY","PY_RUNTIME_FORBIDDEN","false","false","false","false","F10 audit only; deduped source zip inventory; no extraction; no runtime import"
"OBSIDIA_RSSI_SECURITY_PRESENTATION_PACK_V1.zip","C:\Users\User\Desktop\obsidia-engine-proof-core\obsidia-x108-proofs_REMOTE_A5F21C6B\_source_packs\OBSIDIA_UNIFIED_IMPLEMENTATION_BACKLOG_RICH_NO_DUPES_V1\raw\OBSIDIA_RSSI_SECURITY_PRESENTATION_PACK_V1.zip","OBSIDIA_RSSI_SECURITY_PRESENTATION_PACK_V1/periphery/rssi_security_pack/audit_questions.py","audit_questions.py",".py","3782","DO_NOT_IMPORT_RUNTIME","RGPD_COMPLIANCE_SCOPE_GUARD + RSSI_EVIDENCE_ONLY","PY_RUNTIME_FORBIDDEN","false","false","false","false","F10 audit only; deduped source zip inventory; no extraction; no runtime import"
"OBSIDIA_RSSI_SECURITY_PRESENTATION_PACK_V1.zip","C:\Users\User\Desktop\obsidia-engine-proof-core\obsidia-x108-proofs_REMOTE_A5F21C6B\_source_packs\OBSIDIA_UNIFIED_IMPLEMENTATION_BACKLOG_RICH_NO_DUPES_V1\raw\OBSIDIA_RSSI_SECURITY_PRESENTATION_PACK_V1.zip","OBSIDIA_RSSI_SECURITY_PRESENTATION_PACK_V1/periphery/rssi_security_pack/evidence_registry.py","evidence_registry.py",".py","3794","DO_NOT_IMPORT_RUNTIME","RGPD_COMPLIANCE_SCOPE_GUARD + RSSI_EVIDENCE_ONLY","PY_RUNTIME_FORBIDDEN","false","false","false","false","F10 audit only; deduped source zip inventory; no extraction; no runtime import"
"OBSIDIA_RSSI_SECURITY_PRESENTATION_PACK_V1.zip","C:\Users\User\Desktop\obsidia-engine-proof-core\obsidia-x108-proofs_REMOTE_A5F21C6B\_source_packs\OBSIDIA_UNIFIED_IMPLEMENTATION_BACKLOG_RICH_NO_DUPES_V1\raw\OBSIDIA_RSSI_SECURITY_PRESENTATION_PACK_V1.zip","OBSIDIA_RSSI_SECURITY_PRESENTATION_PACK_V1/periphery/rssi_security_pack/metrics.py","metrics.py",".py","3734","DO_NOT_IMPORT_RUNTIME","RGPD_COMPLIANCE_SCOPE_GUARD + RSSI_EVIDENCE_ONLY","PY_RUNTIME_FORBIDDEN","false","false","false","false","F10 audit only; deduped source zip inventory; no extraction; no runtime import"
"OBSIDIA_RSSI_SECURITY_PRESENTATION_PACK_V1.zip","C:\Users\User\Desktop\obsidia-engine-proof-core\obsidia-x108-proofs_REMOTE_A5F21C6B\_source_packs\OBSIDIA_UNIFIED_IMPLEMENTATION_BACKLOG_RICH_NO_DUPES_V1\raw\OBSIDIA_RSSI_SECURITY_PRESENTATION_PACK_V1.zip","OBSIDIA_RSSI_SECURITY_PRESENTATION_PACK_V1/periphery/rssi_security_pack/package_loader.py","package_loader.py",".py","3776","DO_NOT_IMPORT_RUNTIME","RGPD_COMPLIANCE_SCOPE_GUARD + RSSI_EVIDENCE_ONLY","PY_RUNTIME_FORBIDDEN","false","false","false","false","F10 audit only; deduped source zip inventory; no extraction; no runtime import"
"OBSIDIA_RSSI_SECURITY_PRESENTATION_PACK_V1.zip","C:\Users\User\Desktop\obsidia-engine-proof-core\obsidia-x108-proofs_REMOTE_A5F21C6B\_source_packs\OBSIDIA_UNIFIED_IMPLEMENTATION_BACKLOG_RICH_NO_DUPES_V1\raw\OBSIDIA_RSSI_SECURITY_PRESENTATION_PACK_V1.zip","OBSIDIA_RSSI_SECURITY_PRESENTATION_PACK_V1/periphery/rssi_security_pack/readonly_boundary.py","readonly_boundary.py",".py","3794","DO_NOT_IMPORT_RUNTIME","RGPD_COMPLIANCE_SCOPE_GUARD + RSSI_EVIDENCE_ONLY","PY_RUNTIME_FORBIDDEN","false","false","false","false","F10 audit only; deduped source zip inventory; no extraction; no runtime import"
"OBSIDIA_RSSI_SECURITY_PRESENTATION_PACK_V1.zip","C:\Users\User\Desktop\obsidia-engine-proof-core\obsidia-x108-proofs_REMOTE_A5F21C6B\_source_packs\OBSIDIA_UNIFIED_IMPLEMENTATION_BACKLOG_RICH_NO_DUPES_V1\raw\OBSIDIA_RSSI_SECURITY_PRESENTATION_PACK_V1.zip","OBSIDIA_RSSI_SECURITY_PRESENTATION_PACK_V1/periphery/rssi_security_pack/risk_registry.py","risk_registry.py",".py","3770","DO_NOT_IMPORT_RUNTIME","RGPD_COMPLIANCE_SCOPE_GUARD + RSSI_EVIDENCE_ONLY","PY_RUNTIME_FORBIDDEN","false","false","false","false","F10 audit only; deduped source zip inventory; no extraction; no runtime import"
"OBSIDIA_RSSI_SECURITY_PRESENTATION_PACK_V1.zip","C:\Users\User\Desktop\obsidia-engine-proof-core\obsidia-x108-proofs_REMOTE_A5F21C6B\_source_packs\OBSIDIA_UNIFIED_IMPLEMENTATION_BACKLOG_RICH_NO_DUPES_V1\raw\OBSIDIA_RSSI_SECURITY_PRESENTATION_PACK_V1.zip","OBSIDIA_RSSI_SECURITY_PRESENTATION_PACK_V1/periphery/rssi_security_pack/rssi_types.py","rssi_types.py",".py","3752","DO_NOT_IMPORT_RUNTIME","RGPD_COMPLIANCE_SCOPE_GUARD + RSSI_EVIDENCE_ONLY","PY_RUNTIME_FORBIDDEN","false","false","false","false","F10 audit only; deduped source zip inventory; no extraction; no runtime import"
"OBSIDIA_RSSI_SECURITY_PRESENTATION_PACK_V1.zip","C:\Users\User\Desktop\obsidia-engine-proof-core\obsidia-x108-proofs_REMOTE_A5F21C6B\_source_packs\OBSIDIA_UNIFIED_IMPLEMENTATION_BACKLOG_RICH_NO_DUPES_V1\raw\OBSIDIA_RSSI_SECURITY_PRESENTATION_PACK_V1.zip","OBSIDIA_RSSI_SECURITY_PRESENTATION_PACK_V1/periphery/rssi_security_pack/security_cases.py","security_cases.py",".py","3776","DO_NOT_IMPORT_RUNTIME","RGPD_COMPLIANCE_SCOPE_GUARD + RSSI_EVIDENCE_ONLY","PY_RUNTIME_FORBIDDEN","false","false","false","false","F10 audit only; deduped source zip inventory; no extraction; no runtime import"
"OBSIDIA_RSSI_SECURITY_PRESENTATION_PACK_V1.zip","C:\Users\User\Desktop\obsidia-engine-proof-core\obsidia-x108-proofs_REMOTE_A5F21C6B\_source_packs\OBSIDIA_UNIFIED_IMPLEMENTATION_BACKLOG_RICH_NO_DUPES_V1\raw\OBSIDIA_RSSI_SECURITY_PRESENTATION_PACK_V1.zip","OBSIDIA_RSSI_SECURITY_PRESENTATION_PACK_V1/periphery/rssi_security_pack/security_controls.py","security_controls.py",".py","3794","DO_NOT_IMPORT_RUNTIME","RGPD_COMPLIANCE_SCOPE_GUARD + RSSI_EVIDENCE_ONLY","PY_RUNTIME_FORBIDDEN","false","false","false","false","F10 audit only; deduped source zip inventory; no extraction; no runtime import"
"OBSIDIA_RSSI_SECURITY_PRESENTATION_PACK_V1.zip","C:\Users\User\Desktop\obsidia-engine-proof-core\obsidia-x108-proofs_REMOTE_A5F21C6B\_source_packs\OBSIDIA_UNIFIED_IMPLEMENTATION_BACKLOG_RICH_NO_DUPES_V1\raw\OBSIDIA_RSSI_SECURITY_PRESENTATION_PACK_V1.zip","OBSIDIA_RSSI_SECURITY_PRESENTATION_PACK_V1/periphery/rssi_security_pack/threat_model.py","threat_model.py",".py","3764","DO_NOT_IMPORT_RUNTIME","RGPD_COMPLIANCE_SCOPE_GUARD + RSSI_EVIDENCE_ONLY","PY_RUNTIME_FORBIDDEN","false","false","false","false","F10 audit only; deduped source zip inventory; no extraction; no runtime import"
"OBSIDIA_RSSI_SECURITY_PRESENTATION_PACK_V1.zip","C:\Users\User\Desktop\obsidia-engine-proof-core\obsidia-x108-proofs_REMOTE_A5F21C6B\_source_packs\OBSIDIA_UNIFIED_IMPLEMENTATION_BACKLOG_RICH_NO_DUPES_V1\raw\OBSIDIA_RSSI_SECURITY_PRESENTATION_PACK_V1.zip","OBSIDIA_RSSI_SECURITY_PRESENTATION_PACK_V1/registry/rssi_boundary_registry.json","rssi_boundary_registry.json",".json","4523","INTEGRATE_TO_COMPLIANCE_DATA_GOVERNANCE_SPEC_CANDIDATE","RGPD_COMPLIANCE_SCOPE_GUARD + RSSI_EVIDENCE_ONLY","LEGAL_OR_COMPLIANCE_CLAIM_SCOPE","false","false","false","false","F10 audit only; deduped source zip inventory; no extraction; no runtime import"
"OBSIDIA_RSSI_SECURITY_PRESENTATION_PACK_V1.zip","C:\Users\User\Desktop\obsidia-engine-proof-core\obsidia-x108-proofs_REMOTE_A5F21C6B\_source_packs\OBSIDIA_UNIFIED_IMPLEMENTATION_BACKLOG_RICH_NO_DUPES_V1\raw\OBSIDIA_RSSI_SECURITY_PRESENTATION_PACK_V1.zip","OBSIDIA_RSSI_SECURITY_PRESENTATION_PACK_V1/registry/rssi_control_registry.json","rssi_control_registry.json",".json","76712","INTEGRATE_TO_COMPLIANCE_DATA_GOVERNANCE_SPEC_CANDIDATE","RGPD_COMPLIANCE_SCOPE_GUARD + RSSI_EVIDENCE_ONLY","LEGAL_OR_COMPLIANCE_CLAIM_SCOPE","false","false","false","false","F10 audit only; deduped source zip inventory; no extraction; no runtime import"
"OBSIDIA_RSSI_SECURITY_PRESENTATION_PACK_V1.zip","C:\Users\User\Desktop\obsidia-engine-proof-core\obsidia-x108-proofs_REMOTE_A5F21C6B\_source_packs\OBSIDIA_UNIFIED_IMPLEMENTATION_BACKLOG_RICH_NO_DUPES_V1\raw\OBSIDIA_RSSI_SECURITY_PRESENTATION_PACK_V1.zip","OBSIDIA_RSSI_SECURITY_PRESENTATION_PACK_V1/registry/rssi_evidence_registry.json","rssi_evidence_registry.json",".json","38553","INTEGRATE_TO_COMPLIANCE_DATA_GOVERNANCE_SPEC_CANDIDATE","RGPD_COMPLIANCE_SCOPE_GUARD + RSSI_EVIDENCE_ONLY","LEGAL_OR_COMPLIANCE_CLAIM_SCOPE","false","false","false","false","F10 audit only; deduped source zip inventory; no extraction; no runtime import"
"OBSIDIA_RSSI_SECURITY_PRESENTATION_PACK_V1.zip","C:\Users\User\Desktop\obsidia-engine-proof-core\obsidia-x108-proofs_REMOTE_A5F21C6B\_source_packs\OBSIDIA_UNIFIED_IMPLEMENTATION_BACKLOG_RICH_NO_DUPES_V1\raw\OBSIDIA_RSSI_SECURITY_PRESENTATION_PACK_V1.zip","OBSIDIA_RSSI_SECURITY_PRESENTATION_PACK_V1/registry/rssi_file_registry.json","rssi_file_registry.json",".json","367161","INTEGRATE_TO_COMPLIANCE_DATA_GOVERNANCE_SPEC_CANDIDATE","RGPD_COMPLIANCE_SCOPE_GUARD + RSSI_EVIDENCE_ONLY","LEGAL_OR_COMPLIANCE_CLAIM_SCOPE","false","false","false","false","F10 audit only; deduped source zip inventory; no extraction; no runtime import"
"OBSIDIA_RSSI_SECURITY_PRESENTATION_PACK_V1.zip","C:\Users\User\Desktop\obsidia-engine-proof-core\obsidia-x108-proofs_REMOTE_A5F21C6B\_source_packs\OBSIDIA_UNIFIED_IMPLEMENTATION_BACKLOG_RICH_NO_DUPES_V1\raw\OBSIDIA_RSSI_SECURITY_PRESENTATION_PACK_V1.zip","OBSIDIA_RSSI_SECURITY_PRESENTATION_PACK_V1/registry/rssi_metrics_registry.json","rssi_metrics_registry.json",".json","9091","INTEGRATE_TO_COMPLIANCE_DATA_GOVERNANCE_SPEC_CANDIDATE","RGPD_COMPLIANCE_SCOPE_GUARD + RSSI_EVIDENCE_ONLY","LEGAL_OR_COMPLIANCE_CLAIM_SCOPE","false","false","false","false","F10 audit only; deduped source zip inventory; no extraction; no runtime import"
"OBSIDIA_RSSI_SECURITY_PRESENTATION_PACK_V1.zip","C:\Users\User\Desktop\obsidia-engine-proof-core\obsidia-x108-proofs_REMOTE_A5F21C6B\_source_packs\OBSIDIA_UNIFIED_IMPLEMENTATION_BACKLOG_RICH_NO_DUPES_V1\raw\OBSIDIA_RSSI_SECURITY_PRESENTATION_PACK_V1.zip","OBSIDIA_RSSI_SECURITY_PRESENTATION_PACK_V1/registry/rssi_risk_registry.json","rssi_risk_registry.json",".json","42563","INTEGRATE_TO_COMPLIANCE_DATA_GOVERNANCE_SPEC_CANDIDATE","RGPD_COMPLIANCE_SCOPE_GUARD + RSSI_EVIDENCE_ONLY","LEGAL_OR_COMPLIANCE_CLAIM_SCOPE","false","false","false","false","F10 audit only; deduped source zip inventory; no extraction; no runtime import"
"OBSIDIA_RSSI_SECURITY_PRESENTATION_PACK_V1.zip","C:\Users\User\Desktop\obsidia-engine-proof-core\obsidia-x108-proofs_REMOTE_A5F21C6B\_source_packs\OBSIDIA_UNIFIED_IMPLEMENTATION_BACKLOG_RICH_NO_DUPES_V1\raw\OBSIDIA_RSSI_SECURITY_PRESENTATION_PACK_V1.zip","OBSIDIA_RSSI_SECURITY_PRESENTATION_PACK_V1/registry/rssi_security_case_registry.json","rssi_security_case_registry.json",".json","42080","INTEGRATE_TO_COMPLIANCE_DATA_GOVERNANCE_SPEC_CANDIDATE","RGPD_COMPLIANCE_SCOPE_GUARD + RSSI_EVIDENCE_ONLY","LEGAL_OR_COMPLIANCE_CLAIM_SCOPE","false","false","false","false","F10 audit only; deduped source zip inventory; no extraction; no runtime import"
"OBSIDIA_RSSI_SECURITY_PRESENTATION_PACK_V1.zip","C:\Users\User\Desktop\obsidia-engine-proof-core\obsidia-x108-proofs_REMOTE_A5F21C6B\_source_packs\OBSIDIA_UNIFIED_IMPLEMENTATION_BACKLOG_RICH_NO_DUPES_V1\raw\OBSIDIA_RSSI_SECURITY_PRESENTATION_PACK_V1.zip","OBSIDIA_RSSI_SECURITY_PRESENTATION_PACK_V1/registry/rssi_threat_registry.json","rssi_threat_registry.json",".json","5840","INTEGRATE_TO_COMPLIANCE_DATA_GOVERNANCE_SPEC_CANDIDATE","RGPD_COMPLIANCE_SCOPE_GUARD + RSSI_EVIDENCE_ONLY","LEGAL_OR_COMPLIANCE_CLAIM_SCOPE","false","false","false","false","F10 audit only; deduped source zip inventory; no extraction; no runtime import"
"OBSIDIA_RSSI_SECURITY_PRESENTATION_PACK_V1.zip","C:\Users\User\Desktop\obsidia-engine-proof-core\obsidia-x108-proofs_REMOTE_A5F21C6B\_source_packs\OBSIDIA_UNIFIED_IMPLEMENTATION_BACKLOG_RICH_NO_DUPES_V1\raw\OBSIDIA_RSSI_SECURITY_PRESENTATION_PACK_V1.zip","OBSIDIA_RSSI_SECURITY_PRESENTATION_PACK_V1/tests/test_rssi_pack_boundaries.py","test_rssi_pack_boundaries.py",".py","4546","DO_NOT_IMPORT_RUNTIME","RGPD_COMPLIANCE_SCOPE_GUARD + RSSI_EVIDENCE_ONLY","PY_RUNTIME_FORBIDDEN","false","false","false","false","F10 audit only; deduped source zip inventory; no extraction; no runtime import"
"OBSIDIA_RSSI_SECURITY_PRESENTATION_PACK_V1.zip","C:\Users\User\Desktop\obsidia-engine-proof-core\obsidia-x108-proofs_REMOTE_A5F21C6B\_source_packs\OBSIDIA_UNIFIED_IMPLEMENTATION_BACKLOG_RICH_NO_DUPES_V1\raw\OBSIDIA_RSSI_SECURITY_PRESENTATION_PACK_V1.zip","OBSIDIA_RSSI_SECURITY_PRESENTATION_PACK_V1/tests/test_rssi_pack_metrics.py","test_rssi_pack_metrics.py",".py","7939","DO_NOT_IMPORT_RUNTIME","RGPD_COMPLIANCE_SCOPE_GUARD + RSSI_EVIDENCE_ONLY","PY_RUNTIME_FORBIDDEN","false","false","false","false","F10 audit only; deduped source zip inventory; no extraction; no runtime import"
"OBSIDIA_RSSI_SECURITY_PRESENTATION_PACK_V1.zip","C:\Users\User\Desktop\obsidia-engine-proof-core\obsidia-x108-proofs_REMOTE_A5F21C6B\_source_packs\OBSIDIA_UNIFIED_IMPLEMENTATION_BACKLOG_RICH_NO_DUPES_V1\raw\OBSIDIA_RSSI_SECURITY_PRESENTATION_PACK_V1.zip","OBSIDIA_RSSI_SECURITY_PRESENTATION_PACK_V1/tests/test_rssi_pack_no_mutation.py","test_rssi_pack_no_mutation.py",".py","4222","DO_NOT_IMPORT_RUNTIME","RGPD_COMPLIANCE_SCOPE_GUARD + RSSI_EVIDENCE_ONLY","PY_RUNTIME_FORBIDDEN","false","false","false","false","F10 audit only; deduped source zip inventory; no extraction; no runtime import"
"OBSIDIA_RSSI_SECURITY_PRESENTATION_PACK_V1.zip","C:\Users\User\Desktop\obsidia-engine-proof-core\obsidia-x108-proofs_REMOTE_A5F21C6B\_source_packs\OBSIDIA_UNIFIED_IMPLEMENTATION_BACKLOG_RICH_NO_DUPES_V1\raw\OBSIDIA_RSSI_SECURITY_PRESENTATION_PACK_V1.zip","OBSIDIA_RSSI_SECURITY_PRESENTATION_PACK_V1/tests/test_rssi_pack_registries.py","test_rssi_pack_registries.py",".py","3723","DO_NOT_IMPORT_RUNTIME","RGPD_COMPLIANCE_SCOPE_GUARD + RSSI_EVIDENCE_ONLY","PY_RUNTIME_FORBIDDEN","false","false","false","false","F10 audit only; deduped source zip inventory; no extraction; no runtime import"
"OBSIDIA_RSSI_SECURITY_PRESENTATION_PACK_V1.zip","C:\Users\User\Desktop\obsidia-engine-proof-core\obsidia-x108-proofs_REMOTE_A5F21C6B\_source_packs\OBSIDIA_UNIFIED_IMPLEMENTATION_BACKLOG_RICH_NO_DUPES_V1\raw\OBSIDIA_RSSI_SECURITY_PRESENTATION_PACK_V1.zip","OBSIDIA_RSSI_SECURITY_PRESENTATION_PACK_V1/tests/test_rssi_pack_structure.py","test_rssi_pack_structure.py",".py","12204","DO_NOT_IMPORT_RUNTIME","RGPD_COMPLIANCE_SCOPE_GUARD + RSSI_EVIDENCE_ONLY","PY_RUNTIME_FORBIDDEN","false","false","false","false","F10 audit only; deduped source zip inventory; no extraction; no runtime import"
"OBSIDIA_RSSI_EXTERNAL_SIGNALS_PATCH_V1.zip","C:\Users\User\Desktop\obsidia-engine-proof-core\obsidia-x108-proofs_REMOTE_A5F21C6B\_source_packs\OBSIDIA_UNIFIED_IMPLEMENTATION_BACKLOG_RICH_NO_DUPES_V1\raw\OBSIDIA_RSSI_EXTERNAL_SIGNALS_PATCH_V1.zip","OBSIDIA_RSSI_EXTERNAL_SIGNALS_PATCH_V1/MERGE_INSTRUCTIONS.md","MERGE_INSTRUCTIONS.md",".md","1222","INTEGRATE_TO_COMPLIANCE_DATA_GOVERNANCE_SPEC_CANDIDATE","RGPD_COMPLIANCE_SCOPE_GUARD + RSSI_EVIDENCE_ONLY","LEGAL_OR_COMPLIANCE_CLAIM_SCOPE","false","false","false","false","F10 audit only; deduped source zip inventory; no extraction; no runtime import"
"OBSIDIA_RSSI_EXTERNAL_SIGNALS_PATCH_V1.zip","C:\Users\User\Desktop\obsidia-engine-proof-core\obsidia-x108-proofs_REMOTE_A5F21C6B\_source_packs\OBSIDIA_UNIFIED_IMPLEMENTATION_BACKLOG_RICH_NO_DUPES_V1\raw\OBSIDIA_RSSI_EXTERNAL_SIGNALS_PATCH_V1.zip","OBSIDIA_RSSI_EXTERNAL_SIGNALS_PATCH_V1/README.md","README.md",".md","1158","INTEGRATE_TO_COMPLIANCE_DATA_GOVERNANCE_SPEC_CANDIDATE","RGPD_COMPLIANCE_SCOPE_GUARD + RSSI_EVIDENCE_ONLY","LEGAL_OR_COMPLIANCE_CLAIM_SCOPE","false","false","false","false","F10 audit only; deduped source zip inventory; no extraction; no runtime import"
"OBSIDIA_RSSI_EXTERNAL_SIGNALS_PATCH_V1.zip","C:\Users\User\Desktop\obsidia-engine-proof-core\obsidia-x108-proofs_REMOTE_A5F21C6B\_source_packs\OBSIDIA_UNIFIED_IMPLEMENTATION_BACKLOG_RICH_NO_DUPES_V1\raw\OBSIDIA_RSSI_EXTERNAL_SIGNALS_PATCH_V1.zip","OBSIDIA_RSSI_EXTERNAL_SIGNALS_PATCH_V1/SHA256SUMS.txt","SHA256SUMS.txt",".txt","4601","INTEGRATE_TO_COMPLIANCE_DATA_GOVERNANCE_SPEC_CANDIDATE","RGPD_COMPLIANCE_SCOPE_GUARD + RSSI_EVIDENCE_ONLY","LEGAL_OR_COMPLIANCE_CLAIM_SCOPE","false","false","false","false","F10 audit only; deduped source zip inventory; no extraction; no runtime import"
"OBSIDIA_RSSI_EXTERNAL_SIGNALS_PATCH_V1.zip","C:\Users\User\Desktop\obsidia-engine-proof-core\obsidia-x108-proofs_REMOTE_A5F21C6B\_source_packs\OBSIDIA_UNIFIED_IMPLEMENTATION_BACKLOG_RICH_NO_DUPES_V1\raw\OBSIDIA_RSSI_EXTERNAL_SIGNALS_PATCH_V1.zip","OBSIDIA_RSSI_EXTERNAL_SIGNALS_PATCH_V1/VALIDATION_REPORT.yaml","VALIDATION_REPORT.yaml",".yaml","457","INTEGRATE_TO_COMPLIANCE_DATA_GOVERNANCE_SPEC_CANDIDATE","RGPD_COMPLIANCE_SCOPE_GUARD + RSSI_EVIDENCE_ONLY","LEGAL_OR_COMPLIANCE_CLAIM_SCOPE","false","false","false","false","F10 audit only; deduped source zip inventory; no extraction; no runtime import"
"OBSIDIA_RSSI_EXTERNAL_SIGNALS_PATCH_V1.zip","C:\Users\User\Desktop\obsidia-engine-proof-core\obsidia-x108-proofs_REMOTE_A5F21C6B\_source_packs\OBSIDIA_UNIFIED_IMPLEMENTATION_BACKLOG_RICH_NO_DUPES_V1\raw\OBSIDIA_RSSI_EXTERNAL_SIGNALS_PATCH_V1.zip","OBSIDIA_RSSI_EXTERNAL_SIGNALS_PATCH_V1/component_specs/C459_timeverse_temporal_sidecar.yaml","C459_timeverse_temporal_sidecar.yaml",".yaml","2750","INTEGRATE_TO_COMPLIANCE_DATA_GOVERNANCE_SPEC_CANDIDATE","RGPD_COMPLIANCE_SCOPE_GUARD + RSSI_EVIDENCE_ONLY","LEGAL_OR_COMPLIANCE_CLAIM_SCOPE","false","false","false","false","F10 audit only; deduped source zip inventory; no extraction; no runtime import"
"OBSIDIA_RSSI_EXTERNAL_SIGNALS_PATCH_V1.zip","C:\Users\User\Desktop\obsidia-engine-proof-core\obsidia-x108-proofs_REMOTE_A5F21C6B\_source_packs\OBSIDIA_UNIFIED_IMPLEMENTATION_BACKLOG_RICH_NO_DUPES_V1\raw\OBSIDIA_RSSI_EXTERNAL_SIGNALS_PATCH_V1.zip","OBSIDIA_RSSI_EXTERNAL_SIGNALS_PATCH_V1/component_specs/C460_temporal_context_header.yaml","C460_temporal_context_header.yaml",".yaml","2668","INTEGRATE_TO_COMPLIANCE_DATA_GOVERNANCE_SPEC_CANDIDATE","RGPD_COMPLIANCE_SCOPE_GUARD + RSSI_EVIDENCE_ONLY","LEGAL_OR_COMPLIANCE_CLAIM_SCOPE","false","false","false","false","F10 audit only; deduped source zip inventory; no extraction; no runtime import"
"OBSIDIA_RSSI_EXTERNAL_SIGNALS_PATCH_V1.zip","C:\Users\User\Desktop\obsidia-engine-proof-core\obsidia-x108-proofs_REMOTE_A5F21C6B\_source_packs\OBSIDIA_UNIFIED_IMPLEMENTATION_BACKLOG_RICH_NO_DUPES_V1\raw\OBSIDIA_RSSI_EXTERNAL_SIGNALS_PATCH_V1.zip","OBSIDIA_RSSI_EXTERNAL_SIGNALS_PATCH_V1/component_specs/C461_tick_canonical_validation.yaml","C461_tick_canonical_validation.yaml",".yaml","2610","INTEGRATE_TO_COMPLIANCE_DATA_GOVERNANCE_SPEC_CANDIDATE","RGPD_COMPLIANCE_SCOPE_GUARD + RSSI_EVIDENCE_ONLY","LEGAL_OR_COMPLIANCE_CLAIM_SCOPE","false","false","false","false","F10 audit only; deduped source zip inventory; no extraction; no runtime import"
"OBSIDIA_RSSI_EXTERNAL_SIGNALS_PATCH_V1.zip","C:\Users\User\Desktop\obsidia-engine-proof-core\obsidia-x108-proofs_REMOTE_A5F21C6B\_source_packs\OBSIDIA_UNIFIED_IMPLEMENTATION_BACKLOG_RICH_NO_DUPES_V1\raw\OBSIDIA_RSSI_EXTERNAL_SIGNALS_PATCH_V1.zip","OBSIDIA_RSSI_EXTERNAL_SIGNALS_PATCH_V1/component_specs/C462_no_float_temporal_math.yaml","C462_no_float_temporal_math.yaml",".yaml","2532","INTEGRATE_TO_COMPLIANCE_DATA_GOVERNANCE_SPEC_CANDIDATE","RGPD_COMPLIANCE_SCOPE_GUARD + RSSI_EVIDENCE_ONLY","LEGAL_OR_COMPLIANCE_CLAIM_SCOPE","false","false","false","false","F10 audit only; deduped source zip inventory; no extraction; no runtime import"
"OBSIDIA_RSSI_EXTERNAL_SIGNALS_PATCH_V1.zip","C:\Users\User\Desktop\obsidia-engine-proof-core\obsidia-x108-proofs_REMOTE_A5F21C6B\_source_packs\OBSIDIA_UNIFIED_IMPLEMENTATION_BACKLOG_RICH_NO_DUPES_V1\raw\OBSIDIA_RSSI_EXTERNAL_SIGNALS_PATCH_V1.zip","OBSIDIA_RSSI_EXTERNAL_SIGNALS_PATCH_V1/component_specs/C463_anti_replay_horizon.yaml","C463_anti_replay_horizon.yaml",".yaml","2631","INTEGRATE_TO_COMPLIANCE_DATA_GOVERNANCE_SPEC_CANDIDATE","RGPD_COMPLIANCE_SCOPE_GUARD + RSSI_EVIDENCE_ONLY","LEGAL_OR_COMPLIANCE_CLAIM_SCOPE","false","false","false","false","F10 audit only; deduped source zip inventory; no extraction; no runtime import"
"OBSIDIA_RSSI_EXTERNAL_SIGNALS_PATCH_V1.zip","C:\Users\User\Desktop\obsidia-engine-proof-core\obsidia-x108-proofs_REMOTE_A5F21C6B\_source_packs\OBSIDIA_UNIFIED_IMPLEMENTATION_BACKLOG_RICH_NO_DUPES_V1\raw\OBSIDIA_RSSI_EXTERNAL_SIGNALS_PATCH_V1.zip","OBSIDIA_RSSI_EXTERNAL_SIGNALS_PATCH_V1/component_specs/C464_temporal_challenge.yaml","C464_temporal_challenge.yaml",".yaml","2638","INTEGRATE_TO_COMPLIANCE_DATA_GOVERNANCE_SPEC_CANDIDATE","RGPD_COMPLIANCE_SCOPE_GUARD + RSSI_EVIDENCE_ONLY","LEGAL_OR_COMPLIANCE_CLAIM_SCOPE","false","false","false","false","F10 audit only; deduped source zip inventory; no extraction; no runtime import"
"OBSIDIA_RSSI_EXTERNAL_SIGNALS_PATCH_V1.zip","C:\Users\User\Desktop\obsidia-engine-proof-core\obsidia-x108-proofs_REMOTE_A5F21C6B\_source_packs\OBSIDIA_UNIFIED_IMPLEMENTATION_BACKLOG_RICH_NO_DUPES_V1\raw\OBSIDIA_RSSI_EXTERNAL_SIGNALS_PATCH_V1.zip","OBSIDIA_RSSI_EXTERNAL_SIGNALS_PATCH_V1/component_specs/C465_time_bounded_tool_call_check.yaml","C465_time_bounded_tool_call_check.yaml",".yaml","2661","INTEGRATE_TO_COMPLIANCE_DATA_GOVERNANCE_SPEC_CANDIDATE","RGPD_COMPLIANCE_SCOPE_GUARD + RSSI_EVIDENCE_ONLY","LEGAL_OR_COMPLIANCE_CLAIM_SCOPE","false","false","false","false","F10 audit only; deduped source zip inventory; no extraction; no runtime import"
"OBSIDIA_RSSI_EXTERNAL_SIGNALS_PATCH_V1.zip","C:\Users\User\Desktop\obsidia-engine-proof-core\obsidia-x108-proofs_REMOTE_A5F21C6B\_source_packs\OBSIDIA_UNIFIED_IMPLEMENTATION_BACKLOG_RICH_NO_DUPES_V1\raw\OBSIDIA_RSSI_EXTERNAL_SIGNALS_PATCH_V1.zip","OBSIDIA_RSSI_EXTERNAL_SIGNALS_PATCH_V1/component_specs/C466_temporal_receipt_metadata.yaml","C466_temporal_receipt_metadata.yaml",".yaml","2705","INTEGRATE_TO_COMPLIANCE_DATA_GOVERNANCE_SPEC_CANDIDATE","RGPD_COMPLIANCE_SCOPE_GUARD + RSSI_EVIDENCE_ONLY","LEGAL_OR_COMPLIANCE_CLAIM_SCOPE","false","false","false","false","F10 audit only; deduped source zip inventory; no extraction; no runtime import"
"OBSIDIA_RSSI_EXTERNAL_SIGNALS_PATCH_V1.zip","C:\Users\User\Desktop\obsidia-engine-proof-core\obsidia-x108-proofs_REMOTE_A5F21C6B\_source_packs\OBSIDIA_UNIFIED_IMPLEMENTATION_BACKLOG_RICH_NO_DUPES_V1\raw\OBSIDIA_RSSI_EXTERNAL_SIGNALS_PATCH_V1.zip","OBSIDIA_RSSI_EXTERNAL_SIGNALS_PATCH_V1/component_specs/C467_TSAE_receipt_model.yaml","C467_TSAE_receipt_model.yaml",".yaml","2588","INTEGRATE_TO_COMPLIANCE_DATA_GOVERNANCE_SPEC_CANDIDATE","RGPD_COMPLIANCE_SCOPE_GUARD + RSSI_EVIDENCE_ONLY","LEGAL_OR_COMPLIANCE_CLAIM_SCOPE","false","false","false","false","F10 audit only; deduped source zip inventory; no extraction; no runtime import"
"OBSIDIA_RSSI_EXTERNAL_SIGNALS_PATCH_V1.zip","C:\Users\User\Desktop\obsidia-engine-proof-core\obsidia-x108-proofs_REMOTE_A5F21C6B\_source_packs\OBSIDIA_UNIFIED_IMPLEMENTATION_BACKLOG_RICH_NO_DUPES_V1\raw\OBSIDIA_RSSI_EXTERNAL_SIGNALS_PATCH_V1.zip","OBSIDIA_RSSI_EXTERNAL_SIGNALS_PATCH_V1/component_specs/C468_receipt_anchor_hash.yaml","C468_receipt_anchor_hash.yaml",".yaml","2592","INTEGRATE_TO_COMPLIANCE_DATA_GOVERNANCE_SPEC_CANDIDATE","RGPD_COMPLIANCE_SCOPE_GUARD + RSSI_EVIDENCE_ONLY","LEGAL_OR_COMPLIANCE_CLAIM_SCOPE","false","false","false","false","F10 audit only; deduped source zip inventory; no extraction; no runtime import"
"OBSIDIA_RSSI_EXTERNAL_SIGNALS_PATCH_V1.zip","C:\Users\User\Desktop\obsidia-engine-proof-core\obsidia-x108-proofs_REMOTE_A5F21C6B\_source_packs\OBSIDIA_UNIFIED_IMPLEMENTATION_BACKLOG_RICH_NO_DUPES_V1\raw\OBSIDIA_RSSI_EXTERNAL_SIGNALS_PATCH_V1.zip","OBSIDIA_RSSI_EXTERNAL_SIGNALS_PATCH_V1/component_specs/C469_stale_execution_detection.yaml","C469_stale_execution_detection.yaml",".yaml","2567","INTEGRATE_TO_COMPLIANCE_DATA_GOVERNANCE_SPEC_CANDIDATE","RGPD_COMPLIANCE_SCOPE_GUARD + RSSI_EVIDENCE_ONLY","LEGAL_OR_COMPLIANCE_CLAIM_SCOPE","false","false","false","false","F10 audit only; deduped source zip inventory; no extraction; no runtime import"
"OBSIDIA_RSSI_EXTERNAL_SIGNALS_PATCH_V1.zip","C:\Users\User\Desktop\obsidia-engine-proof-core\obsidia-x108-proofs_REMOTE_A5F21C6B\_source_packs\OBSIDIA_UNIFIED_IMPLEMENTATION_BACKLOG_RICH_NO_DUPES_V1\raw\OBSIDIA_RSSI_EXTERNAL_SIGNALS_PATCH_V1.zip","OBSIDIA_RSSI_EXTERNAL_SIGNALS_PATCH_V1/component_specs/C470_temporal_zero_trust_positioning.yaml","C470_temporal_zero_trust_positioning.yaml",".yaml","2592","INTEGRATE_TO_COMPLIANCE_DATA_GOVERNANCE_SPEC_CANDIDATE","RGPD_COMPLIANCE_SCOPE_GUARD + RSSI_EVIDENCE_ONLY","LEGAL_OR_COMPLIANCE_CLAIM_SCOPE","false","false","false","false","F10 audit only; deduped source zip inventory; no extraction; no runtime import"
"OBSIDIA_RSSI_EXTERNAL_SIGNALS_PATCH_V1.zip","C:\Users\User\Desktop\obsidia-engine-proof-core\obsidia-x108-proofs_REMOTE_A5F21C6B\_source_packs\OBSIDIA_UNIFIED_IMPLEMENTATION_BACKLOG_RICH_NO_DUPES_V1\raw\OBSIDIA_RSSI_EXTERNAL_SIGNALS_PATCH_V1.zip","OBSIDIA_RSSI_EXTERNAL_SIGNALS_PATCH_V1/component_specs/C471_gateway_before_endpoint_prefilter.yaml","C471_gateway_before_endpoint_prefilter.yaml",".yaml","2648","INTEGRATE_TO_COMPLIANCE_DATA_GOVERNANCE_SPEC_CANDIDATE","RGPD_COMPLIANCE_SCOPE_GUARD + RSSI_EVIDENCE_ONLY","LEGAL_OR_COMPLIANCE_CLAIM_SCOPE","false","false","false","false","F10 audit only; deduped source zip inventory; no extraction; no runtime import"
"OBSIDIA_RSSI_EXTERNAL_SIGNALS_PATCH_V1.zip","C:\Users\User\Desktop\obsidia-engine-proof-core\obsidia-x108-proofs_REMOTE_A5F21C6B\_source_packs\OBSIDIA_UNIFIED_IMPLEMENTATION_BACKLOG_RICH_NO_DUPES_V1\raw\OBSIDIA_RSSI_EXTERNAL_SIGNALS_PATCH_V1.zip","OBSIDIA_RSSI_EXTERNAL_SIGNALS_PATCH_V1/component_specs/C472_consequence_boundary_enrichment.yaml","C472_consequence_boundary_enrichment.yaml",".yaml","2700","INTEGRATE_TO_COMPLIANCE_DATA_GOVERNANCE_SPEC_CANDIDATE","RGPD_COMPLIANCE_SCOPE_GUARD + RSSI_EVIDENCE_ONLY","LEGAL_OR_COMPLIANCE_CLAIM_SCOPE","false","false","false","false","F10 audit only; deduped source zip inventory; no extraction; no runtime import"
"OBSIDIA_RSSI_EXTERNAL_SIGNALS_PATCH_V1.zip","C:\Users\User\Desktop\obsidia-engine-proof-core\obsidia-x108-proofs_REMOTE_A5F21C6B\_source_packs\OBSIDIA_UNIFIED_IMPLEMENTATION_BACKLOG_RICH_NO_DUPES_V1\raw\OBSIDIA_RSSI_EXTERNAL_SIGNALS_PATCH_V1.zip","OBSIDIA_RSSI_EXTERNAL_SIGNALS_PATCH_V1/component_specs/C473_wrapper_non_reauthoring_law.yaml","C473_wrapper_non_reauthoring_law.yaml",".yaml","2550","INTEGRATE_TO_COMPLIANCE_DATA_GOVERNANCE_SPEC_CANDIDATE","RGPD_COMPLIANCE_SCOPE_GUARD + RSSI_EVIDENCE_ONLY","LEGAL_OR_COMPLIANCE_CLAIM_SCOPE","false","false","false","false","F10 audit only; deduped source zip inventory; no extraction; no runtime import"
"OBSIDIA_RSSI_EXTERNAL_SIGNALS_PATCH_V1.zip","C:\Users\User\Desktop\obsidia-engine-proof-core\obsidia-x108-proofs_REMOTE_A5F21C6B\_source_packs\OBSIDIA_UNIFIED_IMPLEMENTATION_BACKLOG_RICH_NO_DUPES_V1\raw\OBSIDIA_RSSI_EXTERNAL_SIGNALS_PATCH_V1.zip","OBSIDIA_RSSI_EXTERNAL_SIGNALS_PATCH_V1/component_specs/C474_law_state_input_replay_triplet.yaml","C474_law_state_input_replay_triplet.yaml",".yaml","2663","INTEGRATE_TO_COMPLIANCE_DATA_GOVERNANCE_SPEC_CANDIDATE","RGPD_COMPLIANCE_SCOPE_GUARD + RSSI_EVIDENCE_ONLY","LEGAL_OR_COMPLIANCE_CLAIM_SCOPE","false","false","false","false","F10 audit only; deduped source zip inventory; no extraction; no runtime import"
"OBSIDIA_RSSI_EXTERNAL_SIGNALS_PATCH_V1.zip","C:\Users\User\Desktop\obsidia-engine-proof-core\obsidia-x108-proofs_REMOTE_A5F21C6B\_source_packs\OBSIDIA_UNIFIED_IMPLEMENTATION_BACKLOG_RICH_NO_DUPES_V1\raw\OBSIDIA_RSSI_EXTERNAL_SIGNALS_PATCH_V1.zip","OBSIDIA_RSSI_EXTERNAL_SIGNALS_PATCH_V1/component_specs/C475_corridor_packaging_registry.yaml","C475_corridor_packaging_registry.yaml",".yaml","2591","INTEGRATE_TO_COMPLIANCE_DATA_GOVERNANCE_SPEC_CANDIDATE","RGPD_COMPLIANCE_SCOPE_GUARD + RSSI_EVIDENCE_ONLY","LEGAL_OR_COMPLIANCE_CLAIM_SCOPE","false","false","false","false","F10 audit only; deduped source zip inventory; no extraction; no runtime import"
"OBSIDIA_RSSI_EXTERNAL_SIGNALS_PATCH_V1.zip","C:\Users\User\Desktop\obsidia-engine-proof-core\obsidia-x108-proofs_REMOTE_A5F21C6B\_source_packs\OBSIDIA_UNIFIED_IMPLEMENTATION_BACKLOG_RICH_NO_DUPES_V1\raw\OBSIDIA_RSSI_EXTERNAL_SIGNALS_PATCH_V1.zip","OBSIDIA_RSSI_EXTERNAL_SIGNALS_PATCH_V1/component_specs/C476_refusal_preserves_structure.yaml","C476_refusal_preserves_structure.yaml",".yaml","2620","INTEGRATE_TO_COMPLIANCE_DATA_GOVERNANCE_SPEC_CANDIDATE","RGPD_COMPLIANCE_SCOPE_GUARD + RSSI_EVIDENCE_ONLY","LEGAL_OR_COMPLIANCE_CLAIM_SCOPE","false","false","false","false","F10 audit only; deduped source zip inventory; no extraction; no runtime import"
"OBSIDIA_RSSI_EXTERNAL_SIGNALS_PATCH_V1.zip","C:\Users\User\Desktop\obsidia-engine-proof-core\obsidia-x108-proofs_REMOTE_A5F21C6B\_source_packs\OBSIDIA_UNIFIED_IMPLEMENTATION_BACKLOG_RICH_NO_DUPES_V1\raw\OBSIDIA_RSSI_EXTERNAL_SIGNALS_PATCH_V1.zip","OBSIDIA_RSSI_EXTERNAL_SIGNALS_PATCH_V1/component_specs/C477_protected_consequence_could_not_bind.yaml","C477_protected_consequence_could_not_bind.yaml",".yaml","2624","INTEGRATE_TO_COMPLIANCE_DATA_GOVERNANCE_SPEC_CANDIDATE","RGPD_COMPLIANCE_SCOPE_GUARD + RSSI_EVIDENCE_ONLY","LEGAL_OR_COMPLIANCE_CLAIM_SCOPE","false","false","false","false","F10 audit only; deduped source zip inventory; no extraction; no runtime import"
"OBSIDIA_RSSI_EXTERNAL_SIGNALS_PATCH_V1.zip","C:\Users\User\Desktop\obsidia-engine-proof-core\obsidia-x108-proofs_REMOTE_A5F21C6B\_source_packs\OBSIDIA_UNIFIED_IMPLEMENTATION_BACKLOG_RICH_NO_DUPES_V1\raw\OBSIDIA_RSSI_EXTERNAL_SIGNALS_PATCH_V1.zip","OBSIDIA_RSSI_EXTERNAL_SIGNALS_PATCH_V1/component_specs/C478_executable_standing_check.yaml","C478_executable_standing_check.yaml",".yaml","2676","INTEGRATE_TO_COMPLIANCE_DATA_GOVERNANCE_SPEC_CANDIDATE","RGPD_COMPLIANCE_SCOPE_GUARD + RSSI_EVIDENCE_ONLY","LEGAL_OR_COMPLIANCE_CLAIM_SCOPE","false","false","false","false","F10 audit only; deduped source zip inventory; no extraction; no runtime import"
"OBSIDIA_RSSI_EXTERNAL_SIGNALS_PATCH_V1.zip","C:\Users\User\Desktop\obsidia-engine-proof-core\obsidia-x108-proofs_REMOTE_A5F21C6B\_source_packs\OBSIDIA_UNIFIED_IMPLEMENTATION_BACKLOG_RICH_NO_DUPES_V1\raw\OBSIDIA_RSSI_EXTERNAL_SIGNALS_PATCH_V1.zip","OBSIDIA_RSSI_EXTERNAL_SIGNALS_PATCH_V1/component_specs/C479_continuation_legitimacy_check.yaml","C479_continuation_legitimacy_check.yaml",".yaml","2663","INTEGRATE_TO_COMPLIANCE_DATA_GOVERNANCE_SPEC_CANDIDATE","RGPD_COMPLIANCE_SCOPE_GUARD + RSSI_EVIDENCE_ONLY","LEGAL_OR_COMPLIANCE_CLAIM_SCOPE","false","false","false","false","F10 audit only; deduped source zip inventory; no extraction; no runtime import"
"OBSIDIA_RSSI_EXTERNAL_SIGNALS_PATCH_V1.zip","C:\Users\User\Desktop\obsidia-engine-proof-core\obsidia-x108-proofs_REMOTE_A5F21C6B\_source_packs\OBSIDIA_UNIFIED_IMPLEMENTATION_BACKLOG_RICH_NO_DUPES_V1\raw\OBSIDIA_RSSI_EXTERNAL_SIGNALS_PATCH_V1.zip","OBSIDIA_RSSI_EXTERNAL_SIGNALS_PATCH_V1/component_specs/C480_consequence_binding_status_extended.yaml","C480_consequence_binding_status_extended.yaml",".yaml","2634","INTEGRATE_TO_COMPLIANCE_DATA_GOVERNANCE_SPEC_CANDIDATE","RGPD_COMPLIANCE_SCOPE_GUARD + RSSI_EVIDENCE_ONLY","LEGAL_OR_COMPLIANCE_CLAIM_SCOPE","false","false","false","false","F10 audit only; deduped source zip inventory; no extraction; no runtime import"
"OBSIDIA_RSSI_EXTERNAL_SIGNALS_PATCH_V1.zip","C:\Users\User\Desktop\obsidia-engine-proof-core\obsidia-x108-proofs_REMOTE_A5F21C6B\_source_packs\OBSIDIA_UNIFIED_IMPLEMENTATION_BACKLOG_RICH_NO_DUPES_V1\raw\OBSIDIA_RSSI_EXTERNAL_SIGNALS_PATCH_V1.zip","OBSIDIA_RSSI_EXTERNAL_SIGNALS_PATCH_V1/component_specs/C481_visible_enforcement_surface.yaml","C481_visible_enforcement_surface.yaml",".yaml","2713","INTEGRATE_TO_COMPLIANCE_DATA_GOVERNANCE_SPEC_CANDIDATE","RGPD_COMPLIANCE_SCOPE_GUARD + RSSI_EVIDENCE_ONLY","LEGAL_OR_COMPLIANCE_CLAIM_SCOPE","false","false","false","false","F10 audit only; deduped source zip inventory; no extraction; no runtime import"
"OBSIDIA_RSSI_EXTERNAL_SIGNALS_PATCH_V1.zip","C:\Users\User\Desktop\obsidia-engine-proof-core\obsidia-x108-proofs_REMOTE_A5F21C6B\_source_packs\OBSIDIA_UNIFIED_IMPLEMENTATION_BACKLOG_RICH_NO_DUPES_V1\raw\OBSIDIA_RSSI_EXTERNAL_SIGNALS_PATCH_V1.zip","OBSIDIA_RSSI_EXTERNAL_SIGNALS_PATCH_V1/component_specs/C482_intent_effect_receipt_separation.yaml","C482_intent_effect_receipt_separation.yaml",".yaml","2629","INTEGRATE_TO_COMPLIANCE_DATA_GOVERNANCE_SPEC_CANDIDATE","RGPD_COMPLIANCE_SCOPE_GUARD + RSSI_EVIDENCE_ONLY","LEGAL_OR_COMPLIANCE_CLAIM_SCOPE","false","false","false","false","F10 audit only; deduped source zip inventory; no extraction; no runtime import"
"OBSIDIA_RSSI_EXTERNAL_SIGNALS_PATCH_V1.zip","C:\Users\User\Desktop\obsidia-engine-proof-core\obsidia-x108-proofs_REMOTE_A5F21C6B\_source_packs\OBSIDIA_UNIFIED_IMPLEMENTATION_BACKLOG_RICH_NO_DUPES_V1\raw\OBSIDIA_RSSI_EXTERNAL_SIGNALS_PATCH_V1.zip","OBSIDIA_RSSI_EXTERNAL_SIGNALS_PATCH_V1/family_specs/46_external_category_signals.spec.yaml","46_external_category_signals.spec.yaml",".yaml","2112","INTEGRATE_TO_COMPLIANCE_DATA_GOVERNANCE_SPEC_CANDIDATE","RGPD_COMPLIANCE_SCOPE_GUARD + RSSI_EVIDENCE_ONLY","LEGAL_OR_COMPLIANCE_CLAIM_SCOPE","false","false","false","false","F10 audit only; deduped source zip inventory; no extraction; no runtime import"
"OBSIDIA_RSSI_EXTERNAL_SIGNALS_PATCH_V1.zip","C:\Users\User\Desktop\obsidia-engine-proof-core\obsidia-x108-proofs_REMOTE_A5F21C6B\_source_packs\OBSIDIA_UNIFIED_IMPLEMENTATION_BACKLOG_RICH_NO_DUPES_V1\raw\OBSIDIA_RSSI_EXTERNAL_SIGNALS_PATCH_V1.zip","OBSIDIA_RSSI_EXTERNAL_SIGNALS_PATCH_V1/family_specs/47_timeverse_temporal_sidecar.spec.yaml","47_timeverse_temporal_sidecar.spec.yaml",".yaml","37468","INTEGRATE_TO_COMPLIANCE_DATA_GOVERNANCE_SPEC_CANDIDATE","RGPD_COMPLIANCE_SCOPE_GUARD + RSSI_EVIDENCE_ONLY","LEGAL_OR_COMPLIANCE_CLAIM_SCOPE","false","false","false","false","F10 audit only; deduped source zip inventory; no extraction; no runtime import"
"OBSIDIA_RSSI_EXTERNAL_SIGNALS_PATCH_V1.zip","C:\Users\User\Desktop\obsidia-engine-proof-core\obsidia-x108-proofs_REMOTE_A5F21C6B\_source_packs\OBSIDIA_UNIFIED_IMPLEMENTATION_BACKLOG_RICH_NO_DUPES_V1\raw\OBSIDIA_RSSI_EXTERNAL_SIGNALS_PATCH_V1.zip","OBSIDIA_RSSI_EXTERNAL_SIGNALS_PATCH_V1/family_specs/48_consequence_boundary_enrichment.spec.yaml","48_consequence_boundary_enrichment.spec.yaml",".yaml","31959","INTEGRATE_TO_COMPLIANCE_DATA_GOVERNANCE_SPEC_CANDIDATE","RGPD_COMPLIANCE_SCOPE_GUARD + RSSI_EVIDENCE_ONLY","LEGAL_OR_COMPLIANCE_CLAIM_SCOPE","false","false","false","false","F10 audit only; deduped source zip inventory; no extraction; no runtime import"
"OBSIDIA_RSSI_EXTERNAL_SIGNALS_PATCH_V1.zip","C:\Users\User\Desktop\obsidia-engine-proof-core\obsidia-x108-proofs_REMOTE_A5F21C6B\_source_packs\OBSIDIA_UNIFIED_IMPLEMENTATION_BACKLOG_RICH_NO_DUPES_V1\raw\OBSIDIA_RSSI_EXTERNAL_SIGNALS_PATCH_V1.zip","OBSIDIA_RSSI_EXTERNAL_SIGNALS_PATCH_V1/merge_appendices/06_COMPONENT_INDEX_APPEND.csv","06_COMPONENT_INDEX_APPEND.csv",".csv","5527","INTEGRATE_TO_COMPLIANCE_DATA_GOVERNANCE_SPEC_CANDIDATE","RGPD_COMPLIANCE_SCOPE_GUARD + RSSI_EVIDENCE_ONLY","LEGAL_OR_COMPLIANCE_CLAIM_SCOPE","false","false","false","false","F10 audit only; deduped source zip inventory; no extraction; no runtime import"
"OBSIDIA_RSSI_EXTERNAL_SIGNALS_PATCH_V1.zip","C:\Users\User\Desktop\obsidia-engine-proof-core\obsidia-x108-proofs_REMOTE_A5F21C6B\_source_packs\OBSIDIA_UNIFIED_IMPLEMENTATION_BACKLOG_RICH_NO_DUPES_V1\raw\OBSIDIA_RSSI_EXTERNAL_SIGNALS_PATCH_V1.zip","OBSIDIA_RSSI_EXTERNAL_SIGNALS_PATCH_V1/merge_appendices/07_COMPONENT_SPEC_MATRIX_APPEND.csv","07_COMPONENT_SPEC_MATRIX_APPEND.csv",".csv","53209","INTEGRATE_TO_COMPLIANCE_DATA_GOVERNANCE_SPEC_CANDIDATE","RGPD_COMPLIANCE_SCOPE_GUARD + RSSI_EVIDENCE_ONLY","LEGAL_OR_COMPLIANCE_CLAIM_SCOPE","false","false","false","false","F10 audit only; deduped source zip inventory; no extraction; no runtime import"
"OBSIDIA_RSSI_EXTERNAL_SIGNALS_PATCH_V1.zip","C:\Users\User\Desktop\obsidia-engine-proof-core\obsidia-x108-proofs_REMOTE_A5F21C6B\_source_packs\OBSIDIA_UNIFIED_IMPLEMENTATION_BACKLOG_RICH_NO_DUPES_V1\raw\OBSIDIA_RSSI_EXTERNAL_SIGNALS_PATCH_V1.zip","OBSIDIA_RSSI_EXTERNAL_SIGNALS_PATCH_V1/merge_appendices/08_METRIC_DICTIONARY_APPEND.yaml","08_METRIC_DICTIONARY_APPEND.yaml",".yaml","12338","INTEGRATE_TO_COMPLIANCE_DATA_GOVERNANCE_SPEC_CANDIDATE","RGPD_COMPLIANCE_SCOPE_GUARD + RSSI_EVIDENCE_ONLY","LEGAL_OR_COMPLIANCE_CLAIM_SCOPE","false","false","false","false","F10 audit only; deduped source zip inventory; no extraction; no runtime import"
"OBSIDIA_RSSI_EXTERNAL_SIGNALS_PATCH_V1.zip","C:\Users\User\Desktop\obsidia-engine-proof-core\obsidia-x108-proofs_REMOTE_A5F21C6B\_source_packs\OBSIDIA_UNIFIED_IMPLEMENTATION_BACKLOG_RICH_NO_DUPES_V1\raw\OBSIDIA_RSSI_EXTERNAL_SIGNALS_PATCH_V1.zip","OBSIDIA_RSSI_EXTERNAL_SIGNALS_PATCH_V1/merge_appendices/09_FORMULA_DICTIONARY_APPEND.md","09_FORMULA_DICTIONARY_APPEND.md",".md","1098","INTEGRATE_TO_COMPLIANCE_DATA_GOVERNANCE_SPEC_CANDIDATE","RGPD_COMPLIANCE_SCOPE_GUARD + RSSI_EVIDENCE_ONLY","LEGAL_OR_COMPLIANCE_CLAIM_SCOPE","false","false","false","false","F10 audit only; deduped source zip inventory; no extraction; no runtime import"
"OBSIDIA_RSSI_EXTERNAL_SIGNALS_PATCH_V1.zip","C:\Users\User\Desktop\obsidia-engine-proof-core\obsidia-x108-proofs_REMOTE_A5F21C6B\_source_packs\OBSIDIA_UNIFIED_IMPLEMENTATION_BACKLOG_RICH_NO_DUPES_V1\raw\OBSIDIA_RSSI_EXTERNAL_SIGNALS_PATCH_V1.zip","OBSIDIA_RSSI_EXTERNAL_SIGNALS_PATCH_V1/merge_appendices/10_INVARIANTS_APPEND.md","10_INVARIANTS_APPEND.md",".md","616","INTEGRATE_TO_COMPLIANCE_DATA_GOVERNANCE_SPEC_CANDIDATE","RGPD_COMPLIANCE_SCOPE_GUARD + RSSI_EVIDENCE_ONLY","LEGAL_OR_COMPLIANCE_CLAIM_SCOPE","false","false","false","false","F10 audit only; deduped source zip inventory; no extraction; no runtime import"
"OBSIDIA_RSSI_EXTERNAL_SIGNALS_PATCH_V1.zip","C:\Users\User\Desktop\obsidia-engine-proof-core\obsidia-x108-proofs_REMOTE_A5F21C6B\_source_packs\OBSIDIA_UNIFIED_IMPLEMENTATION_BACKLOG_RICH_NO_DUPES_V1\raw\OBSIDIA_RSSI_EXTERNAL_SIGNALS_PATCH_V1.zip","OBSIDIA_RSSI_EXTERNAL_SIGNALS_PATCH_V1/packets/51_temporal_context_header.packet.yaml","51_temporal_context_header.packet.yaml",".yaml","306","INTEGRATE_TO_COMPLIANCE_DATA_GOVERNANCE_SPEC_CANDIDATE","RGPD_COMPLIANCE_SCOPE_GUARD + RSSI_EVIDENCE_ONLY","LEGAL_OR_COMPLIANCE_CLAIM_SCOPE","false","false","false","false","F10 audit only; deduped source zip inventory; no extraction; no runtime import"
"OBSIDIA_RSSI_EXTERNAL_SIGNALS_PATCH_V1.zip","C:\Users\User\Desktop\obsidia-engine-proof-core\obsidia-x108-proofs_REMOTE_A5F21C6B\_source_packs\OBSIDIA_UNIFIED_IMPLEMENTATION_BACKLOG_RICH_NO_DUPES_V1\raw\OBSIDIA_RSSI_EXTERNAL_SIGNALS_PATCH_V1.zip","OBSIDIA_RSSI_EXTERNAL_SIGNALS_PATCH_V1/packets/52_temporal_receipt.packet.yaml","52_temporal_receipt.packet.yaml",".yaml","281","INTEGRATE_TO_COMPLIANCE_DATA_GOVERNANCE_SPEC_CANDIDATE","RGPD_COMPLIANCE_SCOPE_GUARD + RSSI_EVIDENCE_ONLY","LEGAL_OR_COMPLIANCE_CLAIM_SCOPE","false","false","false","false","F10 audit only; deduped source zip inventory; no extraction; no runtime import"
"OBSIDIA_RSSI_EXTERNAL_SIGNALS_PATCH_V1.zip","C:\Users\User\Desktop\obsidia-engine-proof-core\obsidia-x108-proofs_REMOTE_A5F21C6B\_source_packs\OBSIDIA_UNIFIED_IMPLEMENTATION_BACKLOG_RICH_NO_DUPES_V1\raw\OBSIDIA_RSSI_EXTERNAL_SIGNALS_PATCH_V1.zip","OBSIDIA_RSSI_EXTERNAL_SIGNALS_PATCH_V1/packets/53_consequence_boundary.packet.yaml","53_consequence_boundary.packet.yaml",".yaml","300","INTEGRATE_TO_COMPLIANCE_DATA_GOVERNANCE_SPEC_CANDIDATE","RGPD_COMPLIANCE_SCOPE_GUARD + RSSI_EVIDENCE_ONLY","LEGAL_OR_COMPLIANCE_CLAIM_SCOPE","false","false","false","false","F10 audit only; deduped source zip inventory; no extraction; no runtime import"
"OBSIDIA_RSSI_EXTERNAL_SIGNALS_PATCH_V1.zip","C:\Users\User\Desktop\obsidia-engine-proof-core\obsidia-x108-proofs_REMOTE_A5F21C6B\_source_packs\OBSIDIA_UNIFIED_IMPLEMENTATION_BACKLOG_RICH_NO_DUPES_V1\raw\OBSIDIA_RSSI_EXTERNAL_SIGNALS_PATCH_V1.zip","OBSIDIA_RSSI_EXTERNAL_SIGNALS_PATCH_V1/proof/53_EXTERNAL_SIGNALS_PROOF_ARTIFACTS.md","53_EXTERNAL_SIGNALS_PROOF_ARTIFACTS.md",".md","673","INTEGRATE_TO_COMPLIANCE_DATA_GOVERNANCE_SPEC_CANDIDATE","RGPD_COMPLIANCE_SCOPE_GUARD + RSSI_EVIDENCE_ONLY","LEGAL_OR_COMPLIANCE_CLAIM_SCOPE","false","false","false","false","F10 audit only; deduped source zip inventory; no extraction; no runtime import"
"OBSIDIA_RSSI_EXTERNAL_SIGNALS_PATCH_V1.zip","C:\Users\User\Desktop\obsidia-engine-proof-core\obsidia-x108-proofs_REMOTE_A5F21C6B\_source_packs\OBSIDIA_UNIFIED_IMPLEMENTATION_BACKLOG_RICH_NO_DUPES_V1\raw\OBSIDIA_RSSI_EXTERNAL_SIGNALS_PATCH_V1.zip","OBSIDIA_RSSI_EXTERNAL_SIGNALS_PATCH_V1/tests/52_EXTERNAL_SIGNALS_TEST_MATRIX.md","52_EXTERNAL_SIGNALS_TEST_MATRIX.md",".md","1407","INTEGRATE_TO_COMPLIANCE_DATA_GOVERNANCE_SPEC_CANDIDATE","RGPD_COMPLIANCE_SCOPE_GUARD + RSSI_EVIDENCE_ONLY","LEGAL_OR_COMPLIANCE_CLAIM_SCOPE","false","false","false","false","F10 audit only; deduped source zip inventory; no extraction; no runtime import"
