"source_hint","target_hint","declared_phase","matched_text","recommended_decision","boundary_required","runtime_allowed_now","legal_certification_allowed","compliance_claim_allowed","personal_data_processing_authorized","emits_act","emits_decision","notes"
"EXTERNAL_SIGNALS","specs/external_signals/component_specs/","SOURCE_ONLY","FILE_PLAN_ALL 18 EXTERNAL_SIGNALS OBSIDIA_RSSI_EXTERNAL_SIGNALS_PATCH_V1/component_specs/C471_gateway_before_endpoint_prefilter.yaml specs/external_signals/component_specs/ C471_gateway_before_endpoint_prefilter.yaml yaml P2_SECURITY_PROOF ","INTEGRATE_TO_DATA_PRIVACY_SCOPE_GUARD_CANDIDATE","RGPD_COMPLIANCE_SCOPE_GUARD + RSSI_EVIDENCE_ONLY","false","false","false","false","false","false","F10 audit/spec only; compliance/data governance guard; no legal certification"
"RSSI_SECURITY","docs/source_packs/rssi_security/","F03_RSSI_RGPD","FILE_PLAN_ALL 50 RSSI_SECURITY OBSIDIA_RSSI_SECURITY_PRESENTATION_PACK_V1/FILE_INDEX_COMPLETE.md docs/source_packs/rssi_security/ FILE_INDEX_COMPLETE.md md P3_DOCS_EVIDENCE F03 0 0 0 0 1  NOT_FOUND_LOCAL DUPLICATE_SAFE CLEAN MEDIUM KX108_ON","INTEGRATE_TO_DATA_PRIVACY_SCOPE_GUARD_CANDIDATE","RGPD_COMPLIANCE_SCOPE_GUARD + RSSI_EVIDENCE_ONLY","false","false","false","false","false","false","F10 audit/spec only; compliance/data governance guard; no legal certification"
"RSSI_SECURITY","docs/source_packs/rssi_security/","F03_RSSI_RGPD","FILE_PLAN_ALL 51 RSSI_SECURITY OBSIDIA_RSSI_SECURITY_PRESENTATION_PACK_V1/FINAL_RSSI_AUDIT_REPORT.json docs/source_packs/rssi_security/ FINAL_RSSI_AUDIT_REPORT.json json P3_DOCS_EVIDENCE F03 0 0 0 0 1  NOT_FOUND_LOCAL DUPLICATE_SAFE CLEAN M","INTEGRATE_TO_DATA_PRIVACY_SCOPE_GUARD_CANDIDATE","RGPD_COMPLIANCE_SCOPE_GUARD + RSSI_EVIDENCE_ONLY","false","false","false","false","false","false","F10 audit/spec only; compliance/data governance guard; no legal certification"
"RSSI_SECURITY","docs/source_packs/rssi_security/","F03_RSSI_RGPD","FILE_PLAN_ALL 52 RSSI_SECURITY OBSIDIA_RSSI_SECURITY_PRESENTATION_PACK_V1/FINAL_RSSI_AUDIT_REPORT.md docs/source_packs/rssi_security/ FINAL_RSSI_AUDIT_REPORT.md md P3_DOCS_EVIDENCE F03 0 0 0 0 1  NOT_FOUND_LOCAL DUPLICATE_SAFE CLEAN MEDIUM ","INTEGRATE_TO_DATA_PRIVACY_SCOPE_GUARD_CANDIDATE","RGPD_COMPLIANCE_SCOPE_GUARD + RSSI_EVIDENCE_ONLY","false","false","false","false","false","false","F10 audit/spec only; compliance/data governance guard; no legal certification"
"RSSI_SECURITY","docs/source_packs/rssi_security/","F03_RSSI_RGPD","FILE_PLAN_ALL 53 RSSI_SECURITY OBSIDIA_RSSI_SECURITY_PRESENTATION_PACK_V1/FINAL_RSSI_SELF_CHECK.json docs/source_packs/rssi_security/ FINAL_RSSI_SELF_CHECK.json json P3_DOCS_EVIDENCE F03 0 0 0 0 1  NOT_FOUND_LOCAL DUPLICATE_SAFE CLEAN MEDIU","INTEGRATE_TO_DATA_PRIVACY_SCOPE_GUARD_CANDIDATE","RGPD_COMPLIANCE_SCOPE_GUARD + RSSI_EVIDENCE_ONLY","false","false","false","false","false","false","F10 audit/spec only; compliance/data governance guard; no legal certification"
"RSSI_SECURITY","docs/source_packs/rssi_security/","F03_RSSI_RGPD","FILE_PLAN_ALL 54 RSSI_SECURITY OBSIDIA_RSSI_SECURITY_PRESENTATION_PACK_V1/MANIFEST_SHA256_ALL_FILES.json docs/source_packs/rssi_security/ MANIFEST_SHA256_ALL_FILES.json json P3_DOCS_EVIDENCE F03 0 0 0 0 1  NOT_FOUND_LOCAL DUPLICATE_SAFE CLE","INTEGRATE_TO_DATA_PRIVACY_SCOPE_GUARD_CANDIDATE","RGPD_COMPLIANCE_SCOPE_GUARD + RSSI_EVIDENCE_ONLY","false","false","false","false","false","false","F10 audit/spec only; compliance/data governance guard; no legal certification"
"RSSI_SECURITY","docs/source_packs/rssi_security/","F03_RSSI_RGPD","FILE_PLAN_ALL 55 RSSI_SECURITY OBSIDIA_RSSI_SECURITY_PRESENTATION_PACK_V1/README.md docs/source_packs/rssi_security/ README.md md P3_DOCS_EVIDENCE F03 1 1 0 0 1  SAME_NAME DUPLICATE_SAFE CLEAN MEDIUM KX108_ONLY; DOC_OR_AUDIT_ONLY; NO_RUNTIM","INTEGRATE_TO_DATA_PRIVACY_SCOPE_GUARD_CANDIDATE","RGPD_COMPLIANCE_SCOPE_GUARD + RSSI_EVIDENCE_ONLY","false","false","false","false","false","false","F10 audit/spec only; compliance/data governance guard; no legal certification"
"RSSI_SECURITY","docs/source_packs/rssi_security/","F03_RSSI_RGPD","FILE_PLAN_ALL 56 RSSI_SECURITY OBSIDIA_RSSI_SECURITY_PRESENTATION_PACK_V1/TEST_OUTPUT_RSSI_PACK_V1.txt docs/source_packs/rssi_security/ TEST_OUTPUT_RSSI_PACK_V1.txt txt P3_DOCS_EVIDENCE F03 0 0 0 0 1  NOT_FOUND_LOCAL DUPLICATE_SAFE CLEAN ME","INTEGRATE_TO_DATA_PRIVACY_SCOPE_GUARD_CANDIDATE","RGPD_COMPLIANCE_SCOPE_GUARD + RSSI_EVIDENCE_ONLY","false","false","false","false","false","false","F10 audit/spec only; compliance/data governance guard; no legal certification"
"RSSI_SECURITY","security/rssi/access/","F03_RSSI_RGPD","FILE_PLAN_ALL 57 RSSI_SECURITY OBSIDIA_RSSI_SECURITY_PRESENTATION_PACK_V1/docs/access/OBSIDIA_ADMIN_ACTIONS_POLICY.md security/rssi/access/ OBSIDIA_ADMIN_ACTIONS_POLICY.md md P3_DOCS_EVIDENCE F03 0 0 0 0 1  NOT_FOUND_LOCAL DUPLICATE_SAFE CL","INTEGRATE_TO_DATA_PRIVACY_SCOPE_GUARD_CANDIDATE","RGPD_COMPLIANCE_SCOPE_GUARD + RSSI_EVIDENCE_ONLY","false","false","false","false","false","false","F10 audit/spec only; compliance/data governance guard; no legal certification"
"RSSI_SECURITY","security/rssi/access/","F03_RSSI_RGPD","FILE_PLAN_ALL 58 RSSI_SECURITY OBSIDIA_RSSI_SECURITY_PRESENTATION_PACK_V1/docs/access/OBSIDIA_IAM_MODEL.md security/rssi/access/ OBSIDIA_IAM_MODEL.md md P3_DOCS_EVIDENCE F03 0 0 0 0 1  NOT_FOUND_LOCAL DUPLICATE_SAFE CLEAN MEDIUM KX108_ONLY;","INTEGRATE_TO_DATA_PRIVACY_SCOPE_GUARD_CANDIDATE","RGPD_COMPLIANCE_SCOPE_GUARD + RSSI_EVIDENCE_ONLY","false","false","false","false","false","false","F10 audit/spec only; compliance/data governance guard; no legal certification"
"RSSI_SECURITY","security/rssi/access/","F03_RSSI_RGPD","FILE_PLAN_ALL 59 RSSI_SECURITY OBSIDIA_RSSI_SECURITY_PRESENTATION_PACK_V1/docs/access/OBSIDIA_LEAST_PRIVILEGE_MODEL.md security/rssi/access/ OBSIDIA_LEAST_PRIVILEGE_MODEL.md md P3_DOCS_EVIDENCE F03 0 0 0 0 1  NOT_FOUND_LOCAL DUPLICATE_SAFE ","INTEGRATE_TO_DATA_PRIVACY_SCOPE_GUARD_CANDIDATE","RGPD_COMPLIANCE_SCOPE_GUARD + RSSI_EVIDENCE_ONLY","false","false","false","false","false","false","F10 audit/spec only; compliance/data governance guard; no legal certification"
"RSSI_SECURITY","security/rssi/access/","F03_RSSI_RGPD","FILE_PLAN_ALL 60 RSSI_SECURITY OBSIDIA_RSSI_SECURITY_PRESENTATION_PACK_V1/docs/access/OBSIDIA_OPERATOR_PERMISSIONS.md security/rssi/access/ OBSIDIA_OPERATOR_PERMISSIONS.md md P3_DOCS_EVIDENCE F03 0 0 0 0 1  NOT_FOUND_LOCAL DUPLICATE_SAFE CL","INTEGRATE_TO_DATA_PRIVACY_SCOPE_GUARD_CANDIDATE","RGPD_COMPLIANCE_SCOPE_GUARD + RSSI_EVIDENCE_ONLY","false","false","false","false","false","false","F10 audit/spec only; compliance/data governance guard; no legal certification"
"RSSI_SECURITY","security/rssi/access/","F03_RSSI_RGPD","FILE_PLAN_ALL 61 RSSI_SECURITY OBSIDIA_RSSI_SECURITY_PRESENTATION_PACK_V1/docs/access/OBSIDIA_PRIVILEGE_BOUNDARIES.md security/rssi/access/ OBSIDIA_PRIVILEGE_BOUNDARIES.md md P3_DOCS_EVIDENCE F03 0 0 0 0 1  NOT_FOUND_LOCAL DUPLICATE_SAFE CL","INTEGRATE_TO_DATA_PRIVACY_SCOPE_GUARD_CANDIDATE","RGPD_COMPLIANCE_SCOPE_GUARD + RSSI_EVIDENCE_ONLY","false","false","false","false","false","false","F10 audit/spec only; compliance/data governance guard; no legal certification"
"RSSI_SECURITY","security/rssi/access/","F03_RSSI_RGPD","FILE_PLAN_ALL 62 RSSI_SECURITY OBSIDIA_RSSI_SECURITY_PRESENTATION_PACK_V1/docs/access/OBSIDIA_ROLE_ACCESS_MATRIX.md security/rssi/access/ OBSIDIA_ROLE_ACCESS_MATRIX.md md P3_DOCS_EVIDENCE F03 0 0 0 0 1  NOT_FOUND_LOCAL DUPLICATE_SAFE CLEAN ","INTEGRATE_TO_DATA_PRIVACY_SCOPE_GUARD_CANDIDATE","RGPD_COMPLIANCE_SCOPE_GUARD + RSSI_EVIDENCE_ONLY","false","false","false","false","false","false","F10 audit/spec only; compliance/data governance guard; no legal certification"
"RSSI_SECURITY","security/rssi/architecture/","F03_RSSI_RGPD","FILE_PLAN_ALL 63 RSSI_SECURITY OBSIDIA_RSSI_SECURITY_PRESENTATION_PACK_V1/docs/architecture/OBSIDIA_COMPONENT_AUTHORITY_MATRIX.md security/rssi/architecture/ OBSIDIA_COMPONENT_AUTHORITY_MATRIX.md md P2_SECURITY F03 0 0 0 0 1  NOT_FOUND_LOCA","INTEGRATE_TO_DATA_PRIVACY_SCOPE_GUARD_CANDIDATE","RGPD_COMPLIANCE_SCOPE_GUARD + RSSI_EVIDENCE_ONLY","false","false","false","false","false","false","F10 audit/spec only; compliance/data governance guard; no legal certification"
"RSSI_SECURITY","security/rssi/architecture/","F03_RSSI_RGPD","FILE_PLAN_ALL 64 RSSI_SECURITY OBSIDIA_RSSI_SECURITY_PRESENTATION_PACK_V1/docs/architecture/OBSIDIA_DATA_FLOW_SECURITY_MAP.md security/rssi/architecture/ OBSIDIA_DATA_FLOW_SECURITY_MAP.md md P2_SECURITY F03 0 0 0 0 1  NOT_FOUND_LOCAL DUPLIC","INTEGRATE_TO_DATA_PRIVACY_SCOPE_GUARD_CANDIDATE","RGPD_COMPLIANCE_SCOPE_GUARD + RSSI_EVIDENCE_ONLY","false","false","false","false","false","false","F10 audit/spec only; compliance/data governance guard; no legal certification"
"RSSI_SECURITY","security/rssi/architecture/","F03_RSSI_RGPD","FILE_PLAN_ALL 65 RSSI_SECURITY OBSIDIA_RSSI_SECURITY_PRESENTATION_PACK_V1/docs/architecture/OBSIDIA_DECISION_FLOW_SECURITY_MAP.md security/rssi/architecture/ OBSIDIA_DECISION_FLOW_SECURITY_MAP.md md P2_SECURITY F03 0 0 0 0 1  NOT_FOUND_LOCA","INTEGRATE_TO_DATA_PRIVACY_SCOPE_GUARD_CANDIDATE","RGPD_COMPLIANCE_SCOPE_GUARD + RSSI_EVIDENCE_ONLY","false","false","false","false","false","false","F10 audit/spec only; compliance/data governance guard; no legal certification"
"RSSI_SECURITY","security/rssi/architecture/","F03_RSSI_RGPD","FILE_PLAN_ALL 66 RSSI_SECURITY OBSIDIA_RSSI_SECURITY_PRESENTATION_PACK_V1/docs/architecture/OBSIDIA_OS0_OS4_SECURITY_MAPPING.md security/rssi/architecture/ OBSIDIA_OS0_OS4_SECURITY_MAPPING.md md P2_SECURITY F03 0 0 0 0 1  NOT_FOUND_LOCAL DU","INTEGRATE_TO_DATA_PRIVACY_SCOPE_GUARD_CANDIDATE","RGPD_COMPLIANCE_SCOPE_GUARD + RSSI_EVIDENCE_ONLY","false","false","false","false","false","false","F10 audit/spec only; compliance/data governance guard; no legal certification"
"RSSI_SECURITY","security/rssi/architecture/","F03_RSSI_RGPD","FILE_PLAN_ALL 67 RSSI_SECURITY OBSIDIA_RSSI_SECURITY_PRESENTATION_PACK_V1/docs/architecture/OBSIDIA_READONLY_PERIPHERY_MODEL.md security/rssi/architecture/ OBSIDIA_READONLY_PERIPHERY_MODEL.md md P2_SECURITY F03 0 0 0 0 1  NOT_FOUND_LOCAL DU","INTEGRATE_TO_DATA_PRIVACY_SCOPE_GUARD_CANDIDATE","RGPD_COMPLIANCE_SCOPE_GUARD + RSSI_EVIDENCE_ONLY","false","false","false","false","false","false","F10 audit/spec only; compliance/data governance guard; no legal certification"
"RSSI_SECURITY","security/rssi/architecture/","F03_RSSI_RGPD","FILE_PLAN_ALL 68 RSSI_SECURITY OBSIDIA_RSSI_SECURITY_PRESENTATION_PACK_V1/docs/architecture/OBSIDIA_SECURITY_ARCHITECTURE_OVERVIEW.md security/rssi/architecture/ OBSIDIA_SECURITY_ARCHITECTURE_OVERVIEW.md md P2_SECURITY F03 0 0 0 0 1  NOT_FO","INTEGRATE_TO_DATA_PRIVACY_SCOPE_GUARD_CANDIDATE","RGPD_COMPLIANCE_SCOPE_GUARD + RSSI_EVIDENCE_ONLY","false","false","false","false","false","false","F10 audit/spec only; compliance/data governance guard; no legal certification"
"RSSI_SECURITY","security/rssi/architecture/","F03_RSSI_RGPD","FILE_PLAN_ALL 69 RSSI_SECURITY OBSIDIA_RSSI_SECURITY_PRESENTATION_PACK_V1/docs/architecture/OBSIDIA_TRUST_BOUNDARIES.md security/rssi/architecture/ OBSIDIA_TRUST_BOUNDARIES.md md P2_SECURITY F03 0 0 0 0 1  NOT_FOUND_LOCAL DUPLICATE_SAFE CLE","INTEGRATE_TO_DATA_PRIVACY_SCOPE_GUARD_CANDIDATE","RGPD_COMPLIANCE_SCOPE_GUARD + RSSI_EVIDENCE_ONLY","false","false","false","false","false","false","F10 audit/spec only; compliance/data governance guard; no legal certification"
"RSSI_SECURITY","security/rssi/architecture/","F03_RSSI_RGPD","FILE_PLAN_ALL 70 RSSI_SECURITY OBSIDIA_RSSI_SECURITY_PRESENTATION_PACK_V1/docs/architecture/OBSIDIA_X108_SECURITY_MODEL.md security/rssi/architecture/ OBSIDIA_X108_SECURITY_MODEL.md md P2_SECURITY F03 0 0 0 0 1  NOT_FOUND_LOCAL DUPLICATE_SA","INTEGRATE_TO_DATA_PRIVACY_SCOPE_GUARD_CANDIDATE","RGPD_COMPLIANCE_SCOPE_GUARD + RSSI_EVIDENCE_ONLY","false","false","false","false","false","false","F10 audit/spec only; compliance/data governance guard; no legal certification"
"RSSI_SECURITY","security/rssi/audit/","F03_RSSI_RGPD","FILE_PLAN_ALL 71 RSSI_SECURITY OBSIDIA_RSSI_SECURITY_PRESENTATION_PACK_V1/docs/audit/OBSIDIA_AUDIT_PROOF_REQUIREMENTS.md security/rssi/audit/ OBSIDIA_AUDIT_PROOF_REQUIREMENTS.md md P3_DOCS_EVIDENCE F03 0 0 0 0 1  NOT_FOUND_LOCAL DUPLICATE_S","INTEGRATE_TO_DATA_PRIVACY_SCOPE_GUARD_CANDIDATE","RGPD_COMPLIANCE_SCOPE_GUARD + RSSI_EVIDENCE_ONLY","false","false","false","false","false","false","F10 audit/spec only; compliance/data governance guard; no legal certification"
"RSSI_SECURITY","security/rssi/audit/","F03_RSSI_RGPD","FILE_PLAN_ALL 72 RSSI_SECURITY OBSIDIA_RSSI_SECURITY_PRESENTATION_PACK_V1/docs/audit/OBSIDIA_AUDIT_QUESTIONS_FOR_RSSI.md security/rssi/audit/ OBSIDIA_AUDIT_QUESTIONS_FOR_RSSI.md md P3_DOCS_EVIDENCE F03 0 0 0 0 1  NOT_FOUND_LOCAL DUPLICATE_S","INTEGRATE_TO_DATA_PRIVACY_SCOPE_GUARD_CANDIDATE","RGPD_COMPLIANCE_SCOPE_GUARD + RSSI_EVIDENCE_ONLY","false","false","false","false","false","false","F10 audit/spec only; compliance/data governance guard; no legal certification"
"RSSI_SECURITY","security/rssi/audit/","F03_RSSI_RGPD","FILE_PLAN_ALL 73 RSSI_SECURITY OBSIDIA_RSSI_SECURITY_PRESENTATION_PACK_V1/docs/audit/OBSIDIA_AUDIT_TRAIL_MODEL.md security/rssi/audit/ OBSIDIA_AUDIT_TRAIL_MODEL.md md P3_DOCS_EVIDENCE F03 0 0 0 0 1  NOT_FOUND_LOCAL DUPLICATE_SAFE CLEAN MEDI","INTEGRATE_TO_DATA_PRIVACY_SCOPE_GUARD_CANDIDATE","RGPD_COMPLIANCE_SCOPE_GUARD + RSSI_EVIDENCE_ONLY","false","false","false","false","false","false","F10 audit/spec only; compliance/data governance guard; no legal certification"
"RSSI_SECURITY","security/rssi/audit/","F03_RSSI_RGPD","FILE_PLAN_ALL 74 RSSI_SECURITY OBSIDIA_RSSI_SECURITY_PRESENTATION_PACK_V1/docs/audit/OBSIDIA_EVIDENCE_LEDGER_MODEL.md security/rssi/audit/ OBSIDIA_EVIDENCE_LEDGER_MODEL.md md P3_DOCS_EVIDENCE F03 0 0 0 0 1  NOT_FOUND_LOCAL DUPLICATE_SAFE CL","INTEGRATE_TO_DATA_PRIVACY_SCOPE_GUARD_CANDIDATE","RGPD_COMPLIANCE_SCOPE_GUARD + RSSI_EVIDENCE_ONLY","false","false","false","false","false","false","F10 audit/spec only; compliance/data governance guard; no legal certification"
"RSSI_SECURITY","security/rssi/audit/","F03_RSSI_RGPD","FILE_PLAN_ALL 75 RSSI_SECURITY OBSIDIA_RSSI_SECURITY_PRESENTATION_PACK_V1/docs/audit/OBSIDIA_LOGGING_REQUIREMENTS.md security/rssi/audit/ OBSIDIA_LOGGING_REQUIREMENTS.md md P3_DOCS_EVIDENCE F03 0 0 0 0 1  NOT_FOUND_LOCAL DUPLICATE_SAFE CLEA","INTEGRATE_TO_DATA_PRIVACY_SCOPE_GUARD_CANDIDATE","RGPD_COMPLIANCE_SCOPE_GUARD + RSSI_EVIDENCE_ONLY","false","false","false","false","false","false","F10 audit/spec only; compliance/data governance guard; no legal certification"
"RSSI_SECURITY","security/rssi/audit/","F03_RSSI_RGPD","FILE_PLAN_ALL 76 RSSI_SECURITY OBSIDIA_RSSI_SECURITY_PRESENTATION_PACK_V1/docs/audit/OBSIDIA_REPLAYABILITY_MODEL.md security/rssi/audit/ OBSIDIA_REPLAYABILITY_MODEL.md md P3_DOCS_EVIDENCE F03 0 0 0 0 1  NOT_FOUND_LOCAL DUPLICATE_SAFE CLEAN ","INTEGRATE_TO_DATA_PRIVACY_SCOPE_GUARD_CANDIDATE","RGPD_COMPLIANCE_SCOPE_GUARD + RSSI_EVIDENCE_ONLY","false","false","false","false","false","false","F10 audit/spec only; compliance/data governance guard; no legal certification"
"RSSI_SECURITY","security/rssi/audit/","F03_RSSI_RGPD","FILE_PLAN_ALL 77 RSSI_SECURITY OBSIDIA_RSSI_SECURITY_PRESENTATION_PACK_V1/docs/audit/OBSIDIA_RSSI_REVIEW_CHECKLIST.md security/rssi/audit/ OBSIDIA_RSSI_REVIEW_CHECKLIST.md md P3_DOCS_EVIDENCE F03 0 0 0 0 1  NOT_FOUND_LOCAL DUPLICATE_SAFE CL","INTEGRATE_TO_DATA_PRIVACY_SCOPE_GUARD_CANDIDATE","RGPD_COMPLIANCE_SCOPE_GUARD + RSSI_EVIDENCE_ONLY","false","false","false","false","false","false","F10 audit/spec only; compliance/data governance guard; no legal certification"
"RSSI_SECURITY","security/rssi/audit/","F03_RSSI_RGPD","FILE_PLAN_ALL 78 RSSI_SECURITY OBSIDIA_RSSI_SECURITY_PRESENTATION_PACK_V1/docs/audit/OBSIDIA_TRACEABILITY_MODEL.md security/rssi/audit/ OBSIDIA_TRACEABILITY_MODEL.md md P3_DOCS_EVIDENCE F03 0 0 0 0 1  NOT_FOUND_LOCAL DUPLICATE_SAFE CLEAN ME","INTEGRATE_TO_DATA_PRIVACY_SCOPE_GUARD_CANDIDATE","RGPD_COMPLIANCE_SCOPE_GUARD + RSSI_EVIDENCE_ONLY","false","false","false","false","false","false","F10 audit/spec only; compliance/data governance guard; no legal certification"
"RSSI_SECURITY","security/rssi/compliance/","F03_RSSI_RGPD","FILE_PLAN_ALL 79 RSSI_SECURITY OBSIDIA_RSSI_SECURITY_PRESENTATION_PACK_V1/docs/compliance/OBSIDIA_AI_ACT_POSITIONING.md security/rssi/compliance/ OBSIDIA_AI_ACT_POSITIONING.md md P3_DOCS_EVIDENCE F03 0 0 0 0 1  NOT_FOUND_LOCAL DUPLICATE_SAF","INTEGRATE_TO_DATA_PRIVACY_SCOPE_GUARD_CANDIDATE","RGPD_COMPLIANCE_SCOPE_GUARD + RSSI_EVIDENCE_ONLY","false","false","false","false","false","false","F10 audit/spec only; compliance/data governance guard; no legal certification"
"RSSI_SECURITY","security/rssi/compliance/","F03_RSSI_RGPD","FILE_PLAN_ALL 80 RSSI_SECURITY OBSIDIA_RSSI_SECURITY_PRESENTATION_PACK_V1/docs/compliance/OBSIDIA_BANKING_SECURITY_RELEVANCE.md security/rssi/compliance/ OBSIDIA_BANKING_SECURITY_RELEVANCE.md md P3_DOCS_EVIDENCE F03 0 0 0 0 1  NOT_FOUND_LOC","INTEGRATE_TO_DATA_PRIVACY_SCOPE_GUARD_CANDIDATE","RGPD_COMPLIANCE_SCOPE_GUARD + RSSI_EVIDENCE_ONLY","false","false","false","false","false","false","F10 audit/spec only; compliance/data governance guard; no legal certification"
"RSSI_SECURITY","security/rssi/compliance/","F03_RSSI_RGPD","FILE_PLAN_ALL 81 RSSI_SECURITY OBSIDIA_RSSI_SECURITY_PRESENTATION_PACK_V1/docs/compliance/OBSIDIA_COMPLIANCE_POSITIONING.md security/rssi/compliance/ OBSIDIA_COMPLIANCE_POSITIONING.md md P3_DOCS_EVIDENCE F03 0 0 0 0 1  NOT_FOUND_LOCAL DUPLI","INTEGRATE_TO_DATA_PRIVACY_SCOPE_GUARD_CANDIDATE","RGPD_COMPLIANCE_SCOPE_GUARD + RSSI_EVIDENCE_ONLY","false","false","false","false","false","false","F10 audit/spec only; compliance/data governance guard; no legal certification"
"RSSI_SECURITY","security/rssi/compliance/","F03_RSSI_RGPD","FILE_PLAN_ALL 82 RSSI_SECURITY OBSIDIA_RSSI_SECURITY_PRESENTATION_PACK_V1/docs/compliance/OBSIDIA_DORA_NIS2_RELEVANCE.md security/rssi/compliance/ OBSIDIA_DORA_NIS2_RELEVANCE.md md P3_DOCS_EVIDENCE F03 0 0 0 0 1  NOT_FOUND_LOCAL DUPLICATE_S","INTEGRATE_TO_DATA_PRIVACY_SCOPE_GUARD_CANDIDATE","RGPD_COMPLIANCE_SCOPE_GUARD + RSSI_EVIDENCE_ONLY","false","false","false","false","false","false","F10 audit/spec only; compliance/data governance guard; no legal certification"
"RSSI_SECURITY","security/rssi/compliance/","F03_RSSI_RGPD","FILE_PLAN_ALL 83 RSSI_SECURITY OBSIDIA_RSSI_SECURITY_PRESENTATION_PACK_V1/docs/compliance/OBSIDIA_GDPR_SECURITY_NOTES.md security/rssi/compliance/ OBSIDIA_GDPR_SECURITY_NOTES.md md P3_DOCS_EVIDENCE F03 0 0 0 0 1  NOT_FOUND_LOCAL DUPLICATE_S","INTEGRATE_TO_DATA_PRIVACY_SCOPE_GUARD_CANDIDATE","RGPD_COMPLIANCE_SCOPE_GUARD + RSSI_EVIDENCE_ONLY","false","false","false","false","false","false","F10 audit/spec only; compliance/data governance guard; no legal certification"
"RSSI_SECURITY","security/rssi/compliance/","F03_RSSI_RGPD","FILE_PLAN_ALL 84 RSSI_SECURITY OBSIDIA_RSSI_SECURITY_PRESENTATION_PACK_V1/docs/compliance/OBSIDIA_RSSI_QA_PACK.md security/rssi/compliance/ OBSIDIA_RSSI_QA_PACK.md md P3_DOCS_EVIDENCE F03 0 0 0 0 1  NOT_FOUND_LOCAL DUPLICATE_SAFE CLEAN MEDI","INTEGRATE_TO_DATA_PRIVACY_SCOPE_GUARD_CANDIDATE","RGPD_COMPLIANCE_SCOPE_GUARD + RSSI_EVIDENCE_ONLY","false","false","false","false","false","false","F10 audit/spec only; compliance/data governance guard; no legal certification"
"RSSI_SECURITY","security/rssi/controls/","F03_RSSI_RGPD","FILE_PLAN_ALL 85 RSSI_SECURITY OBSIDIA_RSSI_SECURITY_PRESENTATION_PACK_V1/docs/controls/OBSIDIA_CONTROL_COVERAGE_MATRIX.md security/rssi/controls/ OBSIDIA_CONTROL_COVERAGE_MATRIX.md md P2_SECURITY F03 0 0 0 0 1  NOT_FOUND_LOCAL DUPLICATE_SA","INTEGRATE_TO_DATA_PRIVACY_SCOPE_GUARD_CANDIDATE","RGPD_COMPLIANCE_SCOPE_GUARD + RSSI_EVIDENCE_ONLY","false","false","false","false","false","false","F10 audit/spec only; compliance/data governance guard; no legal certification"
"RSSI_SECURITY","security/rssi/controls/","F03_RSSI_RGPD","FILE_PLAN_ALL 86 RSSI_SECURITY OBSIDIA_RSSI_SECURITY_PRESENTATION_PACK_V1/docs/controls/OBSIDIA_CONTROL_EVIDENCE_MAP.md security/rssi/controls/ OBSIDIA_CONTROL_EVIDENCE_MAP.md md P2_SECURITY F03 0 0 0 0 1  NOT_FOUND_LOCAL DUPLICATE_SAFE CLE","INTEGRATE_TO_DATA_PRIVACY_SCOPE_GUARD_CANDIDATE","RGPD_COMPLIANCE_SCOPE_GUARD + RSSI_EVIDENCE_ONLY","false","false","false","false","false","false","F10 audit/spec only; compliance/data governance guard; no legal certification"
"RSSI_SECURITY","security/rssi/controls/","F03_RSSI_RGPD","FILE_PLAN_ALL 87 RSSI_SECURITY OBSIDIA_RSSI_SECURITY_PRESENTATION_PACK_V1/docs/controls/OBSIDIA_CONTROL_GAPS.md security/rssi/controls/ OBSIDIA_CONTROL_GAPS.md md P2_SECURITY F03 0 0 0 0 1  NOT_FOUND_LOCAL DUPLICATE_SAFE CLEAN MEDIUM KX108_","INTEGRATE_TO_DATA_PRIVACY_SCOPE_GUARD_CANDIDATE","RGPD_COMPLIANCE_SCOPE_GUARD + RSSI_EVIDENCE_ONLY","false","false","false","false","false","false","F10 audit/spec only; compliance/data governance guard; no legal certification"
"RSSI_SECURITY","security/rssi/controls/","F03_RSSI_RGPD","FILE_PLAN_ALL 88 RSSI_SECURITY OBSIDIA_RSSI_SECURITY_PRESENTATION_PACK_V1/docs/controls/OBSIDIA_CONTROL_MAPPING_AI_GOVERNANCE.md security/rssi/controls/ OBSIDIA_CONTROL_MAPPING_AI_GOVERNANCE.md md P2_SECURITY F03 0 0 0 0 1  NOT_FOUND_LOCAL ","INTEGRATE_TO_DATA_PRIVACY_SCOPE_GUARD_CANDIDATE","RGPD_COMPLIANCE_SCOPE_GUARD + RSSI_EVIDENCE_ONLY","false","false","false","false","false","false","F10 audit/spec only; compliance/data governance guard; no legal certification"
"RSSI_SECURITY","security/rssi/controls/","F03_RSSI_RGPD","FILE_PLAN_ALL 89 RSSI_SECURITY OBSIDIA_RSSI_SECURITY_PRESENTATION_PACK_V1/docs/controls/OBSIDIA_CONTROL_MAPPING_EBIOS_RM.md security/rssi/controls/ OBSIDIA_CONTROL_MAPPING_EBIOS_RM.md md P2_SECURITY F03 0 0 0 0 1  NOT_FOUND_LOCAL DUPLICATE_","INTEGRATE_TO_DATA_PRIVACY_SCOPE_GUARD_CANDIDATE","RGPD_COMPLIANCE_SCOPE_GUARD + RSSI_EVIDENCE_ONLY","false","false","false","false","false","false","F10 audit/spec only; compliance/data governance guard; no legal certification"
"RSSI_SECURITY","security/rssi/controls/","F03_RSSI_RGPD","FILE_PLAN_ALL 90 RSSI_SECURITY OBSIDIA_RSSI_SECURITY_PRESENTATION_PACK_V1/docs/controls/OBSIDIA_CONTROL_MAPPING_ISO27001.md security/rssi/controls/ OBSIDIA_CONTROL_MAPPING_ISO27001.md md P2_SECURITY F03 0 0 0 0 1  NOT_FOUND_LOCAL DUPLICATE_","INTEGRATE_TO_DATA_PRIVACY_SCOPE_GUARD_CANDIDATE","RGPD_COMPLIANCE_SCOPE_GUARD + RSSI_EVIDENCE_ONLY","false","false","false","false","false","false","F10 audit/spec only; compliance/data governance guard; no legal certification"
"RSSI_SECURITY","security/rssi/controls/","F03_RSSI_RGPD","FILE_PLAN_ALL 91 RSSI_SECURITY OBSIDIA_RSSI_SECURITY_PRESENTATION_PACK_V1/docs/controls/OBSIDIA_CONTROL_MAPPING_NIST_CSF.md security/rssi/controls/ OBSIDIA_CONTROL_MAPPING_NIST_CSF.md md P2_SECURITY F03 0 0 0 0 1  NOT_FOUND_LOCAL DUPLICATE_","INTEGRATE_TO_DATA_PRIVACY_SCOPE_GUARD_CANDIDATE","RGPD_COMPLIANCE_SCOPE_GUARD + RSSI_EVIDENCE_ONLY","false","false","false","false","false","false","F10 audit/spec only; compliance/data governance guard; no legal certification"
"RSSI_SECURITY","security/rssi/controls/","F03_RSSI_RGPD","FILE_PLAN_ALL 92 RSSI_SECURITY OBSIDIA_RSSI_SECURITY_PRESENTATION_PACK_V1/docs/controls/OBSIDIA_SECURITY_CONTROLS_CATALOG.md security/rssi/controls/ OBSIDIA_SECURITY_CONTROLS_CATALOG.md md P2_SECURITY F03 0 0 0 0 1  NOT_FOUND_LOCAL DUPLICAT","INTEGRATE_TO_DATA_PRIVACY_SCOPE_GUARD_CANDIDATE","RGPD_COMPLIANCE_SCOPE_GUARD + RSSI_EVIDENCE_ONLY","false","false","false","false","false","false","F10 audit/spec only; compliance/data governance guard; no legal certification"
"RSSI_SECURITY","security/rssi/data/","F03_RSSI_RGPD","FILE_PLAN_ALL 93 RSSI_SECURITY OBSIDIA_RSSI_SECURITY_PRESENTATION_PACK_V1/docs/data/OBSIDIA_DATA_CLASSIFICATION.md security/rssi/data/ OBSIDIA_DATA_CLASSIFICATION.md md P3_DOCS_EVIDENCE F03 0 0 0 0 1  NOT_FOUND_LOCAL DUPLICATE_SAFE CLEAN ME","INTEGRATE_TO_DATA_PRIVACY_SCOPE_GUARD_CANDIDATE","RGPD_COMPLIANCE_SCOPE_GUARD + RSSI_EVIDENCE_ONLY","false","false","false","false","false","false","F10 audit/spec only; compliance/data governance guard; no legal certification"
"RSSI_SECURITY","security/rssi/data/","F03_RSSI_RGPD","FILE_PLAN_ALL 94 RSSI_SECURITY OBSIDIA_RSSI_SECURITY_PRESENTATION_PACK_V1/docs/data/OBSIDIA_DATA_MINIMIZATION_MODEL.md security/rssi/data/ OBSIDIA_DATA_MINIMIZATION_MODEL.md md P3_DOCS_EVIDENCE F03 0 0 0 0 1  NOT_FOUND_LOCAL DUPLICATE_SAFE ","INTEGRATE_TO_DATA_PRIVACY_SCOPE_GUARD_CANDIDATE","RGPD_COMPLIANCE_SCOPE_GUARD + RSSI_EVIDENCE_ONLY","false","false","false","false","false","false","F10 audit/spec only; compliance/data governance guard; no legal certification"
"RSSI_SECURITY","security/rssi/data/","F03_RSSI_RGPD","FILE_PLAN_ALL 95 RSSI_SECURITY OBSIDIA_RSSI_SECURITY_PRESENTATION_PACK_V1/docs/data/OBSIDIA_DATA_RETENTION_MODEL.md security/rssi/data/ OBSIDIA_DATA_RETENTION_MODEL.md md P3_DOCS_EVIDENCE F03 0 0 0 0 1  NOT_FOUND_LOCAL DUPLICATE_SAFE CLEAN ","INTEGRATE_TO_DATA_PRIVACY_SCOPE_GUARD_CANDIDATE","RGPD_COMPLIANCE_SCOPE_GUARD + RSSI_EVIDENCE_ONLY","false","false","false","false","false","false","F10 audit/spec only; compliance/data governance guard; no legal certification"
"RSSI_SECURITY","security/rssi/data/","F03_RSSI_RGPD","FILE_PLAN_ALL 96 RSSI_SECURITY OBSIDIA_RSSI_SECURITY_PRESENTATION_PACK_V1/docs/data/OBSIDIA_PERSONAL_DATA_BOUNDARY.md security/rssi/data/ OBSIDIA_PERSONAL_DATA_BOUNDARY.md md P3_DOCS_EVIDENCE F03 0 0 0 0 1  NOT_FOUND_LOCAL DUPLICATE_SAFE CL","INTEGRATE_TO_DATA_PRIVACY_SCOPE_GUARD_CANDIDATE","RGPD_COMPLIANCE_SCOPE_GUARD + RSSI_EVIDENCE_ONLY","false","false","false","false","false","false","F10 audit/spec only; compliance/data governance guard; no legal certification"
"RSSI_SECURITY","security/rssi/data/","F03_RSSI_RGPD","FILE_PLAN_ALL 97 RSSI_SECURITY OBSIDIA_RSSI_SECURITY_PRESENTATION_PACK_V1/docs/data/OBSIDIA_SECRET_MANAGEMENT_MODEL.md security/rssi/data/ OBSIDIA_SECRET_MANAGEMENT_MODEL.md md P3_DOCS_EVIDENCE F03 0 0 0 0 1  NOT_FOUND_LOCAL DUPLICATE_SAFE ","INTEGRATE_TO_DATA_PRIVACY_SCOPE_GUARD_CANDIDATE","RGPD_COMPLIANCE_SCOPE_GUARD + RSSI_EVIDENCE_ONLY","false","false","false","false","false","false","F10 audit/spec only; compliance/data governance guard; no legal certification"
"RSSI_SECURITY","security/rssi/data/","F03_RSSI_RGPD","FILE_PLAN_ALL 98 RSSI_SECURITY OBSIDIA_RSSI_SECURITY_PRESENTATION_PACK_V1/docs/data/OBSIDIA_SENSITIVE_CONTEXT_HANDLING.md security/rssi/data/ OBSIDIA_SENSITIVE_CONTEXT_HANDLING.md md P3_DOCS_EVIDENCE F03 0 0 0 0 1  NOT_FOUND_LOCAL DUPLICATE","INTEGRATE_TO_DATA_PRIVACY_SCOPE_GUARD_CANDIDATE","RGPD_COMPLIANCE_SCOPE_GUARD + RSSI_EVIDENCE_ONLY","false","false","false","false","false","false","F10 audit/spec only; compliance/data governance guard; no legal certification"
"RSSI_SECURITY","security/rssi/executive/","F03_RSSI_RGPD","FILE_PLAN_ALL 99 RSSI_SECURITY OBSIDIA_RSSI_SECURITY_PRESENTATION_PACK_V1/docs/executive/OBSIDIA_ONE_PAGE_SECURITY_BRIEF.md security/rssi/executive/ OBSIDIA_ONE_PAGE_SECURITY_BRIEF.md md P3_DOCS_EVIDENCE F03 0 0 0 0 1  NOT_FOUND_LOCAL DUPLI","INTEGRATE_TO_DATA_PRIVACY_SCOPE_GUARD_CANDIDATE","RGPD_COMPLIANCE_SCOPE_GUARD + RSSI_EVIDENCE_ONLY","false","false","false","false","false","false","F10 audit/spec only; compliance/data governance guard; no legal certification"
"RSSI_SECURITY","security/rssi/executive/","F03_RSSI_RGPD","FILE_PLAN_ALL 100 RSSI_SECURITY OBSIDIA_RSSI_SECURITY_PRESENTATION_PACK_V1/docs/executive/OBSIDIA_RSSI_EXECUTIVE_SUMMARY.md security/rssi/executive/ OBSIDIA_RSSI_EXECUTIVE_SUMMARY.md md P3_DOCS_EVIDENCE F03 0 0 0 0 1  NOT_FOUND_LOCAL DUPLIC","INTEGRATE_TO_DATA_PRIVACY_SCOPE_GUARD_CANDIDATE","RGPD_COMPLIANCE_SCOPE_GUARD + RSSI_EVIDENCE_ONLY","false","false","false","false","false","false","F10 audit/spec only; compliance/data governance guard; no legal certification"
"RSSI_SECURITY","security/rssi/executive/","F03_RSSI_RGPD","FILE_PLAN_ALL 101 RSSI_SECURITY OBSIDIA_RSSI_SECURITY_PRESENTATION_PACK_V1/docs/executive/OBSIDIA_RSSI_PRESENTATION_NARRATIVE.md security/rssi/executive/ OBSIDIA_RSSI_PRESENTATION_NARRATIVE.md md P3_DOCS_EVIDENCE F03 0 0 0 0 1  NOT_FOUND_LO","INTEGRATE_TO_DATA_PRIVACY_SCOPE_GUARD_CANDIDATE","RGPD_COMPLIANCE_SCOPE_GUARD + RSSI_EVIDENCE_ONLY","false","false","false","false","false","false","F10 audit/spec only; compliance/data governance guard; no legal certification"
"RSSI_SECURITY","security/rssi/executive/","F03_RSSI_RGPD","FILE_PLAN_ALL 102 RSSI_SECURITY OBSIDIA_RSSI_SECURITY_PRESENTATION_PACK_V1/docs/executive/OBSIDIA_SECURITY_VALUE_PROPOSITION.md security/rssi/executive/ OBSIDIA_SECURITY_VALUE_PROPOSITION.md md P3_DOCS_EVIDENCE F03 0 0 0 0 1  NOT_FOUND_LOCA","INTEGRATE_TO_DATA_PRIVACY_SCOPE_GUARD_CANDIDATE","RGPD_COMPLIANCE_SCOPE_GUARD + RSSI_EVIDENCE_ONLY","false","false","false","false","false","false","F10 audit/spec only; compliance/data governance guard; no legal certification"
"RSSI_SECURITY","security/rssi/governance/","F03_RSSI_RGPD","FILE_PLAN_ALL 103 RSSI_SECURITY OBSIDIA_RSSI_SECURITY_PRESENTATION_PACK_V1/docs/governance/OBSIDIA_CANONICAL_PROMOTION_POLICY.md security/rssi/governance/ OBSIDIA_CANONICAL_PROMOTION_POLICY.md md P2_SECURITY F03 0 0 0 0 1  NOT_FOUND_LOCAL D","INTEGRATE_TO_DATA_PRIVACY_SCOPE_GUARD_CANDIDATE","RGPD_COMPLIANCE_SCOPE_GUARD + RSSI_EVIDENCE_ONLY","false","false","false","false","false","false","F10 audit/spec only; compliance/data governance guard; no legal certification"
"RSSI_SECURITY","security/rssi/governance/","F03_RSSI_RGPD","FILE_PLAN_ALL 104 RSSI_SECURITY OBSIDIA_RSSI_SECURITY_PRESENTATION_PACK_V1/docs/governance/OBSIDIA_CHANGE_CONTROL_POLICY.md security/rssi/governance/ OBSIDIA_CHANGE_CONTROL_POLICY.md md P2_SECURITY F03 0 0 0 0 1  NOT_FOUND_LOCAL DUPLICATE_S","INTEGRATE_TO_DATA_PRIVACY_SCOPE_GUARD_CANDIDATE","RGPD_COMPLIANCE_SCOPE_GUARD + RSSI_EVIDENCE_ONLY","false","false","false","false","false","false","F10 audit/spec only; compliance/data governance guard; no legal certification"
"RSSI_SECURITY","security/rssi/governance/","F03_RSSI_RGPD","FILE_PLAN_ALL 105 RSSI_SECURITY OBSIDIA_RSSI_SECURITY_PRESENTATION_PACK_V1/docs/governance/OBSIDIA_DECISION_AUTHORITY_POLICY.md security/rssi/governance/ OBSIDIA_DECISION_AUTHORITY_POLICY.md md P2_SECURITY F03 0 0 0 0 1  NOT_FOUND_LOCAL DUP","INTEGRATE_TO_DATA_PRIVACY_SCOPE_GUARD_CANDIDATE","RGPD_COMPLIANCE_SCOPE_GUARD + RSSI_EVIDENCE_ONLY","false","false","false","false","false","false","F10 audit/spec only; compliance/data governance guard; no legal certification"
"RSSI_SECURITY","security/rssi/governance/","F03_RSSI_RGPD","FILE_PLAN_ALL 106 RSSI_SECURITY OBSIDIA_RSSI_SECURITY_PRESENTATION_PACK_V1/docs/governance/OBSIDIA_GOVERNANCE_MODEL.md security/rssi/governance/ OBSIDIA_GOVERNANCE_MODEL.md md P2_SECURITY F03 0 0 0 0 1  NOT_FOUND_LOCAL DUPLICATE_SAFE CLEAN ","INTEGRATE_TO_DATA_PRIVACY_SCOPE_GUARD_CANDIDATE","RGPD_COMPLIANCE_SCOPE_GUARD + RSSI_EVIDENCE_ONLY","false","false","false","false","false","false","F10 audit/spec only; compliance/data governance guard; no legal certification"
"RSSI_SECURITY","security/rssi/governance/","F03_RSSI_RGPD","FILE_PLAN_ALL 107 RSSI_SECURITY OBSIDIA_RSSI_SECURITY_PRESENTATION_PACK_V1/docs/governance/OBSIDIA_HUMAN_OVERSIGHT_POLICY.md security/rssi/governance/ OBSIDIA_HUMAN_OVERSIGHT_POLICY.md md P2_SECURITY F03 0 0 0 0 1  NOT_FOUND_LOCAL DUPLICATE","INTEGRATE_TO_DATA_PRIVACY_SCOPE_GUARD_CANDIDATE","RGPD_COMPLIANCE_SCOPE_GUARD + RSSI_EVIDENCE_ONLY","false","false","false","false","false","false","F10 audit/spec only; compliance/data governance guard; no legal certification"
"RSSI_SECURITY","security/rssi/governance/","F03_RSSI_RGPD","FILE_PLAN_ALL 108 RSSI_SECURITY OBSIDIA_RSSI_SECURITY_PRESENTATION_PACK_V1/docs/governance/OBSIDIA_NO_ACT_FROM_PERIPHERY_POLICY.md security/rssi/governance/ OBSIDIA_NO_ACT_FROM_PERIPHERY_POLICY.md md P2_SECURITY F03 0 0 0 0 1  NOT_FOUND_LOC","INTEGRATE_TO_DATA_PRIVACY_SCOPE_GUARD_CANDIDATE","RGPD_COMPLIANCE_SCOPE_GUARD + RSSI_EVIDENCE_ONLY","false","false","false","false","false","false","F10 audit/spec only; compliance/data governance guard; no legal certification"
"RSSI_SECURITY","security/rssi/governance/","F03_RSSI_RGPD","FILE_PLAN_ALL 109 RSSI_SECURITY OBSIDIA_RSSI_SECURITY_PRESENTATION_PACK_V1/docs/governance/OBSIDIA_READONLY_BOUNDARY_POLICY.md security/rssi/governance/ OBSIDIA_READONLY_BOUNDARY_POLICY.md md P2_SECURITY F03 0 0 0 0 1  NOT_FOUND_LOCAL DUPLI","INTEGRATE_TO_DATA_PRIVACY_SCOPE_GUARD_CANDIDATE","RGPD_COMPLIANCE_SCOPE_GUARD + RSSI_EVIDENCE_ONLY","false","false","false","false","false","false","F10 audit/spec only; compliance/data governance guard; no legal certification"
"RSSI_SECURITY","security/rssi/governance/","F03_RSSI_RGPD","FILE_PLAN_ALL 110 RSSI_SECURITY OBSIDIA_RSSI_SECURITY_PRESENTATION_PACK_V1/docs/governance/OBSIDIA_SECURITY_RESPONSIBILITY_MATRIX.md security/rssi/governance/ OBSIDIA_SECURITY_RESPONSIBILITY_MATRIX.md md P2_SECURITY F03 0 0 0 0 1  NOT_FOUND","INTEGRATE_TO_DATA_PRIVACY_SCOPE_GUARD_CANDIDATE","RGPD_COMPLIANCE_SCOPE_GUARD + RSSI_EVIDENCE_ONLY","false","false","false","false","false","false","F10 audit/spec only; compliance/data governance guard; no legal certification"
"RSSI_SECURITY","security/rssi/incident_response/","F03_RSSI_RGPD","FILE_PLAN_ALL 111 RSSI_SECURITY OBSIDIA_RSSI_SECURITY_PRESENTATION_PACK_V1/docs/incident_response/OBSIDIA_AI_INCIDENT_PLAYBOOK.md security/rssi/incident_response/ OBSIDIA_AI_INCIDENT_PLAYBOOK.md md P3_DOCS_EVIDENCE F03 0 0 0 0 1  NOT_FOUND_","INTEGRATE_TO_DATA_PRIVACY_SCOPE_GUARD_CANDIDATE","RGPD_COMPLIANCE_SCOPE_GUARD + RSSI_EVIDENCE_ONLY","false","false","false","false","false","false","F10 audit/spec only; compliance/data governance guard; no legal certification"
"RSSI_SECURITY","security/rssi/incident_response/","F03_RSSI_RGPD","FILE_PLAN_ALL 112 RSSI_SECURITY OBSIDIA_RSSI_SECURITY_PRESENTATION_PACK_V1/docs/incident_response/OBSIDIA_DATA_INCIDENT_PLAYBOOK.md security/rssi/incident_response/ OBSIDIA_DATA_INCIDENT_PLAYBOOK.md md P3_DOCS_EVIDENCE F03 0 0 0 0 1  NOT_FO","INTEGRATE_TO_DATA_PRIVACY_SCOPE_GUARD_CANDIDATE","RGPD_COMPLIANCE_SCOPE_GUARD + RSSI_EVIDENCE_ONLY","false","false","false","false","false","false","F10 audit/spec only; compliance/data governance guard; no legal certification"
"RSSI_SECURITY","security/rssi/incident_response/","F03_RSSI_RGPD","FILE_PLAN_ALL 113 RSSI_SECURITY OBSIDIA_RSSI_SECURITY_PRESENTATION_PACK_V1/docs/incident_response/OBSIDIA_GRAPH_INCIDENT_PLAYBOOK.md security/rssi/incident_response/ OBSIDIA_GRAPH_INCIDENT_PLAYBOOK.md md P3_DOCS_EVIDENCE F03 0 0 0 0 1  NOT_","INTEGRATE_TO_DATA_PRIVACY_SCOPE_GUARD_CANDIDATE","RGPD_COMPLIANCE_SCOPE_GUARD + RSSI_EVIDENCE_ONLY","false","false","false","false","false","false","F10 audit/spec only; compliance/data governance guard; no legal certification"
"RSSI_SECURITY","security/rssi/incident_response/","F03_RSSI_RGPD","FILE_PLAN_ALL 114 RSSI_SECURITY OBSIDIA_RSSI_SECURITY_PRESENTATION_PACK_V1/docs/incident_response/OBSIDIA_INCIDENT_RESPONSE_PLAN.md security/rssi/incident_response/ OBSIDIA_INCIDENT_RESPONSE_PLAN.md md P3_DOCS_EVIDENCE F03 0 0 0 0 1  NOT_FO","INTEGRATE_TO_DATA_PRIVACY_SCOPE_GUARD_CANDIDATE","RGPD_COMPLIANCE_SCOPE_GUARD + RSSI_EVIDENCE_ONLY","false","false","false","false","false","false","F10 audit/spec only; compliance/data governance guard; no legal certification"
"RSSI_SECURITY","security/rssi/incident_response/","F03_RSSI_RGPD","FILE_PLAN_ALL 115 RSSI_SECURITY OBSIDIA_RSSI_SECURITY_PRESENTATION_PACK_V1/docs/incident_response/OBSIDIA_ROLLBACK_AND_CONTAINMENT.md security/rssi/incident_response/ OBSIDIA_ROLLBACK_AND_CONTAINMENT.md md P3_DOCS_EVIDENCE F03 0 0 0 0 1  NO","INTEGRATE_TO_DATA_PRIVACY_SCOPE_GUARD_CANDIDATE","RGPD_COMPLIANCE_SCOPE_GUARD + RSSI_EVIDENCE_ONLY","false","false","false","false","false","false","F10 audit/spec only; compliance/data governance guard; no legal certification"
"RSSI_SECURITY","security/rssi/incident_response/","F03_RSSI_RGPD","FILE_PLAN_ALL 116 RSSI_SECURITY OBSIDIA_RSSI_SECURITY_PRESENTATION_PACK_V1/docs/incident_response/OBSIDIA_SECURITY_INCIDENT_PLAYBOOK.md security/rssi/incident_response/ OBSIDIA_SECURITY_INCIDENT_PLAYBOOK.md md P3_DOCS_EVIDENCE F03 0 0 0 0 1","INTEGRATE_TO_DATA_PRIVACY_SCOPE_GUARD_CANDIDATE","RGPD_COMPLIANCE_SCOPE_GUARD + RSSI_EVIDENCE_ONLY","false","false","false","false","false","false","F10 audit/spec only; compliance/data governance guard; no legal certification"
"RSSI_SECURITY","security/rssi/modules/","F03_RSSI_RGPD","FILE_PLAN_ALL 117 RSSI_SECURITY OBSIDIA_RSSI_SECURITY_PRESENTATION_PACK_V1/docs/modules/RSSI_001_VISION_SECURITE_OBSIDIA.md security/rssi/modules/ RSSI_001_VISION_SECURITE_OBSIDIA.md md P3_DOCS_EVIDENCE F03 0 0 0 0 1  NOT_FOUND_LOCAL DUPLIC","INTEGRATE_TO_DATA_PRIVACY_SCOPE_GUARD_CANDIDATE","RGPD_COMPLIANCE_SCOPE_GUARD + RSSI_EVIDENCE_ONLY","false","false","false","false","false","false","F10 audit/spec only; compliance/data governance guard; no legal certification"
"RSSI_SECURITY","security/rssi/modules/","F03_RSSI_RGPD","FILE_PLAN_ALL 118 RSSI_SECURITY OBSIDIA_RSSI_SECURITY_PRESENTATION_PACK_V1/docs/modules/RSSI_002_ARCHITECTURE_SECURITE_OS0OS4.md security/rssi/modules/ RSSI_002_ARCHITECTURE_SECURITE_OS0OS4.md md P3_DOCS_EVIDENCE F03 0 0 0 0 1  NOT_FOUND_LO","INTEGRATE_TO_DATA_PRIVACY_SCOPE_GUARD_CANDIDATE","RGPD_COMPLIANCE_SCOPE_GUARD + RSSI_EVIDENCE_ONLY","false","false","false","false","false","false","F10 audit/spec only; compliance/data governance guard; no legal certification"
"RSSI_SECURITY","security/rssi/modules/","F03_RSSI_RGPD","FILE_PLAN_ALL 119 RSSI_SECURITY OBSIDIA_RSSI_SECURITY_PRESENTATION_PACK_V1/docs/modules/RSSI_003_BOUNDARY_X108.md security/rssi/modules/ RSSI_003_BOUNDARY_X108.md md P3_DOCS_EVIDENCE F03 0 0 0 0 1  NOT_FOUND_LOCAL DUPLICATE_SAFE CLEAN MEDIU","INTEGRATE_TO_DATA_PRIVACY_SCOPE_GUARD_CANDIDATE","RGPD_COMPLIANCE_SCOPE_GUARD + RSSI_EVIDENCE_ONLY","false","false","false","false","false","false","F10 audit/spec only; compliance/data governance guard; no legal certification"
"RSSI_SECURITY","security/rssi/modules/","F03_RSSI_RGPD","FILE_PLAN_ALL 120 RSSI_SECURITY OBSIDIA_RSSI_SECURITY_PRESENTATION_PACK_V1/docs/modules/RSSI_004_AUTORITE_DECISIONNELLE_KX108_ONLY.md security/rssi/modules/ RSSI_004_AUTORITE_DECISIONNELLE_KX108_ONLY.md md P3_DOCS_EVIDENCE F03 0 0 0 0 1  NO","INTEGRATE_TO_DATA_PRIVACY_SCOPE_GUARD_CANDIDATE","RGPD_COMPLIANCE_SCOPE_GUARD + RSSI_EVIDENCE_ONLY","false","false","false","false","false","false","F10 audit/spec only; compliance/data governance guard; no legal certification"
"RSSI_SECURITY","security/rssi/modules/","F03_RSSI_RGPD","FILE_PLAN_ALL 121 RSSI_SECURITY OBSIDIA_RSSI_SECURITY_PRESENTATION_PACK_V1/docs/modules/RSSI_005_SEPARATION_NOYAU_PERIPHERIE.md security/rssi/modules/ RSSI_005_SEPARATION_NOYAU_PERIPHERIE.md md P3_DOCS_EVIDENCE F03 0 0 0 0 1  NOT_FOUND_LOCA","INTEGRATE_TO_DATA_PRIVACY_SCOPE_GUARD_CANDIDATE","RGPD_COMPLIANCE_SCOPE_GUARD + RSSI_EVIDENCE_ONLY","false","false","false","false","false","false","F10 audit/spec only; compliance/data governance guard; no legal certification"
"RSSI_SECURITY","security/rssi/modules/","F03_RSSI_RGPD","FILE_PLAN_ALL 122 RSSI_SECURITY OBSIDIA_RSSI_SECURITY_PRESENTATION_PACK_V1/docs/modules/RSSI_006_READONLY_CONTEXT_MODEL.md security/rssi/modules/ RSSI_006_READONLY_CONTEXT_MODEL.md md P3_DOCS_EVIDENCE F03 0 0 0 0 1  NOT_FOUND_LOCAL DUPLICAT","INTEGRATE_TO_DATA_PRIVACY_SCOPE_GUARD_CANDIDATE","RGPD_COMPLIANCE_SCOPE_GUARD + RSSI_EVIDENCE_ONLY","false","false","false","false","false","false","F10 audit/spec only; compliance/data governance guard; no legal certification"
"RSSI_SECURITY","security/rssi/modules/","F03_RSSI_RGPD","FILE_PLAN_ALL 123 RSSI_SECURITY OBSIDIA_RSSI_SECURITY_PRESENTATION_PACK_V1/docs/modules/RSSI_007_NON_CONTOURNEMENT.md security/rssi/modules/ RSSI_007_NON_CONTOURNEMENT.md md P3_DOCS_EVIDENCE F03 0 0 0 0 1  NOT_FOUND_LOCAL DUPLICATE_SAFE CLE","INTEGRATE_TO_DATA_PRIVACY_SCOPE_GUARD_CANDIDATE","RGPD_COMPLIANCE_SCOPE_GUARD + RSSI_EVIDENCE_ONLY","false","false","false","false","false","false","F10 audit/spec only; compliance/data governance guard; no legal certification"
"RSSI_SECURITY","security/rssi/modules/","F03_RSSI_RGPD","FILE_PLAN_ALL 124 RSSI_SECURITY OBSIDIA_RSSI_SECURITY_PRESENTATION_PACK_V1/docs/modules/RSSI_008_NON_EMISSION_ACT_PERIPHERIE.md security/rssi/modules/ RSSI_008_NON_EMISSION_ACT_PERIPHERIE.md md P3_DOCS_EVIDENCE F03 0 0 0 0 1  NOT_FOUND_LOCA","INTEGRATE_TO_DATA_PRIVACY_SCOPE_GUARD_CANDIDATE","RGPD_COMPLIANCE_SCOPE_GUARD + RSSI_EVIDENCE_ONLY","false","false","false","false","false","false","F10 audit/spec only; compliance/data governance guard; no legal certification"
"RSSI_SECURITY","security/rssi/modules/","F03_RSSI_RGPD","FILE_PLAN_ALL 125 RSSI_SECURITY OBSIDIA_RSSI_SECURITY_PRESENTATION_PACK_V1/docs/modules/RSSI_009_CONTROLE_GRAPHITI_NEO4J.md security/rssi/modules/ RSSI_009_CONTROLE_GRAPHITI_NEO4J.md md P3_DOCS_EVIDENCE F03 0 0 0 0 1  NOT_FOUND_LOCAL DUPLIC","INTEGRATE_TO_DATA_PRIVACY_SCOPE_GUARD_CANDIDATE","RGPD_COMPLIANCE_SCOPE_GUARD + RSSI_EVIDENCE_ONLY","false","false","false","false","false","false","F10 audit/spec only; compliance/data governance guard; no legal certification"
"RSSI_SECURITY","security/rssi/modules/","F03_RSSI_RGPD","FILE_PLAN_ALL 126 RSSI_SECURITY OBSIDIA_RSSI_SECURITY_PRESENTATION_PACK_V1/docs/modules/RSSI_010_AUDIT_LOGS.md security/rssi/modules/ RSSI_010_AUDIT_LOGS.md md P3_DOCS_EVIDENCE F03 0 0 0 0 1  NOT_FOUND_LOCAL DUPLICATE_SAFE CLEAN MEDIUM KX10","INTEGRATE_TO_DATA_PRIVACY_SCOPE_GUARD_CANDIDATE","RGPD_COMPLIANCE_SCOPE_GUARD + RSSI_EVIDENCE_ONLY","false","false","false","false","false","false","F10 audit/spec only; compliance/data governance guard; no legal certification"
"RSSI_SECURITY","security/rssi/modules/","F03_RSSI_RGPD","FILE_PLAN_ALL 127 RSSI_SECURITY OBSIDIA_RSSI_SECURITY_PRESENTATION_PACK_V1/docs/modules/RSSI_011_REPLAYABILITE.md security/rssi/modules/ RSSI_011_REPLAYABILITE.md md P3_DOCS_EVIDENCE F03 0 0 0 0 1  NOT_FOUND_LOCAL DUPLICATE_SAFE CLEAN MEDIU","INTEGRATE_TO_DATA_PRIVACY_SCOPE_GUARD_CANDIDATE","RGPD_COMPLIANCE_SCOPE_GUARD + RSSI_EVIDENCE_ONLY","false","false","false","false","false","false","F10 audit/spec only; compliance/data governance guard; no legal certification"
"RSSI_SECURITY","security/rssi/modules/","F03_RSSI_RGPD","FILE_PLAN_ALL 128 RSSI_SECURITY OBSIDIA_RSSI_SECURITY_PRESENTATION_PACK_V1/docs/modules/RSSI_012_EVIDENCE_LEDGER.md security/rssi/modules/ RSSI_012_EVIDENCE_LEDGER.md md P3_DOCS_EVIDENCE F03 0 0 0 0 1  NOT_FOUND_LOCAL DUPLICATE_SAFE CLEAN M","INTEGRATE_TO_DATA_PRIVACY_SCOPE_GUARD_CANDIDATE","RGPD_COMPLIANCE_SCOPE_GUARD + RSSI_EVIDENCE_ONLY","false","false","false","false","false","false","F10 audit/spec only; compliance/data governance guard; no legal certification"
"RSSI_SECURITY","security/rssi/modules/","F03_RSSI_RGPD","FILE_PLAN_ALL 129 RSSI_SECURITY OBSIDIA_RSSI_SECURITY_PRESENTATION_PACK_V1/docs/modules/RSSI_013_GESTION_DES_ACCES.md security/rssi/modules/ RSSI_013_GESTION_DES_ACCES.md md P3_DOCS_EVIDENCE F03 0 0 0 0 1  NOT_FOUND_LOCAL DUPLICATE_SAFE CLE","INTEGRATE_TO_DATA_PRIVACY_SCOPE_GUARD_CANDIDATE","RGPD_COMPLIANCE_SCOPE_GUARD + RSSI_EVIDENCE_ONLY","false","false","false","false","false","false","F10 audit/spec only; compliance/data governance guard; no legal certification"
"RSSI_SECURITY","security/rssi/modules/","F03_RSSI_RGPD","FILE_PLAN_ALL 130 RSSI_SECURITY OBSIDIA_RSSI_SECURITY_PRESENTATION_PACK_V1/docs/modules/RSSI_014_GESTION_DES_SECRETS.md security/rssi/modules/ RSSI_014_GESTION_DES_SECRETS.md md P3_DOCS_EVIDENCE F03 0 0 0 0 1  NOT_FOUND_LOCAL DUPLICATE_SAFE","INTEGRATE_TO_DATA_PRIVACY_SCOPE_GUARD_CANDIDATE","RGPD_COMPLIANCE_SCOPE_GUARD + RSSI_EVIDENCE_ONLY","false","false","false","false","false","false","F10 audit/spec only; compliance/data governance guard; no legal certification"
"RSSI_SECURITY","security/rssi/modules/","F03_RSSI_RGPD","FILE_PLAN_ALL 131 RSSI_SECURITY OBSIDIA_RSSI_SECURITY_PRESENTATION_PACK_V1/docs/modules/RSSI_015_DONNEES_SENSIBLES.md security/rssi/modules/ RSSI_015_DONNEES_SENSIBLES.md md P3_DOCS_EVIDENCE F03 0 0 0 0 1  NOT_FOUND_LOCAL DUPLICATE_SAFE CLE","INTEGRATE_TO_DATA_PRIVACY_SCOPE_GUARD_CANDIDATE","RGPD_COMPLIANCE_SCOPE_GUARD + RSSI_EVIDENCE_ONLY","false","false","false","false","false","false","F10 audit/spec only; compliance/data governance guard; no legal certification"
"RSSI_SECURITY","security/rssi/modules/","F03_RSSI_RGPD","FILE_PLAN_ALL 132 RSSI_SECURITY OBSIDIA_RSSI_SECURITY_PRESENTATION_PACK_V1/docs/modules/RSSI_016_DONNEES_PERSONNELLES.md security/rssi/modules/ RSSI_016_DONNEES_PERSONNELLES.md md P3_DOCS_EVIDENCE F03 0 0 0 0 1  NOT_FOUND_LOCAL DUPLICATE_SA","INTEGRATE_TO_DATA_PRIVACY_SCOPE_GUARD_CANDIDATE","RGPD_COMPLIANCE_SCOPE_GUARD + RSSI_EVIDENCE_ONLY","false","false","false","false","false","false","F10 audit/spec only; compliance/data governance guard; no legal certification"
"RSSI_SECURITY","security/rssi/modules/","F03_RSSI_RGPD","FILE_PLAN_ALL 133 RSSI_SECURITY OBSIDIA_RSSI_SECURITY_PRESENTATION_PACK_V1/docs/modules/RSSI_017_RISQUE_PROMPT_INJECTION.md security/rssi/modules/ RSSI_017_RISQUE_PROMPT_INJECTION.md md P3_DOCS_EVIDENCE F03 0 0 0 0 1  NOT_FOUND_LOCAL DUPLIC","INTEGRATE_TO_DATA_PRIVACY_SCOPE_GUARD_CANDIDATE","RGPD_COMPLIANCE_SCOPE_GUARD + RSSI_EVIDENCE_ONLY","false","false","false","false","false","false","F10 audit/spec only; compliance/data governance guard; no legal certification"
"RSSI_SECURITY","security/rssi/modules/","F03_RSSI_RGPD","FILE_PLAN_ALL 134 RSSI_SECURITY OBSIDIA_RSSI_SECURITY_PRESENTATION_PACK_V1/docs/modules/RSSI_018_RISQUE_AGENT_BYPASS.md security/rssi/modules/ RSSI_018_RISQUE_AGENT_BYPASS.md md P3_DOCS_EVIDENCE F03 0 0 0 0 1  NOT_FOUND_LOCAL DUPLICATE_SAFE","INTEGRATE_TO_DATA_PRIVACY_SCOPE_GUARD_CANDIDATE","RGPD_COMPLIANCE_SCOPE_GUARD + RSSI_EVIDENCE_ONLY","false","false","false","false","false","false","F10 audit/spec only; compliance/data governance guard; no legal certification"
"RSSI_SECURITY","security/rssi/modules/","F03_RSSI_RGPD","FILE_PLAN_ALL 135 RSSI_SECURITY OBSIDIA_RSSI_SECURITY_PRESENTATION_PACK_V1/docs/modules/RSSI_019_RISQUE_HALLUCINATION_DECISIONNELLE.md security/rssi/modules/ RSSI_019_RISQUE_HALLUCINATION_DECISIONNELLE.md md P3_DOCS_EVIDENCE F03 0 0 0 0 1  ","INTEGRATE_TO_DATA_PRIVACY_SCOPE_GUARD_CANDIDATE","RGPD_COMPLIANCE_SCOPE_GUARD + RSSI_EVIDENCE_ONLY","false","false","false","false","false","false","F10 audit/spec only; compliance/data governance guard; no legal certification"
"RSSI_SECURITY","security/rssi/modules/","F03_RSSI_RGPD","FILE_PLAN_ALL 136 RSSI_SECURITY OBSIDIA_RSSI_SECURITY_PRESENTATION_PACK_V1/docs/modules/RSSI_020_RISQUE_SUPPLY_CHAIN.md security/rssi/modules/ RSSI_020_RISQUE_SUPPLY_CHAIN.md md P3_DOCS_EVIDENCE F03 0 0 0 0 1  NOT_FOUND_LOCAL DUPLICATE_SAFE","INTEGRATE_TO_DATA_PRIVACY_SCOPE_GUARD_CANDIDATE","RGPD_COMPLIANCE_SCOPE_GUARD + RSSI_EVIDENCE_ONLY","false","false","false","false","false","false","F10 audit/spec only; compliance/data governance guard; no legal certification"
"RSSI_SECURITY","security/rssi/modules/","F03_RSSI_RGPD","FILE_PLAN_ALL 137 RSSI_SECURITY OBSIDIA_RSSI_SECURITY_PRESENTATION_PACK_V1/docs/modules/RSSI_021_RISQUE_DEPENDANCE_LLM.md security/rssi/modules/ RSSI_021_RISQUE_DEPENDANCE_LLM.md md P3_DOCS_EVIDENCE F03 0 0 0 0 1  NOT_FOUND_LOCAL DUPLICATE_","INTEGRATE_TO_DATA_PRIVACY_SCOPE_GUARD_CANDIDATE","RGPD_COMPLIANCE_SCOPE_GUARD + RSSI_EVIDENCE_ONLY","false","false","false","false","false","false","F10 audit/spec only; compliance/data governance guard; no legal certification"
"RSSI_SECURITY","security/rssi/modules/","F03_RSSI_RGPD","FILE_PLAN_ALL 138 RSSI_SECURITY OBSIDIA_RSSI_SECURITY_PRESENTATION_PACK_V1/docs/modules/RSSI_022_RISQUE_MEMORY_POISONING.md security/rssi/modules/ RSSI_022_RISQUE_MEMORY_POISONING.md md P3_DOCS_EVIDENCE F03 0 0 0 0 1  NOT_FOUND_LOCAL DUPLIC","INTEGRATE_TO_DATA_PRIVACY_SCOPE_GUARD_CANDIDATE","RGPD_COMPLIANCE_SCOPE_GUARD + RSSI_EVIDENCE_ONLY","false","false","false","false","false","false","F10 audit/spec only; compliance/data governance guard; no legal certification"
"RSSI_SECURITY","security/rssi/modules/","F03_RSSI_RGPD","FILE_PLAN_ALL 139 RSSI_SECURITY OBSIDIA_RSSI_SECURITY_PRESENTATION_PACK_V1/docs/modules/RSSI_023_RISQUE_GRAPH_POISONING.md security/rssi/modules/ RSSI_023_RISQUE_GRAPH_POISONING.md md P3_DOCS_EVIDENCE F03 0 0 0 0 1  NOT_FOUND_LOCAL DUPLICAT","INTEGRATE_TO_DATA_PRIVACY_SCOPE_GUARD_CANDIDATE","RGPD_COMPLIANCE_SCOPE_GUARD + RSSI_EVIDENCE_ONLY","false","false","false","false","false","false","F10 audit/spec only; compliance/data governance guard; no legal certification"
"RSSI_SECURITY","security/rssi/modules/","F03_RSSI_RGPD","FILE_PLAN_ALL 140 RSSI_SECURITY OBSIDIA_RSSI_SECURITY_PRESENTATION_PACK_V1/docs/modules/RSSI_024_RISQUE_UNAUTHORIZED_TOOL_CALL.md security/rssi/modules/ RSSI_024_RISQUE_UNAUTHORIZED_TOOL_CALL.md md P3_DOCS_EVIDENCE F03 0 0 0 0 1  NOT_FOUND_","INTEGRATE_TO_DATA_PRIVACY_SCOPE_GUARD_CANDIDATE","RGPD_COMPLIANCE_SCOPE_GUARD + RSSI_EVIDENCE_ONLY","false","false","false","false","false","false","F10 audit/spec only; compliance/data governance guard; no legal certification"
"RSSI_SECURITY","security/rssi/modules/","F03_RSSI_RGPD","FILE_PLAN_ALL 141 RSSI_SECURITY OBSIDIA_RSSI_SECURITY_PRESENTATION_PACK_V1/docs/modules/RSSI_025_RISQUE_ACTION_IRREVERSIBLE.md security/rssi/modules/ RSSI_025_RISQUE_ACTION_IRREVERSIBLE.md md P3_DOCS_EVIDENCE F03 0 0 0 0 1  NOT_FOUND_LOCAL ","INTEGRATE_TO_DATA_PRIVACY_SCOPE_GUARD_CANDIDATE","RGPD_COMPLIANCE_SCOPE_GUARD + RSSI_EVIDENCE_ONLY","false","false","false","false","false","false","F10 audit/spec only; compliance/data governance guard; no legal certification"
"RSSI_SECURITY","security/rssi/modules/","F03_RSSI_RGPD","FILE_PLAN_ALL 142 RSSI_SECURITY OBSIDIA_RSSI_SECURITY_PRESENTATION_PACK_V1/docs/modules/RSSI_026_INCIDENT_RESPONSE.md security/rssi/modules/ RSSI_026_INCIDENT_RESPONSE.md md P3_DOCS_EVIDENCE F03 0 0 0 0 1  NOT_FOUND_LOCAL DUPLICATE_SAFE CLE","INTEGRATE_TO_DATA_PRIVACY_SCOPE_GUARD_CANDIDATE","RGPD_COMPLIANCE_SCOPE_GUARD + RSSI_EVIDENCE_ONLY","false","false","false","false","false","false","F10 audit/spec only; compliance/data governance guard; no legal certification"
"RSSI_SECURITY","security/rssi/modules/","F03_RSSI_RGPD","FILE_PLAN_ALL 143 RSSI_SECURITY OBSIDIA_RSSI_SECURITY_PRESENTATION_PACK_V1/docs/modules/RSSI_027_ROLLBACK_CONTAINMENT.md security/rssi/modules/ RSSI_027_ROLLBACK_CONTAINMENT.md md P3_DOCS_EVIDENCE F03 0 0 0 0 1  NOT_FOUND_LOCAL DUPLICATE_SA","INTEGRATE_TO_DATA_PRIVACY_SCOPE_GUARD_CANDIDATE","RGPD_COMPLIANCE_SCOPE_GUARD + RSSI_EVIDENCE_ONLY","false","false","false","false","false","false","F10 audit/spec only; compliance/data governance guard; no legal certification"
"RSSI_SECURITY","security/rssi/modules/","F03_RSSI_RGPD","FILE_PLAN_ALL 144 RSSI_SECURITY OBSIDIA_RSSI_SECURITY_PRESENTATION_PACK_V1/docs/modules/RSSI_028_CONFORMITE_ISO_27001.md security/rssi/modules/ RSSI_028_CONFORMITE_ISO_27001.md md P3_DOCS_EVIDENCE F03 0 0 0 0 1  NOT_FOUND_LOCAL DUPLICATE_SA","INTEGRATE_TO_DATA_PRIVACY_SCOPE_GUARD_CANDIDATE","RGPD_COMPLIANCE_SCOPE_GUARD + RSSI_EVIDENCE_ONLY","false","false","false","false","false","false","F10 audit/spec only; compliance/data governance guard; no legal certification"
"RSSI_SECURITY","security/rssi/modules/","F03_RSSI_RGPD","FILE_PLAN_ALL 145 RSSI_SECURITY OBSIDIA_RSSI_SECURITY_PRESENTATION_PACK_V1/docs/modules/RSSI_029_CONFORMITE_NIST_CSF.md security/rssi/modules/ RSSI_029_CONFORMITE_NIST_CSF.md md P3_DOCS_EVIDENCE F03 0 0 0 0 1  NOT_FOUND_LOCAL DUPLICATE_SAFE","INTEGRATE_TO_DATA_PRIVACY_SCOPE_GUARD_CANDIDATE","RGPD_COMPLIANCE_SCOPE_GUARD + RSSI_EVIDENCE_ONLY","false","false","false","false","false","false","F10 audit/spec only; compliance/data governance guard; no legal certification"
"RSSI_SECURITY","security/rssi/modules/","F03_RSSI_RGPD","FILE_PLAN_ALL 146 RSSI_SECURITY OBSIDIA_RSSI_SECURITY_PRESENTATION_PACK_V1/docs/modules/RSSI_030_CONFORMITE_EBIOS_RM.md security/rssi/modules/ RSSI_030_CONFORMITE_EBIOS_RM.md md P3_DOCS_EVIDENCE F03 0 0 0 0 1  NOT_FOUND_LOCAL DUPLICATE_SAFE","INTEGRATE_TO_DATA_PRIVACY_SCOPE_GUARD_CANDIDATE","RGPD_COMPLIANCE_SCOPE_GUARD + RSSI_EVIDENCE_ONLY","false","false","false","false","false","false","F10 audit/spec only; compliance/data governance guard; no legal certification"
"RSSI_SECURITY","security/rssi/modules/","F03_RSSI_RGPD","FILE_PLAN_ALL 147 RSSI_SECURITY OBSIDIA_RSSI_SECURITY_PRESENTATION_PACK_V1/docs/modules/RSSI_031_PERTINENCE_AI_ACT.md security/rssi/modules/ RSSI_031_PERTINENCE_AI_ACT.md md P3_DOCS_EVIDENCE F03 0 0 0 0 1  NOT_FOUND_LOCAL DUPLICATE_SAFE CLE","INTEGRATE_TO_DATA_PRIVACY_SCOPE_GUARD_CANDIDATE","RGPD_COMPLIANCE_SCOPE_GUARD + RSSI_EVIDENCE_ONLY","false","false","false","false","false","false","F10 audit/spec only; compliance/data governance guard; no legal certification"
"RSSI_SECURITY","security/rssi/modules/","F03_RSSI_RGPD","FILE_PLAN_ALL 148 RSSI_SECURITY OBSIDIA_RSSI_SECURITY_PRESENTATION_PACK_V1/docs/modules/RSSI_032_PERTINENCE_GDPR.md security/rssi/modules/ RSSI_032_PERTINENCE_GDPR.md md P3_DOCS_EVIDENCE F03 0 0 0 0 1  NOT_FOUND_LOCAL DUPLICATE_SAFE CLEAN M","INTEGRATE_TO_DATA_PRIVACY_SCOPE_GUARD_CANDIDATE","RGPD_COMPLIANCE_SCOPE_GUARD + RSSI_EVIDENCE_ONLY","false","false","false","false","false","false","F10 audit/spec only; compliance/data governance guard; no legal certification"
"RSSI_SECURITY","security/rssi/modules/","F03_RSSI_RGPD","FILE_PLAN_ALL 149 RSSI_SECURITY OBSIDIA_RSSI_SECURITY_PRESENTATION_PACK_V1/docs/modules/RSSI_033_PERTINENCE_NIS2_DORA.md security/rssi/modules/ RSSI_033_PERTINENCE_NIS2_DORA.md md P3_DOCS_EVIDENCE F03 0 0 0 0 1  NOT_FOUND_LOCAL DUPLICATE_SA","INTEGRATE_TO_DATA_PRIVACY_SCOPE_GUARD_CANDIDATE","RGPD_COMPLIANCE_SCOPE_GUARD + RSSI_EVIDENCE_ONLY","false","false","false","false","false","false","F10 audit/spec only; compliance/data governance guard; no legal certification"
"RSSI_SECURITY","security/rssi/modules/","F03_RSSI_RGPD","FILE_PLAN_ALL 150 RSSI_SECURITY OBSIDIA_RSSI_SECURITY_PRESENTATION_PACK_V1/docs/modules/RSSI_034_CONTROLES_BANCAIRES.md security/rssi/modules/ RSSI_034_CONTROLES_BANCAIRES.md md P3_DOCS_EVIDENCE F03 0 0 0 0 1  NOT_FOUND_LOCAL DUPLICATE_SAFE","INTEGRATE_TO_DATA_PRIVACY_SCOPE_GUARD_CANDIDATE","RGPD_COMPLIANCE_SCOPE_GUARD + RSSI_EVIDENCE_ONLY","false","false","false","false","false","false","F10 audit/spec only; compliance/data governance guard; no legal certification"
"RSSI_SECURITY","security/rssi/modules/","F03_RSSI_RGPD","FILE_PLAN_ALL 151 RSSI_SECURITY OBSIDIA_RSSI_SECURITY_PRESENTATION_PACK_V1/docs/modules/RSSI_035_QUESTIONS_RSSI.md security/rssi/modules/ RSSI_035_QUESTIONS_RSSI.md md P3_DOCS_EVIDENCE F03 0 0 0 0 1  NOT_FOUND_LOCAL DUPLICATE_SAFE CLEAN MED","INTEGRATE_TO_DATA_PRIVACY_SCOPE_GUARD_CANDIDATE","RGPD_COMPLIANCE_SCOPE_GUARD + RSSI_EVIDENCE_ONLY","false","false","false","false","false","false","F10 audit/spec only; compliance/data governance guard; no legal certification"
"RSSI_SECURITY","security/rssi/modules/","F03_RSSI_RGPD","FILE_PLAN_ALL 152 RSSI_SECURITY OBSIDIA_RSSI_SECURITY_PRESENTATION_PACK_V1/docs/modules/RSSI_036_PREUVES_ATTENDUES.md security/rssi/modules/ RSSI_036_PREUVES_ATTENDUES.md md P3_DOCS_EVIDENCE F03 0 0 0 0 1  NOT_FOUND_LOCAL DUPLICATE_SAFE CLE","INTEGRATE_TO_DATA_PRIVACY_SCOPE_GUARD_CANDIDATE","RGPD_COMPLIANCE_SCOPE_GUARD + RSSI_EVIDENCE_ONLY","false","false","false","false","false","false","F10 audit/spec only; compliance/data governance guard; no legal certification"
"RSSI_SECURITY","security/rssi/modules/","F03_RSSI_RGPD","FILE_PLAN_ALL 153 RSSI_SECURITY OBSIDIA_RSSI_SECURITY_PRESENTATION_PACK_V1/docs/modules/RSSI_037_LIMITES_ACTUELLES.md security/rssi/modules/ RSSI_037_LIMITES_ACTUELLES.md md P3_DOCS_EVIDENCE F03 0 0 0 0 1  NOT_FOUND_LOCAL DUPLICATE_SAFE CLE","INTEGRATE_TO_DATA_PRIVACY_SCOPE_GUARD_CANDIDATE","RGPD_COMPLIANCE_SCOPE_GUARD + RSSI_EVIDENCE_ONLY","false","false","false","false","false","false","F10 audit/spec only; compliance/data governance guard; no legal certification"
"RSSI_SECURITY","security/rssi/modules/","F03_RSSI_RGPD","FILE_PLAN_ALL 154 RSSI_SECURITY OBSIDIA_RSSI_SECURITY_PRESENTATION_PACK_V1/docs/modules/RSSI_038_ROADMAP_SECURITE.md security/rssi/modules/ RSSI_038_ROADMAP_SECURITE.md md P3_DOCS_EVIDENCE F03 0 0 0 0 1  NOT_FOUND_LOCAL DUPLICATE_SAFE CLEAN","INTEGRATE_TO_DATA_PRIVACY_SCOPE_GUARD_CANDIDATE","RGPD_COMPLIANCE_SCOPE_GUARD + RSSI_EVIDENCE_ONLY","false","false","false","false","false","false","F10 audit/spec only; compliance/data governance guard; no legal certification"
"RSSI_SECURITY","security/rssi/modules/","F03_RSSI_RGPD","FILE_PLAN_ALL 155 RSSI_SECURITY OBSIDIA_RSSI_SECURITY_PRESENTATION_PACK_V1/docs/modules/RSSI_039_CONDITIONS_DE_PASSAGE_PRE_PROD.md security/rssi/modules/ RSSI_039_CONDITIONS_DE_PASSAGE_PRE_PROD.md md P3_DOCS_EVIDENCE F03 0 0 0 0 1  NOT_FOUN","INTEGRATE_TO_DATA_PRIVACY_SCOPE_GUARD_CANDIDATE","RGPD_COMPLIANCE_SCOPE_GUARD + RSSI_EVIDENCE_ONLY","false","false","false","false","false","false","F10 audit/spec only; compliance/data governance guard; no legal certification"
"RSSI_SECURITY","security/rssi/modules/","F03_RSSI_RGPD","FILE_PLAN_ALL 156 RSSI_SECURITY OBSIDIA_RSSI_SECURITY_PRESENTATION_PACK_V1/docs/modules/RSSI_040_CONDITIONS_DE_REFUS_PRODUCTION.md security/rssi/modules/ RSSI_040_CONDITIONS_DE_REFUS_PRODUCTION.md md P3_DOCS_EVIDENCE F03 0 0 0 0 1  NOT_FOUN","INTEGRATE_TO_DATA_PRIVACY_SCOPE_GUARD_CANDIDATE","RGPD_COMPLIANCE_SCOPE_GUARD + RSSI_EVIDENCE_ONLY","false","false","false","false","false","false","F10 audit/spec only; compliance/data governance guard; no legal certification"
"RSSI_SECURITY","security/rssi/risk/","F03_RSSI_RGPD","FILE_PLAN_ALL 157 RSSI_SECURITY OBSIDIA_RSSI_SECURITY_PRESENTATION_PACK_V1/docs/risk/OBSIDIA_AI_RISK_REGISTER.md security/rssi/risk/ OBSIDIA_AI_RISK_REGISTER.md md P3_DOCS_EVIDENCE F03 0 0 0 0 1  NOT_FOUND_LOCAL DUPLICATE_SAFE CLEAN MEDIUM ","INTEGRATE_TO_DATA_PRIVACY_SCOPE_GUARD_CANDIDATE","RGPD_COMPLIANCE_SCOPE_GUARD + RSSI_EVIDENCE_ONLY","false","false","false","false","false","false","F10 audit/spec only; compliance/data governance guard; no legal certification"
"RSSI_SECURITY","security/rssi/risk/","F03_RSSI_RGPD","FILE_PLAN_ALL 158 RSSI_SECURITY OBSIDIA_RSSI_SECURITY_PRESENTATION_PACK_V1/docs/risk/OBSIDIA_DATA_RISK_REGISTER.md security/rssi/risk/ OBSIDIA_DATA_RISK_REGISTER.md md P3_DOCS_EVIDENCE F03 0 0 0 0 1  NOT_FOUND_LOCAL DUPLICATE_SAFE CLEAN MED","INTEGRATE_TO_DATA_PRIVACY_SCOPE_GUARD_CANDIDATE","RGPD_COMPLIANCE_SCOPE_GUARD + RSSI_EVIDENCE_ONLY","false","false","false","false","false","false","F10 audit/spec only; compliance/data governance guard; no legal certification"
"RSSI_SECURITY","security/rssi/risk/","F03_RSSI_RGPD","FILE_PLAN_ALL 159 RSSI_SECURITY OBSIDIA_RSSI_SECURITY_PRESENTATION_PACK_V1/docs/risk/OBSIDIA_GRAPHITI_NEO4J_RISK_REGISTER.md security/rssi/risk/ OBSIDIA_GRAPHITI_NEO4J_RISK_REGISTER.md md P3_DOCS_EVIDENCE F03 0 0 0 0 1  NOT_FOUND_LOCAL DUPL","INTEGRATE_TO_DATA_PRIVACY_SCOPE_GUARD_CANDIDATE","RGPD_COMPLIANCE_SCOPE_GUARD + RSSI_EVIDENCE_ONLY","false","false","false","false","false","false","F10 audit/spec only; compliance/data governance guard; no legal certification"
"RSSI_SECURITY","security/rssi/risk/","F03_RSSI_RGPD","FILE_PLAN_ALL 160 RSSI_SECURITY OBSIDIA_RSSI_SECURITY_PRESENTATION_PACK_V1/docs/risk/OBSIDIA_OPERATIONAL_RISK_REGISTER.md security/rssi/risk/ OBSIDIA_OPERATIONAL_RISK_REGISTER.md md P3_DOCS_EVIDENCE F03 0 0 0 0 1  NOT_FOUND_LOCAL DUPLICATE_","INTEGRATE_TO_DATA_PRIVACY_SCOPE_GUARD_CANDIDATE","RGPD_COMPLIANCE_SCOPE_GUARD + RSSI_EVIDENCE_ONLY","false","false","false","false","false","false","F10 audit/spec only; compliance/data governance guard; no legal certification"
"RSSI_SECURITY","security/rssi/risk/","F03_RSSI_RGPD","FILE_PLAN_ALL 161 RSSI_SECURITY OBSIDIA_RSSI_SECURITY_PRESENTATION_PACK_V1/docs/risk/OBSIDIA_RESIDUAL_RISK_MATRIX.md security/rssi/risk/ OBSIDIA_RESIDUAL_RISK_MATRIX.md md P3_DOCS_EVIDENCE F03 0 0 0 0 1  NOT_FOUND_LOCAL DUPLICATE_SAFE CLEAN","INTEGRATE_TO_DATA_PRIVACY_SCOPE_GUARD_CANDIDATE","RGPD_COMPLIANCE_SCOPE_GUARD + RSSI_EVIDENCE_ONLY","false","false","false","false","false","false","F10 audit/spec only; compliance/data governance guard; no legal certification"
"RSSI_SECURITY","security/rssi/risk/","F03_RSSI_RGPD","FILE_PLAN_ALL 162 RSSI_SECURITY OBSIDIA_RSSI_SECURITY_PRESENTATION_PACK_V1/docs/risk/OBSIDIA_RISK_REGISTER.md security/rssi/risk/ OBSIDIA_RISK_REGISTER.md md P3_DOCS_EVIDENCE F03 0 0 0 0 1  NOT_FOUND_LOCAL DUPLICATE_SAFE CLEAN MEDIUM KX108_","INTEGRATE_TO_DATA_PRIVACY_SCOPE_GUARD_CANDIDATE","RGPD_COMPLIANCE_SCOPE_GUARD + RSSI_EVIDENCE_ONLY","false","false","false","false","false","false","F10 audit/spec only; compliance/data governance guard; no legal certification"
"RSSI_SECURITY","security/rssi/risk/","F03_RSSI_RGPD","FILE_PLAN_ALL 163 RSSI_SECURITY OBSIDIA_RSSI_SECURITY_PRESENTATION_PACK_V1/docs/risk/OBSIDIA_SUPPLY_CHAIN_RISK_REGISTER.md security/rssi/risk/ OBSIDIA_SUPPLY_CHAIN_RISK_REGISTER.md md P3_DOCS_EVIDENCE F03 0 0 0 0 1  NOT_FOUND_LOCAL DUPLICAT","INTEGRATE_TO_DATA_PRIVACY_SCOPE_GUARD_CANDIDATE","RGPD_COMPLIANCE_SCOPE_GUARD + RSSI_EVIDENCE_ONLY","false","false","false","false","false","false","F10 audit/spec only; compliance/data governance guard; no legal certification"
"RSSI_SECURITY","security/rssi/risk/","F03_RSSI_RGPD","FILE_PLAN_ALL 164 RSSI_SECURITY OBSIDIA_RSSI_SECURITY_PRESENTATION_PACK_V1/docs/risk/OBSIDIA_TECHNICAL_RISK_REGISTER.md security/rssi/risk/ OBSIDIA_TECHNICAL_RISK_REGISTER.md md P3_DOCS_EVIDENCE F03 0 0 0 0 1  NOT_FOUND_LOCAL DUPLICATE_SAFE","INTEGRATE_TO_DATA_PRIVACY_SCOPE_GUARD_CANDIDATE","RGPD_COMPLIANCE_SCOPE_GUARD + RSSI_EVIDENCE_ONLY","false","false","false","false","false","false","F10 audit/spec only; compliance/data governance guard; no legal certification"
"RSSI_SECURITY","security/rssi/risk/","F03_RSSI_RGPD","FILE_PLAN_ALL 165 RSSI_SECURITY OBSIDIA_RSSI_SECURITY_PRESENTATION_PACK_V1/docs/risk/OBSIDIA_X108_RISK_REGISTER.md security/rssi/risk/ OBSIDIA_X108_RISK_REGISTER.md md P3_DOCS_EVIDENCE F03 0 0 0 0 1  NOT_FOUND_LOCAL DUPLICATE_SAFE CLEAN MED","INTEGRATE_TO_DATA_PRIVACY_SCOPE_GUARD_CANDIDATE","RGPD_COMPLIANCE_SCOPE_GUARD + RSSI_EVIDENCE_ONLY","false","false","false","false","false","false","F10 audit/spec only; compliance/data governance guard; no legal certification"
"RSSI_SECURITY","security/rssi/security_cases/","F03_RSSI_RGPD","FILE_PLAN_ALL 166 RSSI_SECURITY OBSIDIA_RSSI_SECURITY_PRESENTATION_PACK_V1/docs/security_cases/CASE_001_PROMPT_INJECTION.md security/rssi/security_cases/ CASE_001_PROMPT_INJECTION.md md P3_DOCS_EVIDENCE F03 0 0 0 0 1  NOT_FOUND_LOCAL DUPLIC","INTEGRATE_TO_DATA_PRIVACY_SCOPE_GUARD_CANDIDATE","RGPD_COMPLIANCE_SCOPE_GUARD + RSSI_EVIDENCE_ONLY","false","false","false","false","false","false","F10 audit/spec only; compliance/data governance guard; no legal certification"
"RSSI_SECURITY","security/rssi/security_cases/","F03_RSSI_RGPD","FILE_PLAN_ALL 167 RSSI_SECURITY OBSIDIA_RSSI_SECURITY_PRESENTATION_PACK_V1/docs/security_cases/CASE_002_AGENT_BYPASS_ATTEMPT.md security/rssi/security_cases/ CASE_002_AGENT_BYPASS_ATTEMPT.md md P3_DOCS_EVIDENCE F03 0 0 0 0 1  NOT_FOUND_LOCA","INTEGRATE_TO_DATA_PRIVACY_SCOPE_GUARD_CANDIDATE","RGPD_COMPLIANCE_SCOPE_GUARD + RSSI_EVIDENCE_ONLY","false","false","false","false","false","false","F10 audit/spec only; compliance/data governance guard; no legal certification"
"RSSI_SECURITY","security/rssi/security_cases/","F03_RSSI_RGPD","FILE_PLAN_ALL 168 RSSI_SECURITY OBSIDIA_RSSI_SECURITY_PRESENTATION_PACK_V1/docs/security_cases/CASE_003_MEMORY_WRITE_ATTEMPT.md security/rssi/security_cases/ CASE_003_MEMORY_WRITE_ATTEMPT.md md P3_DOCS_EVIDENCE F03 0 0 0 0 1  NOT_FOUND_LOCA","INTEGRATE_TO_DATA_PRIVACY_SCOPE_GUARD_CANDIDATE","RGPD_COMPLIANCE_SCOPE_GUARD + RSSI_EVIDENCE_ONLY","false","false","false","false","false","false","F10 audit/spec only; compliance/data governance guard; no legal certification"
"RSSI_SECURITY","security/rssi/security_cases/","F03_RSSI_RGPD","FILE_PLAN_ALL 169 RSSI_SECURITY OBSIDIA_RSSI_SECURITY_PRESENTATION_PACK_V1/docs/security_cases/CASE_004_GRAPHITI_WRITE_ATTEMPT.md security/rssi/security_cases/ CASE_004_GRAPHITI_WRITE_ATTEMPT.md md P3_DOCS_EVIDENCE F03 0 0 0 0 1  NOT_FOUND_","INTEGRATE_TO_DATA_PRIVACY_SCOPE_GUARD_CANDIDATE","RGPD_COMPLIANCE_SCOPE_GUARD + RSSI_EVIDENCE_ONLY","false","false","false","false","false","false","F10 audit/spec only; compliance/data governance guard; no legal certification"
"RSSI_SECURITY","security/rssi/security_cases/","F03_RSSI_RGPD","FILE_PLAN_ALL 170 RSSI_SECURITY OBSIDIA_RSSI_SECURITY_PRESENTATION_PACK_V1/docs/security_cases/CASE_005_NEO4J_MUTATION_ATTEMPT.md security/rssi/security_cases/ CASE_005_NEO4J_MUTATION_ATTEMPT.md md P3_DOCS_EVIDENCE F03 0 0 0 0 1  NOT_FOUND_","INTEGRATE_TO_DATA_PRIVACY_SCOPE_GUARD_CANDIDATE","RGPD_COMPLIANCE_SCOPE_GUARD + RSSI_EVIDENCE_ONLY","false","false","false","false","false","false","F10 audit/spec only; compliance/data governance guard; no legal certification"
"RSSI_SECURITY","security/rssi/security_cases/","F03_RSSI_RGPD","FILE_PLAN_ALL 171 RSSI_SECURITY OBSIDIA_RSSI_SECURITY_PRESENTATION_PACK_V1/docs/security_cases/CASE_006_X108_BYPASS_ATTEMPT.md security/rssi/security_cases/ CASE_006_X108_BYPASS_ATTEMPT.md md P3_DOCS_EVIDENCE F03 0 0 0 0 1  NOT_FOUND_LOCAL ","INTEGRATE_TO_DATA_PRIVACY_SCOPE_GUARD_CANDIDATE","RGPD_COMPLIANCE_SCOPE_GUARD + RSSI_EVIDENCE_ONLY","false","false","false","false","false","false","F10 audit/spec only; compliance/data governance guard; no legal certification"
"RSSI_SECURITY","security/rssi/security_cases/","F03_RSSI_RGPD","FILE_PLAN_ALL 172 RSSI_SECURITY OBSIDIA_RSSI_SECURITY_PRESENTATION_PACK_V1/docs/security_cases/CASE_007_PRIVILEGE_ESCALATION.md security/rssi/security_cases/ CASE_007_PRIVILEGE_ESCALATION.md md P3_DOCS_EVIDENCE F03 0 0 0 0 1  NOT_FOUND_LOCA","INTEGRATE_TO_DATA_PRIVACY_SCOPE_GUARD_CANDIDATE","RGPD_COMPLIANCE_SCOPE_GUARD + RSSI_EVIDENCE_ONLY","false","false","false","false","false","false","F10 audit/spec only; compliance/data governance guard; no legal certification"
"RSSI_SECURITY","security/rssi/security_cases/","F03_RSSI_RGPD","FILE_PLAN_ALL 173 RSSI_SECURITY OBSIDIA_RSSI_SECURITY_PRESENTATION_PACK_V1/docs/security_cases/CASE_008_DATA_EXFILTRATION.md security/rssi/security_cases/ CASE_008_DATA_EXFILTRATION.md md P3_DOCS_EVIDENCE F03 0 0 0 0 1  NOT_FOUND_LOCAL DUPL","INTEGRATE_TO_DATA_PRIVACY_SCOPE_GUARD_CANDIDATE","RGPD_COMPLIANCE_SCOPE_GUARD + RSSI_EVIDENCE_ONLY","false","false","false","false","false","false","F10 audit/spec only; compliance/data governance guard; no legal certification"
"RSSI_SECURITY","security/rssi/security_cases/","F03_RSSI_RGPD","FILE_PLAN_ALL 174 RSSI_SECURITY OBSIDIA_RSSI_SECURITY_PRESENTATION_PACK_V1/docs/security_cases/CASE_009_UNAUTHORIZED_ACT.md security/rssi/security_cases/ CASE_009_UNAUTHORIZED_ACT.md md P3_DOCS_EVIDENCE F03 0 0 0 0 1  NOT_FOUND_LOCAL DUPLIC","INTEGRATE_TO_DATA_PRIVACY_SCOPE_GUARD_CANDIDATE","RGPD_COMPLIANCE_SCOPE_GUARD + RSSI_EVIDENCE_ONLY","false","false","false","false","false","false","F10 audit/spec only; compliance/data governance guard; no legal certification"
"RSSI_SECURITY","security/rssi/security_cases/","F03_RSSI_RGPD","FILE_PLAN_ALL 175 RSSI_SECURITY OBSIDIA_RSSI_SECURITY_PRESENTATION_PACK_V1/docs/security_cases/CASE_010_IRREVERSIBLE_ACTION.md security/rssi/security_cases/ CASE_010_IRREVERSIBLE_ACTION.md md P3_DOCS_EVIDENCE F03 0 0 0 0 1  NOT_FOUND_LOCAL ","INTEGRATE_TO_DATA_PRIVACY_SCOPE_GUARD_CANDIDATE","RGPD_COMPLIANCE_SCOPE_GUARD + RSSI_EVIDENCE_ONLY","false","false","false","false","false","false","F10 audit/spec only; compliance/data governance guard; no legal certification"
"RSSI_SECURITY","security/rssi/security_cases/","F03_RSSI_RGPD","FILE_PLAN_ALL 176 RSSI_SECURITY OBSIDIA_RSSI_SECURITY_PRESENTATION_PACK_V1/docs/security_cases/CASE_011_HALLUCINATED_DECISION.md security/rssi/security_cases/ CASE_011_HALLUCINATED_DECISION.md md P3_DOCS_EVIDENCE F03 0 0 0 0 1  NOT_FOUND_LO","INTEGRATE_TO_DATA_PRIVACY_SCOPE_GUARD_CANDIDATE","RGPD_COMPLIANCE_SCOPE_GUARD + RSSI_EVIDENCE_ONLY","false","false","false","false","false","false","F10 audit/spec only; compliance/data governance guard; no legal certification"
"RSSI_SECURITY","security/rssi/security_cases/","F03_RSSI_RGPD","FILE_PLAN_ALL 177 RSSI_SECURITY OBSIDIA_RSSI_SECURITY_PRESENTATION_PACK_V1/docs/security_cases/CASE_012_SUPPLY_CHAIN_ATTACK.md security/rssi/security_cases/ CASE_012_SUPPLY_CHAIN_ATTACK.md md P3_DOCS_EVIDENCE F03 0 0 0 0 1  NOT_FOUND_LOCAL ","INTEGRATE_TO_DATA_PRIVACY_SCOPE_GUARD_CANDIDATE","RGPD_COMPLIANCE_SCOPE_GUARD + RSSI_EVIDENCE_ONLY","false","false","false","false","false","false","F10 audit/spec only; compliance/data governance guard; no legal certification"
"RSSI_SECURITY","security/rssi/threat_model/","F03_RSSI_RGPD","FILE_PLAN_ALL 178 RSSI_SECURITY OBSIDIA_RSSI_SECURITY_PRESENTATION_PACK_V1/docs/threat_model/OBSIDIA_ABUSE_CASES.md security/rssi/threat_model/ OBSIDIA_ABUSE_CASES.md md P3_DOCS_EVIDENCE F03 0 0 0 0 1  NOT_FOUND_LOCAL DUPLICATE_SAFE CLEAN M","INTEGRATE_TO_DATA_PRIVACY_SCOPE_GUARD_CANDIDATE","RGPD_COMPLIANCE_SCOPE_GUARD + RSSI_EVIDENCE_ONLY","false","false","false","false","false","false","F10 audit/spec only; compliance/data governance guard; no legal certification"
"RSSI_SECURITY","security/rssi/threat_model/","F03_RSSI_RGPD","FILE_PLAN_ALL 179 RSSI_SECURITY OBSIDIA_RSSI_SECURITY_PRESENTATION_PACK_V1/docs/threat_model/OBSIDIA_ATTACK_SURFACE.md security/rssi/threat_model/ OBSIDIA_ATTACK_SURFACE.md md P3_DOCS_EVIDENCE F03 0 0 0 0 1  NOT_FOUND_LOCAL DUPLICATE_SAFE C","INTEGRATE_TO_DATA_PRIVACY_SCOPE_GUARD_CANDIDATE","RGPD_COMPLIANCE_SCOPE_GUARD + RSSI_EVIDENCE_ONLY","false","false","false","false","false","false","F10 audit/spec only; compliance/data governance guard; no legal certification"
"RSSI_SECURITY","security/rssi/threat_model/","F03_RSSI_RGPD","FILE_PLAN_ALL 180 RSSI_SECURITY OBSIDIA_RSSI_SECURITY_PRESENTATION_PACK_V1/docs/threat_model/OBSIDIA_ATTACK_TREE.md security/rssi/threat_model/ OBSIDIA_ATTACK_TREE.md md P3_DOCS_EVIDENCE F03 0 0 0 0 1  NOT_FOUND_LOCAL DUPLICATE_SAFE CLEAN M","INTEGRATE_TO_DATA_PRIVACY_SCOPE_GUARD_CANDIDATE","RGPD_COMPLIANCE_SCOPE_GUARD + RSSI_EVIDENCE_ONLY","false","false","false","false","false","false","F10 audit/spec only; compliance/data governance guard; no legal certification"
"RSSI_SECURITY","security/rssi/threat_model/","F03_RSSI_RGPD","FILE_PLAN_ALL 181 RSSI_SECURITY OBSIDIA_RSSI_SECURITY_PRESENTATION_PACK_V1/docs/threat_model/OBSIDIA_MISUSE_CASES.md security/rssi/threat_model/ OBSIDIA_MISUSE_CASES.md md P3_DOCS_EVIDENCE F03 0 0 0 0 1  NOT_FOUND_LOCAL DUPLICATE_SAFE CLEAN","INTEGRATE_TO_DATA_PRIVACY_SCOPE_GUARD_CANDIDATE","RGPD_COMPLIANCE_SCOPE_GUARD + RSSI_EVIDENCE_ONLY","false","false","false","false","false","false","F10 audit/spec only; compliance/data governance guard; no legal certification"
"RSSI_SECURITY","security/rssi/threat_model/","F03_RSSI_RGPD","FILE_PLAN_ALL 182 RSSI_SECURITY OBSIDIA_RSSI_SECURITY_PRESENTATION_PACK_V1/docs/threat_model/OBSIDIA_SECURITY_ASSUMPTIONS.md security/rssi/threat_model/ OBSIDIA_SECURITY_ASSUMPTIONS.md md P3_DOCS_EVIDENCE F03 0 0 0 0 1  NOT_FOUND_LOCAL DUPL","INTEGRATE_TO_DATA_PRIVACY_SCOPE_GUARD_CANDIDATE","RGPD_COMPLIANCE_SCOPE_GUARD + RSSI_EVIDENCE_ONLY","false","false","false","false","false","false","F10 audit/spec only; compliance/data governance guard; no legal certification"
"RSSI_SECURITY","security/rssi/threat_model/","F03_RSSI_RGPD","FILE_PLAN_ALL 183 RSSI_SECURITY OBSIDIA_RSSI_SECURITY_PRESENTATION_PACK_V1/docs/threat_model/OBSIDIA_THREAT_ACTORS.md security/rssi/threat_model/ OBSIDIA_THREAT_ACTORS.md md P3_DOCS_EVIDENCE F03 0 0 0 0 1  NOT_FOUND_LOCAL DUPLICATE_SAFE CLE","INTEGRATE_TO_DATA_PRIVACY_SCOPE_GUARD_CANDIDATE","RGPD_COMPLIANCE_SCOPE_GUARD + RSSI_EVIDENCE_ONLY","false","false","false","false","false","false","F10 audit/spec only; compliance/data governance guard; no legal certification"
"RSSI_SECURITY","security/rssi/threat_model/","F03_RSSI_RGPD","FILE_PLAN_ALL 184 RSSI_SECURITY OBSIDIA_RSSI_SECURITY_PRESENTATION_PACK_V1/docs/threat_model/OBSIDIA_THREAT_MODEL_OVERVIEW.md security/rssi/threat_model/ OBSIDIA_THREAT_MODEL_OVERVIEW.md md P3_DOCS_EVIDENCE F03 0 0 0 0 1  NOT_FOUND_LOCAL DU","INTEGRATE_TO_DATA_PRIVACY_SCOPE_GUARD_CANDIDATE","RGPD_COMPLIANCE_SCOPE_GUARD + RSSI_EVIDENCE_ONLY","false","false","false","false","false","false","F10 audit/spec only; compliance/data governance guard; no legal certification"
"RSSI_SECURITY","security/rssi/threat_model/","F03_RSSI_RGPD","FILE_PLAN_ALL 185 RSSI_SECURITY OBSIDIA_RSSI_SECURITY_PRESENTATION_PACK_V1/docs/threat_model/OBSIDIA_TRUSTED_UNTRUSTED_ZONES.md security/rssi/threat_model/ OBSIDIA_TRUSTED_UNTRUSTED_ZONES.md md P3_DOCS_EVIDENCE F03 0 0 0 0 1  NOT_FOUND_LOCA","INTEGRATE_TO_DATA_PRIVACY_SCOPE_GUARD_CANDIDATE","RGPD_COMPLIANCE_SCOPE_GUARD + RSSI_EVIDENCE_ONLY","false","false","false","false","false","false","F10 audit/spec only; compliance/data governance guard; no legal certification"
"RSSI_SECURITY","security/rssi/registry/","F03_RSSI_RGPD","FILE_PLAN_ALL 197 RSSI_SECURITY OBSIDIA_RSSI_SECURITY_PRESENTATION_PACK_V1/registry/rssi_boundary_registry.json security/rssi/registry/ rssi_boundary_registry.json json P2_SECURITY F03 0 0 0 0 1  NOT_FOUND_LOCAL DUPLICATE_SAFE CLEAN MEDIUM ","INTEGRATE_TO_DATA_PRIVACY_SCOPE_GUARD_CANDIDATE","RGPD_COMPLIANCE_SCOPE_GUARD + RSSI_EVIDENCE_ONLY","false","false","false","false","false","false","F10 audit/spec only; compliance/data governance guard; no legal certification"
"RSSI_SECURITY","security/rssi/registry/","F03_RSSI_RGPD","FILE_PLAN_ALL 198 RSSI_SECURITY OBSIDIA_RSSI_SECURITY_PRESENTATION_PACK_V1/registry/rssi_control_registry.json security/rssi/registry/ rssi_control_registry.json json P2_SECURITY F03 0 0 0 0 1  NOT_FOUND_LOCAL DUPLICATE_SAFE CLEAN MEDIUM KX","INTEGRATE_TO_DATA_PRIVACY_SCOPE_GUARD_CANDIDATE","RGPD_COMPLIANCE_SCOPE_GUARD + RSSI_EVIDENCE_ONLY","false","false","false","false","false","false","F10 audit/spec only; compliance/data governance guard; no legal certification"
"RSSI_SECURITY","security/rssi/registry/","F03_RSSI_RGPD","FILE_PLAN_ALL 199 RSSI_SECURITY OBSIDIA_RSSI_SECURITY_PRESENTATION_PACK_V1/registry/rssi_evidence_registry.json security/rssi/registry/ rssi_evidence_registry.json json P2_SECURITY F03 0 0 0 0 1  NOT_FOUND_LOCAL DUPLICATE_SAFE CLEAN MEDIUM ","INTEGRATE_TO_DATA_PRIVACY_SCOPE_GUARD_CANDIDATE","RGPD_COMPLIANCE_SCOPE_GUARD + RSSI_EVIDENCE_ONLY","false","false","false","false","false","false","F10 audit/spec only; compliance/data governance guard; no legal certification"
"RSSI_SECURITY","security/rssi/registry/","F03_RSSI_RGPD","FILE_PLAN_ALL 200 RSSI_SECURITY OBSIDIA_RSSI_SECURITY_PRESENTATION_PACK_V1/registry/rssi_file_registry.json security/rssi/registry/ rssi_file_registry.json json P2_SECURITY F03 0 0 0 0 1  NOT_FOUND_LOCAL DUPLICATE_SAFE CLEAN MEDIUM KX108_ON","INTEGRATE_TO_DATA_PRIVACY_SCOPE_GUARD_CANDIDATE","RGPD_COMPLIANCE_SCOPE_GUARD + RSSI_EVIDENCE_ONLY","false","false","false","false","false","false","F10 audit/spec only; compliance/data governance guard; no legal certification"
"RSSI_SECURITY","security/rssi/registry/","F03_RSSI_RGPD","FILE_PLAN_ALL 201 RSSI_SECURITY OBSIDIA_RSSI_SECURITY_PRESENTATION_PACK_V1/registry/rssi_metrics_registry.json security/rssi/registry/ rssi_metrics_registry.json json P2_SECURITY F03 0 0 0 0 1  NOT_FOUND_LOCAL DUPLICATE_SAFE CLEAN MEDIUM KX","INTEGRATE_TO_DATA_PRIVACY_SCOPE_GUARD_CANDIDATE","RGPD_COMPLIANCE_SCOPE_GUARD + RSSI_EVIDENCE_ONLY","false","false","false","false","false","false","F10 audit/spec only; compliance/data governance guard; no legal certification"
"RSSI_SECURITY","security/rssi/registry/","F03_RSSI_RGPD","FILE_PLAN_ALL 202 RSSI_SECURITY OBSIDIA_RSSI_SECURITY_PRESENTATION_PACK_V1/registry/rssi_risk_registry.json security/rssi/registry/ rssi_risk_registry.json json P2_SECURITY F03 0 0 0 0 1  NOT_FOUND_LOCAL DUPLICATE_SAFE CLEAN MEDIUM KX108_ON","INTEGRATE_TO_DATA_PRIVACY_SCOPE_GUARD_CANDIDATE","RGPD_COMPLIANCE_SCOPE_GUARD + RSSI_EVIDENCE_ONLY","false","false","false","false","false","false","F10 audit/spec only; compliance/data governance guard; no legal certification"
"RSSI_SECURITY","security/rssi/registry/","F03_RSSI_RGPD","FILE_PLAN_ALL 203 RSSI_SECURITY OBSIDIA_RSSI_SECURITY_PRESENTATION_PACK_V1/registry/rssi_security_case_registry.json security/rssi/registry/ rssi_security_case_registry.json json P2_SECURITY F03 0 0 0 0 1  NOT_FOUND_LOCAL DUPLICATE_SAFE CLE","INTEGRATE_TO_DATA_PRIVACY_SCOPE_GUARD_CANDIDATE","RGPD_COMPLIANCE_SCOPE_GUARD + RSSI_EVIDENCE_ONLY","false","false","false","false","false","false","F10 audit/spec only; compliance/data governance guard; no legal certification"
"RSSI_SECURITY","security/rssi/registry/","F03_RSSI_RGPD","FILE_PLAN_ALL 204 RSSI_SECURITY OBSIDIA_RSSI_SECURITY_PRESENTATION_PACK_V1/registry/rssi_threat_registry.json security/rssi/registry/ rssi_threat_registry.json json P2_SECURITY F03 0 0 0 0 1  NOT_FOUND_LOCAL DUPLICATE_SAFE CLEAN MEDIUM KX10","INTEGRATE_TO_DATA_PRIVACY_SCOPE_GUARD_CANDIDATE","RGPD_COMPLIANCE_SCOPE_GUARD + RSSI_EVIDENCE_ONLY","false","false","false","false","false","false","F10 audit/spec only; compliance/data governance guard; no legal certification"
"COGNITIVE_REINTEGRATION","cognition/component_specs/","F07_COGNITIVE","FILE_PLAN_ALL 320 COGNITIVE_REINTEGRATION component_specs/C348_micro_agent_spawn_policy.yaml cognition/component_specs/ C348_micro_agent_spawn_policy.yaml yaml P3_COGNITION_SPECS F07 0 0 0 0 1  NOT_FOUND_LOCAL DUPLICATE_SAFE CLEAN LOW KX108","INTEGRATE_TO_DATA_GOVERNANCE_SPEC_CANDIDATE","RGPD_COMPLIANCE_SCOPE_GUARD + RSSI_EVIDENCE_ONLY","false","false","false","false","false","false","F10 audit/spec only; compliance/data governance guard; no legal certification"
"COGNITIVE_REINTEGRATION","cognition/component_specs/","F07_COGNITIVE","FILE_PLAN_ALL 358 COGNITIVE_REINTEGRATION component_specs/C292_agent_retirement_policy.yaml cognition/component_specs/ C292_agent_retirement_policy.yaml yaml P3_COGNITION_SPECS F07 0 0 0 0 1  NOT_FOUND_LOCAL DUPLICATE_SAFE CLEAN LOW KX108_O","INTEGRATE_TO_DATA_GOVERNANCE_SPEC_CANDIDATE","RGPD_COMPLIANCE_SCOPE_GUARD + RSSI_EVIDENCE_ONLY","false","false","false","false","false","false","F10 audit/spec only; compliance/data governance guard; no legal certification"
"COGNITIVE_REINTEGRATION","cognition/component_specs/","F07_COGNITIVE","FILE_PLAN_ALL 410 COGNITIVE_REINTEGRATION component_specs/C128_portal_unlock_policy.yaml cognition/component_specs/ C128_portal_unlock_policy.yaml yaml P3_COGNITION_SPECS F07 0 0 0 0 1  NOT_FOUND_LOCAL DUPLICATE_SAFE CLEAN LOW KX108_ONLY; C","INTEGRATE_TO_DATA_GOVERNANCE_SPEC_CANDIDATE","RGPD_COMPLIANCE_SCOPE_GUARD + RSSI_EVIDENCE_ONLY","false","false","false","false","false","false","F10 audit/spec only; compliance/data governance guard; no legal certification"
"COGNITIVE_REINTEGRATION","cognition/component_specs/","F07_COGNITIVE","FILE_PLAN_ALL 430 COGNITIVE_REINTEGRATION component_specs/C293_agent_merge_split_policy.yaml cognition/component_specs/ C293_agent_merge_split_policy.yaml yaml P3_COGNITION_SPECS F07 0 0 0 0 1  NOT_FOUND_LOCAL DUPLICATE_SAFE CLEAN LOW KX108","INTEGRATE_TO_DATA_GOVERNANCE_SPEC_CANDIDATE","RGPD_COMPLIANCE_SCOPE_GUARD + RSSI_EVIDENCE_ONLY","false","false","false","false","false","false","F10 audit/spec only; compliance/data governance guard; no legal certification"
"COGNITIVE_REINTEGRATION","cognition/component_specs/","F07_COGNITIVE","FILE_PLAN_ALL 527 COGNITIVE_REINTEGRATION component_specs/C349_micro_agent_despawn_policy.yaml cognition/component_specs/ C349_micro_agent_despawn_policy.yaml yaml P3_COGNITION_SPECS F07 0 0 0 0 1  NOT_FOUND_LOCAL DUPLICATE_SAFE CLEAN LOW K","INTEGRATE_TO_DATA_GOVERNANCE_SPEC_CANDIDATE","RGPD_COMPLIANCE_SCOPE_GUARD + RSSI_EVIDENCE_ONLY","false","false","false","false","false","false","F10 audit/spec only; compliance/data governance guard; no legal certification"
"BRANCHABLE_ATLAS","atlas/world_protocol_atlas/","F06_ATLAS","FILE_PLAN_ALL 1861 BRANCHABLE_ATLAS OBSIDIA_BRANCHABLE_ATLAS_FULL_V0_5_DEEP_FINAL_AUDIT/docs/world_protocol_atlas/agents/policygym.json atlas/world_protocol_atlas/ policygym.json json P3_ATLAS_CONTENT F06 0 0 0 0 1  NOT_FOUND_LOCAL DUPLICAT","INTEGRATE_TO_DATA_GOVERNANCE_SPEC_CANDIDATE","RGPD_COMPLIANCE_SCOPE_GUARD + RSSI_EVIDENCE_ONLY","false","false","false","false","false","false","F10 audit/spec only; compliance/data governance guard; no legal certification"
"BRANCHABLE_ATLAS","atlas/world_protocol_atlas/","F06_ATLAS","FILE_PLAN_ALL 1862 BRANCHABLE_ATLAS OBSIDIA_BRANCHABLE_ATLAS_FULL_V0_5_DEEP_FINAL_AUDIT/docs/world_protocol_atlas/agents/policygym.md atlas/world_protocol_atlas/ policygym.md md P3_ATLAS_CONTENT F06 0 0 0 0 1  NOT_FOUND_LOCAL DUPLICATE_SAFE","INTEGRATE_TO_DATA_GOVERNANCE_SPEC_CANDIDATE","RGPD_COMPLIANCE_SCOPE_GUARD + RSSI_EVIDENCE_ONLY","false","false","false","false","false","false","F10 audit/spec only; compliance/data governance guard; no legal certification"
"BRANCHABLE_ATLAS","atlas/world_protocol_atlas/","F06_ATLAS","FILE_PLAN_ALL 2035 BRANCHABLE_ATLAS OBSIDIA_BRANCHABLE_ATLAS_FULL_V0_5_DEEP_FINAL_AUDIT/docs/world_protocol_atlas/open_source_projects/OSP_POLICYGYM_policygym.md atlas/world_protocol_atlas/ OSP_POLICYGYM_policygym.md md P3_ATLAS_CONTENT F06","INTEGRATE_TO_DATA_GOVERNANCE_SPEC_CANDIDATE","RGPD_COMPLIANCE_SCOPE_GUARD + RSSI_EVIDENCE_ONLY","false","false","false","false","false","false","F10 audit/spec only; compliance/data governance guard; no legal certification"
"BRANCHABLE_ATLAS","atlas/world_protocol_atlas/","F06_ATLAS","FILE_PLAN_ALL 2311 BRANCHABLE_ATLAS OBSIDIA_BRANCHABLE_ATLAS_FULL_V0_5_DEEP_FINAL_AUDIT/docs/world_protocol_atlas/protocols/policystresstestadapter.json atlas/world_protocol_atlas/ policystresstestadapter.json json P3_ATLAS_CONTENT F06 0 0 ","INTEGRATE_TO_DATA_GOVERNANCE_SPEC_CANDIDATE","RGPD_COMPLIANCE_SCOPE_GUARD + RSSI_EVIDENCE_ONLY","false","false","false","false","false","false","F10 audit/spec only; compliance/data governance guard; no legal certification"
"BRANCHABLE_ATLAS","atlas/world_protocol_atlas/","F06_ATLAS","FILE_PLAN_ALL 2312 BRANCHABLE_ATLAS OBSIDIA_BRANCHABLE_ATLAS_FULL_V0_5_DEEP_FINAL_AUDIT/docs/world_protocol_atlas/protocols/policystresstestadapter.md atlas/world_protocol_atlas/ policystresstestadapter.md md P3_ATLAS_CONTENT F06 0 0 0 0 1 ","INTEGRATE_TO_DATA_GOVERNANCE_SPEC_CANDIDATE","RGPD_COMPLIANCE_SCOPE_GUARD + RSSI_EVIDENCE_ONLY","false","false","false","false","false","false","F10 audit/spec only; compliance/data governance guard; no legal certification"
"RGPD_ISO","docs/source_packs/rgpd_iso/","F03_RSSI_RGPD","FILE_PLAN_ALL 2461 RGPD_ISO OBSIDIA_RSSI_RGPD_ISO_READINESS_PACK_V2/README.md docs/source_packs/rgpd_iso/ README.md md P3_DOCS_EVIDENCE F03 1 1 0 0 1  SAME_NAME DUPLICATE_SAFE CLEAN MEDIUM KX108_ONLY; DOC_OR_AUDIT_ONLY; NO_RUNTIME_AUTHORITY","INTEGRATE_TO_DATA_PRIVACY_SCOPE_GUARD_CANDIDATE","RGPD_COMPLIANCE_SCOPE_GUARD + RSSI_EVIDENCE_ONLY","false","false","false","false","false","false","F10 audit/spec only; compliance/data governance guard; no legal certification"
"RGPD_ISO","docs/source_packs/rgpd_iso/","F03_RSSI_RGPD","FILE_PLAN_ALL 2462 RGPD_ISO OBSIDIA_RSSI_RGPD_ISO_READINESS_PACK_V2/FILE_INDEX_COMPLETE.md docs/source_packs/rgpd_iso/ FILE_INDEX_COMPLETE.md md P3_DOCS_EVIDENCE F03 0 0 0 0 1  NOT_FOUND_LOCAL DUPLICATE_SAFE CLEAN MEDIUM KX108_ONLY; DOC_OR_","INTEGRATE_TO_DATA_PRIVACY_SCOPE_GUARD_CANDIDATE","RGPD_COMPLIANCE_SCOPE_GUARD + RSSI_EVIDENCE_ONLY","false","false","false","false","false","false","F10 audit/spec only; compliance/data governance guard; no legal certification"
"RGPD_ISO","docs/source_packs/rgpd_iso/","F03_RSSI_RGPD","FILE_PLAN_ALL 2463 RGPD_ISO OBSIDIA_RSSI_RGPD_ISO_READINESS_PACK_V2/MANIFEST_SHA256_ALL_FILES.json docs/source_packs/rgpd_iso/ MANIFEST_SHA256_ALL_FILES.json json P3_DOCS_EVIDENCE F03 0 0 0 0 1  NOT_FOUND_LOCAL DUPLICATE_SAFE CLEAN MEDIUM K","INTEGRATE_TO_DATA_PRIVACY_SCOPE_GUARD_CANDIDATE","RGPD_COMPLIANCE_SCOPE_GUARD + RSSI_EVIDENCE_ONLY","false","false","false","false","false","false","F10 audit/spec only; compliance/data governance guard; no legal certification"
"RGPD_ISO","docs/source_packs/rgpd_iso/","F03_RSSI_RGPD","FILE_PLAN_ALL 2464 RGPD_ISO OBSIDIA_RSSI_RGPD_ISO_READINESS_PACK_V2/FINAL_RSSI_AUDIT_REPORT.md docs/source_packs/rgpd_iso/ FINAL_RSSI_AUDIT_REPORT.md md P3_DOCS_EVIDENCE F03 0 0 0 0 1  NOT_FOUND_LOCAL DUPLICATE_SAFE CLEAN MEDIUM KX108_ONLY;","INTEGRATE_TO_DATA_PRIVACY_SCOPE_GUARD_CANDIDATE","RGPD_COMPLIANCE_SCOPE_GUARD + RSSI_EVIDENCE_ONLY","false","false","false","false","false","false","F10 audit/spec only; compliance/data governance guard; no legal certification"
"RGPD_ISO","docs/source_packs/rgpd_iso/","F03_RSSI_RGPD","FILE_PLAN_ALL 2465 RGPD_ISO OBSIDIA_RSSI_RGPD_ISO_READINESS_PACK_V2/FINAL_RSSI_AUDIT_REPORT.json docs/source_packs/rgpd_iso/ FINAL_RSSI_AUDIT_REPORT.json json P3_DOCS_EVIDENCE F03 0 0 0 0 1  NOT_FOUND_LOCAL DUPLICATE_SAFE CLEAN MEDIUM KX108","INTEGRATE_TO_DATA_PRIVACY_SCOPE_GUARD_CANDIDATE","RGPD_COMPLIANCE_SCOPE_GUARD + RSSI_EVIDENCE_ONLY","false","false","false","false","false","false","F10 audit/spec only; compliance/data governance guard; no legal certification"
"RGPD_ISO","docs/source_packs/rgpd_iso/","F03_RSSI_RGPD","FILE_PLAN_ALL 2466 RGPD_ISO OBSIDIA_RSSI_RGPD_ISO_READINESS_PACK_V2/FINAL_RSSI_SELF_CHECK.json docs/source_packs/rgpd_iso/ FINAL_RSSI_SELF_CHECK.json json P3_DOCS_EVIDENCE F03 0 0 0 0 1  NOT_FOUND_LOCAL DUPLICATE_SAFE CLEAN MEDIUM KX108_ONL","INTEGRATE_TO_DATA_PRIVACY_SCOPE_GUARD_CANDIDATE","RGPD_COMPLIANCE_SCOPE_GUARD + RSSI_EVIDENCE_ONLY","false","false","false","false","false","false","F10 audit/spec only; compliance/data governance guard; no legal certification"
"RGPD_ISO","docs/source_packs/rgpd_iso/","F03_RSSI_RGPD","FILE_PLAN_ALL 2467 RGPD_ISO OBSIDIA_RSSI_RGPD_ISO_READINESS_PACK_V2/TEST_OUTPUT_RSSI_PACK_V1.txt docs/source_packs/rgpd_iso/ TEST_OUTPUT_RSSI_PACK_V1.txt txt P3_DOCS_EVIDENCE F03 0 0 0 0 1  NOT_FOUND_LOCAL DUPLICATE_SAFE CLEAN MEDIUM KX108_","INTEGRATE_TO_DATA_PRIVACY_SCOPE_GUARD_CANDIDATE","RGPD_COMPLIANCE_SCOPE_GUARD + RSSI_EVIDENCE_ONLY","false","false","false","false","false","false","F10 audit/spec only; compliance/data governance guard; no legal certification"
"RGPD_ISO","security/rssi/executive/","F03_RSSI_RGPD","FILE_PLAN_ALL 2468 RGPD_ISO OBSIDIA_RSSI_RGPD_ISO_READINESS_PACK_V2/docs/executive/OBSIDIA_RSSI_EXECUTIVE_SUMMARY.md security/rssi/executive/ OBSIDIA_RSSI_EXECUTIVE_SUMMARY.md md P3_DOCS_EVIDENCE F03 0 0 0 0 1  NOT_FOUND_LOCAL DUPLICATE_SAF","INTEGRATE_TO_DATA_PRIVACY_SCOPE_GUARD_CANDIDATE","RGPD_COMPLIANCE_SCOPE_GUARD + RSSI_EVIDENCE_ONLY","false","false","false","false","false","false","F10 audit/spec only; compliance/data governance guard; no legal certification"
"RGPD_ISO","security/rssi/executive/","F03_RSSI_RGPD","FILE_PLAN_ALL 2469 RGPD_ISO OBSIDIA_RSSI_RGPD_ISO_READINESS_PACK_V2/docs/executive/OBSIDIA_ONE_PAGE_SECURITY_BRIEF.md security/rssi/executive/ OBSIDIA_ONE_PAGE_SECURITY_BRIEF.md md P3_DOCS_EVIDENCE F03 0 0 0 0 1  NOT_FOUND_LOCAL DUPLICATE_S","INTEGRATE_TO_DATA_PRIVACY_SCOPE_GUARD_CANDIDATE","RGPD_COMPLIANCE_SCOPE_GUARD + RSSI_EVIDENCE_ONLY","false","false","false","false","false","false","F10 audit/spec only; compliance/data governance guard; no legal certification"
"RGPD_ISO","security/rssi/executive/","F03_RSSI_RGPD","FILE_PLAN_ALL 2470 RGPD_ISO OBSIDIA_RSSI_RGPD_ISO_READINESS_PACK_V2/docs/executive/OBSIDIA_RSSI_PRESENTATION_NARRATIVE.md security/rssi/executive/ OBSIDIA_RSSI_PRESENTATION_NARRATIVE.md md P3_DOCS_EVIDENCE F03 0 0 0 0 1  NOT_FOUND_LOCAL DUP","INTEGRATE_TO_DATA_PRIVACY_SCOPE_GUARD_CANDIDATE","RGPD_COMPLIANCE_SCOPE_GUARD + RSSI_EVIDENCE_ONLY","false","false","false","false","false","false","F10 audit/spec only; compliance/data governance guard; no legal certification"
"RGPD_ISO","security/rssi/executive/","F03_RSSI_RGPD","FILE_PLAN_ALL 2471 RGPD_ISO OBSIDIA_RSSI_RGPD_ISO_READINESS_PACK_V2/docs/executive/OBSIDIA_SECURITY_VALUE_PROPOSITION.md security/rssi/executive/ OBSIDIA_SECURITY_VALUE_PROPOSITION.md md P3_DOCS_EVIDENCE F03 0 0 0 0 1  NOT_FOUND_LOCAL DUPLI","INTEGRATE_TO_DATA_PRIVACY_SCOPE_GUARD_CANDIDATE","RGPD_COMPLIANCE_SCOPE_GUARD + RSSI_EVIDENCE_ONLY","false","false","false","false","false","false","F10 audit/spec only; compliance/data governance guard; no legal certification"
"RGPD_ISO","security/rssi/architecture/","F03_RSSI_RGPD","FILE_PLAN_ALL 2472 RGPD_ISO OBSIDIA_RSSI_RGPD_ISO_READINESS_PACK_V2/docs/architecture/OBSIDIA_SECURITY_ARCHITECTURE_OVERVIEW.md security/rssi/architecture/ OBSIDIA_SECURITY_ARCHITECTURE_OVERVIEW.md md P3_DOCS_EVIDENCE F03 0 0 0 0 1  NOT_FOU","INTEGRATE_TO_DATA_PRIVACY_SCOPE_GUARD_CANDIDATE","RGPD_COMPLIANCE_SCOPE_GUARD + RSSI_EVIDENCE_ONLY","false","false","false","false","false","false","F10 audit/spec only; compliance/data governance guard; no legal certification"
"RGPD_ISO","security/rssi/architecture/","F03_RSSI_RGPD","FILE_PLAN_ALL 2473 RGPD_ISO OBSIDIA_RSSI_RGPD_ISO_READINESS_PACK_V2/docs/architecture/OBSIDIA_OS0_OS4_SECURITY_MAPPING.md security/rssi/architecture/ OBSIDIA_OS0_OS4_SECURITY_MAPPING.md md P3_DOCS_EVIDENCE F03 0 0 0 0 1  NOT_FOUND_LOCAL DUP","INTEGRATE_TO_DATA_PRIVACY_SCOPE_GUARD_CANDIDATE","RGPD_COMPLIANCE_SCOPE_GUARD + RSSI_EVIDENCE_ONLY","false","false","false","false","false","false","F10 audit/spec only; compliance/data governance guard; no legal certification"
"RGPD_ISO","security/rssi/architecture/","F03_RSSI_RGPD","FILE_PLAN_ALL 2474 RGPD_ISO OBSIDIA_RSSI_RGPD_ISO_READINESS_PACK_V2/docs/architecture/OBSIDIA_X108_SECURITY_MODEL.md security/rssi/architecture/ OBSIDIA_X108_SECURITY_MODEL.md md P3_DOCS_EVIDENCE F03 0 0 0 0 1  NOT_FOUND_LOCAL DUPLICATE_SAF","INTEGRATE_TO_DATA_PRIVACY_SCOPE_GUARD_CANDIDATE","RGPD_COMPLIANCE_SCOPE_GUARD + RSSI_EVIDENCE_ONLY","false","false","false","false","false","false","F10 audit/spec only; compliance/data governance guard; no legal certification"
"RGPD_ISO","security/rssi/architecture/","F03_RSSI_RGPD","FILE_PLAN_ALL 2475 RGPD_ISO OBSIDIA_RSSI_RGPD_ISO_READINESS_PACK_V2/docs/architecture/OBSIDIA_READONLY_PERIPHERY_MODEL.md security/rssi/architecture/ OBSIDIA_READONLY_PERIPHERY_MODEL.md md P3_DOCS_EVIDENCE F03 0 0 0 0 1  NOT_FOUND_LOCAL DUP","INTEGRATE_TO_DATA_PRIVACY_SCOPE_GUARD_CANDIDATE","RGPD_COMPLIANCE_SCOPE_GUARD + RSSI_EVIDENCE_ONLY","false","false","false","false","false","false","F10 audit/spec only; compliance/data governance guard; no legal certification"
"RGPD_ISO","security/rssi/architecture/","F03_RSSI_RGPD","FILE_PLAN_ALL 2476 RGPD_ISO OBSIDIA_RSSI_RGPD_ISO_READINESS_PACK_V2/docs/architecture/OBSIDIA_TRUST_BOUNDARIES.md security/rssi/architecture/ OBSIDIA_TRUST_BOUNDARIES.md md P3_DOCS_EVIDENCE F03 0 0 0 0 1  NOT_FOUND_LOCAL DUPLICATE_SAFE CLEA","INTEGRATE_TO_DATA_PRIVACY_SCOPE_GUARD_CANDIDATE","RGPD_COMPLIANCE_SCOPE_GUARD + RSSI_EVIDENCE_ONLY","false","false","false","false","false","false","F10 audit/spec only; compliance/data governance guard; no legal certification"
"RGPD_ISO","security/rssi/architecture/","F03_RSSI_RGPD","FILE_PLAN_ALL 2477 RGPD_ISO OBSIDIA_RSSI_RGPD_ISO_READINESS_PACK_V2/docs/architecture/OBSIDIA_DATA_FLOW_SECURITY_MAP.md security/rssi/architecture/ OBSIDIA_DATA_FLOW_SECURITY_MAP.md md P3_DOCS_EVIDENCE F03 0 0 0 0 1  NOT_FOUND_LOCAL DUPLICA","INTEGRATE_TO_DATA_PRIVACY_SCOPE_GUARD_CANDIDATE","RGPD_COMPLIANCE_SCOPE_GUARD + RSSI_EVIDENCE_ONLY","false","false","false","false","false","false","F10 audit/spec only; compliance/data governance guard; no legal certification"
"RGPD_ISO","security/rssi/architecture/","F03_RSSI_RGPD","FILE_PLAN_ALL 2478 RGPD_ISO OBSIDIA_RSSI_RGPD_ISO_READINESS_PACK_V2/docs/architecture/OBSIDIA_DECISION_FLOW_SECURITY_MAP.md security/rssi/architecture/ OBSIDIA_DECISION_FLOW_SECURITY_MAP.md md P3_DOCS_EVIDENCE F03 0 0 0 0 1  NOT_FOUND_LOCAL","INTEGRATE_TO_DATA_PRIVACY_SCOPE_GUARD_CANDIDATE","RGPD_COMPLIANCE_SCOPE_GUARD + RSSI_EVIDENCE_ONLY","false","false","false","false","false","false","F10 audit/spec only; compliance/data governance guard; no legal certification"
"RGPD_ISO","security/rssi/architecture/","F03_RSSI_RGPD","FILE_PLAN_ALL 2479 RGPD_ISO OBSIDIA_RSSI_RGPD_ISO_READINESS_PACK_V2/docs/architecture/OBSIDIA_COMPONENT_AUTHORITY_MATRIX.md security/rssi/architecture/ OBSIDIA_COMPONENT_AUTHORITY_MATRIX.md md P3_DOCS_EVIDENCE F03 0 0 0 0 1  NOT_FOUND_LOCAL","INTEGRATE_TO_DATA_PRIVACY_SCOPE_GUARD_CANDIDATE","RGPD_COMPLIANCE_SCOPE_GUARD + RSSI_EVIDENCE_ONLY","false","false","false","false","false","false","F10 audit/spec only; compliance/data governance guard; no legal certification"
"RGPD_ISO","security/rssi/governance/","F03_RSSI_RGPD","FILE_PLAN_ALL 2480 RGPD_ISO OBSIDIA_RSSI_RGPD_ISO_READINESS_PACK_V2/docs/governance/OBSIDIA_GOVERNANCE_MODEL.md security/rssi/governance/ OBSIDIA_GOVERNANCE_MODEL.md md P3_DOCS_EVIDENCE F03 0 0 0 0 1  NOT_FOUND_LOCAL DUPLICATE_SAFE CLEAN ME","INTEGRATE_TO_DATA_PRIVACY_SCOPE_GUARD_CANDIDATE","RGPD_COMPLIANCE_SCOPE_GUARD + RSSI_EVIDENCE_ONLY","false","false","false","false","false","false","F10 audit/spec only; compliance/data governance guard; no legal certification"
"RGPD_ISO","security/rssi/governance/","F03_RSSI_RGPD","FILE_PLAN_ALL 2481 RGPD_ISO OBSIDIA_RSSI_RGPD_ISO_READINESS_PACK_V2/docs/governance/OBSIDIA_DECISION_AUTHORITY_POLICY.md security/rssi/governance/ OBSIDIA_DECISION_AUTHORITY_POLICY.md md P3_DOCS_EVIDENCE F03 0 0 0 0 1  NOT_FOUND_LOCAL DUPLI","INTEGRATE_TO_DATA_PRIVACY_SCOPE_GUARD_CANDIDATE","RGPD_COMPLIANCE_SCOPE_GUARD + RSSI_EVIDENCE_ONLY","false","false","false","false","false","false","F10 audit/spec only; compliance/data governance guard; no legal certification"
"RGPD_ISO","security/rssi/governance/","F03_RSSI_RGPD","FILE_PLAN_ALL 2482 RGPD_ISO OBSIDIA_RSSI_RGPD_ISO_READINESS_PACK_V2/docs/governance/OBSIDIA_HUMAN_OVERSIGHT_POLICY.md security/rssi/governance/ OBSIDIA_HUMAN_OVERSIGHT_POLICY.md md P3_DOCS_EVIDENCE F03 0 0 0 0 1  NOT_FOUND_LOCAL DUPLICATE_S","INTEGRATE_TO_DATA_PRIVACY_SCOPE_GUARD_CANDIDATE","RGPD_COMPLIANCE_SCOPE_GUARD + RSSI_EVIDENCE_ONLY","false","false","false","false","false","false","F10 audit/spec only; compliance/data governance guard; no legal certification"
"RGPD_ISO","security/rssi/governance/","F03_RSSI_RGPD","FILE_PLAN_ALL 2483 RGPD_ISO OBSIDIA_RSSI_RGPD_ISO_READINESS_PACK_V2/docs/governance/OBSIDIA_CHANGE_CONTROL_POLICY.md security/rssi/governance/ OBSIDIA_CHANGE_CONTROL_POLICY.md md P3_DOCS_EVIDENCE F03 0 0 0 0 1  NOT_FOUND_LOCAL DUPLICATE_SAF","INTEGRATE_TO_DATA_PRIVACY_SCOPE_GUARD_CANDIDATE","RGPD_COMPLIANCE_SCOPE_GUARD + RSSI_EVIDENCE_ONLY","false","false","false","false","false","false","F10 audit/spec only; compliance/data governance guard; no legal certification"
"RGPD_ISO","security/rssi/governance/","F03_RSSI_RGPD","FILE_PLAN_ALL 2484 RGPD_ISO OBSIDIA_RSSI_RGPD_ISO_READINESS_PACK_V2/docs/governance/OBSIDIA_CANONICAL_PROMOTION_POLICY.md security/rssi/governance/ OBSIDIA_CANONICAL_PROMOTION_POLICY.md md P3_DOCS_EVIDENCE F03 0 0 0 0 1  NOT_FOUND_LOCAL DUP","INTEGRATE_TO_DATA_PRIVACY_SCOPE_GUARD_CANDIDATE","RGPD_COMPLIANCE_SCOPE_GUARD + RSSI_EVIDENCE_ONLY","false","false","false","false","false","false","F10 audit/spec only; compliance/data governance guard; no legal certification"
"RGPD_ISO","security/rssi/governance/","F03_RSSI_RGPD","FILE_PLAN_ALL 2485 RGPD_ISO OBSIDIA_RSSI_RGPD_ISO_READINESS_PACK_V2/docs/governance/OBSIDIA_READONLY_BOUNDARY_POLICY.md security/rssi/governance/ OBSIDIA_READONLY_BOUNDARY_POLICY.md md P3_DOCS_EVIDENCE F03 0 0 0 0 1  NOT_FOUND_LOCAL DUPLICA","INTEGRATE_TO_DATA_PRIVACY_SCOPE_GUARD_CANDIDATE","RGPD_COMPLIANCE_SCOPE_GUARD + RSSI_EVIDENCE_ONLY","false","false","false","false","false","false","F10 audit/spec only; compliance/data governance guard; no legal certification"
"RGPD_ISO","security/rssi/governance/","F03_RSSI_RGPD","FILE_PLAN_ALL 2486 RGPD_ISO OBSIDIA_RSSI_RGPD_ISO_READINESS_PACK_V2/docs/governance/OBSIDIA_NO_ACT_FROM_PERIPHERY_POLICY.md security/rssi/governance/ OBSIDIA_NO_ACT_FROM_PERIPHERY_POLICY.md md P3_DOCS_EVIDENCE F03 0 0 0 0 1  NOT_FOUND_LOCAL","INTEGRATE_TO_DATA_PRIVACY_SCOPE_GUARD_CANDIDATE","RGPD_COMPLIANCE_SCOPE_GUARD + RSSI_EVIDENCE_ONLY","false","false","false","false","false","false","F10 audit/spec only; compliance/data governance guard; no legal certification"
"RGPD_ISO","security/rssi/governance/","F03_RSSI_RGPD","FILE_PLAN_ALL 2487 RGPD_ISO OBSIDIA_RSSI_RGPD_ISO_READINESS_PACK_V2/docs/governance/OBSIDIA_SECURITY_RESPONSIBILITY_MATRIX.md security/rssi/governance/ OBSIDIA_SECURITY_RESPONSIBILITY_MATRIX.md md P3_DOCS_EVIDENCE F03 0 0 0 0 1  NOT_FOUND_L","INTEGRATE_TO_DATA_PRIVACY_SCOPE_GUARD_CANDIDATE","RGPD_COMPLIANCE_SCOPE_GUARD + RSSI_EVIDENCE_ONLY","false","false","false","false","false","false","F10 audit/spec only; compliance/data governance guard; no legal certification"
"RGPD_ISO","security/rssi/risk/","F03_RSSI_RGPD","FILE_PLAN_ALL 2488 RGPD_ISO OBSIDIA_RSSI_RGPD_ISO_READINESS_PACK_V2/docs/risk/OBSIDIA_RISK_REGISTER.md security/rssi/risk/ OBSIDIA_RISK_REGISTER.md md P3_DOCS_EVIDENCE F03 0 0 0 0 1  NOT_FOUND_LOCAL DUPLICATE_SAFE CLEAN MEDIUM KX108_ONLY; D","INTEGRATE_TO_DATA_PRIVACY_SCOPE_GUARD_CANDIDATE","RGPD_COMPLIANCE_SCOPE_GUARD + RSSI_EVIDENCE_ONLY","false","false","false","false","false","false","F10 audit/spec only; compliance/data governance guard; no legal certification"
"RGPD_ISO","security/rssi/risk/","F03_RSSI_RGPD","FILE_PLAN_ALL 2489 RGPD_ISO OBSIDIA_RSSI_RGPD_ISO_READINESS_PACK_V2/docs/risk/OBSIDIA_AI_RISK_REGISTER.md security/rssi/risk/ OBSIDIA_AI_RISK_REGISTER.md md P3_DOCS_EVIDENCE F03 0 0 0 0 1  NOT_FOUND_LOCAL DUPLICATE_SAFE CLEAN MEDIUM KX108_O","INTEGRATE_TO_DATA_PRIVACY_SCOPE_GUARD_CANDIDATE","RGPD_COMPLIANCE_SCOPE_GUARD + RSSI_EVIDENCE_ONLY","false","false","false","false","false","false","F10 audit/spec only; compliance/data governance guard; no legal certification"
"RGPD_ISO","security/rssi/risk/","F03_RSSI_RGPD","FILE_PLAN_ALL 2490 RGPD_ISO OBSIDIA_RSSI_RGPD_ISO_READINESS_PACK_V2/docs/risk/OBSIDIA_OPERATIONAL_RISK_REGISTER.md security/rssi/risk/ OBSIDIA_OPERATIONAL_RISK_REGISTER.md md P3_DOCS_EVIDENCE F03 0 0 0 0 1  NOT_FOUND_LOCAL DUPLICATE_SAFE CL","INTEGRATE_TO_DATA_PRIVACY_SCOPE_GUARD_CANDIDATE","RGPD_COMPLIANCE_SCOPE_GUARD + RSSI_EVIDENCE_ONLY","false","false","false","false","false","false","F10 audit/spec only; compliance/data governance guard; no legal certification"
"RGPD_ISO","security/rssi/risk/","F03_RSSI_RGPD","FILE_PLAN_ALL 2491 RGPD_ISO OBSIDIA_RSSI_RGPD_ISO_READINESS_PACK_V2/docs/risk/OBSIDIA_TECHNICAL_RISK_REGISTER.md security/rssi/risk/ OBSIDIA_TECHNICAL_RISK_REGISTER.md md P3_DOCS_EVIDENCE F03 0 0 0 0 1  NOT_FOUND_LOCAL DUPLICATE_SAFE CLEAN ","INTEGRATE_TO_DATA_PRIVACY_SCOPE_GUARD_CANDIDATE","RGPD_COMPLIANCE_SCOPE_GUARD + RSSI_EVIDENCE_ONLY","false","false","false","false","false","false","F10 audit/spec only; compliance/data governance guard; no legal certification"
"RGPD_ISO","security/rssi/risk/","F03_RSSI_RGPD","FILE_PLAN_ALL 2492 RGPD_ISO OBSIDIA_RSSI_RGPD_ISO_READINESS_PACK_V2/docs/risk/OBSIDIA_DATA_RISK_REGISTER.md security/rssi/risk/ OBSIDIA_DATA_RISK_REGISTER.md md P3_DOCS_EVIDENCE F03 0 0 0 0 1  NOT_FOUND_LOCAL DUPLICATE_SAFE CLEAN MEDIUM KX1","INTEGRATE_TO_DATA_PRIVACY_SCOPE_GUARD_CANDIDATE","RGPD_COMPLIANCE_SCOPE_GUARD + RSSI_EVIDENCE_ONLY","false","false","false","false","false","false","F10 audit/spec only; compliance/data governance guard; no legal certification"
"RGPD_ISO","security/rssi/risk/","F03_RSSI_RGPD","FILE_PLAN_ALL 2493 RGPD_ISO OBSIDIA_RSSI_RGPD_ISO_READINESS_PACK_V2/docs/risk/OBSIDIA_GRAPHITI_NEO4J_RISK_REGISTER.md security/rssi/risk/ OBSIDIA_GRAPHITI_NEO4J_RISK_REGISTER.md md P3_DOCS_EVIDENCE F03 0 0 0 0 1  NOT_FOUND_LOCAL DUPLICATE_S","INTEGRATE_TO_DATA_PRIVACY_SCOPE_GUARD_CANDIDATE","RGPD_COMPLIANCE_SCOPE_GUARD + RSSI_EVIDENCE_ONLY","false","false","false","false","false","false","F10 audit/spec only; compliance/data governance guard; no legal certification"
"RGPD_ISO","security/rssi/risk/","F03_RSSI_RGPD","FILE_PLAN_ALL 2494 RGPD_ISO OBSIDIA_RSSI_RGPD_ISO_READINESS_PACK_V2/docs/risk/OBSIDIA_X108_RISK_REGISTER.md security/rssi/risk/ OBSIDIA_X108_RISK_REGISTER.md md P3_DOCS_EVIDENCE F03 0 0 0 0 1  NOT_FOUND_LOCAL DUPLICATE_SAFE CLEAN MEDIUM KX1","INTEGRATE_TO_DATA_PRIVACY_SCOPE_GUARD_CANDIDATE","RGPD_COMPLIANCE_SCOPE_GUARD + RSSI_EVIDENCE_ONLY","false","false","false","false","false","false","F10 audit/spec only; compliance/data governance guard; no legal certification"
"RGPD_ISO","security/rssi/risk/","F03_RSSI_RGPD","FILE_PLAN_ALL 2495 RGPD_ISO OBSIDIA_RSSI_RGPD_ISO_READINESS_PACK_V2/docs/risk/OBSIDIA_SUPPLY_CHAIN_RISK_REGISTER.md security/rssi/risk/ OBSIDIA_SUPPLY_CHAIN_RISK_REGISTER.md md P3_DOCS_EVIDENCE F03 0 0 0 0 1  NOT_FOUND_LOCAL DUPLICATE_SAFE ","INTEGRATE_TO_DATA_PRIVACY_SCOPE_GUARD_CANDIDATE","RGPD_COMPLIANCE_SCOPE_GUARD + RSSI_EVIDENCE_ONLY","false","false","false","false","false","false","F10 audit/spec only; compliance/data governance guard; no legal certification"
"RGPD_ISO","security/rssi/risk/","F03_RSSI_RGPD","FILE_PLAN_ALL 2496 RGPD_ISO OBSIDIA_RSSI_RGPD_ISO_READINESS_PACK_V2/docs/risk/OBSIDIA_RESIDUAL_RISK_MATRIX.md security/rssi/risk/ OBSIDIA_RESIDUAL_RISK_MATRIX.md md P3_DOCS_EVIDENCE F03 0 0 0 0 1  NOT_FOUND_LOCAL DUPLICATE_SAFE CLEAN MEDIUM","INTEGRATE_TO_DATA_PRIVACY_SCOPE_GUARD_CANDIDATE","RGPD_COMPLIANCE_SCOPE_GUARD + RSSI_EVIDENCE_ONLY","false","false","false","false","false","false","F10 audit/spec only; compliance/data governance guard; no legal certification"
"RGPD_ISO","security/rssi/controls/","F03_RSSI_RGPD","FILE_PLAN_ALL 2497 RGPD_ISO OBSIDIA_RSSI_RGPD_ISO_READINESS_PACK_V2/docs/controls/OBSIDIA_SECURITY_CONTROLS_CATALOG.md security/rssi/controls/ OBSIDIA_SECURITY_CONTROLS_CATALOG.md md P3_DOCS_EVIDENCE F03 0 0 0 0 1  NOT_FOUND_LOCAL DUPLICATE","INTEGRATE_TO_DATA_PRIVACY_SCOPE_GUARD_CANDIDATE","RGPD_COMPLIANCE_SCOPE_GUARD + RSSI_EVIDENCE_ONLY","false","false","false","false","false","false","F10 audit/spec only; compliance/data governance guard; no legal certification"
"RGPD_ISO","security/rssi/controls/","F03_RSSI_RGPD","FILE_PLAN_ALL 2498 RGPD_ISO OBSIDIA_RSSI_RGPD_ISO_READINESS_PACK_V2/docs/controls/OBSIDIA_CONTROL_MAPPING_ISO27001.md security/rssi/controls/ OBSIDIA_CONTROL_MAPPING_ISO27001.md md P3_DOCS_EVIDENCE F03 0 0 0 0 1  NOT_FOUND_LOCAL DUPLICATE_S","INTEGRATE_TO_DATA_PRIVACY_SCOPE_GUARD_CANDIDATE","RGPD_COMPLIANCE_SCOPE_GUARD + RSSI_EVIDENCE_ONLY","false","false","false","false","false","false","F10 audit/spec only; compliance/data governance guard; no legal certification"
"RGPD_ISO","security/rssi/controls/","F03_RSSI_RGPD","FILE_PLAN_ALL 2499 RGPD_ISO OBSIDIA_RSSI_RGPD_ISO_READINESS_PACK_V2/docs/controls/OBSIDIA_CONTROL_MAPPING_NIST_CSF.md security/rssi/controls/ OBSIDIA_CONTROL_MAPPING_NIST_CSF.md md P3_DOCS_EVIDENCE F03 0 0 0 0 1  NOT_FOUND_LOCAL DUPLICATE_S","INTEGRATE_TO_DATA_PRIVACY_SCOPE_GUARD_CANDIDATE","RGPD_COMPLIANCE_SCOPE_GUARD + RSSI_EVIDENCE_ONLY","false","false","false","false","false","false","F10 audit/spec only; compliance/data governance guard; no legal certification"
"RGPD_ISO","security/rssi/controls/","F03_RSSI_RGPD","FILE_PLAN_ALL 2500 RGPD_ISO OBSIDIA_RSSI_RGPD_ISO_READINESS_PACK_V2/docs/controls/OBSIDIA_CONTROL_MAPPING_EBIOS_RM.md security/rssi/controls/ OBSIDIA_CONTROL_MAPPING_EBIOS_RM.md md P3_DOCS_EVIDENCE F03 0 0 0 0 1  NOT_FOUND_LOCAL DUPLICATE_S","INTEGRATE_TO_DATA_PRIVACY_SCOPE_GUARD_CANDIDATE","RGPD_COMPLIANCE_SCOPE_GUARD + RSSI_EVIDENCE_ONLY","false","false","false","false","false","false","F10 audit/spec only; compliance/data governance guard; no legal certification"
"RGPD_ISO","security/rssi/controls/","F03_RSSI_RGPD","FILE_PLAN_ALL 2501 RGPD_ISO OBSIDIA_RSSI_RGPD_ISO_READINESS_PACK_V2/docs/controls/OBSIDIA_CONTROL_MAPPING_AI_GOVERNANCE.md security/rssi/controls/ OBSIDIA_CONTROL_MAPPING_AI_GOVERNANCE.md md P3_DOCS_EVIDENCE F03 0 0 0 0 1  NOT_FOUND_LOCAL D","INTEGRATE_TO_DATA_PRIVACY_SCOPE_GUARD_CANDIDATE","RGPD_COMPLIANCE_SCOPE_GUARD + RSSI_EVIDENCE_ONLY","false","false","false","false","false","false","F10 audit/spec only; compliance/data governance guard; no legal certification"
"RGPD_ISO","security/rssi/controls/","F03_RSSI_RGPD","FILE_PLAN_ALL 2502 RGPD_ISO OBSIDIA_RSSI_RGPD_ISO_READINESS_PACK_V2/docs/controls/OBSIDIA_CONTROL_COVERAGE_MATRIX.md security/rssi/controls/ OBSIDIA_CONTROL_COVERAGE_MATRIX.md md P3_DOCS_EVIDENCE F03 0 0 0 0 1  NOT_FOUND_LOCAL DUPLICATE_SAF","INTEGRATE_TO_DATA_PRIVACY_SCOPE_GUARD_CANDIDATE","RGPD_COMPLIANCE_SCOPE_GUARD + RSSI_EVIDENCE_ONLY","false","false","false","false","false","false","F10 audit/spec only; compliance/data governance guard; no legal certification"
"RGPD_ISO","security/rssi/controls/","F03_RSSI_RGPD","FILE_PLAN_ALL 2503 RGPD_ISO OBSIDIA_RSSI_RGPD_ISO_READINESS_PACK_V2/docs/controls/OBSIDIA_CONTROL_GAPS.md security/rssi/controls/ OBSIDIA_CONTROL_GAPS.md md P3_DOCS_EVIDENCE F03 0 0 0 0 1  NOT_FOUND_LOCAL DUPLICATE_SAFE CLEAN MEDIUM KX108_O","INTEGRATE_TO_DATA_PRIVACY_SCOPE_GUARD_CANDIDATE","RGPD_COMPLIANCE_SCOPE_GUARD + RSSI_EVIDENCE_ONLY","false","false","false","false","false","false","F10 audit/spec only; compliance/data governance guard; no legal certification"
"RGPD_ISO","security/rssi/controls/","F03_RSSI_RGPD","FILE_PLAN_ALL 2504 RGPD_ISO OBSIDIA_RSSI_RGPD_ISO_READINESS_PACK_V2/docs/controls/OBSIDIA_CONTROL_EVIDENCE_MAP.md security/rssi/controls/ OBSIDIA_CONTROL_EVIDENCE_MAP.md md P3_DOCS_EVIDENCE F03 0 0 0 0 1  NOT_FOUND_LOCAL DUPLICATE_SAFE CLEA","INTEGRATE_TO_DATA_PRIVACY_SCOPE_GUARD_CANDIDATE","RGPD_COMPLIANCE_SCOPE_GUARD + RSSI_EVIDENCE_ONLY","false","false","false","false","false","false","F10 audit/spec only; compliance/data governance guard; no legal certification"
"RGPD_ISO","security/rssi/audit/","F03_RSSI_RGPD","FILE_PLAN_ALL 2505 RGPD_ISO OBSIDIA_RSSI_RGPD_ISO_READINESS_PACK_V2/docs/audit/OBSIDIA_AUDIT_TRAIL_MODEL.md security/rssi/audit/ OBSIDIA_AUDIT_TRAIL_MODEL.md md P3_DOCS_EVIDENCE F03 0 0 0 0 1  NOT_FOUND_LOCAL DUPLICATE_SAFE CLEAN MEDIUM KX1","INTEGRATE_TO_DATA_PRIVACY_SCOPE_GUARD_CANDIDATE","RGPD_COMPLIANCE_SCOPE_GUARD + RSSI_EVIDENCE_ONLY","false","false","false","false","false","false","F10 audit/spec only; compliance/data governance guard; no legal certification"
"RGPD_ISO","security/rssi/audit/","F03_RSSI_RGPD","FILE_PLAN_ALL 2506 RGPD_ISO OBSIDIA_RSSI_RGPD_ISO_READINESS_PACK_V2/docs/audit/OBSIDIA_EVIDENCE_LEDGER_MODEL.md security/rssi/audit/ OBSIDIA_EVIDENCE_LEDGER_MODEL.md md P3_DOCS_EVIDENCE F03 0 0 0 0 1  NOT_FOUND_LOCAL DUPLICATE_SAFE CLEAN ME","INTEGRATE_TO_DATA_PRIVACY_SCOPE_GUARD_CANDIDATE","RGPD_COMPLIANCE_SCOPE_GUARD + RSSI_EVIDENCE_ONLY","false","false","false","false","false","false","F10 audit/spec only; compliance/data governance guard; no legal certification"
"RGPD_ISO","security/rssi/audit/","F03_RSSI_RGPD","FILE_PLAN_ALL 2507 RGPD_ISO OBSIDIA_RSSI_RGPD_ISO_READINESS_PACK_V2/docs/audit/OBSIDIA_REPLAYABILITY_MODEL.md security/rssi/audit/ OBSIDIA_REPLAYABILITY_MODEL.md md P3_DOCS_EVIDENCE F03 0 0 0 0 1  NOT_FOUND_LOCAL DUPLICATE_SAFE CLEAN MEDIUM","INTEGRATE_TO_DATA_PRIVACY_SCOPE_GUARD_CANDIDATE","RGPD_COMPLIANCE_SCOPE_GUARD + RSSI_EVIDENCE_ONLY","false","false","false","false","false","false","F10 audit/spec only; compliance/data governance guard; no legal certification"
"RGPD_ISO","security/rssi/audit/","F03_RSSI_RGPD","FILE_PLAN_ALL 2508 RGPD_ISO OBSIDIA_RSSI_RGPD_ISO_READINESS_PACK_V2/docs/audit/OBSIDIA_TRACEABILITY_MODEL.md security/rssi/audit/ OBSIDIA_TRACEABILITY_MODEL.md md P3_DOCS_EVIDENCE F03 0 0 0 0 1  NOT_FOUND_LOCAL DUPLICATE_SAFE CLEAN MEDIUM K","INTEGRATE_TO_DATA_PRIVACY_SCOPE_GUARD_CANDIDATE","RGPD_COMPLIANCE_SCOPE_GUARD + RSSI_EVIDENCE_ONLY","false","false","false","false","false","false","F10 audit/spec only; compliance/data governance guard; no legal certification"
"RGPD_ISO","security/rssi/audit/","F03_RSSI_RGPD","FILE_PLAN_ALL 2509 RGPD_ISO OBSIDIA_RSSI_RGPD_ISO_READINESS_PACK_V2/docs/audit/OBSIDIA_LOGGING_REQUIREMENTS.md security/rssi/audit/ OBSIDIA_LOGGING_REQUIREMENTS.md md P3_DOCS_EVIDENCE F03 0 0 0 0 1  NOT_FOUND_LOCAL DUPLICATE_SAFE CLEAN MEDI","INTEGRATE_TO_DATA_PRIVACY_SCOPE_GUARD_CANDIDATE","RGPD_COMPLIANCE_SCOPE_GUARD + RSSI_EVIDENCE_ONLY","false","false","false","false","false","false","F10 audit/spec only; compliance/data governance guard; no legal certification"
"RGPD_ISO","security/rssi/audit/","F03_RSSI_RGPD","FILE_PLAN_ALL 2510 RGPD_ISO OBSIDIA_RSSI_RGPD_ISO_READINESS_PACK_V2/docs/audit/OBSIDIA_AUDIT_PROOF_REQUIREMENTS.md security/rssi/audit/ OBSIDIA_AUDIT_PROOF_REQUIREMENTS.md md P3_DOCS_EVIDENCE F03 0 0 0 0 1  NOT_FOUND_LOCAL DUPLICATE_SAFE CL","INTEGRATE_TO_DATA_PRIVACY_SCOPE_GUARD_CANDIDATE","RGPD_COMPLIANCE_SCOPE_GUARD + RSSI_EVIDENCE_ONLY","false","false","false","false","false","false","F10 audit/spec only; compliance/data governance guard; no legal certification"
"RGPD_ISO","security/rssi/audit/","F03_RSSI_RGPD","FILE_PLAN_ALL 2511 RGPD_ISO OBSIDIA_RSSI_RGPD_ISO_READINESS_PACK_V2/docs/audit/OBSIDIA_AUDIT_QUESTIONS_FOR_RSSI.md security/rssi/audit/ OBSIDIA_AUDIT_QUESTIONS_FOR_RSSI.md md P3_DOCS_EVIDENCE F03 0 0 0 0 1  NOT_FOUND_LOCAL DUPLICATE_SAFE CL","INTEGRATE_TO_DATA_PRIVACY_SCOPE_GUARD_CANDIDATE","RGPD_COMPLIANCE_SCOPE_GUARD + RSSI_EVIDENCE_ONLY","false","false","false","false","false","false","F10 audit/spec only; compliance/data governance guard; no legal certification"
"RGPD_ISO","security/rssi/audit/","F03_RSSI_RGPD","FILE_PLAN_ALL 2512 RGPD_ISO OBSIDIA_RSSI_RGPD_ISO_READINESS_PACK_V2/docs/audit/OBSIDIA_RSSI_REVIEW_CHECKLIST.md security/rssi/audit/ OBSIDIA_RSSI_REVIEW_CHECKLIST.md md P3_DOCS_EVIDENCE F03 0 0 0 0 1  NOT_FOUND_LOCAL DUPLICATE_SAFE CLEAN ME","INTEGRATE_TO_DATA_PRIVACY_SCOPE_GUARD_CANDIDATE","RGPD_COMPLIANCE_SCOPE_GUARD + RSSI_EVIDENCE_ONLY","false","false","false","false","false","false","F10 audit/spec only; compliance/data governance guard; no legal certification"
"RGPD_ISO","security/rssi/security_cases/","F03_RSSI_RGPD","FILE_PLAN_ALL 2513 RGPD_ISO OBSIDIA_RSSI_RGPD_ISO_READINESS_PACK_V2/docs/security_cases/CASE_001_PROMPT_INJECTION.md security/rssi/security_cases/ CASE_001_PROMPT_INJECTION.md md P3_DOCS_EVIDENCE F03 0 0 0 0 1  NOT_FOUND_LOCAL DUPLICATE_SAF","INTEGRATE_TO_DATA_PRIVACY_SCOPE_GUARD_CANDIDATE","RGPD_COMPLIANCE_SCOPE_GUARD + RSSI_EVIDENCE_ONLY","false","false","false","false","false","false","F10 audit/spec only; compliance/data governance guard; no legal certification"
"RGPD_ISO","security/rssi/security_cases/","F03_RSSI_RGPD","FILE_PLAN_ALL 2514 RGPD_ISO OBSIDIA_RSSI_RGPD_ISO_READINESS_PACK_V2/docs/security_cases/CASE_002_AGENT_BYPASS_ATTEMPT.md security/rssi/security_cases/ CASE_002_AGENT_BYPASS_ATTEMPT.md md P3_DOCS_EVIDENCE F03 0 0 0 0 1  NOT_FOUND_LOCAL DUPLI","INTEGRATE_TO_DATA_PRIVACY_SCOPE_GUARD_CANDIDATE","RGPD_COMPLIANCE_SCOPE_GUARD + RSSI_EVIDENCE_ONLY","false","false","false","false","false","false","F10 audit/spec only; compliance/data governance guard; no legal certification"
"RGPD_ISO","security/rssi/security_cases/","F03_RSSI_RGPD","FILE_PLAN_ALL 2515 RGPD_ISO OBSIDIA_RSSI_RGPD_ISO_READINESS_PACK_V2/docs/security_cases/CASE_003_MEMORY_WRITE_ATTEMPT.md security/rssi/security_cases/ CASE_003_MEMORY_WRITE_ATTEMPT.md md P3_DOCS_EVIDENCE F03 0 0 0 0 1  NOT_FOUND_LOCAL DUPLI","INTEGRATE_TO_DATA_PRIVACY_SCOPE_GUARD_CANDIDATE","RGPD_COMPLIANCE_SCOPE_GUARD + RSSI_EVIDENCE_ONLY","false","false","false","false","false","false","F10 audit/spec only; compliance/data governance guard; no legal certification"
"RGPD_ISO","security/rssi/security_cases/","F03_RSSI_RGPD","FILE_PLAN_ALL 2516 RGPD_ISO OBSIDIA_RSSI_RGPD_ISO_READINESS_PACK_V2/docs/security_cases/CASE_004_GRAPHITI_WRITE_ATTEMPT.md security/rssi/security_cases/ CASE_004_GRAPHITI_WRITE_ATTEMPT.md md P3_DOCS_EVIDENCE F03 0 0 0 0 1  NOT_FOUND_LOCAL D","INTEGRATE_TO_DATA_PRIVACY_SCOPE_GUARD_CANDIDATE","RGPD_COMPLIANCE_SCOPE_GUARD + RSSI_EVIDENCE_ONLY","false","false","false","false","false","false","F10 audit/spec only; compliance/data governance guard; no legal certification"
"RGPD_ISO","security/rssi/security_cases/","F03_RSSI_RGPD","FILE_PLAN_ALL 2517 RGPD_ISO OBSIDIA_RSSI_RGPD_ISO_READINESS_PACK_V2/docs/security_cases/CASE_005_NEO4J_MUTATION_ATTEMPT.md security/rssi/security_cases/ CASE_005_NEO4J_MUTATION_ATTEMPT.md md P3_DOCS_EVIDENCE F03 0 0 0 0 1  NOT_FOUND_LOCAL D","INTEGRATE_TO_DATA_PRIVACY_SCOPE_GUARD_CANDIDATE","RGPD_COMPLIANCE_SCOPE_GUARD + RSSI_EVIDENCE_ONLY","false","false","false","false","false","false","F10 audit/spec only; compliance/data governance guard; no legal certification"
"RGPD_ISO","security/rssi/security_cases/","F03_RSSI_RGPD","FILE_PLAN_ALL 2518 RGPD_ISO OBSIDIA_RSSI_RGPD_ISO_READINESS_PACK_V2/docs/security_cases/CASE_006_X108_BYPASS_ATTEMPT.md security/rssi/security_cases/ CASE_006_X108_BYPASS_ATTEMPT.md md P3_DOCS_EVIDENCE F03 0 0 0 0 1  NOT_FOUND_LOCAL DUPLICA","INTEGRATE_TO_DATA_PRIVACY_SCOPE_GUARD_CANDIDATE","RGPD_COMPLIANCE_SCOPE_GUARD + RSSI_EVIDENCE_ONLY","false","false","false","false","false","false","F10 audit/spec only; compliance/data governance guard; no legal certification"
"RGPD_ISO","security/rssi/security_cases/","F03_RSSI_RGPD","FILE_PLAN_ALL 2519 RGPD_ISO OBSIDIA_RSSI_RGPD_ISO_READINESS_PACK_V2/docs/security_cases/CASE_007_PRIVILEGE_ESCALATION.md security/rssi/security_cases/ CASE_007_PRIVILEGE_ESCALATION.md md P3_DOCS_EVIDENCE F03 0 0 0 0 1  NOT_FOUND_LOCAL DUPLI","INTEGRATE_TO_DATA_PRIVACY_SCOPE_GUARD_CANDIDATE","RGPD_COMPLIANCE_SCOPE_GUARD + RSSI_EVIDENCE_ONLY","false","false","false","false","false","false","F10 audit/spec only; compliance/data governance guard; no legal certification"
"RGPD_ISO","security/rssi/security_cases/","F03_RSSI_RGPD","FILE_PLAN_ALL 2520 RGPD_ISO OBSIDIA_RSSI_RGPD_ISO_READINESS_PACK_V2/docs/security_cases/CASE_008_DATA_EXFILTRATION.md security/rssi/security_cases/ CASE_008_DATA_EXFILTRATION.md md P3_DOCS_EVIDENCE F03 0 0 0 0 1  NOT_FOUND_LOCAL DUPLICATE_S","INTEGRATE_TO_DATA_PRIVACY_SCOPE_GUARD_CANDIDATE","RGPD_COMPLIANCE_SCOPE_GUARD + RSSI_EVIDENCE_ONLY","false","false","false","false","false","false","F10 audit/spec only; compliance/data governance guard; no legal certification"
"RGPD_ISO","security/rssi/security_cases/","F03_RSSI_RGPD","FILE_PLAN_ALL 2521 RGPD_ISO OBSIDIA_RSSI_RGPD_ISO_READINESS_PACK_V2/docs/security_cases/CASE_009_UNAUTHORIZED_ACT.md security/rssi/security_cases/ CASE_009_UNAUTHORIZED_ACT.md md P3_DOCS_EVIDENCE F03 0 0 0 0 1  NOT_FOUND_LOCAL DUPLICATE_SAF","INTEGRATE_TO_DATA_PRIVACY_SCOPE_GUARD_CANDIDATE","RGPD_COMPLIANCE_SCOPE_GUARD + RSSI_EVIDENCE_ONLY","false","false","false","false","false","false","F10 audit/spec only; compliance/data governance guard; no legal certification"
"RGPD_ISO","security/rssi/security_cases/","F03_RSSI_RGPD","FILE_PLAN_ALL 2522 RGPD_ISO OBSIDIA_RSSI_RGPD_ISO_READINESS_PACK_V2/docs/security_cases/CASE_010_IRREVERSIBLE_ACTION.md security/rssi/security_cases/ CASE_010_IRREVERSIBLE_ACTION.md md P3_DOCS_EVIDENCE F03 0 0 0 0 1  NOT_FOUND_LOCAL DUPLICA","INTEGRATE_TO_DATA_PRIVACY_SCOPE_GUARD_CANDIDATE","RGPD_COMPLIANCE_SCOPE_GUARD + RSSI_EVIDENCE_ONLY","false","false","false","false","false","false","F10 audit/spec only; compliance/data governance guard; no legal certification"
"RGPD_ISO","security/rssi/security_cases/","F03_RSSI_RGPD","FILE_PLAN_ALL 2523 RGPD_ISO OBSIDIA_RSSI_RGPD_ISO_READINESS_PACK_V2/docs/security_cases/CASE_011_HALLUCINATED_DECISION.md security/rssi/security_cases/ CASE_011_HALLUCINATED_DECISION.md md P3_DOCS_EVIDENCE F03 0 0 0 0 1  NOT_FOUND_LOCAL DUP","INTEGRATE_TO_DATA_PRIVACY_SCOPE_GUARD_CANDIDATE","RGPD_COMPLIANCE_SCOPE_GUARD + RSSI_EVIDENCE_ONLY","false","false","false","false","false","false","F10 audit/spec only; compliance/data governance guard; no legal certification"
"RGPD_ISO","security/rssi/security_cases/","F03_RSSI_RGPD","FILE_PLAN_ALL 2524 RGPD_ISO OBSIDIA_RSSI_RGPD_ISO_READINESS_PACK_V2/docs/security_cases/CASE_012_SUPPLY_CHAIN_ATTACK.md security/rssi/security_cases/ CASE_012_SUPPLY_CHAIN_ATTACK.md md P3_DOCS_EVIDENCE F03 0 0 0 0 1  NOT_FOUND_LOCAL DUPLICA","INTEGRATE_TO_DATA_PRIVACY_SCOPE_GUARD_CANDIDATE","RGPD_COMPLIANCE_SCOPE_GUARD + RSSI_EVIDENCE_ONLY","false","false","false","false","false","false","F10 audit/spec only; compliance/data governance guard; no legal certification"
"RGPD_ISO","security/rssi/threat_model/","F03_RSSI_RGPD","FILE_PLAN_ALL 2525 RGPD_ISO OBSIDIA_RSSI_RGPD_ISO_READINESS_PACK_V2/docs/threat_model/OBSIDIA_THREAT_MODEL_OVERVIEW.md security/rssi/threat_model/ OBSIDIA_THREAT_MODEL_OVERVIEW.md md P3_DOCS_EVIDENCE F03 0 0 0 0 1  NOT_FOUND_LOCAL DUPLICATE","INTEGRATE_TO_DATA_PRIVACY_SCOPE_GUARD_CANDIDATE","RGPD_COMPLIANCE_SCOPE_GUARD + RSSI_EVIDENCE_ONLY","false","false","false","false","false","false","F10 audit/spec only; compliance/data governance guard; no legal certification"
"RGPD_ISO","security/rssi/threat_model/","F03_RSSI_RGPD","FILE_PLAN_ALL 2526 RGPD_ISO OBSIDIA_RSSI_RGPD_ISO_READINESS_PACK_V2/docs/threat_model/OBSIDIA_ATTACK_SURFACE.md security/rssi/threat_model/ OBSIDIA_ATTACK_SURFACE.md md P3_DOCS_EVIDENCE F03 0 0 0 0 1  NOT_FOUND_LOCAL DUPLICATE_SAFE CLEAN ME","INTEGRATE_TO_DATA_PRIVACY_SCOPE_GUARD_CANDIDATE","RGPD_COMPLIANCE_SCOPE_GUARD + RSSI_EVIDENCE_ONLY","false","false","false","false","false","false","F10 audit/spec only; compliance/data governance guard; no legal certification"
"RGPD_ISO","security/rssi/threat_model/","F03_RSSI_RGPD","FILE_PLAN_ALL 2527 RGPD_ISO OBSIDIA_RSSI_RGPD_ISO_READINESS_PACK_V2/docs/threat_model/OBSIDIA_TRUSTED_UNTRUSTED_ZONES.md security/rssi/threat_model/ OBSIDIA_TRUSTED_UNTRUSTED_ZONES.md md P3_DOCS_EVIDENCE F03 0 0 0 0 1  NOT_FOUND_LOCAL DUPLI","INTEGRATE_TO_DATA_PRIVACY_SCOPE_GUARD_CANDIDATE","RGPD_COMPLIANCE_SCOPE_GUARD + RSSI_EVIDENCE_ONLY","false","false","false","false","false","false","F10 audit/spec only; compliance/data governance guard; no legal certification"
"RGPD_ISO","security/rssi/threat_model/","F03_RSSI_RGPD","FILE_PLAN_ALL 2528 RGPD_ISO OBSIDIA_RSSI_RGPD_ISO_READINESS_PACK_V2/docs/threat_model/OBSIDIA_ATTACK_TREE.md security/rssi/threat_model/ OBSIDIA_ATTACK_TREE.md md P3_DOCS_EVIDENCE F03 0 0 0 0 1  NOT_FOUND_LOCAL DUPLICATE_SAFE CLEAN MEDIUM K","INTEGRATE_TO_DATA_PRIVACY_SCOPE_GUARD_CANDIDATE","RGPD_COMPLIANCE_SCOPE_GUARD + RSSI_EVIDENCE_ONLY","false","false","false","false","false","false","F10 audit/spec only; compliance/data governance guard; no legal certification"
"RGPD_ISO","security/rssi/threat_model/","F03_RSSI_RGPD","FILE_PLAN_ALL 2529 RGPD_ISO OBSIDIA_RSSI_RGPD_ISO_READINESS_PACK_V2/docs/threat_model/OBSIDIA_ABUSE_CASES.md security/rssi/threat_model/ OBSIDIA_ABUSE_CASES.md md P3_DOCS_EVIDENCE F03 0 0 0 0 1  NOT_FOUND_LOCAL DUPLICATE_SAFE CLEAN MEDIUM K","INTEGRATE_TO_DATA_PRIVACY_SCOPE_GUARD_CANDIDATE","RGPD_COMPLIANCE_SCOPE_GUARD + RSSI_EVIDENCE_ONLY","false","false","false","false","false","false","F10 audit/spec only; compliance/data governance guard; no legal certification"
"RGPD_ISO","security/rssi/threat_model/","F03_RSSI_RGPD","FILE_PLAN_ALL 2530 RGPD_ISO OBSIDIA_RSSI_RGPD_ISO_READINESS_PACK_V2/docs/threat_model/OBSIDIA_MISUSE_CASES.md security/rssi/threat_model/ OBSIDIA_MISUSE_CASES.md md P3_DOCS_EVIDENCE F03 0 0 0 0 1  NOT_FOUND_LOCAL DUPLICATE_SAFE CLEAN MEDIUM","INTEGRATE_TO_DATA_PRIVACY_SCOPE_GUARD_CANDIDATE","RGPD_COMPLIANCE_SCOPE_GUARD + RSSI_EVIDENCE_ONLY","false","false","false","false","false","false","F10 audit/spec only; compliance/data governance guard; no legal certification"
"RGPD_ISO","security/rssi/threat_model/","F03_RSSI_RGPD","FILE_PLAN_ALL 2531 RGPD_ISO OBSIDIA_RSSI_RGPD_ISO_READINESS_PACK_V2/docs/threat_model/OBSIDIA_THREAT_ACTORS.md security/rssi/threat_model/ OBSIDIA_THREAT_ACTORS.md md P3_DOCS_EVIDENCE F03 0 0 0 0 1  NOT_FOUND_LOCAL DUPLICATE_SAFE CLEAN MEDI","INTEGRATE_TO_DATA_PRIVACY_SCOPE_GUARD_CANDIDATE","RGPD_COMPLIANCE_SCOPE_GUARD + RSSI_EVIDENCE_ONLY","false","false","false","false","false","false","F10 audit/spec only; compliance/data governance guard; no legal certification"
"RGPD_ISO","security/rssi/threat_model/","F03_RSSI_RGPD","FILE_PLAN_ALL 2532 RGPD_ISO OBSIDIA_RSSI_RGPD_ISO_READINESS_PACK_V2/docs/threat_model/OBSIDIA_SECURITY_ASSUMPTIONS.md security/rssi/threat_model/ OBSIDIA_SECURITY_ASSUMPTIONS.md md P3_DOCS_EVIDENCE F03 0 0 0 0 1  NOT_FOUND_LOCAL DUPLICATE_S","INTEGRATE_TO_DATA_PRIVACY_SCOPE_GUARD_CANDIDATE","RGPD_COMPLIANCE_SCOPE_GUARD + RSSI_EVIDENCE_ONLY","false","false","false","false","false","false","F10 audit/spec only; compliance/data governance guard; no legal certification"
"RGPD_ISO","security/rssi/data/","F03_RSSI_RGPD","FILE_PLAN_ALL 2533 RGPD_ISO OBSIDIA_RSSI_RGPD_ISO_READINESS_PACK_V2/docs/data/OBSIDIA_DATA_CLASSIFICATION.md security/rssi/data/ OBSIDIA_DATA_CLASSIFICATION.md md P3_DOCS_EVIDENCE F03 0 0 0 0 1  NOT_FOUND_LOCAL DUPLICATE_SAFE CLEAN MEDIUM K","INTEGRATE_TO_DATA_PRIVACY_SCOPE_GUARD_CANDIDATE","RGPD_COMPLIANCE_SCOPE_GUARD + RSSI_EVIDENCE_ONLY","false","false","false","false","false","false","F10 audit/spec only; compliance/data governance guard; no legal certification"
"RGPD_ISO","security/rssi/data/","F03_RSSI_RGPD","FILE_PLAN_ALL 2534 RGPD_ISO OBSIDIA_RSSI_RGPD_ISO_READINESS_PACK_V2/docs/data/OBSIDIA_DATA_RETENTION_MODEL.md security/rssi/data/ OBSIDIA_DATA_RETENTION_MODEL.md md P3_DOCS_EVIDENCE F03 0 0 0 0 1  NOT_FOUND_LOCAL DUPLICATE_SAFE CLEAN MEDIUM","INTEGRATE_TO_DATA_PRIVACY_SCOPE_GUARD_CANDIDATE","RGPD_COMPLIANCE_SCOPE_GUARD + RSSI_EVIDENCE_ONLY","false","false","false","false","false","false","F10 audit/spec only; compliance/data governance guard; no legal certification"
"RGPD_ISO","security/rssi/data/","F03_RSSI_RGPD","FILE_PLAN_ALL 2535 RGPD_ISO OBSIDIA_RSSI_RGPD_ISO_READINESS_PACK_V2/docs/data/OBSIDIA_DATA_MINIMIZATION_MODEL.md security/rssi/data/ OBSIDIA_DATA_MINIMIZATION_MODEL.md md P3_DOCS_EVIDENCE F03 0 0 0 0 1  NOT_FOUND_LOCAL DUPLICATE_SAFE CLEAN ","INTEGRATE_TO_DATA_PRIVACY_SCOPE_GUARD_CANDIDATE","RGPD_COMPLIANCE_SCOPE_GUARD + RSSI_EVIDENCE_ONLY","false","false","false","false","false","false","F10 audit/spec only; compliance/data governance guard; no legal certification"
"RGPD_ISO","security/rssi/data/","F03_RSSI_RGPD","FILE_PLAN_ALL 2536 RGPD_ISO OBSIDIA_RSSI_RGPD_ISO_READINESS_PACK_V2/docs/data/OBSIDIA_PERSONAL_DATA_BOUNDARY.md security/rssi/data/ OBSIDIA_PERSONAL_DATA_BOUNDARY.md md P3_DOCS_EVIDENCE F03 0 0 0 0 1  NOT_FOUND_LOCAL DUPLICATE_SAFE CLEAN ME","INTEGRATE_TO_DATA_PRIVACY_SCOPE_GUARD_CANDIDATE","RGPD_COMPLIANCE_SCOPE_GUARD + RSSI_EVIDENCE_ONLY","false","false","false","false","false","false","F10 audit/spec only; compliance/data governance guard; no legal certification"
"RGPD_ISO","security/rssi/data/","F03_RSSI_RGPD","FILE_PLAN_ALL 2537 RGPD_ISO OBSIDIA_RSSI_RGPD_ISO_READINESS_PACK_V2/docs/data/OBSIDIA_SECRET_MANAGEMENT_MODEL.md security/rssi/data/ OBSIDIA_SECRET_MANAGEMENT_MODEL.md md P3_DOCS_EVIDENCE F03 0 0 0 0 1  NOT_FOUND_LOCAL DUPLICATE_SAFE CLEAN ","INTEGRATE_TO_DATA_PRIVACY_SCOPE_GUARD_CANDIDATE","RGPD_COMPLIANCE_SCOPE_GUARD + RSSI_EVIDENCE_ONLY","false","false","false","false","false","false","F10 audit/spec only; compliance/data governance guard; no legal certification"
"RGPD_ISO","security/rssi/data/","F03_RSSI_RGPD","FILE_PLAN_ALL 2538 RGPD_ISO OBSIDIA_RSSI_RGPD_ISO_READINESS_PACK_V2/docs/data/OBSIDIA_SENSITIVE_CONTEXT_HANDLING.md security/rssi/data/ OBSIDIA_SENSITIVE_CONTEXT_HANDLING.md md P3_DOCS_EVIDENCE F03 0 0 0 0 1  NOT_FOUND_LOCAL DUPLICATE_SAFE ","INTEGRATE_TO_DATA_PRIVACY_SCOPE_GUARD_CANDIDATE","RGPD_COMPLIANCE_SCOPE_GUARD + RSSI_EVIDENCE_ONLY","false","false","false","false","false","false","F10 audit/spec only; compliance/data governance guard; no legal certification"
"RGPD_ISO","security/rssi/access/","F03_RSSI_RGPD","FILE_PLAN_ALL 2539 RGPD_ISO OBSIDIA_RSSI_RGPD_ISO_READINESS_PACK_V2/docs/access/OBSIDIA_IAM_MODEL.md security/rssi/access/ OBSIDIA_IAM_MODEL.md md P3_DOCS_EVIDENCE F03 0 0 0 0 1  NOT_FOUND_LOCAL DUPLICATE_SAFE CLEAN MEDIUM KX108_ONLY; DOC_O","INTEGRATE_TO_DATA_PRIVACY_SCOPE_GUARD_CANDIDATE","RGPD_COMPLIANCE_SCOPE_GUARD + RSSI_EVIDENCE_ONLY","false","false","false","false","false","false","F10 audit/spec only; compliance/data governance guard; no legal certification"
"RGPD_ISO","security/rssi/access/","F03_RSSI_RGPD","FILE_PLAN_ALL 2540 RGPD_ISO OBSIDIA_RSSI_RGPD_ISO_READINESS_PACK_V2/docs/access/OBSIDIA_ROLE_ACCESS_MATRIX.md security/rssi/access/ OBSIDIA_ROLE_ACCESS_MATRIX.md md P3_DOCS_EVIDENCE F03 0 0 0 0 1  NOT_FOUND_LOCAL DUPLICATE_SAFE CLEAN MEDIUM","INTEGRATE_TO_DATA_PRIVACY_SCOPE_GUARD_CANDIDATE","RGPD_COMPLIANCE_SCOPE_GUARD + RSSI_EVIDENCE_ONLY","false","false","false","false","false","false","F10 audit/spec only; compliance/data governance guard; no legal certification"
"RGPD_ISO","security/rssi/access/","F03_RSSI_RGPD","FILE_PLAN_ALL 2541 RGPD_ISO OBSIDIA_RSSI_RGPD_ISO_READINESS_PACK_V2/docs/access/OBSIDIA_PRIVILEGE_BOUNDARIES.md security/rssi/access/ OBSIDIA_PRIVILEGE_BOUNDARIES.md md P3_DOCS_EVIDENCE F03 0 0 0 0 1  NOT_FOUND_LOCAL DUPLICATE_SAFE CLEAN ME","INTEGRATE_TO_DATA_PRIVACY_SCOPE_GUARD_CANDIDATE","RGPD_COMPLIANCE_SCOPE_GUARD + RSSI_EVIDENCE_ONLY","false","false","false","false","false","false","F10 audit/spec only; compliance/data governance guard; no legal certification"
"RGPD_ISO","security/rssi/access/","F03_RSSI_RGPD","FILE_PLAN_ALL 2542 RGPD_ISO OBSIDIA_RSSI_RGPD_ISO_READINESS_PACK_V2/docs/access/OBSIDIA_OPERATOR_PERMISSIONS.md security/rssi/access/ OBSIDIA_OPERATOR_PERMISSIONS.md md P3_DOCS_EVIDENCE F03 0 0 0 0 1  NOT_FOUND_LOCAL DUPLICATE_SAFE CLEAN ME","INTEGRATE_TO_DATA_PRIVACY_SCOPE_GUARD_CANDIDATE","RGPD_COMPLIANCE_SCOPE_GUARD + RSSI_EVIDENCE_ONLY","false","false","false","false","false","false","F10 audit/spec only; compliance/data governance guard; no legal certification"
"RGPD_ISO","security/rssi/access/","F03_RSSI_RGPD","FILE_PLAN_ALL 2543 RGPD_ISO OBSIDIA_RSSI_RGPD_ISO_READINESS_PACK_V2/docs/access/OBSIDIA_ADMIN_ACTIONS_POLICY.md security/rssi/access/ OBSIDIA_ADMIN_ACTIONS_POLICY.md md P3_DOCS_EVIDENCE F03 0 0 0 0 1  NOT_FOUND_LOCAL DUPLICATE_SAFE CLEAN ME","INTEGRATE_TO_DATA_PRIVACY_SCOPE_GUARD_CANDIDATE","RGPD_COMPLIANCE_SCOPE_GUARD + RSSI_EVIDENCE_ONLY","false","false","false","false","false","false","F10 audit/spec only; compliance/data governance guard; no legal certification"
"RGPD_ISO","security/rssi/access/","F03_RSSI_RGPD","FILE_PLAN_ALL 2544 RGPD_ISO OBSIDIA_RSSI_RGPD_ISO_READINESS_PACK_V2/docs/access/OBSIDIA_LEAST_PRIVILEGE_MODEL.md security/rssi/access/ OBSIDIA_LEAST_PRIVILEGE_MODEL.md md P3_DOCS_EVIDENCE F03 0 0 0 0 1  NOT_FOUND_LOCAL DUPLICATE_SAFE CLEAN ","INTEGRATE_TO_DATA_PRIVACY_SCOPE_GUARD_CANDIDATE","RGPD_COMPLIANCE_SCOPE_GUARD + RSSI_EVIDENCE_ONLY","false","false","false","false","false","false","F10 audit/spec only; compliance/data governance guard; no legal certification"
"RGPD_ISO","security/rssi/incident_response/","F03_RSSI_RGPD","FILE_PLAN_ALL 2545 RGPD_ISO OBSIDIA_RSSI_RGPD_ISO_READINESS_PACK_V2/docs/incident_response/OBSIDIA_INCIDENT_RESPONSE_PLAN.md security/rssi/incident_response/ OBSIDIA_INCIDENT_RESPONSE_PLAN.md md P3_DOCS_EVIDENCE F03 0 0 0 0 1  NOT_FOUND_LOC","INTEGRATE_TO_DATA_PRIVACY_SCOPE_GUARD_CANDIDATE","RGPD_COMPLIANCE_SCOPE_GUARD + RSSI_EVIDENCE_ONLY","false","false","false","false","false","false","F10 audit/spec only; compliance/data governance guard; no legal certification"
"RGPD_ISO","security/rssi/incident_response/","F03_RSSI_RGPD","FILE_PLAN_ALL 2546 RGPD_ISO OBSIDIA_RSSI_RGPD_ISO_READINESS_PACK_V2/docs/incident_response/OBSIDIA_SECURITY_INCIDENT_PLAYBOOK.md security/rssi/incident_response/ OBSIDIA_SECURITY_INCIDENT_PLAYBOOK.md md P3_DOCS_EVIDENCE F03 0 0 0 0 1  NOT_F","INTEGRATE_TO_DATA_PRIVACY_SCOPE_GUARD_CANDIDATE","RGPD_COMPLIANCE_SCOPE_GUARD + RSSI_EVIDENCE_ONLY","false","false","false","false","false","false","F10 audit/spec only; compliance/data governance guard; no legal certification"
"RGPD_ISO","security/rssi/incident_response/","F03_RSSI_RGPD","FILE_PLAN_ALL 2547 RGPD_ISO OBSIDIA_RSSI_RGPD_ISO_READINESS_PACK_V2/docs/incident_response/OBSIDIA_AI_INCIDENT_PLAYBOOK.md security/rssi/incident_response/ OBSIDIA_AI_INCIDENT_PLAYBOOK.md md P3_DOCS_EVIDENCE F03 0 0 0 0 1  NOT_FOUND_LOCAL D","INTEGRATE_TO_DATA_PRIVACY_SCOPE_GUARD_CANDIDATE","RGPD_COMPLIANCE_SCOPE_GUARD + RSSI_EVIDENCE_ONLY","false","false","false","false","false","false","F10 audit/spec only; compliance/data governance guard; no legal certification"
"RGPD_ISO","security/rssi/incident_response/","F03_RSSI_RGPD","FILE_PLAN_ALL 2548 RGPD_ISO OBSIDIA_RSSI_RGPD_ISO_READINESS_PACK_V2/docs/incident_response/OBSIDIA_DATA_INCIDENT_PLAYBOOK.md security/rssi/incident_response/ OBSIDIA_DATA_INCIDENT_PLAYBOOK.md md P3_DOCS_EVIDENCE F03 0 0 0 0 1  NOT_FOUND_LOC","INTEGRATE_TO_DATA_PRIVACY_SCOPE_GUARD_CANDIDATE","RGPD_COMPLIANCE_SCOPE_GUARD + RSSI_EVIDENCE_ONLY","false","false","false","false","false","false","F10 audit/spec only; compliance/data governance guard; no legal certification"
"RGPD_ISO","security/rssi/incident_response/","F03_RSSI_RGPD","FILE_PLAN_ALL 2549 RGPD_ISO OBSIDIA_RSSI_RGPD_ISO_READINESS_PACK_V2/docs/incident_response/OBSIDIA_GRAPH_INCIDENT_PLAYBOOK.md security/rssi/incident_response/ OBSIDIA_GRAPH_INCIDENT_PLAYBOOK.md md P3_DOCS_EVIDENCE F03 0 0 0 0 1  NOT_FOUND_L","INTEGRATE_TO_DATA_PRIVACY_SCOPE_GUARD_CANDIDATE","RGPD_COMPLIANCE_SCOPE_GUARD + RSSI_EVIDENCE_ONLY","false","false","false","false","false","false","F10 audit/spec only; compliance/data governance guard; no legal certification"
"RGPD_ISO","security/rssi/incident_response/","F03_RSSI_RGPD","FILE_PLAN_ALL 2550 RGPD_ISO OBSIDIA_RSSI_RGPD_ISO_READINESS_PACK_V2/docs/incident_response/OBSIDIA_ROLLBACK_AND_CONTAINMENT.md security/rssi/incident_response/ OBSIDIA_ROLLBACK_AND_CONTAINMENT.md md P3_DOCS_EVIDENCE F03 0 0 0 0 1  NOT_FOUND","INTEGRATE_TO_DATA_PRIVACY_SCOPE_GUARD_CANDIDATE","RGPD_COMPLIANCE_SCOPE_GUARD + RSSI_EVIDENCE_ONLY","false","false","false","false","false","false","F10 audit/spec only; compliance/data governance guard; no legal certification"
"RGPD_ISO","security/rssi/compliance/","F03_RSSI_RGPD","FILE_PLAN_ALL 2551 RGPD_ISO OBSIDIA_RSSI_RGPD_ISO_READINESS_PACK_V2/docs/compliance/OBSIDIA_COMPLIANCE_POSITIONING.md security/rssi/compliance/ OBSIDIA_COMPLIANCE_POSITIONING.md md P3_DOCS_EVIDENCE F03 0 0 0 0 1  NOT_FOUND_LOCAL DUPLICATE_S","INTEGRATE_TO_DATA_PRIVACY_SCOPE_GUARD_CANDIDATE","RGPD_COMPLIANCE_SCOPE_GUARD + RSSI_EVIDENCE_ONLY","false","false","false","false","false","false","F10 audit/spec only; compliance/data governance guard; no legal certification"
"RGPD_ISO","security/rssi/compliance/","F03_RSSI_RGPD","FILE_PLAN_ALL 2552 RGPD_ISO OBSIDIA_RSSI_RGPD_ISO_READINESS_PACK_V2/docs/compliance/OBSIDIA_GDPR_SECURITY_NOTES.md security/rssi/compliance/ OBSIDIA_GDPR_SECURITY_NOTES.md md P3_DOCS_EVIDENCE F03 0 0 0 0 1  NOT_FOUND_LOCAL DUPLICATE_SAFE CL","INTEGRATE_TO_DATA_PRIVACY_SCOPE_GUARD_CANDIDATE","RGPD_COMPLIANCE_SCOPE_GUARD + RSSI_EVIDENCE_ONLY","false","false","false","false","false","false","F10 audit/spec only; compliance/data governance guard; no legal certification"
"RGPD_ISO","security/rssi/compliance/","F03_RSSI_RGPD","FILE_PLAN_ALL 2553 RGPD_ISO OBSIDIA_RSSI_RGPD_ISO_READINESS_PACK_V2/docs/compliance/OBSIDIA_AI_ACT_POSITIONING.md security/rssi/compliance/ OBSIDIA_AI_ACT_POSITIONING.md md P3_DOCS_EVIDENCE F03 0 0 0 0 1  NOT_FOUND_LOCAL DUPLICATE_SAFE CLEA","INTEGRATE_TO_DATA_PRIVACY_SCOPE_GUARD_CANDIDATE","RGPD_COMPLIANCE_SCOPE_GUARD + RSSI_EVIDENCE_ONLY","false","false","false","false","false","false","F10 audit/spec only; compliance/data governance guard; no legal certification"
"RGPD_ISO","security/rssi/compliance/","F03_RSSI_RGPD","FILE_PLAN_ALL 2554 RGPD_ISO OBSIDIA_RSSI_RGPD_ISO_READINESS_PACK_V2/docs/compliance/OBSIDIA_DORA_NIS2_RELEVANCE.md security/rssi/compliance/ OBSIDIA_DORA_NIS2_RELEVANCE.md md P3_DOCS_EVIDENCE F03 0 0 0 0 1  NOT_FOUND_LOCAL DUPLICATE_SAFE CL","INTEGRATE_TO_DATA_PRIVACY_SCOPE_GUARD_CANDIDATE","RGPD_COMPLIANCE_SCOPE_GUARD + RSSI_EVIDENCE_ONLY","false","false","false","false","false","false","F10 audit/spec only; compliance/data governance guard; no legal certification"
"RGPD_ISO","security/rssi/compliance/","F03_RSSI_RGPD","FILE_PLAN_ALL 2555 RGPD_ISO OBSIDIA_RSSI_RGPD_ISO_READINESS_PACK_V2/docs/compliance/OBSIDIA_BANKING_SECURITY_RELEVANCE.md security/rssi/compliance/ OBSIDIA_BANKING_SECURITY_RELEVANCE.md md P3_DOCS_EVIDENCE F03 0 0 0 0 1  NOT_FOUND_LOCAL DUP","INTEGRATE_TO_DATA_PRIVACY_SCOPE_GUARD_CANDIDATE","RGPD_COMPLIANCE_SCOPE_GUARD + RSSI_EVIDENCE_ONLY","false","false","false","false","false","false","F10 audit/spec only; compliance/data governance guard; no legal certification"
"RGPD_ISO","security/rssi/compliance/","F03_RSSI_RGPD","FILE_PLAN_ALL 2556 RGPD_ISO OBSIDIA_RSSI_RGPD_ISO_READINESS_PACK_V2/docs/compliance/OBSIDIA_RSSI_QA_PACK.md security/rssi/compliance/ OBSIDIA_RSSI_QA_PACK.md md P3_DOCS_EVIDENCE F03 0 0 0 0 1  NOT_FOUND_LOCAL DUPLICATE_SAFE CLEAN MEDIUM KX1","INTEGRATE_TO_DATA_PRIVACY_SCOPE_GUARD_CANDIDATE","RGPD_COMPLIANCE_SCOPE_GUARD + RSSI_EVIDENCE_ONLY","false","false","false","false","false","false","F10 audit/spec only; compliance/data governance guard; no legal certification"
"RGPD_ISO","security/rssi/modules/","F03_RSSI_RGPD","FILE_PLAN_ALL 2557 RGPD_ISO OBSIDIA_RSSI_RGPD_ISO_READINESS_PACK_V2/docs/modules/RSSI_001_VISION_SECURITE_OBSIDIA.md security/rssi/modules/ RSSI_001_VISION_SECURITE_OBSIDIA.md md P3_DOCS_EVIDENCE F03 0 0 0 0 1  NOT_FOUND_LOCAL DUPLICATE_SAF","INTEGRATE_TO_DATA_PRIVACY_SCOPE_GUARD_CANDIDATE","RGPD_COMPLIANCE_SCOPE_GUARD + RSSI_EVIDENCE_ONLY","false","false","false","false","false","false","F10 audit/spec only; compliance/data governance guard; no legal certification"
"RGPD_ISO","security/rssi/modules/","F03_RSSI_RGPD","FILE_PLAN_ALL 2558 RGPD_ISO OBSIDIA_RSSI_RGPD_ISO_READINESS_PACK_V2/docs/modules/RSSI_002_ARCHITECTURE_SECURITE_OS0OS4.md security/rssi/modules/ RSSI_002_ARCHITECTURE_SECURITE_OS0OS4.md md P3_DOCS_EVIDENCE F03 0 0 0 0 1  NOT_FOUND_LOCAL DUP","INTEGRATE_TO_DATA_PRIVACY_SCOPE_GUARD_CANDIDATE","RGPD_COMPLIANCE_SCOPE_GUARD + RSSI_EVIDENCE_ONLY","false","false","false","false","false","false","F10 audit/spec only; compliance/data governance guard; no legal certification"
"RGPD_ISO","security/rssi/modules/","F03_RSSI_RGPD","FILE_PLAN_ALL 2559 RGPD_ISO OBSIDIA_RSSI_RGPD_ISO_READINESS_PACK_V2/docs/modules/RSSI_003_BOUNDARY_X108.md security/rssi/modules/ RSSI_003_BOUNDARY_X108.md md P3_DOCS_EVIDENCE F03 0 0 0 0 1  NOT_FOUND_LOCAL DUPLICATE_SAFE CLEAN MEDIUM KX108","INTEGRATE_TO_DATA_PRIVACY_SCOPE_GUARD_CANDIDATE","RGPD_COMPLIANCE_SCOPE_GUARD + RSSI_EVIDENCE_ONLY","false","false","false","false","false","false","F10 audit/spec only; compliance/data governance guard; no legal certification"
"RGPD_ISO","security/rssi/modules/","F03_RSSI_RGPD","FILE_PLAN_ALL 2560 RGPD_ISO OBSIDIA_RSSI_RGPD_ISO_READINESS_PACK_V2/docs/modules/RSSI_004_AUTORITE_DECISIONNELLE_KX108_ONLY.md security/rssi/modules/ RSSI_004_AUTORITE_DECISIONNELLE_KX108_ONLY.md md P3_DOCS_EVIDENCE F03 0 0 0 0 1  NOT_FOUND","INTEGRATE_TO_DATA_PRIVACY_SCOPE_GUARD_CANDIDATE","RGPD_COMPLIANCE_SCOPE_GUARD + RSSI_EVIDENCE_ONLY","false","false","false","false","false","false","F10 audit/spec only; compliance/data governance guard; no legal certification"
"RGPD_ISO","security/rssi/modules/","F03_RSSI_RGPD","FILE_PLAN_ALL 2561 RGPD_ISO OBSIDIA_RSSI_RGPD_ISO_READINESS_PACK_V2/docs/modules/RSSI_005_SEPARATION_NOYAU_PERIPHERIE.md security/rssi/modules/ RSSI_005_SEPARATION_NOYAU_PERIPHERIE.md md P3_DOCS_EVIDENCE F03 0 0 0 0 1  NOT_FOUND_LOCAL DUPLI","INTEGRATE_TO_DATA_PRIVACY_SCOPE_GUARD_CANDIDATE","RGPD_COMPLIANCE_SCOPE_GUARD + RSSI_EVIDENCE_ONLY","false","false","false","false","false","false","F10 audit/spec only; compliance/data governance guard; no legal certification"
"RGPD_ISO","security/rssi/modules/","F03_RSSI_RGPD","FILE_PLAN_ALL 2562 RGPD_ISO OBSIDIA_RSSI_RGPD_ISO_READINESS_PACK_V2/docs/modules/RSSI_006_READONLY_CONTEXT_MODEL.md security/rssi/modules/ RSSI_006_READONLY_CONTEXT_MODEL.md md P3_DOCS_EVIDENCE F03 0 0 0 0 1  NOT_FOUND_LOCAL DUPLICATE_SAFE ","INTEGRATE_TO_DATA_PRIVACY_SCOPE_GUARD_CANDIDATE","RGPD_COMPLIANCE_SCOPE_GUARD + RSSI_EVIDENCE_ONLY","false","false","false","false","false","false","F10 audit/spec only; compliance/data governance guard; no legal certification"
"RGPD_ISO","security/rssi/modules/","F03_RSSI_RGPD","FILE_PLAN_ALL 2563 RGPD_ISO OBSIDIA_RSSI_RGPD_ISO_READINESS_PACK_V2/docs/modules/RSSI_007_NON_CONTOURNEMENT.md security/rssi/modules/ RSSI_007_NON_CONTOURNEMENT.md md P3_DOCS_EVIDENCE F03 0 0 0 0 1  NOT_FOUND_LOCAL DUPLICATE_SAFE CLEAN MEDI","INTEGRATE_TO_DATA_PRIVACY_SCOPE_GUARD_CANDIDATE","RGPD_COMPLIANCE_SCOPE_GUARD + RSSI_EVIDENCE_ONLY","false","false","false","false","false","false","F10 audit/spec only; compliance/data governance guard; no legal certification"
"RGPD_ISO","security/rssi/modules/","F03_RSSI_RGPD","FILE_PLAN_ALL 2564 RGPD_ISO OBSIDIA_RSSI_RGPD_ISO_READINESS_PACK_V2/docs/modules/RSSI_008_NON_EMISSION_ACT_PERIPHERIE.md security/rssi/modules/ RSSI_008_NON_EMISSION_ACT_PERIPHERIE.md md P3_DOCS_EVIDENCE F03 0 0 0 0 1  NOT_FOUND_LOCAL DUPLI","INTEGRATE_TO_DATA_PRIVACY_SCOPE_GUARD_CANDIDATE","RGPD_COMPLIANCE_SCOPE_GUARD + RSSI_EVIDENCE_ONLY","false","false","false","false","false","false","F10 audit/spec only; compliance/data governance guard; no legal certification"
"RGPD_ISO","security/rssi/modules/","F03_RSSI_RGPD","FILE_PLAN_ALL 2565 RGPD_ISO OBSIDIA_RSSI_RGPD_ISO_READINESS_PACK_V2/docs/modules/RSSI_009_CONTROLE_GRAPHITI_NEO4J.md security/rssi/modules/ RSSI_009_CONTROLE_GRAPHITI_NEO4J.md md P3_DOCS_EVIDENCE F03 0 0 0 0 1  NOT_FOUND_LOCAL DUPLICATE_SAF","INTEGRATE_TO_DATA_PRIVACY_SCOPE_GUARD_CANDIDATE","RGPD_COMPLIANCE_SCOPE_GUARD + RSSI_EVIDENCE_ONLY","false","false","false","false","false","false","F10 audit/spec only; compliance/data governance guard; no legal certification"
"RGPD_ISO","security/rssi/modules/","F03_RSSI_RGPD","FILE_PLAN_ALL 2566 RGPD_ISO OBSIDIA_RSSI_RGPD_ISO_READINESS_PACK_V2/docs/modules/RSSI_010_AUDIT_LOGS.md security/rssi/modules/ RSSI_010_AUDIT_LOGS.md md P3_DOCS_EVIDENCE F03 0 0 0 0 1  NOT_FOUND_LOCAL DUPLICATE_SAFE CLEAN MEDIUM KX108_ONLY;","INTEGRATE_TO_DATA_PRIVACY_SCOPE_GUARD_CANDIDATE","RGPD_COMPLIANCE_SCOPE_GUARD + RSSI_EVIDENCE_ONLY","false","false","false","false","false","false","F10 audit/spec only; compliance/data governance guard; no legal certification"
"RGPD_ISO","security/rssi/modules/","F03_RSSI_RGPD","FILE_PLAN_ALL 2567 RGPD_ISO OBSIDIA_RSSI_RGPD_ISO_READINESS_PACK_V2/docs/modules/RSSI_011_REPLAYABILITE.md security/rssi/modules/ RSSI_011_REPLAYABILITE.md md P3_DOCS_EVIDENCE F03 0 0 0 0 1  NOT_FOUND_LOCAL DUPLICATE_SAFE CLEAN MEDIUM KX108","INTEGRATE_TO_DATA_PRIVACY_SCOPE_GUARD_CANDIDATE","RGPD_COMPLIANCE_SCOPE_GUARD + RSSI_EVIDENCE_ONLY","false","false","false","false","false","false","F10 audit/spec only; compliance/data governance guard; no legal certification"
"RGPD_ISO","security/rssi/modules/","F03_RSSI_RGPD","FILE_PLAN_ALL 2568 RGPD_ISO OBSIDIA_RSSI_RGPD_ISO_READINESS_PACK_V2/docs/modules/RSSI_012_EVIDENCE_LEDGER.md security/rssi/modules/ RSSI_012_EVIDENCE_LEDGER.md md P3_DOCS_EVIDENCE F03 0 0 0 0 1  NOT_FOUND_LOCAL DUPLICATE_SAFE CLEAN MEDIUM K","INTEGRATE_TO_DATA_PRIVACY_SCOPE_GUARD_CANDIDATE","RGPD_COMPLIANCE_SCOPE_GUARD + RSSI_EVIDENCE_ONLY","false","false","false","false","false","false","F10 audit/spec only; compliance/data governance guard; no legal certification"
"RGPD_ISO","security/rssi/modules/","F03_RSSI_RGPD","FILE_PLAN_ALL 2569 RGPD_ISO OBSIDIA_RSSI_RGPD_ISO_READINESS_PACK_V2/docs/modules/RSSI_013_GESTION_DES_ACCES.md security/rssi/modules/ RSSI_013_GESTION_DES_ACCES.md md P3_DOCS_EVIDENCE F03 0 0 0 0 1  NOT_FOUND_LOCAL DUPLICATE_SAFE CLEAN MEDI","INTEGRATE_TO_DATA_PRIVACY_SCOPE_GUARD_CANDIDATE","RGPD_COMPLIANCE_SCOPE_GUARD + RSSI_EVIDENCE_ONLY","false","false","false","false","false","false","F10 audit/spec only; compliance/data governance guard; no legal certification"
"RGPD_ISO","security/rssi/modules/","F03_RSSI_RGPD","FILE_PLAN_ALL 2570 RGPD_ISO OBSIDIA_RSSI_RGPD_ISO_READINESS_PACK_V2/docs/modules/RSSI_014_GESTION_DES_SECRETS.md security/rssi/modules/ RSSI_014_GESTION_DES_SECRETS.md md P3_DOCS_EVIDENCE F03 0 0 0 0 1  NOT_FOUND_LOCAL DUPLICATE_SAFE CLEAN ","INTEGRATE_TO_DATA_PRIVACY_SCOPE_GUARD_CANDIDATE","RGPD_COMPLIANCE_SCOPE_GUARD + RSSI_EVIDENCE_ONLY","false","false","false","false","false","false","F10 audit/spec only; compliance/data governance guard; no legal certification"
"RGPD_ISO","security/rssi/modules/","F03_RSSI_RGPD","FILE_PLAN_ALL 2571 RGPD_ISO OBSIDIA_RSSI_RGPD_ISO_READINESS_PACK_V2/docs/modules/RSSI_015_DONNEES_SENSIBLES.md security/rssi/modules/ RSSI_015_DONNEES_SENSIBLES.md md P3_DOCS_EVIDENCE F03 0 0 0 0 1  NOT_FOUND_LOCAL DUPLICATE_SAFE CLEAN MEDI","INTEGRATE_TO_DATA_PRIVACY_SCOPE_GUARD_CANDIDATE","RGPD_COMPLIANCE_SCOPE_GUARD + RSSI_EVIDENCE_ONLY","false","false","false","false","false","false","F10 audit/spec only; compliance/data governance guard; no legal certification"
"RGPD_ISO","security/rssi/modules/","F03_RSSI_RGPD","FILE_PLAN_ALL 2572 RGPD_ISO OBSIDIA_RSSI_RGPD_ISO_READINESS_PACK_V2/docs/modules/RSSI_016_DONNEES_PERSONNELLES.md security/rssi/modules/ RSSI_016_DONNEES_PERSONNELLES.md md P3_DOCS_EVIDENCE F03 0 0 0 0 1  NOT_FOUND_LOCAL DUPLICATE_SAFE CLEA","INTEGRATE_TO_DATA_PRIVACY_SCOPE_GUARD_CANDIDATE","RGPD_COMPLIANCE_SCOPE_GUARD + RSSI_EVIDENCE_ONLY","false","false","false","false","false","false","F10 audit/spec only; compliance/data governance guard; no legal certification"
"RGPD_ISO","security/rssi/modules/","F03_RSSI_RGPD","FILE_PLAN_ALL 2573 RGPD_ISO OBSIDIA_RSSI_RGPD_ISO_READINESS_PACK_V2/docs/modules/RSSI_017_RISQUE_PROMPT_INJECTION.md security/rssi/modules/ RSSI_017_RISQUE_PROMPT_INJECTION.md md P3_DOCS_EVIDENCE F03 0 0 0 0 1  NOT_FOUND_LOCAL DUPLICATE_SAF","INTEGRATE_TO_DATA_PRIVACY_SCOPE_GUARD_CANDIDATE","RGPD_COMPLIANCE_SCOPE_GUARD + RSSI_EVIDENCE_ONLY","false","false","false","false","false","false","F10 audit/spec only; compliance/data governance guard; no legal certification"
"RGPD_ISO","security/rssi/modules/","F03_RSSI_RGPD","FILE_PLAN_ALL 2574 RGPD_ISO OBSIDIA_RSSI_RGPD_ISO_READINESS_PACK_V2/docs/modules/RSSI_018_RISQUE_AGENT_BYPASS.md security/rssi/modules/ RSSI_018_RISQUE_AGENT_BYPASS.md md P3_DOCS_EVIDENCE F03 0 0 0 0 1  NOT_FOUND_LOCAL DUPLICATE_SAFE CLEAN ","INTEGRATE_TO_DATA_PRIVACY_SCOPE_GUARD_CANDIDATE","RGPD_COMPLIANCE_SCOPE_GUARD + RSSI_EVIDENCE_ONLY","false","false","false","false","false","false","F10 audit/spec only; compliance/data governance guard; no legal certification"
"RGPD_ISO","security/rssi/modules/","F03_RSSI_RGPD","FILE_PLAN_ALL 2575 RGPD_ISO OBSIDIA_RSSI_RGPD_ISO_READINESS_PACK_V2/docs/modules/RSSI_019_RISQUE_HALLUCINATION_DECISIONNELLE.md security/rssi/modules/ RSSI_019_RISQUE_HALLUCINATION_DECISIONNELLE.md md P3_DOCS_EVIDENCE F03 0 0 0 0 1  NOT_FOU","INTEGRATE_TO_DATA_PRIVACY_SCOPE_GUARD_CANDIDATE","RGPD_COMPLIANCE_SCOPE_GUARD + RSSI_EVIDENCE_ONLY","false","false","false","false","false","false","F10 audit/spec only; compliance/data governance guard; no legal certification"
"RGPD_ISO","security/rssi/modules/","F03_RSSI_RGPD","FILE_PLAN_ALL 2576 RGPD_ISO OBSIDIA_RSSI_RGPD_ISO_READINESS_PACK_V2/docs/modules/RSSI_020_RISQUE_SUPPLY_CHAIN.md security/rssi/modules/ RSSI_020_RISQUE_SUPPLY_CHAIN.md md P3_DOCS_EVIDENCE F03 0 0 0 0 1  NOT_FOUND_LOCAL DUPLICATE_SAFE CLEAN ","INTEGRATE_TO_DATA_PRIVACY_SCOPE_GUARD_CANDIDATE","RGPD_COMPLIANCE_SCOPE_GUARD + RSSI_EVIDENCE_ONLY","false","false","false","false","false","false","F10 audit/spec only; compliance/data governance guard; no legal certification"
"RGPD_ISO","security/rssi/modules/","F03_RSSI_RGPD","FILE_PLAN_ALL 2577 RGPD_ISO OBSIDIA_RSSI_RGPD_ISO_READINESS_PACK_V2/docs/modules/RSSI_021_RISQUE_DEPENDANCE_LLM.md security/rssi/modules/ RSSI_021_RISQUE_DEPENDANCE_LLM.md md P3_DOCS_EVIDENCE F03 0 0 0 0 1  NOT_FOUND_LOCAL DUPLICATE_SAFE CL","INTEGRATE_TO_DATA_PRIVACY_SCOPE_GUARD_CANDIDATE","RGPD_COMPLIANCE_SCOPE_GUARD + RSSI_EVIDENCE_ONLY","false","false","false","false","false","false","F10 audit/spec only; compliance/data governance guard; no legal certification"
"RGPD_ISO","security/rssi/modules/","F03_RSSI_RGPD","FILE_PLAN_ALL 2578 RGPD_ISO OBSIDIA_RSSI_RGPD_ISO_READINESS_PACK_V2/docs/modules/RSSI_022_RISQUE_MEMORY_POISONING.md security/rssi/modules/ RSSI_022_RISQUE_MEMORY_POISONING.md md P3_DOCS_EVIDENCE F03 0 0 0 0 1  NOT_FOUND_LOCAL DUPLICATE_SAF","INTEGRATE_TO_DATA_PRIVACY_SCOPE_GUARD_CANDIDATE","RGPD_COMPLIANCE_SCOPE_GUARD + RSSI_EVIDENCE_ONLY","false","false","false","false","false","false","F10 audit/spec only; compliance/data governance guard; no legal certification"
"RGPD_ISO","security/rssi/modules/","F03_RSSI_RGPD","FILE_PLAN_ALL 2579 RGPD_ISO OBSIDIA_RSSI_RGPD_ISO_READINESS_PACK_V2/docs/modules/RSSI_023_RISQUE_GRAPH_POISONING.md security/rssi/modules/ RSSI_023_RISQUE_GRAPH_POISONING.md md P3_DOCS_EVIDENCE F03 0 0 0 0 1  NOT_FOUND_LOCAL DUPLICATE_SAFE ","INTEGRATE_TO_DATA_PRIVACY_SCOPE_GUARD_CANDIDATE","RGPD_COMPLIANCE_SCOPE_GUARD + RSSI_EVIDENCE_ONLY","false","false","false","false","false","false","F10 audit/spec only; compliance/data governance guard; no legal certification"
"RGPD_ISO","security/rssi/modules/","F03_RSSI_RGPD","FILE_PLAN_ALL 2580 RGPD_ISO OBSIDIA_RSSI_RGPD_ISO_READINESS_PACK_V2/docs/modules/RSSI_024_RISQUE_UNAUTHORIZED_TOOL_CALL.md security/rssi/modules/ RSSI_024_RISQUE_UNAUTHORIZED_TOOL_CALL.md md P3_DOCS_EVIDENCE F03 0 0 0 0 1  NOT_FOUND_LOCAL D","INTEGRATE_TO_DATA_PRIVACY_SCOPE_GUARD_CANDIDATE","RGPD_COMPLIANCE_SCOPE_GUARD + RSSI_EVIDENCE_ONLY","false","false","false","false","false","false","F10 audit/spec only; compliance/data governance guard; no legal certification"
"RGPD_ISO","security/rssi/modules/","F03_RSSI_RGPD","FILE_PLAN_ALL 2581 RGPD_ISO OBSIDIA_RSSI_RGPD_ISO_READINESS_PACK_V2/docs/modules/RSSI_025_RISQUE_ACTION_IRREVERSIBLE.md security/rssi/modules/ RSSI_025_RISQUE_ACTION_IRREVERSIBLE.md md P3_DOCS_EVIDENCE F03 0 0 0 0 1  NOT_FOUND_LOCAL DUPLICA","INTEGRATE_TO_DATA_PRIVACY_SCOPE_GUARD_CANDIDATE","RGPD_COMPLIANCE_SCOPE_GUARD + RSSI_EVIDENCE_ONLY","false","false","false","false","false","false","F10 audit/spec only; compliance/data governance guard; no legal certification"
"RGPD_ISO","security/rssi/modules/","F03_RSSI_RGPD","FILE_PLAN_ALL 2582 RGPD_ISO OBSIDIA_RSSI_RGPD_ISO_READINESS_PACK_V2/docs/modules/RSSI_026_INCIDENT_RESPONSE.md security/rssi/modules/ RSSI_026_INCIDENT_RESPONSE.md md P3_DOCS_EVIDENCE F03 0 0 0 0 1  NOT_FOUND_LOCAL DUPLICATE_SAFE CLEAN MEDI","INTEGRATE_TO_DATA_PRIVACY_SCOPE_GUARD_CANDIDATE","RGPD_COMPLIANCE_SCOPE_GUARD + RSSI_EVIDENCE_ONLY","false","false","false","false","false","false","F10 audit/spec only; compliance/data governance guard; no legal certification"
"RGPD_ISO","security/rssi/modules/","F03_RSSI_RGPD","FILE_PLAN_ALL 2583 RGPD_ISO OBSIDIA_RSSI_RGPD_ISO_READINESS_PACK_V2/docs/modules/RSSI_027_ROLLBACK_CONTAINMENT.md security/rssi/modules/ RSSI_027_ROLLBACK_CONTAINMENT.md md P3_DOCS_EVIDENCE F03 0 0 0 0 1  NOT_FOUND_LOCAL DUPLICATE_SAFE CLEA","INTEGRATE_TO_DATA_PRIVACY_SCOPE_GUARD_CANDIDATE","RGPD_COMPLIANCE_SCOPE_GUARD + RSSI_EVIDENCE_ONLY","false","false","false","false","false","false","F10 audit/spec only; compliance/data governance guard; no legal certification"
"RGPD_ISO","security/rssi/modules/","F03_RSSI_RGPD","FILE_PLAN_ALL 2584 RGPD_ISO OBSIDIA_RSSI_RGPD_ISO_READINESS_PACK_V2/docs/modules/RSSI_028_CONFORMITE_ISO_27001.md security/rssi/modules/ RSSI_028_CONFORMITE_ISO_27001.md md P3_DOCS_EVIDENCE F03 0 0 0 0 1  NOT_FOUND_LOCAL DUPLICATE_SAFE CLEA","INTEGRATE_TO_DATA_PRIVACY_SCOPE_GUARD_CANDIDATE","RGPD_COMPLIANCE_SCOPE_GUARD + RSSI_EVIDENCE_ONLY","false","false","false","false","false","false","F10 audit/spec only; compliance/data governance guard; no legal certification"
"RGPD_ISO","security/rssi/modules/","F03_RSSI_RGPD","FILE_PLAN_ALL 2585 RGPD_ISO OBSIDIA_RSSI_RGPD_ISO_READINESS_PACK_V2/docs/modules/RSSI_029_CONFORMITE_NIST_CSF.md security/rssi/modules/ RSSI_029_CONFORMITE_NIST_CSF.md md P3_DOCS_EVIDENCE F03 0 0 0 0 1  NOT_FOUND_LOCAL DUPLICATE_SAFE CLEAN ","INTEGRATE_TO_DATA_PRIVACY_SCOPE_GUARD_CANDIDATE","RGPD_COMPLIANCE_SCOPE_GUARD + RSSI_EVIDENCE_ONLY","false","false","false","false","false","false","F10 audit/spec only; compliance/data governance guard; no legal certification"
"RGPD_ISO","security/rssi/modules/","F03_RSSI_RGPD","FILE_PLAN_ALL 2586 RGPD_ISO OBSIDIA_RSSI_RGPD_ISO_READINESS_PACK_V2/docs/modules/RSSI_030_CONFORMITE_EBIOS_RM.md security/rssi/modules/ RSSI_030_CONFORMITE_EBIOS_RM.md md P3_DOCS_EVIDENCE F03 0 0 0 0 1  NOT_FOUND_LOCAL DUPLICATE_SAFE CLEAN ","INTEGRATE_TO_DATA_PRIVACY_SCOPE_GUARD_CANDIDATE","RGPD_COMPLIANCE_SCOPE_GUARD + RSSI_EVIDENCE_ONLY","false","false","false","false","false","false","F10 audit/spec only; compliance/data governance guard; no legal certification"
"RGPD_ISO","security/rssi/modules/","F03_RSSI_RGPD","FILE_PLAN_ALL 2587 RGPD_ISO OBSIDIA_RSSI_RGPD_ISO_READINESS_PACK_V2/docs/modules/RSSI_031_PERTINENCE_AI_ACT.md security/rssi/modules/ RSSI_031_PERTINENCE_AI_ACT.md md P3_DOCS_EVIDENCE F03 0 0 0 0 1  NOT_FOUND_LOCAL DUPLICATE_SAFE CLEAN MEDI","INTEGRATE_TO_DATA_PRIVACY_SCOPE_GUARD_CANDIDATE","RGPD_COMPLIANCE_SCOPE_GUARD + RSSI_EVIDENCE_ONLY","false","false","false","false","false","false","F10 audit/spec only; compliance/data governance guard; no legal certification"
"RGPD_ISO","security/rssi/modules/","F03_RSSI_RGPD","FILE_PLAN_ALL 2588 RGPD_ISO OBSIDIA_RSSI_RGPD_ISO_READINESS_PACK_V2/docs/modules/RSSI_032_PERTINENCE_GDPR.md security/rssi/modules/ RSSI_032_PERTINENCE_GDPR.md md P3_DOCS_EVIDENCE F03 0 0 0 0 1  NOT_FOUND_LOCAL DUPLICATE_SAFE CLEAN MEDIUM K","INTEGRATE_TO_DATA_PRIVACY_SCOPE_GUARD_CANDIDATE","RGPD_COMPLIANCE_SCOPE_GUARD + RSSI_EVIDENCE_ONLY","false","false","false","false","false","false","F10 audit/spec only; compliance/data governance guard; no legal certification"
"RGPD_ISO","security/rssi/modules/","F03_RSSI_RGPD","FILE_PLAN_ALL 2589 RGPD_ISO OBSIDIA_RSSI_RGPD_ISO_READINESS_PACK_V2/docs/modules/RSSI_033_PERTINENCE_NIS2_DORA.md security/rssi/modules/ RSSI_033_PERTINENCE_NIS2_DORA.md md P3_DOCS_EVIDENCE F03 0 0 0 0 1  NOT_FOUND_LOCAL DUPLICATE_SAFE CLEA","INTEGRATE_TO_DATA_PRIVACY_SCOPE_GUARD_CANDIDATE","RGPD_COMPLIANCE_SCOPE_GUARD + RSSI_EVIDENCE_ONLY","false","false","false","false","false","false","F10 audit/spec only; compliance/data governance guard; no legal certification"
"RGPD_ISO","security/rssi/modules/","F03_RSSI_RGPD","FILE_PLAN_ALL 2590 RGPD_ISO OBSIDIA_RSSI_RGPD_ISO_READINESS_PACK_V2/docs/modules/RSSI_034_CONTROLES_BANCAIRES.md security/rssi/modules/ RSSI_034_CONTROLES_BANCAIRES.md md P3_DOCS_EVIDENCE F03 0 0 0 0 1  NOT_FOUND_LOCAL DUPLICATE_SAFE CLEAN ","INTEGRATE_TO_DATA_PRIVACY_SCOPE_GUARD_CANDIDATE","RGPD_COMPLIANCE_SCOPE_GUARD + RSSI_EVIDENCE_ONLY","false","false","false","false","false","false","F10 audit/spec only; compliance/data governance guard; no legal certification"
"RGPD_ISO","security/rssi/modules/","F03_RSSI_RGPD","FILE_PLAN_ALL 2591 RGPD_ISO OBSIDIA_RSSI_RGPD_ISO_READINESS_PACK_V2/docs/modules/RSSI_035_QUESTIONS_RSSI.md security/rssi/modules/ RSSI_035_QUESTIONS_RSSI.md md P3_DOCS_EVIDENCE F03 0 0 0 0 1  NOT_FOUND_LOCAL DUPLICATE_SAFE CLEAN MEDIUM KX1","INTEGRATE_TO_DATA_PRIVACY_SCOPE_GUARD_CANDIDATE","RGPD_COMPLIANCE_SCOPE_GUARD + RSSI_EVIDENCE_ONLY","false","false","false","false","false","false","F10 audit/spec only; compliance/data governance guard; no legal certification"
"RGPD_ISO","security/rssi/modules/","F03_RSSI_RGPD","FILE_PLAN_ALL 2592 RGPD_ISO OBSIDIA_RSSI_RGPD_ISO_READINESS_PACK_V2/docs/modules/RSSI_036_PREUVES_ATTENDUES.md security/rssi/modules/ RSSI_036_PREUVES_ATTENDUES.md md P3_DOCS_EVIDENCE F03 0 0 0 0 1  NOT_FOUND_LOCAL DUPLICATE_SAFE CLEAN MEDI","INTEGRATE_TO_DATA_PRIVACY_SCOPE_GUARD_CANDIDATE","RGPD_COMPLIANCE_SCOPE_GUARD + RSSI_EVIDENCE_ONLY","false","false","false","false","false","false","F10 audit/spec only; compliance/data governance guard; no legal certification"
"RGPD_ISO","security/rssi/modules/","F03_RSSI_RGPD","FILE_PLAN_ALL 2593 RGPD_ISO OBSIDIA_RSSI_RGPD_ISO_READINESS_PACK_V2/docs/modules/RSSI_037_LIMITES_ACTUELLES.md security/rssi/modules/ RSSI_037_LIMITES_ACTUELLES.md md P3_DOCS_EVIDENCE F03 0 0 0 0 1  NOT_FOUND_LOCAL DUPLICATE_SAFE CLEAN MEDI","INTEGRATE_TO_DATA_PRIVACY_SCOPE_GUARD_CANDIDATE","RGPD_COMPLIANCE_SCOPE_GUARD + RSSI_EVIDENCE_ONLY","false","false","false","false","false","false","F10 audit/spec only; compliance/data governance guard; no legal certification"
"RGPD_ISO","security/rssi/modules/","F03_RSSI_RGPD","FILE_PLAN_ALL 2594 RGPD_ISO OBSIDIA_RSSI_RGPD_ISO_READINESS_PACK_V2/docs/modules/RSSI_038_ROADMAP_SECURITE.md security/rssi/modules/ RSSI_038_ROADMAP_SECURITE.md md P3_DOCS_EVIDENCE F03 0 0 0 0 1  NOT_FOUND_LOCAL DUPLICATE_SAFE CLEAN MEDIUM","INTEGRATE_TO_DATA_PRIVACY_SCOPE_GUARD_CANDIDATE","RGPD_COMPLIANCE_SCOPE_GUARD + RSSI_EVIDENCE_ONLY","false","false","false","false","false","false","F10 audit/spec only; compliance/data governance guard; no legal certification"
"RGPD_ISO","security/rssi/modules/","F03_RSSI_RGPD","FILE_PLAN_ALL 2595 RGPD_ISO OBSIDIA_RSSI_RGPD_ISO_READINESS_PACK_V2/docs/modules/RSSI_039_CONDITIONS_DE_PASSAGE_PRE_PROD.md security/rssi/modules/ RSSI_039_CONDITIONS_DE_PASSAGE_PRE_PROD.md md P3_DOCS_EVIDENCE F03 0 0 0 0 1  NOT_FOUND_LOCAL","INTEGRATE_TO_DATA_PRIVACY_SCOPE_GUARD_CANDIDATE","RGPD_COMPLIANCE_SCOPE_GUARD + RSSI_EVIDENCE_ONLY","false","false","false","false","false","false","F10 audit/spec only; compliance/data governance guard; no legal certification"
"RGPD_ISO","security/rssi/modules/","F03_RSSI_RGPD","FILE_PLAN_ALL 2596 RGPD_ISO OBSIDIA_RSSI_RGPD_ISO_READINESS_PACK_V2/docs/modules/RSSI_040_CONDITIONS_DE_REFUS_PRODUCTION.md security/rssi/modules/ RSSI_040_CONDITIONS_DE_REFUS_PRODUCTION.md md P3_DOCS_EVIDENCE F03 0 0 0 0 1  NOT_FOUND_LOCAL","INTEGRATE_TO_DATA_PRIVACY_SCOPE_GUARD_CANDIDATE","RGPD_COMPLIANCE_SCOPE_GUARD + RSSI_EVIDENCE_ONLY","false","false","false","false","false","false","F10 audit/spec only; compliance/data governance guard; no legal certification"
"RGPD_ISO","security/rssi/registry/","F03_RSSI_RGPD","FILE_PLAN_ALL 2597 RGPD_ISO OBSIDIA_RSSI_RGPD_ISO_READINESS_PACK_V2/registry/rssi_file_registry.json security/rssi/registry/ rssi_file_registry.json json P3_DOCS_EVIDENCE F03 0 0 0 0 1  NOT_FOUND_LOCAL DUPLICATE_SAFE CLEAN MEDIUM KX108_ONLY","INTEGRATE_TO_DATA_PRIVACY_SCOPE_GUARD_CANDIDATE","RGPD_COMPLIANCE_SCOPE_GUARD + RSSI_EVIDENCE_ONLY","false","false","false","false","false","false","F10 audit/spec only; compliance/data governance guard; no legal certification"
"RGPD_ISO","security/rssi/registry/","F03_RSSI_RGPD","FILE_PLAN_ALL 2598 RGPD_ISO OBSIDIA_RSSI_RGPD_ISO_READINESS_PACK_V2/registry/rssi_control_registry.json security/rssi/registry/ rssi_control_registry.json json P3_DOCS_EVIDENCE F03 0 0 0 0 1  NOT_FOUND_LOCAL DUPLICATE_SAFE CLEAN MEDIUM KX10","INTEGRATE_TO_DATA_PRIVACY_SCOPE_GUARD_CANDIDATE","RGPD_COMPLIANCE_SCOPE_GUARD + RSSI_EVIDENCE_ONLY","false","false","false","false","false","false","F10 audit/spec only; compliance/data governance guard; no legal certification"
"RGPD_ISO","security/rssi/registry/","F03_RSSI_RGPD","FILE_PLAN_ALL 2599 RGPD_ISO OBSIDIA_RSSI_RGPD_ISO_READINESS_PACK_V2/registry/rssi_risk_registry.json security/rssi/registry/ rssi_risk_registry.json json P3_DOCS_EVIDENCE F03 0 0 0 0 1  NOT_FOUND_LOCAL DUPLICATE_SAFE CLEAN MEDIUM KX108_ONLY","INTEGRATE_TO_DATA_PRIVACY_SCOPE_GUARD_CANDIDATE","RGPD_COMPLIANCE_SCOPE_GUARD + RSSI_EVIDENCE_ONLY","false","false","false","false","false","false","F10 audit/spec only; compliance/data governance guard; no legal certification"
"RGPD_ISO","security/rssi/registry/","F03_RSSI_RGPD","FILE_PLAN_ALL 2600 RGPD_ISO OBSIDIA_RSSI_RGPD_ISO_READINESS_PACK_V2/registry/rssi_security_case_registry.json security/rssi/registry/ rssi_security_case_registry.json json P3_DOCS_EVIDENCE F03 0 0 0 0 1  NOT_FOUND_LOCAL DUPLICATE_SAFE CLEAN","INTEGRATE_TO_DATA_PRIVACY_SCOPE_GUARD_CANDIDATE","RGPD_COMPLIANCE_SCOPE_GUARD + RSSI_EVIDENCE_ONLY","false","false","false","false","false","false","F10 audit/spec only; compliance/data governance guard; no legal certification"
"RGPD_ISO","security/rssi/registry/","F03_RSSI_RGPD","FILE_PLAN_ALL 2601 RGPD_ISO OBSIDIA_RSSI_RGPD_ISO_READINESS_PACK_V2/registry/rssi_threat_registry.json security/rssi/registry/ rssi_threat_registry.json json P3_DOCS_EVIDENCE F03 0 0 0 0 1  NOT_FOUND_LOCAL DUPLICATE_SAFE CLEAN MEDIUM KX108_","INTEGRATE_TO_DATA_PRIVACY_SCOPE_GUARD_CANDIDATE","RGPD_COMPLIANCE_SCOPE_GUARD + RSSI_EVIDENCE_ONLY","false","false","false","false","false","false","F10 audit/spec only; compliance/data governance guard; no legal certification"
"RGPD_ISO","security/rssi/registry/","F03_RSSI_RGPD","FILE_PLAN_ALL 2602 RGPD_ISO OBSIDIA_RSSI_RGPD_ISO_READINESS_PACK_V2/registry/rssi_evidence_registry.json security/rssi/registry/ rssi_evidence_registry.json json P3_DOCS_EVIDENCE F03 0 0 0 0 1  NOT_FOUND_LOCAL DUPLICATE_SAFE CLEAN MEDIUM KX","INTEGRATE_TO_DATA_PRIVACY_SCOPE_GUARD_CANDIDATE","RGPD_COMPLIANCE_SCOPE_GUARD + RSSI_EVIDENCE_ONLY","false","false","false","false","false","false","F10 audit/spec only; compliance/data governance guard; no legal certification"
"RGPD_ISO","security/rssi/registry/","F03_RSSI_RGPD","FILE_PLAN_ALL 2603 RGPD_ISO OBSIDIA_RSSI_RGPD_ISO_READINESS_PACK_V2/registry/rssi_boundary_registry.json security/rssi/registry/ rssi_boundary_registry.json json P3_DOCS_EVIDENCE F03 0 0 0 0 1  NOT_FOUND_LOCAL DUPLICATE_SAFE CLEAN MEDIUM KX","INTEGRATE_TO_DATA_PRIVACY_SCOPE_GUARD_CANDIDATE","RGPD_COMPLIANCE_SCOPE_GUARD + RSSI_EVIDENCE_ONLY","false","false","false","false","false","false","F10 audit/spec only; compliance/data governance guard; no legal certification"
"RGPD_ISO","security/rssi/registry/","F03_RSSI_RGPD","FILE_PLAN_ALL 2604 RGPD_ISO OBSIDIA_RSSI_RGPD_ISO_READINESS_PACK_V2/registry/rssi_metrics_registry.json security/rssi/registry/ rssi_metrics_registry.json json P3_DOCS_EVIDENCE F03 0 0 0 0 1  NOT_FOUND_LOCAL DUPLICATE_SAFE CLEAN MEDIUM KX10","INTEGRATE_TO_DATA_PRIVACY_SCOPE_GUARD_CANDIDATE","RGPD_COMPLIANCE_SCOPE_GUARD + RSSI_EVIDENCE_ONLY","false","false","false","false","false","false","F10 audit/spec only; compliance/data governance guard; no legal certification"
"RGPD_ISO","periphery/rssi_security_pack/","REVIEW_REQUIRED","FILE_PLAN_ALL 2605 RGPD_ISO OBSIDIA_RSSI_RGPD_ISO_READINESS_PACK_V2/periphery/rssi_security_pack/__init__.py periphery/rssi_security_pack/ __init__.py py P3_DOCS_EVIDENCE F03 0 0 0 0 1  NOT_FOUND_LOCAL DUPLICATE_SAFE CLEAN HIGH KX108_ONLY; ","DO_NOT_IMPORT_RUNTIME","RGPD_COMPLIANCE_SCOPE_GUARD + RSSI_EVIDENCE_ONLY","false","false","false","false","false","false","F10 audit/spec only; compliance/data governance guard; no legal certification"
"RGPD_ISO","periphery/rssi_security_pack/","REVIEW_REQUIRED","FILE_PLAN_ALL 2606 RGPD_ISO OBSIDIA_RSSI_RGPD_ISO_READINESS_PACK_V2/periphery/rssi_security_pack/rssi_types.py periphery/rssi_security_pack/ rssi_types.py py P3_DOCS_EVIDENCE F03 0 0 0 0 1  NOT_FOUND_LOCAL DUPLICATE_SAFE CLEAN HIGH KX108_ON","DO_NOT_IMPORT_RUNTIME","RGPD_COMPLIANCE_SCOPE_GUARD + RSSI_EVIDENCE_ONLY","false","false","false","false","false","false","F10 audit/spec only; compliance/data governance guard; no legal certification"
"RGPD_ISO","periphery/rssi_security_pack/","REVIEW_REQUIRED","FILE_PLAN_ALL 2607 RGPD_ISO OBSIDIA_RSSI_RGPD_ISO_READINESS_PACK_V2/periphery/rssi_security_pack/readonly_boundary.py periphery/rssi_security_pack/ readonly_boundary.py py P3_DOCS_EVIDENCE F03 0 0 0 0 1  NOT_FOUND_LOCAL DUPLICATE_SAFE CLEAN","DO_NOT_IMPORT_RUNTIME","RGPD_COMPLIANCE_SCOPE_GUARD + RSSI_EVIDENCE_ONLY","false","false","false","false","false","false","F10 audit/spec only; compliance/data governance guard; no legal certification"
"RGPD_ISO","periphery/rssi_security_pack/","REVIEW_REQUIRED","FILE_PLAN_ALL 2608 RGPD_ISO OBSIDIA_RSSI_RGPD_ISO_READINESS_PACK_V2/periphery/rssi_security_pack/security_controls.py periphery/rssi_security_pack/ security_controls.py py P3_DOCS_EVIDENCE F03 0 0 0 0 1  NOT_FOUND_LOCAL DUPLICATE_SAFE CLEAN","DO_NOT_IMPORT_RUNTIME","RGPD_COMPLIANCE_SCOPE_GUARD + RSSI_EVIDENCE_ONLY","false","false","false","false","false","false","F10 audit/spec only; compliance/data governance guard; no legal certification"
"RGPD_ISO","periphery/rssi_security_pack/","REVIEW_REQUIRED","FILE_PLAN_ALL 2609 RGPD_ISO OBSIDIA_RSSI_RGPD_ISO_READINESS_PACK_V2/periphery/rssi_security_pack/risk_registry.py periphery/rssi_security_pack/ risk_registry.py py P3_DOCS_EVIDENCE F03 0 0 0 0 1  NOT_FOUND_LOCAL DUPLICATE_SAFE CLEAN HIGH KX","DO_NOT_IMPORT_RUNTIME","RGPD_COMPLIANCE_SCOPE_GUARD + RSSI_EVIDENCE_ONLY","false","false","false","false","false","false","F10 audit/spec only; compliance/data governance guard; no legal certification"
"RGPD_ISO","periphery/rssi_security_pack/","REVIEW_REQUIRED","FILE_PLAN_ALL 2610 RGPD_ISO OBSIDIA_RSSI_RGPD_ISO_READINESS_PACK_V2/periphery/rssi_security_pack/threat_model.py periphery/rssi_security_pack/ threat_model.py py P3_DOCS_EVIDENCE F03 0 0 0 0 1  NOT_FOUND_LOCAL DUPLICATE_SAFE CLEAN HIGH KX10","DO_NOT_IMPORT_RUNTIME","RGPD_COMPLIANCE_SCOPE_GUARD + RSSI_EVIDENCE_ONLY","false","false","false","false","false","false","F10 audit/spec only; compliance/data governance guard; no legal certification"
"RGPD_ISO","periphery/rssi_security_pack/","REVIEW_REQUIRED","FILE_PLAN_ALL 2611 RGPD_ISO OBSIDIA_RSSI_RGPD_ISO_READINESS_PACK_V2/periphery/rssi_security_pack/evidence_registry.py periphery/rssi_security_pack/ evidence_registry.py py P3_DOCS_EVIDENCE F03 0 0 0 0 1  NOT_FOUND_LOCAL DUPLICATE_SAFE CLEAN","DO_NOT_IMPORT_RUNTIME","RGPD_COMPLIANCE_SCOPE_GUARD + RSSI_EVIDENCE_ONLY","false","false","false","false","false","false","F10 audit/spec only; compliance/data governance guard; no legal certification"
"RGPD_ISO","periphery/rssi_security_pack/","REVIEW_REQUIRED","FILE_PLAN_ALL 2612 RGPD_ISO OBSIDIA_RSSI_RGPD_ISO_READINESS_PACK_V2/periphery/rssi_security_pack/audit_questions.py periphery/rssi_security_pack/ audit_questions.py py P3_DOCS_EVIDENCE F03 0 0 0 0 1  NOT_FOUND_LOCAL DUPLICATE_SAFE CLEAN HIG","DO_NOT_IMPORT_RUNTIME","RGPD_COMPLIANCE_SCOPE_GUARD + RSSI_EVIDENCE_ONLY","false","false","false","false","false","false","F10 audit/spec only; compliance/data governance guard; no legal certification"
"RGPD_ISO","periphery/rssi_security_pack/","REVIEW_REQUIRED","FILE_PLAN_ALL 2613 RGPD_ISO OBSIDIA_RSSI_RGPD_ISO_READINESS_PACK_V2/periphery/rssi_security_pack/security_cases.py periphery/rssi_security_pack/ security_cases.py py P3_DOCS_EVIDENCE F03 0 0 0 0 1  NOT_FOUND_LOCAL DUPLICATE_SAFE CLEAN HIGH ","DO_NOT_IMPORT_RUNTIME","RGPD_COMPLIANCE_SCOPE_GUARD + RSSI_EVIDENCE_ONLY","false","false","false","false","false","false","F10 audit/spec only; compliance/data governance guard; no legal certification"
"RGPD_ISO","periphery/rssi_security_pack/","REVIEW_REQUIRED","FILE_PLAN_ALL 2614 RGPD_ISO OBSIDIA_RSSI_RGPD_ISO_READINESS_PACK_V2/periphery/rssi_security_pack/metrics.py periphery/rssi_security_pack/ metrics.py py P3_DOCS_EVIDENCE F03 0 0 0 0 1  NOT_FOUND_LOCAL DUPLICATE_SAFE CLEAN HIGH KX108_ONLY; DO","DO_NOT_IMPORT_RUNTIME","RGPD_COMPLIANCE_SCOPE_GUARD + RSSI_EVIDENCE_ONLY","false","false","false","false","false","false","F10 audit/spec only; compliance/data governance guard; no legal certification"
"RGPD_ISO","periphery/rssi_security_pack/","REVIEW_REQUIRED","FILE_PLAN_ALL 2615 RGPD_ISO OBSIDIA_RSSI_RGPD_ISO_READINESS_PACK_V2/periphery/rssi_security_pack/package_loader.py periphery/rssi_security_pack/ package_loader.py py P3_DOCS_EVIDENCE F03 0 0 0 0 1  NOT_FOUND_LOCAL DUPLICATE_SAFE CLEAN HIGH ","DO_NOT_IMPORT_RUNTIME","RGPD_COMPLIANCE_SCOPE_GUARD + RSSI_EVIDENCE_ONLY","false","false","false","false","false","false","F10 audit/spec only; compliance/data governance guard; no legal certification"
"RGPD_ISO","tests/compliance/","REVIEW_REQUIRED","FILE_PLAN_ALL 2616 RGPD_ISO OBSIDIA_RSSI_RGPD_ISO_READINESS_PACK_V2/tests/test_rssi_pack_structure.py tests/compliance/ test_rssi_pack_structure.py py P3_DOCS_EVIDENCE F03 0 0 0 0 1  NOT_FOUND_LOCAL DUPLICATE_SAFE CLEAN HIGH KX108_ONLY; DOC","DO_NOT_IMPORT_RUNTIME","RGPD_COMPLIANCE_SCOPE_GUARD + RSSI_EVIDENCE_ONLY","false","false","false","false","false","false","F10 audit/spec only; compliance/data governance guard; no legal certification"
"RGPD_ISO","tests/compliance/","REVIEW_REQUIRED","FILE_PLAN_ALL 2617 RGPD_ISO OBSIDIA_RSSI_RGPD_ISO_READINESS_PACK_V2/tests/test_rssi_pack_boundaries.py tests/compliance/ test_rssi_pack_boundaries.py py P3_DOCS_EVIDENCE F03 0 0 0 0 1  NOT_FOUND_LOCAL DUPLICATE_SAFE CLEAN HIGH KX108_ONLY; D","DO_NOT_IMPORT_RUNTIME","RGPD_COMPLIANCE_SCOPE_GUARD + RSSI_EVIDENCE_ONLY","false","false","false","false","false","false","F10 audit/spec only; compliance/data governance guard; no legal certification"
"RGPD_ISO","tests/compliance/","REVIEW_REQUIRED","FILE_PLAN_ALL 2618 RGPD_ISO OBSIDIA_RSSI_RGPD_ISO_READINESS_PACK_V2/tests/test_rssi_pack_metrics.py tests/compliance/ test_rssi_pack_metrics.py py P3_DOCS_EVIDENCE F03 0 0 0 0 1  NOT_FOUND_LOCAL DUPLICATE_SAFE CLEAN HIGH KX108_ONLY; DOC_OR_","DO_NOT_IMPORT_RUNTIME","RGPD_COMPLIANCE_SCOPE_GUARD + RSSI_EVIDENCE_ONLY","false","false","false","false","false","false","F10 audit/spec only; compliance/data governance guard; no legal certification"
"RGPD_ISO","tests/compliance/","REVIEW_REQUIRED","FILE_PLAN_ALL 2619 RGPD_ISO OBSIDIA_RSSI_RGPD_ISO_READINESS_PACK_V2/tests/test_rssi_pack_registries.py tests/compliance/ test_rssi_pack_registries.py py P3_DOCS_EVIDENCE F03 0 0 0 0 1  NOT_FOUND_LOCAL DUPLICATE_SAFE CLEAN HIGH KX108_ONLY; D","DO_NOT_IMPORT_RUNTIME","RGPD_COMPLIANCE_SCOPE_GUARD + RSSI_EVIDENCE_ONLY","false","false","false","false","false","false","F10 audit/spec only; compliance/data governance guard; no legal certification"
"RGPD_ISO","tests/compliance/","REVIEW_REQUIRED","FILE_PLAN_ALL 2620 RGPD_ISO OBSIDIA_RSSI_RGPD_ISO_READINESS_PACK_V2/tests/test_rssi_pack_no_mutation.py tests/compliance/ test_rssi_pack_no_mutation.py py P3_DOCS_EVIDENCE F03 0 0 0 0 1  NOT_FOUND_LOCAL DUPLICATE_SAFE CLEAN HIGH KX108_ONLY;","DO_NOT_IMPORT_RUNTIME","RGPD_COMPLIANCE_SCOPE_GUARD + RSSI_EVIDENCE_ONLY","false","false","false","false","false","false","F10 audit/spec only; compliance/data governance guard; no legal certification"
"RGPD_ISO","tests/compliance/","REVIEW_REQUIRED","FILE_PLAN_ALL 2621 RGPD_ISO OBSIDIA_RSSI_RGPD_ISO_READINESS_PACK_V2/tests/test_iso27001_pack.py tests/compliance/ test_iso27001_pack.py py P3_DOCS_EVIDENCE F03 0 0 0 0 1  NOT_FOUND_LOCAL DUPLICATE_SAFE CLEAN HIGH KX108_ONLY; DOC_OR_AUDIT_ON","DO_NOT_IMPORT_RUNTIME","RGPD_COMPLIANCE_SCOPE_GUARD + RSSI_EVIDENCE_ONLY","false","false","false","false","false","false","F10 audit/spec only; compliance/data governance guard; no legal certification"
"RGPD_ISO","tests/compliance/","REVIEW_REQUIRED","FILE_PLAN_ALL 2622 RGPD_ISO OBSIDIA_RSSI_RGPD_ISO_READINESS_PACK_V2/tests/test_rgpd_pack.py tests/compliance/ test_rgpd_pack.py py P3_DOCS_EVIDENCE F03 0 0 0 0 1  NOT_FOUND_LOCAL DUPLICATE_SAFE CLEAN HIGH KX108_ONLY; DOC_OR_AUDIT_ONLY; NO_R","DO_NOT_IMPORT_RUNTIME","RGPD_COMPLIANCE_SCOPE_GUARD + RSSI_EVIDENCE_ONLY","false","false","false","false","false","false","F10 audit/spec only; compliance/data governance guard; no legal certification"
"RGPD_ISO","tests/compliance/","REVIEW_REQUIRED","FILE_PLAN_ALL 2623 RGPD_ISO OBSIDIA_RSSI_RGPD_ISO_READINESS_PACK_V2/tests/test_deployment_pack.py tests/compliance/ test_deployment_pack.py py P3_DOCS_EVIDENCE F03 0 0 0 0 1  NOT_FOUND_LOCAL DUPLICATE_SAFE CLEAN HIGH KX108_ONLY; DOC_OR_AUDI","DO_NOT_IMPORT_RUNTIME","RGPD_COMPLIANCE_SCOPE_GUARD + RSSI_EVIDENCE_ONLY","false","false","false","false","false","false","F10 audit/spec only; compliance/data governance guard; no legal certification"
"RGPD_ISO","tests/compliance/","REVIEW_REQUIRED","FILE_PLAN_ALL 2624 RGPD_ISO OBSIDIA_RSSI_RGPD_ISO_READINESS_PACK_V2/tests/test_devsecops_pack.py tests/compliance/ test_devsecops_pack.py py P3_DOCS_EVIDENCE F03 0 0 0 0 1  NOT_FOUND_LOCAL DUPLICATE_SAFE CLEAN HIGH KX108_ONLY; DOC_OR_AUDIT_","DO_NOT_IMPORT_RUNTIME","RGPD_COMPLIANCE_SCOPE_GUARD + RSSI_EVIDENCE_ONLY","false","false","false","false","false","false","F10 audit/spec only; compliance/data governance guard; no legal certification"
"RGPD_ISO","tests/compliance/","REVIEW_REQUIRED","FILE_PLAN_ALL 2625 RGPD_ISO OBSIDIA_RSSI_RGPD_ISO_READINESS_PACK_V2/tests/test_legal_pack.py tests/compliance/ test_legal_pack.py py P3_DOCS_EVIDENCE F03 0 0 0 0 1  NOT_FOUND_LOCAL DUPLICATE_SAFE CLEAN HIGH KX108_ONLY; DOC_OR_AUDIT_ONLY; NO","DO_NOT_IMPORT_RUNTIME","RGPD_COMPLIANCE_SCOPE_GUARD + RSSI_EVIDENCE_ONLY","false","false","false","false","false","false","F10 audit/spec only; compliance/data governance guard; no legal certification"
"RGPD_ISO","tests/compliance/","REVIEW_REQUIRED","FILE_PLAN_ALL 2626 RGPD_ISO OBSIDIA_RSSI_RGPD_ISO_READINESS_PACK_V2/tests/test_audit_external_pack.py tests/compliance/ test_audit_external_pack.py py P3_DOCS_EVIDENCE F03 0 0 0 0 1  NOT_FOUND_LOCAL DUPLICATE_SAFE CLEAN HIGH KX108_ONLY; DOC","DO_NOT_IMPORT_RUNTIME","RGPD_COMPLIANCE_SCOPE_GUARD + RSSI_EVIDENCE_ONLY","false","false","false","false","false","false","F10 audit/spec only; compliance/data governance guard; no legal certification"
"RGPD_ISO","tests/compliance/","REVIEW_REQUIRED","FILE_PLAN_ALL 2627 RGPD_ISO OBSIDIA_RSSI_RGPD_ISO_READINESS_PACK_V2/tests/test_all_files_have_strict_blocks.py tests/compliance/ test_all_files_have_strict_blocks.py py P3_DOCS_EVIDENCE F03 0 0 0 0 1  NOT_FOUND_LOCAL DUPLICATE_SAFE CLEAN HI","DO_NOT_IMPORT_RUNTIME","RGPD_COMPLIANCE_SCOPE_GUARD + RSSI_EVIDENCE_ONLY","false","false","false","false","false","false","F10 audit/spec only; compliance/data governance guard; no legal certification"
"RGPD_ISO","audit/freezes/compliance/","SOURCE_ONLY","FILE_PLAN_ALL 2628 RGPD_ISO OBSIDIA_RSSI_RGPD_ISO_READINESS_PACK_V2/.runtime_freezes/OBSIDIA_RSSI_SECURITY_PRESENTATION_PACK_V1/MANIFEST_SHA256.json audit/freezes/compliance/ MANIFEST_SHA256.json json P3_DOCS_EVIDENCE F03 0 0 0 0 1  NOT_FOU","INTEGRATE_TO_DATA_PRIVACY_SCOPE_GUARD_CANDIDATE","RGPD_COMPLIANCE_SCOPE_GUARD + RSSI_EVIDENCE_ONLY","false","false","false","false","false","false","F10 audit/spec only; compliance/data governance guard; no legal certification"
"RGPD_ISO","audit/freezes/compliance/","SOURCE_ONLY","FILE_PLAN_ALL 2629 RGPD_ISO OBSIDIA_RSSI_RGPD_ISO_READINESS_PACK_V2/.runtime_freezes/OBSIDIA_RSSI_SECURITY_PRESENTATION_PACK_V1/rssi_file_registry_snapshot.json audit/freezes/compliance/ rssi_file_registry_snapshot.json json P3_DOCS_EVIDENC","INTEGRATE_TO_DATA_PRIVACY_SCOPE_GUARD_CANDIDATE","RGPD_COMPLIANCE_SCOPE_GUARD + RSSI_EVIDENCE_ONLY","false","false","false","false","false","false","F10 audit/spec only; compliance/data governance guard; no legal certification"
"RGPD_ISO","audit/freezes/compliance/","SOURCE_ONLY","FILE_PLAN_ALL 2630 RGPD_ISO OBSIDIA_RSSI_RGPD_ISO_READINESS_PACK_V2/.runtime_freezes/OBSIDIA_RSSI_SECURITY_PRESENTATION_PACK_V1/rssi_control_registry_snapshot.json audit/freezes/compliance/ rssi_control_registry_snapshot.json json P3_DOCS_E","INTEGRATE_TO_DATA_PRIVACY_SCOPE_GUARD_CANDIDATE","RGPD_COMPLIANCE_SCOPE_GUARD + RSSI_EVIDENCE_ONLY","false","false","false","false","false","false","F10 audit/spec only; compliance/data governance guard; no legal certification"
"RGPD_ISO","audit/freezes/compliance/","SOURCE_ONLY","FILE_PLAN_ALL 2631 RGPD_ISO OBSIDIA_RSSI_RGPD_ISO_READINESS_PACK_V2/.runtime_freezes/OBSIDIA_RSSI_SECURITY_PRESENTATION_PACK_V1/rssi_risk_registry_snapshot.json audit/freezes/compliance/ rssi_risk_registry_snapshot.json json P3_DOCS_EVIDENC","INTEGRATE_TO_DATA_PRIVACY_SCOPE_GUARD_CANDIDATE","RGPD_COMPLIANCE_SCOPE_GUARD + RSSI_EVIDENCE_ONLY","false","false","false","false","false","false","F10 audit/spec only; compliance/data governance guard; no legal certification"
"RGPD_ISO","audit/freezes/compliance/","SOURCE_ONLY","FILE_PLAN_ALL 2632 RGPD_ISO OBSIDIA_RSSI_RGPD_ISO_READINESS_PACK_V2/.runtime_freezes/OBSIDIA_RSSI_SECURITY_PRESENTATION_PACK_V1/rssi_security_case_snapshot.json audit/freezes/compliance/ rssi_security_case_snapshot.json json P3_DOCS_EVIDENC","INTEGRATE_TO_DATA_PRIVACY_SCOPE_GUARD_CANDIDATE","RGPD_COMPLIANCE_SCOPE_GUARD + RSSI_EVIDENCE_ONLY","false","false","false","false","false","false","F10 audit/spec only; compliance/data governance guard; no legal certification"
"RGPD_ISO","audit/freezes/compliance/","SOURCE_ONLY","FILE_PLAN_ALL 2633 RGPD_ISO OBSIDIA_RSSI_RGPD_ISO_READINESS_PACK_V2/.runtime_freezes/OBSIDIA_RSSI_SECURITY_PRESENTATION_PACK_V1/rssi_evidence_snapshot.json audit/freezes/compliance/ rssi_evidence_snapshot.json json P3_DOCS_EVIDENCE F03 0 0 ","INTEGRATE_TO_DATA_PRIVACY_SCOPE_GUARD_CANDIDATE","RGPD_COMPLIANCE_SCOPE_GUARD + RSSI_EVIDENCE_ONLY","false","false","false","false","false","false","F10 audit/spec only; compliance/data governance guard; no legal certification"
"RGPD_ISO","audit/freezes/compliance/","SOURCE_ONLY","FILE_PLAN_ALL 2634 RGPD_ISO OBSIDIA_RSSI_RGPD_ISO_READINESS_PACK_V2/.runtime_freezes/OBSIDIA_RSSI_SECURITY_PRESENTATION_PACK_V1/rssi_audit_report_snapshot.json audit/freezes/compliance/ rssi_audit_report_snapshot.json json P3_DOCS_EVIDENCE ","INTEGRATE_TO_DATA_PRIVACY_SCOPE_GUARD_CANDIDATE","RGPD_COMPLIANCE_SCOPE_GUARD + RSSI_EVIDENCE_ONLY","false","false","false","false","false","false","F10 audit/spec only; compliance/data governance guard; no legal certification"
"RGPD_ISO","audit/freezes/compliance/","SOURCE_ONLY","FILE_PLAN_ALL 2635 RGPD_ISO OBSIDIA_RSSI_RGPD_ISO_READINESS_PACK_V2/.runtime_freezes/OBSIDIA_RSSI_RGPD_ISO_READINESS_PACK_V2/MANIFEST_SHA256.json audit/freezes/compliance/ MANIFEST_SHA256.json json P3_DOCS_EVIDENCE F03 0 0 0 0 1  NOT_FOUND_","INTEGRATE_TO_DATA_PRIVACY_SCOPE_GUARD_CANDIDATE","RGPD_COMPLIANCE_SCOPE_GUARD + RSSI_EVIDENCE_ONLY","false","false","false","false","false","false","F10 audit/spec only; compliance/data governance guard; no legal certification"
"RGPD_ISO","audit/freezes/compliance/","SOURCE_ONLY","FILE_PLAN_ALL 2636 RGPD_ISO OBSIDIA_RSSI_RGPD_ISO_READINESS_PACK_V2/.runtime_freezes/OBSIDIA_RSSI_RGPD_ISO_READINESS_PACK_V2/rssi_file_registry_snapshot.json audit/freezes/compliance/ rssi_file_registry_snapshot.json json P3_DOCS_EVIDENCE F","INTEGRATE_TO_DATA_PRIVACY_SCOPE_GUARD_CANDIDATE","RGPD_COMPLIANCE_SCOPE_GUARD + RSSI_EVIDENCE_ONLY","false","false","false","false","false","false","F10 audit/spec only; compliance/data governance guard; no legal certification"
"RGPD_ISO","audit/freezes/compliance/","SOURCE_ONLY","FILE_PLAN_ALL 2637 RGPD_ISO OBSIDIA_RSSI_RGPD_ISO_READINESS_PACK_V2/.runtime_freezes/OBSIDIA_RSSI_RGPD_ISO_READINESS_PACK_V2/rssi_control_registry_snapshot.json audit/freezes/compliance/ rssi_control_registry_snapshot.json json P3_DOCS_EVID","INTEGRATE_TO_DATA_PRIVACY_SCOPE_GUARD_CANDIDATE","RGPD_COMPLIANCE_SCOPE_GUARD + RSSI_EVIDENCE_ONLY","false","false","false","false","false","false","F10 audit/spec only; compliance/data governance guard; no legal certification"
"RGPD_ISO","audit/freezes/compliance/","SOURCE_ONLY","FILE_PLAN_ALL 2638 RGPD_ISO OBSIDIA_RSSI_RGPD_ISO_READINESS_PACK_V2/.runtime_freezes/OBSIDIA_RSSI_RGPD_ISO_READINESS_PACK_V2/rssi_risk_registry_snapshot.json audit/freezes/compliance/ rssi_risk_registry_snapshot.json json P3_DOCS_EVIDENCE F","INTEGRATE_TO_DATA_PRIVACY_SCOPE_GUARD_CANDIDATE","RGPD_COMPLIANCE_SCOPE_GUARD + RSSI_EVIDENCE_ONLY","false","false","false","false","false","false","F10 audit/spec only; compliance/data governance guard; no legal certification"
"RGPD_ISO","audit/freezes/compliance/","SOURCE_ONLY","FILE_PLAN_ALL 2639 RGPD_ISO OBSIDIA_RSSI_RGPD_ISO_READINESS_PACK_V2/.runtime_freezes/OBSIDIA_RSSI_RGPD_ISO_READINESS_PACK_V2/rssi_security_case_snapshot.json audit/freezes/compliance/ rssi_security_case_snapshot.json json P3_DOCS_EVIDENCE F","INTEGRATE_TO_DATA_PRIVACY_SCOPE_GUARD_CANDIDATE","RGPD_COMPLIANCE_SCOPE_GUARD + RSSI_EVIDENCE_ONLY","false","false","false","false","false","false","F10 audit/spec only; compliance/data governance guard; no legal certification"
"RGPD_ISO","audit/freezes/compliance/","SOURCE_ONLY","FILE_PLAN_ALL 2640 RGPD_ISO OBSIDIA_RSSI_RGPD_ISO_READINESS_PACK_V2/.runtime_freezes/OBSIDIA_RSSI_RGPD_ISO_READINESS_PACK_V2/rssi_evidence_snapshot.json audit/freezes/compliance/ rssi_evidence_snapshot.json json P3_DOCS_EVIDENCE F03 0 0 0 0","INTEGRATE_TO_DATA_PRIVACY_SCOPE_GUARD_CANDIDATE","RGPD_COMPLIANCE_SCOPE_GUARD + RSSI_EVIDENCE_ONLY","false","false","false","false","false","false","F10 audit/spec only; compliance/data governance guard; no legal certification"
"RGPD_ISO","audit/freezes/compliance/","SOURCE_ONLY","FILE_PLAN_ALL 2641 RGPD_ISO OBSIDIA_RSSI_RGPD_ISO_READINESS_PACK_V2/.runtime_freezes/OBSIDIA_RSSI_RGPD_ISO_READINESS_PACK_V2/rssi_audit_report_snapshot.json audit/freezes/compliance/ rssi_audit_report_snapshot.json json P3_DOCS_EVIDENCE F03","INTEGRATE_TO_DATA_PRIVACY_SCOPE_GUARD_CANDIDATE","RGPD_COMPLIANCE_SCOPE_GUARD + RSSI_EVIDENCE_ONLY","false","false","false","false","false","false","F10 audit/spec only; compliance/data governance guard; no legal certification"
"RGPD_ISO","security/compliance/iso27001/","F03_RSSI_RGPD","FILE_PLAN_ALL 2642 RGPD_ISO OBSIDIA_RSSI_RGPD_ISO_READINESS_PACK_V2/iso27001/ISMS_SCOPE.md security/compliance/iso27001/ ISMS_SCOPE.md md P2_COMPLIANCE F03 0 0 0 0 1  NOT_FOUND_LOCAL DUPLICATE_SAFE CLEAN MEDIUM KX108_ONLY; DOC_OR_AUDIT_ONLY","INTEGRATE_TO_DATA_PRIVACY_SCOPE_GUARD_CANDIDATE","RGPD_COMPLIANCE_SCOPE_GUARD + RSSI_EVIDENCE_ONLY","false","false","false","false","false","false","F10 audit/spec only; compliance/data governance guard; no legal certification"
"RGPD_ISO","security/compliance/iso27001/","F03_RSSI_RGPD","FILE_PLAN_ALL 2643 RGPD_ISO OBSIDIA_RSSI_RGPD_ISO_READINESS_PACK_V2/iso27001/SECURITY_POLICY.md security/compliance/iso27001/ SECURITY_POLICY.md md P2_COMPLIANCE F03 0 0 0 0 1  NOT_FOUND_LOCAL DUPLICATE_SAFE CLEAN MEDIUM KX108_ONLY; DOC_OR_","INTEGRATE_TO_DATA_PRIVACY_SCOPE_GUARD_CANDIDATE","RGPD_COMPLIANCE_SCOPE_GUARD + RSSI_EVIDENCE_ONLY","false","false","false","false","false","false","F10 audit/spec only; compliance/data governance guard; no legal certification"
"RGPD_ISO","security/compliance/iso27001/","F03_RSSI_RGPD","FILE_PLAN_ALL 2644 RGPD_ISO OBSIDIA_RSSI_RGPD_ISO_READINESS_PACK_V2/iso27001/RISK_REGISTER.md security/compliance/iso27001/ RISK_REGISTER.md md P2_COMPLIANCE F03 0 0 0 0 1  NOT_FOUND_LOCAL DUPLICATE_SAFE CLEAN MEDIUM KX108_ONLY; DOC_OR_AUDI","INTEGRATE_TO_DATA_PRIVACY_SCOPE_GUARD_CANDIDATE","RGPD_COMPLIANCE_SCOPE_GUARD + RSSI_EVIDENCE_ONLY","false","false","false","false","false","false","F10 audit/spec only; compliance/data governance guard; no legal certification"
"RGPD_ISO","security/compliance/iso27001/","F03_RSSI_RGPD","FILE_PLAN_ALL 2645 RGPD_ISO OBSIDIA_RSSI_RGPD_ISO_READINESS_PACK_V2/iso27001/RISK_TREATMENT_PLAN.md security/compliance/iso27001/ RISK_TREATMENT_PLAN.md md P2_COMPLIANCE F03 0 0 0 0 1  NOT_FOUND_LOCAL DUPLICATE_SAFE CLEAN MEDIUM KX108_ONLY;","INTEGRATE_TO_DATA_PRIVACY_SCOPE_GUARD_CANDIDATE","RGPD_COMPLIANCE_SCOPE_GUARD + RSSI_EVIDENCE_ONLY","false","false","false","false","false","false","F10 audit/spec only; compliance/data governance guard; no legal certification"
"RGPD_ISO","security/compliance/iso27001/","F03_RSSI_RGPD","FILE_PLAN_ALL 2646 RGPD_ISO OBSIDIA_RSSI_RGPD_ISO_READINESS_PACK_V2/iso27001/STATEMENT_OF_APPLICABILITY.md security/compliance/iso27001/ STATEMENT_OF_APPLICABILITY.md md P2_COMPLIANCE F03 0 0 0 0 1  NOT_FOUND_LOCAL DUPLICATE_SAFE CLEAN MEDI","INTEGRATE_TO_DATA_PRIVACY_SCOPE_GUARD_CANDIDATE","RGPD_COMPLIANCE_SCOPE_GUARD + RSSI_EVIDENCE_ONLY","false","false","false","false","false","false","F10 audit/spec only; compliance/data governance guard; no legal certification"
"RGPD_ISO","security/compliance/iso27001/","F03_RSSI_RGPD","FILE_PLAN_ALL 2647 RGPD_ISO OBSIDIA_RSSI_RGPD_ISO_READINESS_PACK_V2/iso27001/ACCESS_CONTROL_POLICY.md security/compliance/iso27001/ ACCESS_CONTROL_POLICY.md md P2_COMPLIANCE F03 0 0 0 0 1  NOT_FOUND_LOCAL DUPLICATE_SAFE CLEAN MEDIUM KX108_O","INTEGRATE_TO_DATA_PRIVACY_SCOPE_GUARD_CANDIDATE","RGPD_COMPLIANCE_SCOPE_GUARD + RSSI_EVIDENCE_ONLY","false","false","false","false","false","false","F10 audit/spec only; compliance/data governance guard; no legal certification"
"RGPD_ISO","security/compliance/iso27001/","F03_RSSI_RGPD","FILE_PLAN_ALL 2648 RGPD_ISO OBSIDIA_RSSI_RGPD_ISO_READINESS_PACK_V2/iso27001/INCIDENT_RESPONSE_PLAN.md security/compliance/iso27001/ INCIDENT_RESPONSE_PLAN.md md P2_COMPLIANCE F03 0 0 0 0 1  NOT_FOUND_LOCAL DUPLICATE_SAFE CLEAN MEDIUM KX108","INTEGRATE_TO_DATA_PRIVACY_SCOPE_GUARD_CANDIDATE","RGPD_COMPLIANCE_SCOPE_GUARD + RSSI_EVIDENCE_ONLY","false","false","false","false","false","false","F10 audit/spec only; compliance/data governance guard; no legal certification"
"RGPD_ISO","security/compliance/iso27001/","F03_RSSI_RGPD","FILE_PLAN_ALL 2649 RGPD_ISO OBSIDIA_RSSI_RGPD_ISO_READINESS_PACK_V2/iso27001/BUSINESS_CONTINUITY_PLAN.md security/compliance/iso27001/ BUSINESS_CONTINUITY_PLAN.md md P2_COMPLIANCE F03 0 0 0 0 1  NOT_FOUND_LOCAL DUPLICATE_SAFE CLEAN MEDIUM K","INTEGRATE_TO_DATA_PRIVACY_SCOPE_GUARD_CANDIDATE","RGPD_COMPLIANCE_SCOPE_GUARD + RSSI_EVIDENCE_ONLY","false","false","false","false","false","false","F10 audit/spec only; compliance/data governance guard; no legal certification"
"RGPD_ISO","security/compliance/iso27001/","F03_RSSI_RGPD","FILE_PLAN_ALL 2650 RGPD_ISO OBSIDIA_RSSI_RGPD_ISO_READINESS_PACK_V2/iso27001/BACKUP_RESTORE_POLICY.md security/compliance/iso27001/ BACKUP_RESTORE_POLICY.md md P2_COMPLIANCE F03 0 0 0 0 1  NOT_FOUND_LOCAL DUPLICATE_SAFE CLEAN MEDIUM KX108_O","INTEGRATE_TO_DATA_PRIVACY_SCOPE_GUARD_CANDIDATE","RGPD_COMPLIANCE_SCOPE_GUARD + RSSI_EVIDENCE_ONLY","false","false","false","false","false","false","F10 audit/spec only; compliance/data governance guard; no legal certification"
"RGPD_ISO","security/compliance/iso27001/","F03_RSSI_RGPD","FILE_PLAN_ALL 2651 RGPD_ISO OBSIDIA_RSSI_RGPD_ISO_READINESS_PACK_V2/iso27001/SUPPLIER_SECURITY_POLICY.md security/compliance/iso27001/ SUPPLIER_SECURITY_POLICY.md md P2_COMPLIANCE F03 0 0 0 0 1  NOT_FOUND_LOCAL DUPLICATE_SAFE CLEAN MEDIUM K","INTEGRATE_TO_DATA_PRIVACY_SCOPE_GUARD_CANDIDATE","RGPD_COMPLIANCE_SCOPE_GUARD + RSSI_EVIDENCE_ONLY","false","false","false","false","false","false","F10 audit/spec only; compliance/data governance guard; no legal certification"
"RGPD_ISO","security/compliance/iso27001/","F03_RSSI_RGPD","FILE_PLAN_ALL 2652 RGPD_ISO OBSIDIA_RSSI_RGPD_ISO_READINESS_PACK_V2/iso27001/LOGGING_MONITORING_POLICY.md security/compliance/iso27001/ LOGGING_MONITORING_POLICY.md md P2_COMPLIANCE F03 0 0 0 0 1  NOT_FOUND_LOCAL DUPLICATE_SAFE CLEAN MEDIUM","INTEGRATE_TO_DATA_PRIVACY_SCOPE_GUARD_CANDIDATE","RGPD_COMPLIANCE_SCOPE_GUARD + RSSI_EVIDENCE_ONLY","false","false","false","false","false","false","F10 audit/spec only; compliance/data governance guard; no legal certification"
"RGPD_ISO","security/compliance/iso27001/","F03_RSSI_RGPD","FILE_PLAN_ALL 2653 RGPD_ISO OBSIDIA_RSSI_RGPD_ISO_READINESS_PACK_V2/iso27001/CHANGE_MANAGEMENT_POLICY.md security/compliance/iso27001/ CHANGE_MANAGEMENT_POLICY.md md P2_COMPLIANCE F03 0 0 0 0 1  NOT_FOUND_LOCAL DUPLICATE_SAFE CLEAN MEDIUM K","INTEGRATE_TO_DATA_PRIVACY_SCOPE_GUARD_CANDIDATE","RGPD_COMPLIANCE_SCOPE_GUARD + RSSI_EVIDENCE_ONLY","false","false","false","false","false","false","F10 audit/spec only; compliance/data governance guard; no legal certification"
"RGPD_ISO","security/compliance/iso27001/","F03_RSSI_RGPD","FILE_PLAN_ALL 2654 RGPD_ISO OBSIDIA_RSSI_RGPD_ISO_READINESS_PACK_V2/iso27001/SECURITY_TRAINING_RECORD.md security/compliance/iso27001/ SECURITY_TRAINING_RECORD.md md P2_COMPLIANCE F03 0 0 0 0 1  NOT_FOUND_LOCAL DUPLICATE_SAFE CLEAN MEDIUM K","INTEGRATE_TO_DATA_PRIVACY_SCOPE_GUARD_CANDIDATE","RGPD_COMPLIANCE_SCOPE_GUARD + RSSI_EVIDENCE_ONLY","false","false","false","false","false","false","F10 audit/spec only; compliance/data governance guard; no legal certification"
"RGPD_ISO","security/compliance/rgpd/","F03_RSSI_RGPD","FILE_PLAN_ALL 2655 RGPD_ISO OBSIDIA_RSSI_RGPD_ISO_READINESS_PACK_V2/rgpd/DATA_PROCESSING_REGISTER.md security/compliance/rgpd/ DATA_PROCESSING_REGISTER.md md P2_COMPLIANCE F03 0 0 0 0 1  NOT_FOUND_LOCAL DUPLICATE_SAFE CLEAN MEDIUM KX108_ONL","INTEGRATE_TO_DATA_PRIVACY_SCOPE_GUARD_CANDIDATE","RGPD_COMPLIANCE_SCOPE_GUARD + RSSI_EVIDENCE_ONLY","false","false","false","false","false","false","F10 audit/spec only; compliance/data governance guard; no legal certification"
"RGPD_ISO","security/compliance/rgpd/","F03_RSSI_RGPD","FILE_PLAN_ALL 2656 RGPD_ISO OBSIDIA_RSSI_RGPD_ISO_READINESS_PACK_V2/rgpd/DATA_MAP.md security/compliance/rgpd/ DATA_MAP.md md P2_COMPLIANCE F03 0 0 0 0 1  NOT_FOUND_LOCAL DUPLICATE_SAFE CLEAN MEDIUM KX108_ONLY; DOC_OR_AUDIT_ONLY; NO_RUNTIME","INTEGRATE_TO_DATA_PRIVACY_SCOPE_GUARD_CANDIDATE","RGPD_COMPLIANCE_SCOPE_GUARD + RSSI_EVIDENCE_ONLY","false","false","false","false","false","false","F10 audit/spec only; compliance/data governance guard; no legal certification"
"RGPD_ISO","security/compliance/rgpd/","F03_RSSI_RGPD","FILE_PLAN_ALL 2657 RGPD_ISO OBSIDIA_RSSI_RGPD_ISO_READINESS_PACK_V2/rgpd/PURPOSES_AND_LEGAL_BASES.md security/compliance/rgpd/ PURPOSES_AND_LEGAL_BASES.md md P2_COMPLIANCE F03 0 0 0 0 1  NOT_FOUND_LOCAL DUPLICATE_SAFE CLEAN MEDIUM KX108_ONL","INTEGRATE_TO_DATA_PRIVACY_SCOPE_GUARD_CANDIDATE","RGPD_COMPLIANCE_SCOPE_GUARD + RSSI_EVIDENCE_ONLY","false","false","false","false","false","false","F10 audit/spec only; compliance/data governance guard; no legal certification"
"RGPD_ISO","security/compliance/rgpd/","F03_RSSI_RGPD","FILE_PLAN_ALL 2658 RGPD_ISO OBSIDIA_RSSI_RGPD_ISO_READINESS_PACK_V2/rgpd/DPIA_SCREENING.md security/compliance/rgpd/ DPIA_SCREENING.md md P2_COMPLIANCE F03 0 0 0 0 1  NOT_FOUND_LOCAL DUPLICATE_SAFE CLEAN MEDIUM KX108_ONLY; DOC_OR_AUDIT_ONLY","INTEGRATE_TO_DATA_PRIVACY_SCOPE_GUARD_CANDIDATE","RGPD_COMPLIANCE_SCOPE_GUARD + RSSI_EVIDENCE_ONLY","false","false","false","false","false","false","F10 audit/spec only; compliance/data governance guard; no legal certification"
"RGPD_ISO","security/compliance/rgpd/","F03_RSSI_RGPD","FILE_PLAN_ALL 2659 RGPD_ISO OBSIDIA_RSSI_RGPD_ISO_READINESS_PACK_V2/rgpd/DPIA_FULL_TEMPLATE.md security/compliance/rgpd/ DPIA_FULL_TEMPLATE.md md P2_COMPLIANCE F03 0 0 0 0 1  NOT_FOUND_LOCAL DUPLICATE_SAFE CLEAN MEDIUM KX108_ONLY; DOC_OR_AU","INTEGRATE_TO_DATA_PRIVACY_SCOPE_GUARD_CANDIDATE","RGPD_COMPLIANCE_SCOPE_GUARD + RSSI_EVIDENCE_ONLY","false","false","false","false","false","false","F10 audit/spec only; compliance/data governance guard; no legal certification"
"RGPD_ISO","security/compliance/rgpd/","F03_RSSI_RGPD","FILE_PLAN_ALL 2660 RGPD_ISO OBSIDIA_RSSI_RGPD_ISO_READINESS_PACK_V2/rgpd/DATA_RETENTION_POLICY.md security/compliance/rgpd/ DATA_RETENTION_POLICY.md md P2_COMPLIANCE F03 0 0 0 0 1  NOT_FOUND_LOCAL DUPLICATE_SAFE CLEAN MEDIUM KX108_ONLY; DOC","INTEGRATE_TO_DATA_PRIVACY_SCOPE_GUARD_CANDIDATE","RGPD_COMPLIANCE_SCOPE_GUARD + RSSI_EVIDENCE_ONLY","false","false","false","false","false","false","F10 audit/spec only; compliance/data governance guard; no legal certification"
"RGPD_ISO","security/compliance/rgpd/","F03_RSSI_RGPD","FILE_PLAN_ALL 2661 RGPD_ISO OBSIDIA_RSSI_RGPD_ISO_READINESS_PACK_V2/rgpd/DATA_MINIMIZATION_POLICY.md security/compliance/rgpd/ DATA_MINIMIZATION_POLICY.md md P2_COMPLIANCE F03 0 0 0 0 1  NOT_FOUND_LOCAL DUPLICATE_SAFE CLEAN MEDIUM KX108_ONL","INTEGRATE_TO_DATA_PRIVACY_SCOPE_GUARD_CANDIDATE","RGPD_COMPLIANCE_SCOPE_GUARD + RSSI_EVIDENCE_ONLY","false","false","false","false","false","false","F10 audit/spec only; compliance/data governance guard; no legal certification"
"RGPD_ISO","security/compliance/rgpd/","F03_RSSI_RGPD","FILE_PLAN_ALL 2662 RGPD_ISO OBSIDIA_RSSI_RGPD_ISO_READINESS_PACK_V2/rgpd/DATA_SUBJECT_RIGHTS_PROCEDURE.md security/compliance/rgpd/ DATA_SUBJECT_RIGHTS_PROCEDURE.md md P2_COMPLIANCE F03 0 0 0 0 1  NOT_FOUND_LOCAL DUPLICATE_SAFE CLEAN MEDIUM","INTEGRATE_TO_DATA_PRIVACY_SCOPE_GUARD_CANDIDATE","RGPD_COMPLIANCE_SCOPE_GUARD + RSSI_EVIDENCE_ONLY","false","false","false","false","false","false","F10 audit/spec only; compliance/data governance guard; no legal certification"
"RGPD_ISO","security/compliance/rgpd/","F03_RSSI_RGPD","FILE_PLAN_ALL 2663 RGPD_ISO OBSIDIA_RSSI_RGPD_ISO_READINESS_PACK_V2/rgpd/PRIVACY_BY_DESIGN_NOTE.md security/compliance/rgpd/ PRIVACY_BY_DESIGN_NOTE.md md P2_COMPLIANCE F03 0 0 0 0 1  NOT_FOUND_LOCAL DUPLICATE_SAFE CLEAN MEDIUM KX108_ONLY; D","INTEGRATE_TO_DATA_PRIVACY_SCOPE_GUARD_CANDIDATE","RGPD_COMPLIANCE_SCOPE_GUARD + RSSI_EVIDENCE_ONLY","false","false","false","false","false","false","F10 audit/spec only; compliance/data governance guard; no legal certification"
"RGPD_ISO","security/compliance/rgpd/","F03_RSSI_RGPD","FILE_PLAN_ALL 2664 RGPD_ISO OBSIDIA_RSSI_RGPD_ISO_READINESS_PACK_V2/rgpd/TRAINING_VS_PRODUCTION_SEPARATION.md security/compliance/rgpd/ TRAINING_VS_PRODUCTION_SEPARATION.md md P2_COMPLIANCE F03 0 0 0 0 1  NOT_FOUND_LOCAL DUPLICATE_SAFE CLEA","INTEGRATE_TO_DATA_PRIVACY_SCOPE_GUARD_CANDIDATE","RGPD_COMPLIANCE_SCOPE_GUARD + RSSI_EVIDENCE_ONLY","false","false","false","false","false","false","F10 audit/spec only; compliance/data governance guard; no legal certification"
"RGPD_ISO","security/compliance/rgpd/","F03_RSSI_RGPD","FILE_PLAN_ALL 2665 RGPD_ISO OBSIDIA_RSSI_RGPD_ISO_READINESS_PACK_V2/rgpd/PERSONAL_DATA_CLASSIFICATION.md security/compliance/rgpd/ PERSONAL_DATA_CLASSIFICATION.md md P2_COMPLIANCE F03 0 0 0 0 1  NOT_FOUND_LOCAL DUPLICATE_SAFE CLEAN MEDIUM K","INTEGRATE_TO_DATA_PRIVACY_SCOPE_GUARD_CANDIDATE","RGPD_COMPLIANCE_SCOPE_GUARD + RSSI_EVIDENCE_ONLY","false","false","false","false","false","false","F10 audit/spec only; compliance/data governance guard; no legal certification"
"RGPD_ISO","security/compliance/rgpd/","F03_RSSI_RGPD","FILE_PLAN_ALL 2666 RGPD_ISO OBSIDIA_RSSI_RGPD_ISO_READINESS_PACK_V2/rgpd/PSEUDONYMIZATION_AND_REDACTION_POLICY.md security/compliance/rgpd/ PSEUDONYMIZATION_AND_REDACTION_POLICY.md md P2_COMPLIANCE F03 0 0 0 0 1  NOT_FOUND_LOCAL DUPLICATE_S","INTEGRATE_TO_DATA_PRIVACY_SCOPE_GUARD_CANDIDATE","RGPD_COMPLIANCE_SCOPE_GUARD + RSSI_EVIDENCE_ONLY","false","false","false","false","false","false","F10 audit/spec only; compliance/data governance guard; no legal certification"
"RGPD_ISO","security/compliance/rgpd/","F03_RSSI_RGPD","FILE_PLAN_ALL 2667 RGPD_ISO OBSIDIA_RSSI_RGPD_ISO_READINESS_PACK_V2/rgpd/DPA_TEMPLATE.md security/compliance/rgpd/ DPA_TEMPLATE.md md P2_COMPLIANCE F03 0 0 0 0 1  NOT_FOUND_LOCAL DUPLICATE_SAFE CLEAN MEDIUM KX108_ONLY; DOC_OR_AUDIT_ONLY; NO","INTEGRATE_TO_DATA_PRIVACY_SCOPE_GUARD_CANDIDATE","RGPD_COMPLIANCE_SCOPE_GUARD + RSSI_EVIDENCE_ONLY","false","false","false","false","false","false","F10 audit/spec only; compliance/data governance guard; no legal certification"
"RGPD_ISO","security/compliance/rgpd/","F03_RSSI_RGPD","FILE_PLAN_ALL 2668 RGPD_ISO OBSIDIA_RSSI_RGPD_ISO_READINESS_PACK_V2/rgpd/PRIVACY_NOTICE_TEMPLATE.md security/compliance/rgpd/ PRIVACY_NOTICE_TEMPLATE.md md P2_COMPLIANCE F03 0 0 0 0 1  NOT_FOUND_LOCAL DUPLICATE_SAFE CLEAN MEDIUM KX108_ONLY;","INTEGRATE_TO_DATA_PRIVACY_SCOPE_GUARD_CANDIDATE","RGPD_COMPLIANCE_SCOPE_GUARD + RSSI_EVIDENCE_ONLY","false","false","false","false","false","false","F10 audit/spec only; compliance/data governance guard; no legal certification"
"RGPD_ISO","security/rssi/readiness/","F03_RSSI_RGPD","FILE_PLAN_ALL 2669 RGPD_ISO OBSIDIA_RSSI_RGPD_ISO_READINESS_PACK_V2/rssi/RSSI_READINESS_MATRIX.md security/rssi/readiness/ RSSI_READINESS_MATRIX.md md P2_COMPLIANCE F03 0 0 0 0 1  NOT_FOUND_LOCAL DUPLICATE_SAFE CLEAN MEDIUM KX108_ONLY; DOC_","INTEGRATE_TO_DATA_PRIVACY_SCOPE_GUARD_CANDIDATE","RGPD_COMPLIANCE_SCOPE_GUARD + RSSI_EVIDENCE_ONLY","false","false","false","false","false","false","F10 audit/spec only; compliance/data governance guard; no legal certification"
"RGPD_ISO","security/rssi/readiness/","F03_RSSI_RGPD","FILE_PLAN_ALL 2670 RGPD_ISO OBSIDIA_RSSI_RGPD_ISO_READINESS_PACK_V2/rssi/SECURITY_ARCHITECTURE.md security/rssi/readiness/ SECURITY_ARCHITECTURE.md md P2_COMPLIANCE F03 0 0 0 0 1  NOT_FOUND_LOCAL DUPLICATE_SAFE CLEAN MEDIUM KX108_ONLY; DOC_","INTEGRATE_TO_DATA_PRIVACY_SCOPE_GUARD_CANDIDATE","RGPD_COMPLIANCE_SCOPE_GUARD + RSSI_EVIDENCE_ONLY","false","false","false","false","false","false","F10 audit/spec only; compliance/data governance guard; no legal certification"
"RGPD_ISO","security/rssi/readiness/","F03_RSSI_RGPD","FILE_PLAN_ALL 2671 RGPD_ISO OBSIDIA_RSSI_RGPD_ISO_READINESS_PACK_V2/rssi/THREAT_MODEL.md security/rssi/readiness/ THREAT_MODEL.md md P2_COMPLIANCE F03 0 0 0 0 1  NOT_FOUND_LOCAL DUPLICATE_SAFE CLEAN MEDIUM KX108_ONLY; DOC_OR_AUDIT_ONLY; NO_","INTEGRATE_TO_DATA_PRIVACY_SCOPE_GUARD_CANDIDATE","RGPD_COMPLIANCE_SCOPE_GUARD + RSSI_EVIDENCE_ONLY","false","false","false","false","false","false","F10 audit/spec only; compliance/data governance guard; no legal certification"
"RGPD_ISO","security/rssi/readiness/","F03_RSSI_RGPD","FILE_PLAN_ALL 2672 RGPD_ISO OBSIDIA_RSSI_RGPD_ISO_READINESS_PACK_V2/rssi/ATTACK_SURFACE.md security/rssi/readiness/ ATTACK_SURFACE.md md P2_COMPLIANCE F03 0 0 0 0 1  NOT_FOUND_LOCAL DUPLICATE_SAFE CLEAN MEDIUM KX108_ONLY; DOC_OR_AUDIT_ONLY;","INTEGRATE_TO_DATA_PRIVACY_SCOPE_GUARD_CANDIDATE","RGPD_COMPLIANCE_SCOPE_GUARD + RSSI_EVIDENCE_ONLY","false","false","false","false","false","false","F10 audit/spec only; compliance/data governance guard; no legal certification"
"RGPD_ISO","security/rssi/readiness/","F03_RSSI_RGPD","FILE_PLAN_ALL 2673 RGPD_ISO OBSIDIA_RSSI_RGPD_ISO_READINESS_PACK_V2/rssi/DATA_FLOW_DIAGRAM.md security/rssi/readiness/ DATA_FLOW_DIAGRAM.md md P2_COMPLIANCE F03 0 0 0 0 1  NOT_FOUND_LOCAL DUPLICATE_SAFE CLEAN MEDIUM KX108_ONLY; DOC_OR_AUDIT","INTEGRATE_TO_DATA_PRIVACY_SCOPE_GUARD_CANDIDATE","RGPD_COMPLIANCE_SCOPE_GUARD + RSSI_EVIDENCE_ONLY","false","false","false","false","false","false","F10 audit/spec only; compliance/data governance guard; no legal certification"
"RGPD_ISO","security/rssi/readiness/","F03_RSSI_RGPD","FILE_PLAN_ALL 2674 RGPD_ISO OBSIDIA_RSSI_RGPD_ISO_READINESS_PACK_V2/rssi/TRUST_BOUNDARIES.md security/rssi/readiness/ TRUST_BOUNDARIES.md md P2_COMPLIANCE F03 0 0 0 0 1  NOT_FOUND_LOCAL DUPLICATE_SAFE CLEAN MEDIUM KX108_ONLY; DOC_OR_AUDIT_O","INTEGRATE_TO_DATA_PRIVACY_SCOPE_GUARD_CANDIDATE","RGPD_COMPLIANCE_SCOPE_GUARD + RSSI_EVIDENCE_ONLY","false","false","false","false","false","false","F10 audit/spec only; compliance/data governance guard; no legal certification"
"RGPD_ISO","security/rssi/readiness/","F03_RSSI_RGPD","FILE_PLAN_ALL 2675 RGPD_ISO OBSIDIA_RSSI_RGPD_ISO_READINESS_PACK_V2/rssi/IAM_RBAC_MODEL.md security/rssi/readiness/ IAM_RBAC_MODEL.md md P2_COMPLIANCE F03 0 0 0 0 1  NOT_FOUND_LOCAL DUPLICATE_SAFE CLEAN MEDIUM KX108_ONLY; DOC_OR_AUDIT_ONLY;","INTEGRATE_TO_DATA_PRIVACY_SCOPE_GUARD_CANDIDATE","RGPD_COMPLIANCE_SCOPE_GUARD + RSSI_EVIDENCE_ONLY","false","false","false","false","false","false","F10 audit/spec only; compliance/data governance guard; no legal certification"
"RGPD_ISO","security/rssi/readiness/","F03_RSSI_RGPD","FILE_PLAN_ALL 2676 RGPD_ISO OBSIDIA_RSSI_RGPD_ISO_READINESS_PACK_V2/rssi/SECRETS_MANAGEMENT.md security/rssi/readiness/ SECRETS_MANAGEMENT.md md P2_COMPLIANCE F03 0 0 0 0 1  NOT_FOUND_LOCAL DUPLICATE_SAFE CLEAN MEDIUM KX108_ONLY; DOC_OR_AUD","INTEGRATE_TO_DATA_PRIVACY_SCOPE_GUARD_CANDIDATE","RGPD_COMPLIANCE_SCOPE_GUARD + RSSI_EVIDENCE_ONLY","false","false","false","false","false","false","F10 audit/spec only; compliance/data governance guard; no legal certification"
"RGPD_ISO","security/rssi/readiness/","F03_RSSI_RGPD","FILE_PLAN_ALL 2677 RGPD_ISO OBSIDIA_RSSI_RGPD_ISO_READINESS_PACK_V2/rssi/ENCRYPTION_POLICY.md security/rssi/readiness/ ENCRYPTION_POLICY.md md P2_COMPLIANCE F03 0 0 0 0 1  NOT_FOUND_LOCAL DUPLICATE_SAFE CLEAN MEDIUM KX108_ONLY; DOC_OR_AUDIT","INTEGRATE_TO_DATA_PRIVACY_SCOPE_GUARD_CANDIDATE","RGPD_COMPLIANCE_SCOPE_GUARD + RSSI_EVIDENCE_ONLY","false","false","false","false","false","false","F10 audit/spec only; compliance/data governance guard; no legal certification"
"RGPD_ISO","security/rssi/readiness/","F03_RSSI_RGPD","FILE_PLAN_ALL 2678 RGPD_ISO OBSIDIA_RSSI_RGPD_ISO_READINESS_PACK_V2/rssi/NETWORK_SEGMENTATION.md security/rssi/readiness/ NETWORK_SEGMENTATION.md md P2_COMPLIANCE F03 0 0 0 0 1  NOT_FOUND_LOCAL DUPLICATE_SAFE CLEAN MEDIUM KX108_ONLY; DOC_OR","INTEGRATE_TO_DATA_PRIVACY_SCOPE_GUARD_CANDIDATE","RGPD_COMPLIANCE_SCOPE_GUARD + RSSI_EVIDENCE_ONLY","false","false","false","false","false","false","F10 audit/spec only; compliance/data governance guard; no legal certification"
"RGPD_ISO","security/rssi/readiness/","F03_RSSI_RGPD","FILE_PLAN_ALL 2679 RGPD_ISO OBSIDIA_RSSI_RGPD_ISO_READINESS_PACK_V2/rssi/SIEM_LOGGING_EXPORT.md security/rssi/readiness/ SIEM_LOGGING_EXPORT.md md P2_COMPLIANCE F03 0 0 0 0 1  NOT_FOUND_LOCAL DUPLICATE_SAFE CLEAN MEDIUM KX108_ONLY; DOC_OR_A","INTEGRATE_TO_DATA_PRIVACY_SCOPE_GUARD_CANDIDATE","RGPD_COMPLIANCE_SCOPE_GUARD + RSSI_EVIDENCE_ONLY","false","false","false","false","false","false","F10 audit/spec only; compliance/data governance guard; no legal certification"
"RGPD_ISO","security/rssi/readiness/","F03_RSSI_RGPD","FILE_PLAN_ALL 2680 RGPD_ISO OBSIDIA_RSSI_RGPD_ISO_READINESS_PACK_V2/rssi/SECURITY_OPERATIONS_RUNBOOK.md security/rssi/readiness/ SECURITY_OPERATIONS_RUNBOOK.md md P2_COMPLIANCE F03 0 0 0 0 1  NOT_FOUND_LOCAL DUPLICATE_SAFE CLEAN MEDIUM KX10","INTEGRATE_TO_DATA_PRIVACY_SCOPE_GUARD_CANDIDATE","RGPD_COMPLIANCE_SCOPE_GUARD + RSSI_EVIDENCE_ONLY","false","false","false","false","false","false","F10 audit/spec only; compliance/data governance guard; no legal certification"
"RGPD_ISO","security/rssi/readiness/","F03_RSSI_RGPD","FILE_PLAN_ALL 2681 RGPD_ISO OBSIDIA_RSSI_RGPD_ISO_READINESS_PACK_V2/rssi/PENTEST_REPORT_TEMPLATE.md security/rssi/readiness/ PENTEST_REPORT_TEMPLATE.md md P2_COMPLIANCE F03 0 0 0 0 1  NOT_FOUND_LOCAL DUPLICATE_SAFE CLEAN MEDIUM KX108_ONLY; ","INTEGRATE_TO_DATA_PRIVACY_SCOPE_GUARD_CANDIDATE","RGPD_COMPLIANCE_SCOPE_GUARD + RSSI_EVIDENCE_ONLY","false","false","false","false","false","false","F10 audit/spec only; compliance/data governance guard; no legal certification"
"RGPD_ISO","security/rssi/readiness/","F03_RSSI_RGPD","FILE_PLAN_ALL 2682 RGPD_ISO OBSIDIA_RSSI_RGPD_ISO_READINESS_PACK_V2/rssi/HARDENING_GUIDE.md security/rssi/readiness/ HARDENING_GUIDE.md md P2_COMPLIANCE F03 0 0 0 0 1  NOT_FOUND_LOCAL DUPLICATE_SAFE CLEAN MEDIUM KX108_ONLY; DOC_OR_AUDIT_ONL","INTEGRATE_TO_DATA_PRIVACY_SCOPE_GUARD_CANDIDATE","RGPD_COMPLIANCE_SCOPE_GUARD + RSSI_EVIDENCE_ONLY","false","false","false","false","false","false","F10 audit/spec only; compliance/data governance guard; no legal certification"
"RGPD_ISO","security/rssi/readiness/","F03_RSSI_RGPD","FILE_PLAN_ALL 2683 RGPD_ISO OBSIDIA_RSSI_RGPD_ISO_READINESS_PACK_V2/rssi/PRODUCTION_DEPLOYMENT_CHECKLIST.md security/rssi/readiness/ PRODUCTION_DEPLOYMENT_CHECKLIST.md md P2_COMPLIANCE F03 0 0 0 0 1  NOT_FOUND_LOCAL DUPLICATE_SAFE CLEAN MED","INTEGRATE_TO_DATA_PRIVACY_SCOPE_GUARD_CANDIDATE","RGPD_COMPLIANCE_SCOPE_GUARD + RSSI_EVIDENCE_ONLY","false","false","false","false","false","false","F10 audit/spec only; compliance/data governance guard; no legal certification"
"RGPD_ISO","security/deployment/","F03_RSSI_RGPD","FILE_PLAN_ALL 2684 RGPD_ISO OBSIDIA_RSSI_RGPD_ISO_READINESS_PACK_V2/deployment/EU_HOSTING_OPTIONS.md security/deployment/ EU_HOSTING_OPTIONS.md md P2_COMPLIANCE F03 0 0 0 0 1  NOT_FOUND_LOCAL DUPLICATE_SAFE CLEAN MEDIUM KX108_ONLY; DOC_OR_A","INTEGRATE_TO_DATA_PRIVACY_SCOPE_GUARD_CANDIDATE","RGPD_COMPLIANCE_SCOPE_GUARD + RSSI_EVIDENCE_ONLY","false","false","false","false","false","false","F10 audit/spec only; compliance/data governance guard; no legal certification"
"RGPD_ISO","security/deployment/","F03_RSSI_RGPD","FILE_PLAN_ALL 2685 RGPD_ISO OBSIDIA_RSSI_RGPD_ISO_READINESS_PACK_V2/deployment/ON_PREM_DEPLOYMENT_GUIDE.md security/deployment/ ON_PREM_DEPLOYMENT_GUIDE.md md P2_COMPLIANCE F03 0 0 0 0 1  NOT_FOUND_LOCAL DUPLICATE_SAFE CLEAN MEDIUM KX108_ON","INTEGRATE_TO_DATA_PRIVACY_SCOPE_GUARD_CANDIDATE","RGPD_COMPLIANCE_SCOPE_GUARD + RSSI_EVIDENCE_ONLY","false","false","false","false","false","false","F10 audit/spec only; compliance/data governance guard; no legal certification"
"RGPD_ISO","security/deployment/","F03_RSSI_RGPD","FILE_PLAN_ALL 2686 RGPD_ISO OBSIDIA_RSSI_RGPD_ISO_READINESS_PACK_V2/deployment/SOVEREIGN_CLOUD_DEPLOYMENT.md security/deployment/ SOVEREIGN_CLOUD_DEPLOYMENT.md md P2_COMPLIANCE F03 0 0 0 0 1  NOT_FOUND_LOCAL DUPLICATE_SAFE CLEAN MEDIUM KX10","INTEGRATE_TO_DATA_PRIVACY_SCOPE_GUARD_CANDIDATE","RGPD_COMPLIANCE_SCOPE_GUARD + RSSI_EVIDENCE_ONLY","false","false","false","false","false","false","F10 audit/spec only; compliance/data governance guard; no legal certification"
"RGPD_ISO","security/deployment/","F03_RSSI_RGPD","FILE_PLAN_ALL 2687 RGPD_ISO OBSIDIA_RSSI_RGPD_ISO_READINESS_PACK_V2/deployment/SECNUMCLOUD_TARGET_NOTE.md security/deployment/ SECNUMCLOUD_TARGET_NOTE.md md P2_COMPLIANCE F03 0 0 0 0 1  NOT_FOUND_LOCAL DUPLICATE_SAFE CLEAN MEDIUM KX108_ONLY","INTEGRATE_TO_DATA_PRIVACY_SCOPE_GUARD_CANDIDATE","RGPD_COMPLIANCE_SCOPE_GUARD + RSSI_EVIDENCE_ONLY","false","false","false","false","false","false","F10 audit/spec only; compliance/data governance guard; no legal certification"
"RGPD_ISO","security/deployment/","F03_RSSI_RGPD","FILE_PLAN_ALL 2688 RGPD_ISO OBSIDIA_RSSI_RGPD_ISO_READINESS_PACK_V2/deployment/DATA_RESIDENCY_STATEMENT.md security/deployment/ DATA_RESIDENCY_STATEMENT.md md P2_COMPLIANCE F03 0 0 0 0 1  NOT_FOUND_LOCAL DUPLICATE_SAFE CLEAN MEDIUM KX108_ON","INTEGRATE_TO_DATA_PRIVACY_SCOPE_GUARD_CANDIDATE","RGPD_COMPLIANCE_SCOPE_GUARD + RSSI_EVIDENCE_ONLY","false","false","false","false","false","false","F10 audit/spec only; compliance/data governance guard; no legal certification"
"RGPD_ISO","security/deployment/","F03_RSSI_RGPD","FILE_PLAN_ALL 2689 RGPD_ISO OBSIDIA_RSSI_RGPD_ISO_READINESS_PACK_V2/deployment/SUBPROCESSORS_LIST.md security/deployment/ SUBPROCESSORS_LIST.md md P2_COMPLIANCE F03 0 0 0 0 1  NOT_FOUND_LOCAL DUPLICATE_SAFE CLEAN MEDIUM KX108_ONLY; DOC_OR_A","INTEGRATE_TO_DATA_PRIVACY_SCOPE_GUARD_CANDIDATE","RGPD_COMPLIANCE_SCOPE_GUARD + RSSI_EVIDENCE_ONLY","false","false","false","false","false","false","F10 audit/spec only; compliance/data governance guard; no legal certification"
"RGPD_ISO","security/deployment/","F03_RSSI_RGPD","FILE_PLAN_ALL 2690 RGPD_ISO OBSIDIA_RSSI_RGPD_ISO_READINESS_PACK_V2/deployment/INFRA_SECURITY_BASELINE.md security/deployment/ INFRA_SECURITY_BASELINE.md md P2_COMPLIANCE F03 0 0 0 0 1  NOT_FOUND_LOCAL DUPLICATE_SAFE CLEAN MEDIUM KX108_ONLY","INTEGRATE_TO_DATA_PRIVACY_SCOPE_GUARD_CANDIDATE","RGPD_COMPLIANCE_SCOPE_GUARD + RSSI_EVIDENCE_ONLY","false","false","false","false","false","false","F10 audit/spec only; compliance/data governance guard; no legal certification"
"RGPD_ISO","security/deployment/","F03_RSSI_RGPD","FILE_PLAN_ALL 2691 RGPD_ISO OBSIDIA_RSSI_RGPD_ISO_READINESS_PACK_V2/deployment/BACKUP_LOCATION_POLICY.md security/deployment/ BACKUP_LOCATION_POLICY.md md P2_COMPLIANCE F03 0 0 0 0 1  NOT_FOUND_LOCAL DUPLICATE_SAFE CLEAN MEDIUM KX108_ONLY; ","INTEGRATE_TO_DATA_PRIVACY_SCOPE_GUARD_CANDIDATE","RGPD_COMPLIANCE_SCOPE_GUARD + RSSI_EVIDENCE_ONLY","false","false","false","false","false","false","F10 audit/spec only; compliance/data governance guard; no legal certification"
"RGPD_ISO","security/devsecops/","F03_RSSI_RGPD","FILE_PLAN_ALL 2692 RGPD_ISO OBSIDIA_RSSI_RGPD_ISO_READINESS_PACK_V2/security/DEPENDENCY_AUDIT.md security/devsecops/ DEPENDENCY_AUDIT.md md P2_COMPLIANCE F03 0 0 0 0 1  NOT_FOUND_LOCAL DUPLICATE_SAFE CLEAN MEDIUM KX108_ONLY; DOC_OR_AUDIT_ON","INTEGRATE_TO_DATA_PRIVACY_SCOPE_GUARD_CANDIDATE","RGPD_COMPLIANCE_SCOPE_GUARD + RSSI_EVIDENCE_ONLY","false","false","false","false","false","false","F10 audit/spec only; compliance/data governance guard; no legal certification"
"RGPD_ISO","security/devsecops/","F03_RSSI_RGPD","FILE_PLAN_ALL 2693 RGPD_ISO OBSIDIA_RSSI_RGPD_ISO_READINESS_PACK_V2/security/SUPPLY_CHAIN_RISK_REGISTER.md security/devsecops/ SUPPLY_CHAIN_RISK_REGISTER.md md P2_COMPLIANCE F03 0 0 0 0 1  NOT_FOUND_LOCAL DUPLICATE_SAFE CLEAN MEDIUM KX108_O","INTEGRATE_TO_DATA_PRIVACY_SCOPE_GUARD_CANDIDATE","RGPD_COMPLIANCE_SCOPE_GUARD + RSSI_EVIDENCE_ONLY","false","false","false","false","false","false","F10 audit/spec only; compliance/data governance guard; no legal certification"
"RGPD_ISO","security/devsecops/","F03_RSSI_RGPD","FILE_PLAN_ALL 2694 RGPD_ISO OBSIDIA_RSSI_RGPD_ISO_READINESS_PACK_V2/security/SECRET_SCAN_POLICY.md security/devsecops/ SECRET_SCAN_POLICY.md md P2_COMPLIANCE F03 0 0 0 0 1  NOT_FOUND_LOCAL DUPLICATE_SAFE CLEAN MEDIUM KX108_ONLY; DOC_OR_AUDI","INTEGRATE_TO_DATA_PRIVACY_SCOPE_GUARD_CANDIDATE","RGPD_COMPLIANCE_SCOPE_GUARD + RSSI_EVIDENCE_ONLY","false","false","false","false","false","false","F10 audit/spec only; compliance/data governance guard; no legal certification"
"RGPD_ISO","security/devsecops/","F03_RSSI_RGPD","FILE_PLAN_ALL 2695 RGPD_ISO OBSIDIA_RSSI_RGPD_ISO_READINESS_PACK_V2/security/SAST_REPORT.md security/devsecops/ SAST_REPORT.md md P2_COMPLIANCE F03 0 0 0 0 1  NOT_FOUND_LOCAL DUPLICATE_SAFE CLEAN MEDIUM KX108_ONLY; DOC_OR_AUDIT_ONLY; NO_RUN","INTEGRATE_TO_DATA_PRIVACY_SCOPE_GUARD_CANDIDATE","RGPD_COMPLIANCE_SCOPE_GUARD + RSSI_EVIDENCE_ONLY","false","false","false","false","false","false","F10 audit/spec only; compliance/data governance guard; no legal certification"
"RGPD_ISO","security/devsecops/","F03_RSSI_RGPD","FILE_PLAN_ALL 2696 RGPD_ISO OBSIDIA_RSSI_RGPD_ISO_READINESS_PACK_V2/security/DAST_REPORT.md security/devsecops/ DAST_REPORT.md md P2_COMPLIANCE F03 0 0 0 0 1  NOT_FOUND_LOCAL DUPLICATE_SAFE CLEAN MEDIUM KX108_ONLY; DOC_OR_AUDIT_ONLY; NO_RUN","INTEGRATE_TO_DATA_PRIVACY_SCOPE_GUARD_CANDIDATE","RGPD_COMPLIANCE_SCOPE_GUARD + RSSI_EVIDENCE_ONLY","false","false","false","false","false","false","F10 audit/spec only; compliance/data governance guard; no legal certification"
"RGPD_ISO","security/devsecops/","F03_RSSI_RGPD","FILE_PLAN_ALL 2697 RGPD_ISO OBSIDIA_RSSI_RGPD_ISO_READINESS_PACK_V2/security/CONTAINER_SCAN_REPORT.md security/devsecops/ CONTAINER_SCAN_REPORT.md md P2_COMPLIANCE F03 0 0 0 0 1  NOT_FOUND_LOCAL DUPLICATE_SAFE CLEAN MEDIUM KX108_ONLY; DOC_O","INTEGRATE_TO_DATA_PRIVACY_SCOPE_GUARD_CANDIDATE","RGPD_COMPLIANCE_SCOPE_GUARD + RSSI_EVIDENCE_ONLY","false","false","false","false","false","false","F10 audit/spec only; compliance/data governance guard; no legal certification"
"RGPD_ISO","security/devsecops/","F03_RSSI_RGPD","FILE_PLAN_ALL 2698 RGPD_ISO OBSIDIA_RSSI_RGPD_ISO_READINESS_PACK_V2/security/CODE_SIGNING_POLICY.md security/devsecops/ CODE_SIGNING_POLICY.md md P2_COMPLIANCE F03 0 0 0 0 1  NOT_FOUND_LOCAL DUPLICATE_SAFE CLEAN MEDIUM KX108_ONLY; DOC_OR_AU","INTEGRATE_TO_DATA_PRIVACY_SCOPE_GUARD_CANDIDATE","RGPD_COMPLIANCE_SCOPE_GUARD + RSSI_EVIDENCE_ONLY","false","false","false","false","false","false","F10 audit/spec only; compliance/data governance guard; no legal certification"
"RGPD_ISO","security/devsecops/","F03_RSSI_RGPD","FILE_PLAN_ALL 2699 RGPD_ISO OBSIDIA_RSSI_RGPD_ISO_READINESS_PACK_V2/security/CI_CD_SECURITY.md security/devsecops/ CI_CD_SECURITY.md md P2_COMPLIANCE F03 0 0 0 0 1  NOT_FOUND_LOCAL DUPLICATE_SAFE CLEAN MEDIUM KX108_ONLY; DOC_OR_AUDIT_ONLY; ","INTEGRATE_TO_DATA_PRIVACY_SCOPE_GUARD_CANDIDATE","RGPD_COMPLIANCE_SCOPE_GUARD + RSSI_EVIDENCE_ONLY","false","false","false","false","false","false","F10 audit/spec only; compliance/data governance guard; no legal certification"
"RGPD_ISO","security/devsecops/","F03_RSSI_RGPD","FILE_PLAN_ALL 2700 RGPD_ISO OBSIDIA_RSSI_RGPD_ISO_READINESS_PACK_V2/security/BRANCH_PROTECTION_POLICY.md security/devsecops/ BRANCH_PROTECTION_POLICY.md md P2_COMPLIANCE F03 0 0 0 0 1  NOT_FOUND_LOCAL DUPLICATE_SAFE CLEAN MEDIUM KX108_ONLY;","INTEGRATE_TO_DATA_PRIVACY_SCOPE_GUARD_CANDIDATE","RGPD_COMPLIANCE_SCOPE_GUARD + RSSI_EVIDENCE_ONLY","false","false","false","false","false","false","F10 audit/spec only; compliance/data governance guard; no legal certification"
"RGPD_ISO","security/devsecops/","F03_RSSI_RGPD","FILE_PLAN_ALL 2701 RGPD_ISO OBSIDIA_RSSI_RGPD_ISO_READINESS_PACK_V2/security/SBOM.json security/devsecops/ SBOM.json json P2_COMPLIANCE F03 0 0 0 0 1  NOT_FOUND_LOCAL DUPLICATE_SAFE CLEAN MEDIUM KX108_ONLY; DOC_OR_AUDIT_ONLY; NO_RUNTIME_AUT","INTEGRATE_TO_DATA_PRIVACY_SCOPE_GUARD_CANDIDATE","RGPD_COMPLIANCE_SCOPE_GUARD + RSSI_EVIDENCE_ONLY","false","false","false","false","false","false","F10 audit/spec only; compliance/data governance guard; no legal certification"
"RGPD_ISO","docs/source_packs/rgpd_iso/","F03_RSSI_RGPD","FILE_PLAN_ALL 2702 RGPD_ISO OBSIDIA_RSSI_RGPD_ISO_READINESS_PACK_V2/ai_security/PROMPT_INJECTION_TESTS.md docs/source_packs/rgpd_iso/ PROMPT_INJECTION_TESTS.md md P3_DOCS_EVIDENCE F03 0 0 0 0 1  NOT_FOUND_LOCAL DUPLICATE_SAFE CLEAN MEDIUM K","INTEGRATE_TO_DATA_PRIVACY_SCOPE_GUARD_CANDIDATE","RGPD_COMPLIANCE_SCOPE_GUARD + RSSI_EVIDENCE_ONLY","false","false","false","false","false","false","F10 audit/spec only; compliance/data governance guard; no legal certification"
"RGPD_ISO","docs/source_packs/rgpd_iso/","F03_RSSI_RGPD","FILE_PLAN_ALL 2703 RGPD_ISO OBSIDIA_RSSI_RGPD_ISO_READINESS_PACK_V2/ai_security/INDIRECT_PROMPT_INJECTION_TESTS.md docs/source_packs/rgpd_iso/ INDIRECT_PROMPT_INJECTION_TESTS.md md P3_DOCS_EVIDENCE F03 0 0 0 0 1  NOT_FOUND_LOCAL DUPLICATE_S","INTEGRATE_TO_DATA_PRIVACY_SCOPE_GUARD_CANDIDATE","RGPD_COMPLIANCE_SCOPE_GUARD + RSSI_EVIDENCE_ONLY","false","false","false","false","false","false","F10 audit/spec only; compliance/data governance guard; no legal certification"
"RGPD_ISO","docs/source_packs/rgpd_iso/","F03_RSSI_RGPD","FILE_PLAN_ALL 2704 RGPD_ISO OBSIDIA_RSSI_RGPD_ISO_READINESS_PACK_V2/ai_security/DATA_EXFILTRATION_TESTS.md docs/source_packs/rgpd_iso/ DATA_EXFILTRATION_TESTS.md md P3_DOCS_EVIDENCE F03 0 0 0 0 1  NOT_FOUND_LOCAL DUPLICATE_SAFE CLEAN MEDIUM","INTEGRATE_TO_DATA_PRIVACY_SCOPE_GUARD_CANDIDATE","RGPD_COMPLIANCE_SCOPE_GUARD + RSSI_EVIDENCE_ONLY","false","false","false","false","false","false","F10 audit/spec only; compliance/data governance guard; no legal certification"
"RGPD_ISO","docs/source_packs/rgpd_iso/","F03_RSSI_RGPD","FILE_PLAN_ALL 2705 RGPD_ISO OBSIDIA_RSSI_RGPD_ISO_READINESS_PACK_V2/ai_security/TOOL_ABUSE_TESTS.md docs/source_packs/rgpd_iso/ TOOL_ABUSE_TESTS.md md P3_DOCS_EVIDENCE F03 0 0 0 0 1  NOT_FOUND_LOCAL DUPLICATE_SAFE CLEAN MEDIUM KX108_ONLY; D","INTEGRATE_TO_DATA_PRIVACY_SCOPE_GUARD_CANDIDATE","RGPD_COMPLIANCE_SCOPE_GUARD + RSSI_EVIDENCE_ONLY","false","false","false","false","false","false","F10 audit/spec only; compliance/data governance guard; no legal certification"
"RGPD_ISO","docs/source_packs/rgpd_iso/","F03_RSSI_RGPD","FILE_PLAN_ALL 2706 RGPD_ISO OBSIDIA_RSSI_RGPD_ISO_READINESS_PACK_V2/ai_security/MODEL_RISK_REGISTER.md docs/source_packs/rgpd_iso/ MODEL_RISK_REGISTER.md md P3_DOCS_EVIDENCE F03 0 0 0 0 1  NOT_FOUND_LOCAL DUPLICATE_SAFE CLEAN MEDIUM KX108_O","INTEGRATE_TO_DATA_PRIVACY_SCOPE_GUARD_CANDIDATE","RGPD_COMPLIANCE_SCOPE_GUARD + RSSI_EVIDENCE_ONLY","false","false","false","false","false","false","F10 audit/spec only; compliance/data governance guard; no legal certification"
"RGPD_ISO","docs/source_packs/rgpd_iso/","F03_RSSI_RGPD","FILE_PLAN_ALL 2707 RGPD_ISO OBSIDIA_RSSI_RGPD_ISO_READINESS_PACK_V2/ai_security/HUMAN_CONTROL_POLICY.md docs/source_packs/rgpd_iso/ HUMAN_CONTROL_POLICY.md md P3_DOCS_EVIDENCE F03 0 0 0 0 1  NOT_FOUND_LOCAL DUPLICATE_SAFE CLEAN MEDIUM KX108","INTEGRATE_TO_DATA_PRIVACY_SCOPE_GUARD_CANDIDATE","RGPD_COMPLIANCE_SCOPE_GUARD + RSSI_EVIDENCE_ONLY","false","false","false","false","false","false","F10 audit/spec only; compliance/data governance guard; no legal certification"
"RGPD_ISO","docs/source_packs/rgpd_iso/","F03_RSSI_RGPD","FILE_PLAN_ALL 2708 RGPD_ISO OBSIDIA_RSSI_RGPD_ISO_READINESS_PACK_V2/ai_security/OUTPUT_FILTERING_POLICY.md docs/source_packs/rgpd_iso/ OUTPUT_FILTERING_POLICY.md md P3_DOCS_EVIDENCE F03 0 0 0 0 1  NOT_FOUND_LOCAL DUPLICATE_SAFE CLEAN MEDIUM","INTEGRATE_TO_DATA_PRIVACY_SCOPE_GUARD_CANDIDATE","RGPD_COMPLIANCE_SCOPE_GUARD + RSSI_EVIDENCE_ONLY","false","false","false","false","false","false","F10 audit/spec only; compliance/data governance guard; no legal certification"
"RGPD_ISO","docs/source_packs/rgpd_iso/","F03_RSSI_RGPD","FILE_PLAN_ALL 2709 RGPD_ISO OBSIDIA_RSSI_RGPD_ISO_READINESS_PACK_V2/ai_security/INPUT_FILTERING_POLICY.md docs/source_packs/rgpd_iso/ INPUT_FILTERING_POLICY.md md P3_DOCS_EVIDENCE F03 0 0 0 0 1  NOT_FOUND_LOCAL DUPLICATE_SAFE CLEAN MEDIUM K","INTEGRATE_TO_DATA_PRIVACY_SCOPE_GUARD_CANDIDATE","RGPD_COMPLIANCE_SCOPE_GUARD + RSSI_EVIDENCE_ONLY","false","false","false","false","false","false","F10 audit/spec only; compliance/data governance guard; no legal certification"
"RGPD_ISO","docs/source_packs/rgpd_iso/","F03_RSSI_RGPD","FILE_PLAN_ALL 2710 RGPD_ISO OBSIDIA_RSSI_RGPD_ISO_READINESS_PACK_V2/ai_security/AGENT_ACTION_LIMITS.md docs/source_packs/rgpd_iso/ AGENT_ACTION_LIMITS.md md P3_DOCS_EVIDENCE F03 0 0 0 0 1  NOT_FOUND_LOCAL DUPLICATE_SAFE CLEAN MEDIUM KX108_O","INTEGRATE_TO_DATA_PRIVACY_SCOPE_GUARD_CANDIDATE","RGPD_COMPLIANCE_SCOPE_GUARD + RSSI_EVIDENCE_ONLY","false","false","false","false","false","false","F10 audit/spec only; compliance/data governance guard; no legal certification"
"RGPD_ISO","docs/source_packs/rgpd_iso/","F03_RSSI_RGPD","FILE_PLAN_ALL 2711 RGPD_ISO OBSIDIA_RSSI_RGPD_ISO_READINESS_PACK_V2/ai_security/CRITICAL_ACTION_CATALOG.md docs/source_packs/rgpd_iso/ CRITICAL_ACTION_CATALOG.md md P3_DOCS_EVIDENCE F03 0 0 0 0 1  NOT_FOUND_LOCAL DUPLICATE_SAFE CLEAN MEDIUM","INTEGRATE_TO_DATA_PRIVACY_SCOPE_GUARD_CANDIDATE","RGPD_COMPLIANCE_SCOPE_GUARD + RSSI_EVIDENCE_ONLY","false","false","false","false","false","false","F10 audit/spec only; compliance/data governance guard; no legal certification"
"RGPD_ISO","docs/source_packs/rgpd_iso/","F03_RSSI_RGPD","FILE_PLAN_ALL 2712 RGPD_ISO OBSIDIA_RSSI_RGPD_ISO_READINESS_PACK_V2/ai_security/RED_TEAM_REPORT.md docs/source_packs/rgpd_iso/ RED_TEAM_REPORT.md md P3_DOCS_EVIDENCE F03 0 0 0 0 1  NOT_FOUND_LOCAL DUPLICATE_SAFE CLEAN MEDIUM KX108_ONLY; DOC","INTEGRATE_TO_DATA_PRIVACY_SCOPE_GUARD_CANDIDATE","RGPD_COMPLIANCE_SCOPE_GUARD + RSSI_EVIDENCE_ONLY","false","false","false","false","false","false","F10 audit/spec only; compliance/data governance guard; no legal certification"
"RGPD_ISO","docs/source_packs/rgpd_iso/","F03_RSSI_RGPD","FILE_PLAN_ALL 2713 RGPD_ISO OBSIDIA_RSSI_RGPD_ISO_READINESS_PACK_V2/data_governance/MEMORY_DATA_CLASSIFICATION.md docs/source_packs/rgpd_iso/ MEMORY_DATA_CLASSIFICATION.md md P3_DOCS_EVIDENCE F03 0 0 0 0 1  NOT_FOUND_LOCAL DUPLICATE_SAFE CL","INTEGRATE_TO_DATA_PRIVACY_SCOPE_GUARD_CANDIDATE","RGPD_COMPLIANCE_SCOPE_GUARD + RSSI_EVIDENCE_ONLY","false","false","false","false","false","false","F10 audit/spec only; compliance/data governance guard; no legal certification"
"RGPD_ISO","docs/source_packs/rgpd_iso/","F03_RSSI_RGPD","FILE_PLAN_ALL 2714 RGPD_ISO OBSIDIA_RSSI_RGPD_ISO_READINESS_PACK_V2/data_governance/GRAPHITI_DATA_MAP.md docs/source_packs/rgpd_iso/ GRAPHITI_DATA_MAP.md md P3_DOCS_EVIDENCE F03 0 0 0 0 1  NOT_FOUND_LOCAL DUPLICATE_SAFE CLEAN MEDIUM KX108_O","INTEGRATE_TO_DATA_PRIVACY_SCOPE_GUARD_CANDIDATE","RGPD_COMPLIANCE_SCOPE_GUARD + RSSI_EVIDENCE_ONLY","false","false","false","false","false","false","F10 audit/spec only; compliance/data governance guard; no legal certification"
"RGPD_ISO","docs/source_packs/rgpd_iso/","F03_RSSI_RGPD","FILE_PLAN_ALL 2715 RGPD_ISO OBSIDIA_RSSI_RGPD_ISO_READINESS_PACK_V2/data_governance/BRODY_MEMORY_DATA_MAP.md docs/source_packs/rgpd_iso/ BRODY_MEMORY_DATA_MAP.md md P3_DOCS_EVIDENCE F03 0 0 0 0 1  NOT_FOUND_LOCAL DUPLICATE_SAFE CLEAN MEDIUM","INTEGRATE_TO_DATA_PRIVACY_SCOPE_GUARD_CANDIDATE","RGPD_COMPLIANCE_SCOPE_GUARD + RSSI_EVIDENCE_ONLY","false","false","false","false","false","false","F10 audit/spec only; compliance/data governance guard; no legal certification"
"RGPD_ISO","docs/source_packs/rgpd_iso/","F03_RSSI_RGPD","FILE_PLAN_ALL 2716 RGPD_ISO OBSIDIA_RSSI_RGPD_ISO_READINESS_PACK_V2/data_governance/VECTOR_DB_POLICY.md docs/source_packs/rgpd_iso/ VECTOR_DB_POLICY.md md P3_DOCS_EVIDENCE F03 0 0 0 0 1  NOT_FOUND_LOCAL DUPLICATE_SAFE CLEAN MEDIUM KX108_ONL","INTEGRATE_TO_DATA_PRIVACY_SCOPE_GUARD_CANDIDATE","RGPD_COMPLIANCE_SCOPE_GUARD + RSSI_EVIDENCE_ONLY","false","false","false","false","false","false","F10 audit/spec only; compliance/data governance guard; no legal certification"
"RGPD_ISO","docs/source_packs/rgpd_iso/","F03_RSSI_RGPD","FILE_PLAN_ALL 2717 RGPD_ISO OBSIDIA_RSSI_RGPD_ISO_READINESS_PACK_V2/data_governance/LOG_DATA_CLASSIFICATION.md docs/source_packs/rgpd_iso/ LOG_DATA_CLASSIFICATION.md md P3_DOCS_EVIDENCE F03 0 0 0 0 1  NOT_FOUND_LOCAL DUPLICATE_SAFE CLEAN ME","INTEGRATE_TO_DATA_PRIVACY_SCOPE_GUARD_CANDIDATE","RGPD_COMPLIANCE_SCOPE_GUARD + RSSI_EVIDENCE_ONLY","false","false","false","false","false","false","F10 audit/spec only; compliance/data governance guard; no legal certification"
"RGPD_ISO","docs/source_packs/rgpd_iso/","F03_RSSI_RGPD","FILE_PLAN_ALL 2718 RGPD_ISO OBSIDIA_RSSI_RGPD_ISO_READINESS_PACK_V2/data_governance/RETENTION_BY_DATA_TYPE.md docs/source_packs/rgpd_iso/ RETENTION_BY_DATA_TYPE.md md P3_DOCS_EVIDENCE F03 0 0 0 0 1  NOT_FOUND_LOCAL DUPLICATE_SAFE CLEAN MEDI","INTEGRATE_TO_DATA_PRIVACY_SCOPE_GUARD_CANDIDATE","RGPD_COMPLIANCE_SCOPE_GUARD + RSSI_EVIDENCE_ONLY","false","false","false","false","false","false","F10 audit/spec only; compliance/data governance guard; no legal certification"
"RGPD_ISO","docs/source_packs/rgpd_iso/","F03_RSSI_RGPD","FILE_PLAN_ALL 2719 RGPD_ISO OBSIDIA_RSSI_RGPD_ISO_READINESS_PACK_V2/data_governance/DELETION_PROCEDURE.md docs/source_packs/rgpd_iso/ DELETION_PROCEDURE.md md P3_DOCS_EVIDENCE F03 0 0 0 0 1  NOT_FOUND_LOCAL DUPLICATE_SAFE CLEAN MEDIUM KX108","INTEGRATE_TO_DATA_PRIVACY_SCOPE_GUARD_CANDIDATE","RGPD_COMPLIANCE_SCOPE_GUARD + RSSI_EVIDENCE_ONLY","false","false","false","false","false","false","F10 audit/spec only; compliance/data governance guard; no legal certification"
"RGPD_ISO","docs/source_packs/rgpd_iso/","F03_RSSI_RGPD","FILE_PLAN_ALL 2720 RGPD_ISO OBSIDIA_RSSI_RGPD_ISO_READINESS_PACK_V2/data_governance/EXPORT_PROCEDURE.md docs/source_packs/rgpd_iso/ EXPORT_PROCEDURE.md md P3_DOCS_EVIDENCE F03 0 0 0 0 1  NOT_FOUND_LOCAL DUPLICATE_SAFE CLEAN MEDIUM KX108_ONL","INTEGRATE_TO_DATA_PRIVACY_SCOPE_GUARD_CANDIDATE","RGPD_COMPLIANCE_SCOPE_GUARD + RSSI_EVIDENCE_ONLY","false","false","false","false","false","false","F10 audit/spec only; compliance/data governance guard; no legal certification"
"RGPD_ISO","docs/source_packs/rgpd_iso/","F03_RSSI_RGPD","FILE_PLAN_ALL 2721 RGPD_ISO OBSIDIA_RSSI_RGPD_ISO_READINESS_PACK_V2/data_governance/CLIENT_DATA_ISOLATION.md docs/source_packs/rgpd_iso/ CLIENT_DATA_ISOLATION.md md P3_DOCS_EVIDENCE F03 0 0 0 0 1  NOT_FOUND_LOCAL DUPLICATE_SAFE CLEAN MEDIUM","INTEGRATE_TO_DATA_PRIVACY_SCOPE_GUARD_CANDIDATE","RGPD_COMPLIANCE_SCOPE_GUARD + RSSI_EVIDENCE_ONLY","false","false","false","false","false","false","F10 audit/spec only; compliance/data governance guard; no legal certification"
"RGPD_ISO","docs/source_packs/rgpd_iso/","F03_RSSI_RGPD","FILE_PLAN_ALL 2722 RGPD_ISO OBSIDIA_RSSI_RGPD_ISO_READINESS_PACK_V2/data_governance/TENANT_ISOLATION_MODEL.md docs/source_packs/rgpd_iso/ TENANT_ISOLATION_MODEL.md md P3_DOCS_EVIDENCE F03 0 0 0 0 1  NOT_FOUND_LOCAL DUPLICATE_SAFE CLEAN MEDI","INTEGRATE_TO_DATA_PRIVACY_SCOPE_GUARD_CANDIDATE","RGPD_COMPLIANCE_SCOPE_GUARD + RSSI_EVIDENCE_ONLY","false","false","false","false","false","false","F10 audit/spec only; compliance/data governance guard; no legal certification"
"RGPD_ISO","docs/source_packs/rgpd_iso/","F03_RSSI_RGPD","FILE_PLAN_ALL 2723 RGPD_ISO OBSIDIA_RSSI_RGPD_ISO_READINESS_PACK_V2/legal/DPA_TEMPLATE.md docs/source_packs/rgpd_iso/ DPA_TEMPLATE.md md P3_DOCS_EVIDENCE F03 0 0 0 0 1  NOT_FOUND_LOCAL DUPLICATE_SAFE CLEAN MEDIUM KX108_ONLY; DOC_OR_AUDIT_ON","INTEGRATE_TO_DATA_PRIVACY_SCOPE_GUARD_CANDIDATE","RGPD_COMPLIANCE_SCOPE_GUARD + RSSI_EVIDENCE_ONLY","false","false","false","false","false","false","F10 audit/spec only; compliance/data governance guard; no legal certification"
"RGPD_ISO","docs/source_packs/rgpd_iso/","F03_RSSI_RGPD","FILE_PLAN_ALL 2724 RGPD_ISO OBSIDIA_RSSI_RGPD_ISO_READINESS_PACK_V2/legal/SUBPROCESSOR_LIST.md docs/source_packs/rgpd_iso/ SUBPROCESSOR_LIST.md md P3_DOCS_EVIDENCE F03 0 0 0 0 1  NOT_FOUND_LOCAL DUPLICATE_SAFE CLEAN MEDIUM KX108_ONLY; DOC_O","INTEGRATE_TO_DATA_PRIVACY_SCOPE_GUARD_CANDIDATE","RGPD_COMPLIANCE_SCOPE_GUARD + RSSI_EVIDENCE_ONLY","false","false","false","false","false","false","F10 audit/spec only; compliance/data governance guard; no legal certification"
"RGPD_ISO","docs/source_packs/rgpd_iso/","F03_RSSI_RGPD","FILE_PLAN_ALL 2725 RGPD_ISO OBSIDIA_RSSI_RGPD_ISO_READINESS_PACK_V2/legal/SLA_TEMPLATE.md docs/source_packs/rgpd_iso/ SLA_TEMPLATE.md md P3_DOCS_EVIDENCE F03 0 0 0 0 1  NOT_FOUND_LOCAL DUPLICATE_SAFE CLEAN MEDIUM KX108_ONLY; DOC_OR_AUDIT_ON","INTEGRATE_TO_DATA_PRIVACY_SCOPE_GUARD_CANDIDATE","RGPD_COMPLIANCE_SCOPE_GUARD + RSSI_EVIDENCE_ONLY","false","false","false","false","false","false","F10 audit/spec only; compliance/data governance guard; no legal certification"
"RGPD_ISO","docs/source_packs/rgpd_iso/","F03_RSSI_RGPD","FILE_PLAN_ALL 2726 RGPD_ISO OBSIDIA_RSSI_RGPD_ISO_READINESS_PACK_V2/legal/SECURITY_APPENDIX.md docs/source_packs/rgpd_iso/ SECURITY_APPENDIX.md md P3_DOCS_EVIDENCE F03 0 0 0 0 1  NOT_FOUND_LOCAL DUPLICATE_SAFE CLEAN MEDIUM KX108_ONLY; DOC_O","INTEGRATE_TO_DATA_PRIVACY_SCOPE_GUARD_CANDIDATE","RGPD_COMPLIANCE_SCOPE_GUARD + RSSI_EVIDENCE_ONLY","false","false","false","false","false","false","F10 audit/spec only; compliance/data governance guard; no legal certification"
"RGPD_ISO","docs/source_packs/rgpd_iso/","F03_RSSI_RGPD","FILE_PLAN_ALL 2727 RGPD_ISO OBSIDIA_RSSI_RGPD_ISO_READINESS_PACK_V2/legal/ACCEPTABLE_USE_POLICY.md docs/source_packs/rgpd_iso/ ACCEPTABLE_USE_POLICY.md md P3_DOCS_EVIDENCE F03 0 0 0 0 1  NOT_FOUND_LOCAL DUPLICATE_SAFE CLEAN MEDIUM KX108_ONL","INTEGRATE_TO_DATA_PRIVACY_SCOPE_GUARD_CANDIDATE","RGPD_COMPLIANCE_SCOPE_GUARD + RSSI_EVIDENCE_ONLY","false","false","false","false","false","false","F10 audit/spec only; compliance/data governance guard; no legal certification"
"RGPD_ISO","docs/source_packs/rgpd_iso/","F03_RSSI_RGPD","FILE_PLAN_ALL 2728 RGPD_ISO OBSIDIA_RSSI_RGPD_ISO_READINESS_PACK_V2/legal/DATA_PROCESSING_TERMS.md docs/source_packs/rgpd_iso/ DATA_PROCESSING_TERMS.md md P3_DOCS_EVIDENCE F03 0 0 0 0 1  NOT_FOUND_LOCAL DUPLICATE_SAFE CLEAN MEDIUM KX108_ONL","INTEGRATE_TO_DATA_PRIVACY_SCOPE_GUARD_CANDIDATE","RGPD_COMPLIANCE_SCOPE_GUARD + RSSI_EVIDENCE_ONLY","false","false","false","false","false","false","F10 audit/spec only; compliance/data governance guard; no legal certification"
"RGPD_ISO","docs/source_packs/rgpd_iso/","F03_RSSI_RGPD","FILE_PLAN_ALL 2729 RGPD_ISO OBSIDIA_RSSI_RGPD_ISO_READINESS_PACK_V2/legal/CONFIDENTIALITY_CLAUSE.md docs/source_packs/rgpd_iso/ CONFIDENTIALITY_CLAUSE.md md P3_DOCS_EVIDENCE F03 0 0 0 0 1  NOT_FOUND_LOCAL DUPLICATE_SAFE CLEAN MEDIUM KX108_O","INTEGRATE_TO_DATA_PRIVACY_SCOPE_GUARD_CANDIDATE","RGPD_COMPLIANCE_SCOPE_GUARD + RSSI_EVIDENCE_ONLY","false","false","false","false","false","false","F10 audit/spec only; compliance/data governance guard; no legal certification"
"RGPD_ISO","docs/source_packs/rgpd_iso/","F03_RSSI_RGPD","FILE_PLAN_ALL 2730 RGPD_ISO OBSIDIA_RSSI_RGPD_ISO_READINESS_PACK_V2/legal/INCIDENT_NOTIFICATION_CLAUSE.md docs/source_packs/rgpd_iso/ INCIDENT_NOTIFICATION_CLAUSE.md md P3_DOCS_EVIDENCE F03 0 0 0 0 1  NOT_FOUND_LOCAL DUPLICATE_SAFE CLEAN ME","INTEGRATE_TO_DATA_PRIVACY_SCOPE_GUARD_CANDIDATE","RGPD_COMPLIANCE_SCOPE_GUARD + RSSI_EVIDENCE_ONLY","false","false","false","false","false","false","F10 audit/spec only; compliance/data governance guard; no legal certification"
"RGPD_ISO","docs/source_packs/rgpd_iso/","F03_RSSI_RGPD","FILE_PLAN_ALL 2731 RGPD_ISO OBSIDIA_RSSI_RGPD_ISO_READINESS_PACK_V2/audit/EXTERNAL_AUDIT_SCOPE.md docs/source_packs/rgpd_iso/ EXTERNAL_AUDIT_SCOPE.md md P3_DOCS_EVIDENCE F03 0 0 0 0 1  NOT_FOUND_LOCAL DUPLICATE_SAFE CLEAN MEDIUM KX108_ONLY;","INTEGRATE_TO_DATA_PRIVACY_SCOPE_GUARD_CANDIDATE","RGPD_COMPLIANCE_SCOPE_GUARD + RSSI_EVIDENCE_ONLY","false","false","false","false","false","false","F10 audit/spec only; compliance/data governance guard; no legal certification"
"RGPD_ISO","docs/source_packs/rgpd_iso/","F03_RSSI_RGPD","FILE_PLAN_ALL 2732 RGPD_ISO OBSIDIA_RSSI_RGPD_ISO_READINESS_PACK_V2/audit/PENTEST_SCOPE.md docs/source_packs/rgpd_iso/ PENTEST_SCOPE.md md P3_DOCS_EVIDENCE F03 0 0 0 0 1  NOT_FOUND_LOCAL DUPLICATE_SAFE CLEAN MEDIUM KX108_ONLY; DOC_OR_AUDIT_","INTEGRATE_TO_DATA_PRIVACY_SCOPE_GUARD_CANDIDATE","RGPD_COMPLIANCE_SCOPE_GUARD + RSSI_EVIDENCE_ONLY","false","false","false","false","false","false","F10 audit/spec only; compliance/data governance guard; no legal certification"
"RGPD_ISO","docs/source_packs/rgpd_iso/","F03_RSSI_RGPD","FILE_PLAN_ALL 2733 RGPD_ISO OBSIDIA_RSSI_RGPD_ISO_READINESS_PACK_V2/audit/PENTEST_RESULTS.md docs/source_packs/rgpd_iso/ PENTEST_RESULTS.md md P3_DOCS_EVIDENCE F03 0 0 0 0 1  NOT_FOUND_LOCAL DUPLICATE_SAFE CLEAN MEDIUM KX108_ONLY; DOC_OR_AU","INTEGRATE_TO_DATA_PRIVACY_SCOPE_GUARD_CANDIDATE","RGPD_COMPLIANCE_SCOPE_GUARD + RSSI_EVIDENCE_ONLY","false","false","false","false","false","false","F10 audit/spec only; compliance/data governance guard; no legal certification"
"RGPD_ISO","docs/source_packs/rgpd_iso/","F03_RSSI_RGPD","FILE_PLAN_ALL 2734 RGPD_ISO OBSIDIA_RSSI_RGPD_ISO_READINESS_PACK_V2/audit/REMEDIATION_TRACKER.md docs/source_packs/rgpd_iso/ REMEDIATION_TRACKER.md md P3_DOCS_EVIDENCE F03 0 0 0 0 1  NOT_FOUND_LOCAL DUPLICATE_SAFE CLEAN MEDIUM KX108_ONLY; D","INTEGRATE_TO_DATA_PRIVACY_SCOPE_GUARD_CANDIDATE","RGPD_COMPLIANCE_SCOPE_GUARD + RSSI_EVIDENCE_ONLY","false","false","false","false","false","false","F10 audit/spec only; compliance/data governance guard; no legal certification"
"RGPD_ISO","docs/source_packs/rgpd_iso/","F03_RSSI_RGPD","FILE_PLAN_ALL 2735 RGPD_ISO OBSIDIA_RSSI_RGPD_ISO_READINESS_PACK_V2/audit/SECURITY_EVIDENCE_INDEX.md docs/source_packs/rgpd_iso/ SECURITY_EVIDENCE_INDEX.md md P3_DOCS_EVIDENCE F03 0 0 0 0 1  NOT_FOUND_LOCAL DUPLICATE_SAFE CLEAN MEDIUM KX108","INTEGRATE_TO_DATA_PRIVACY_SCOPE_GUARD_CANDIDATE","RGPD_COMPLIANCE_SCOPE_GUARD + RSSI_EVIDENCE_ONLY","false","false","false","false","false","false","F10 audit/spec only; compliance/data governance guard; no legal certification"
"RGPD_ISO","docs/source_packs/rgpd_iso/","F03_RSSI_RGPD","FILE_PLAN_ALL 2736 RGPD_ISO OBSIDIA_RSSI_RGPD_ISO_READINESS_PACK_V2/audit/CONTROL_EVIDENCE_MATRIX.md docs/source_packs/rgpd_iso/ CONTROL_EVIDENCE_MATRIX.md md P3_DOCS_EVIDENCE F03 0 0 0 0 1  NOT_FOUND_LOCAL DUPLICATE_SAFE CLEAN MEDIUM KX108","INTEGRATE_TO_DATA_PRIVACY_SCOPE_GUARD_CANDIDATE","RGPD_COMPLIANCE_SCOPE_GUARD + RSSI_EVIDENCE_ONLY","false","false","false","false","false","false","F10 audit/spec only; compliance/data governance guard; no legal certification"
"RGPD_ISO","docs/source_packs/rgpd_iso/","F03_RSSI_RGPD","FILE_PLAN_ALL 2737 RGPD_ISO OBSIDIA_RSSI_RGPD_ISO_READINESS_PACK_V2/audit/AUDIT_LOG_SAMPLE.md docs/source_packs/rgpd_iso/ AUDIT_LOG_SAMPLE.md md P3_DOCS_EVIDENCE F03 0 0 0 0 1  NOT_FOUND_LOCAL DUPLICATE_SAFE CLEAN MEDIUM KX108_ONLY; DOC_OR_","INTEGRATE_TO_DATA_PRIVACY_SCOPE_GUARD_CANDIDATE","RGPD_COMPLIANCE_SCOPE_GUARD + RSSI_EVIDENCE_ONLY","false","false","false","false","false","false","F10 audit/spec only; compliance/data governance guard; no legal certification"
"RGPD_ISO","docs/source_packs/rgpd_iso/","F03_RSSI_RGPD","FILE_PLAN_ALL 2738 RGPD_ISO OBSIDIA_RSSI_RGPD_ISO_READINESS_PACK_V2/audit/REPLAY_PROOF_SAMPLE.md docs/source_packs/rgpd_iso/ REPLAY_PROOF_SAMPLE.md md P3_DOCS_EVIDENCE F03 0 0 0 0 1  NOT_FOUND_LOCAL DUPLICATE_SAFE CLEAN MEDIUM KX108_ONLY; D","INTEGRATE_TO_DATA_PRIVACY_SCOPE_GUARD_CANDIDATE","RGPD_COMPLIANCE_SCOPE_GUARD + RSSI_EVIDENCE_ONLY","false","false","false","false","false","false","F10 audit/spec only; compliance/data governance guard; no legal certification"
"RGPD_ISO","docs/source_packs/rgpd_iso/","F03_RSSI_RGPD","FILE_PLAN_ALL 2739 RGPD_ISO OBSIDIA_RSSI_RGPD_ISO_READINESS_PACK_V2/audit/INCIDENT_SIMULATION_REPORT.md docs/source_packs/rgpd_iso/ INCIDENT_SIMULATION_REPORT.md md P3_DOCS_EVIDENCE F03 0 0 0 0 1  NOT_FOUND_LOCAL DUPLICATE_SAFE CLEAN MEDIUM","INTEGRATE_TO_DATA_PRIVACY_SCOPE_GUARD_CANDIDATE","RGPD_COMPLIANCE_SCOPE_GUARD + RSSI_EVIDENCE_ONLY","false","false","false","false","false","false","F10 audit/spec only; compliance/data governance guard; no legal certification"
"RGPD_ISO","docs/source_packs/rgpd_iso/","F03_RSSI_RGPD","FILE_PLAN_ALL 2740 RGPD_ISO OBSIDIA_RSSI_RGPD_ISO_READINESS_PACK_V2/TEST_OUTPUT_RSSI_PACK_V2.txt docs/source_packs/rgpd_iso/ TEST_OUTPUT_RSSI_PACK_V2.txt txt P3_DOCS_EVIDENCE F03 0 0 0 0 1  NOT_FOUND_LOCAL DUPLICATE_SAFE CLEAN MEDIUM KX108_","INTEGRATE_TO_DATA_PRIVACY_SCOPE_GUARD_CANDIDATE","RGPD_COMPLIANCE_SCOPE_GUARD + RSSI_EVIDENCE_ONLY","false","false","false","false","false","false","F10 audit/spec only; compliance/data governance guard; no legal certification"
